"﻿""id""","read","recommended"
"","camstelletjes","https://www.google.com/"
"","camster","https://www.google.com/"
"","camsterdamn","https://www.google.com/"
"","camsters","https://www.google.com/"
"","camsto","https://www.google.com/"
"","camstocum","https://www.google.com/"
"","camstonight","https://www.google.com/"
"","camstreamate","https://www.google.com/"
"","camstreams","https://www.google.com/"
"","camstreet","https://www.google.com/"
"","camstrip24","https://www.google.com/"
"","cam-strip","https://www.google.com/"
"","camstrip","https://www.google.com/"
"","camstube","https://www.google.com/"
"","camsturbate","https://www.google.com/"
"","camstyle","https://www.google.com/"
"","cam-suche","https://www.google.com/"
"","camsuncovered","https://www.google.com/"
"","camsurfs","https://www.google.com/"
"","camsvinden","https://www.google.com/"
"","camsvoyeur","https://www.google.com/"
"","camswanted","https://www.google.com/"
"","camswap","https://www.google.com/"
"","cams-web","https://www.google.com/"
"","camsweb","https://www.google.com/"
"","camsweet","https://www.google.com/"
"","camsweeties","https://www.google.com/"
"","camswhores","https://www.google.com/"
"","cams-world-live","https://www.google.com/"
"","camsx","https://www.google.com/"
"","camsxporno","https://www.google.com/"
"","camsxreview","https://www.google.com/"
"","cams-xxx","https://www.google.com/"
"","camsxxxfree","https://www.google.com/"
"","camsxxxtube","https://www.google.com/"
"","cam-sympa","https://www.google.com/"
"","camsy","https://www.google.com/"
"","camszex","https://www.google.com/"
"","camtalk24","https://www.google.com/"
"","camtalk","https://www.google.com/"
"","camtasya","https://www.google.com/"
"","camtasya-girl","https://www.google.com/"
"","camtasyagirl","https://www.google.com/"
"","camtation","https://www.google.com/"
"","camtease","https://www.google.com/"
"","camteaser","https://www.google.com/"
"","camteases","https://www.google.com/"
"","camteef","https://www.google.com/"
"","camteenbitch","https://www.google.com/"
"","camteen","https://www.google.com/"
"","camteenporn","https://www.google.com/"
"","camteens","https://www.google.com/"
"","cam-teens","https://www.google.com/"
"","camteenslive","https://www.google.com/"
"","camteens-live","https://www.google.com/"
"","cam-telefon","https://www.google.com/"
"","camtelefon","https://www.google.com/"
"","cam-telefonsex","https://www.google.com/"
"","cam-telefon-sex","https://www.google.com/"
"","camtelefonsex","https://www.google.com/"
"","camtest","https://www.google.com/"
"","camthots","https://www.google.com/"
"","camtieners","https://www.google.com/"
"","camtienersonline","https://www.google.com/"
"","camtienertje","https://www.google.com/"
"","camtienertjes","https://www.google.com/"
"","camtime","https://www.google.com/"
"","camtit","https://www.google.com/"
"","camtocambabe","https://www.google.com/"
"","camtocam","https://www.google.com/"
"","cam-to-cam","https://www.google.com/"
"","camtocams","https://www.google.com/"
"","camtocamsexchat","https://www.google.com/"
"","camtocamsex","https://www.google.com/"
"","camtocamsexhere","https://www.google.com/"
"","camtocamsexlive","https://www.google.com/"
"","camtochat","https://www.google.com/"
"","camtoe","https://www.google.com/"
"","camtogays","https://www.google.com/"
"","camtogether","https://www.google.com/"
"","camtomycam","https://www.google.com/"
"","camtomy","https://www.google.com/"
"","camtonight","https://www.google.com/"
"","camtoot","https://www.google.com/"
"","camtop","https://www.google.com/"
"","camtops","https://www.google.com/"
"","camtorride","https://www.google.com/"
"","camtosexe","https://www.google.com/"
"","camtown","https://www.google.com/"
"","camtoya","https://www.google.com/"
"","camtracks","https://www.google.com/"
"","camtrades","https://www.google.com/"
"","cam-traffic","https://www.google.com/"
"","camtreffen","https://www.google.com/"
"","camtreff","https://www.google.com/"
"","cam-treff","https://www.google.com/"
"","camtrial","https://www.google.com/"
"","camtrue","https://www.google.com/"
"","camtub","https://www.google.com/"
"","camtubegirls","https://www.google.com/"
