"﻿""id""","read","recommended"
"","bbbfever","https://www.google.com/"
"","bbbh","https://www.google.com/"
"","bbb","https://www.google.com/"
"","bbcache","https://www.google.com/"
"","bbccartoons","https://www.google.com/"
"","bbcd","https://www.google.com/"
"","bbcfucking","https://www.google.com/"
"","bb-chat","https://www.google.com/"
"","bbcmb","https://www.google.com/"
"","bbcmonsters","https://www.google.com/"
"","bbcparadise","https://www.google.com/"
"","bbcpie","https://www.google.com/"
"","bbcxxx","https://www.google.com/"
"","b-bee","https://www.google.com/"
"","bbfilms","https://www.google.com/"
"","bbgays","https://www.google.com/"
"","bbglforum","https://www.google.com/"
"","bbglsexshop","https://www.google.com/"
"","bb-gunns","https://www.google.com/"
"","bblaura","https://www.google.com/"
"","bbmen","https://www.google.com/"
"","bbnaked","https://www.google.com/"
"","bbones","https://www.google.com/"
"","bboutique","https://www.google.com/"
"","bboy","https://www.google.com/"
"","b-boyz","https://www.google.com/"
"","bbpeoplemeet","https://www.google.com/"
"","bbppv","https://www.google.com/"
"","bbrent","https://www.google.com/"
"","bbs18","https://www.google.com/"
"","bbscamp","https://www.google.com/"
"","bbsexcam","https://www.google.com/"
"","bbsex","https://www.google.com/"
"","bbspanking","https://www.google.com/"
"","bbspink","https://www.google.com/"
"","bbsporn","https://www.google.com/"
"","bbssm","https://www.google.com/"
"","bbst","https://www.google.com/"
"","bbsucks","https://www.google.com/"
"","bbtblrnude","https://www.google.com/"
"","bbtrannies","https://www.google.com/"
"","bbvideo","https://www.google.com/"
"","bbw100kg","https://www.google.com/"
"","bbw100pics","https://www.google.com/"
"","bbw24","https://www.google.com/"
"","bbw2u","https://www.google.com/"
"","bbw4phonesex","https://www.google.com/"
"","bbw4ten","https://www.google.com/"
"","bbw4u","https://www.google.com/"
"","bbw69","https://www.google.com/"
"","bbw6","https://www.google.com/"
"","bbw7","https://www.google.com/"
"","bbwabbie","https://www.google.com/"
"","bbwadeline","https://www.google.com/"
"","bbwalbum","https://www.google.com/"
"","bbw-amateurs","https://www.google.com/"
"","bbwamateurs","https://www.google.com/"
"","bbw-anal","https://www.google.com/"
"","bbwanalporn","https://www.google.com/"
"","bbwanalsex","https://www.google.com/"
"","bbw-anal-tube","https://www.google.com/"
"","bbwanker","https://www.google.com/"
"","bbwarea","https://www.google.com/"
"","bbwassporn","https://www.google.com/"
"","bbwasssex","https://www.google.com/"
"","bbwathome","https://www.google.com/"
"","bbwbabechat","https://www.google.com/"
"","bbwbanging","https://www.google.com/"
"","bbwbelles","https://www.google.com/"
"","bbwbet","https://www.google.com/"
"","bbwbigsexxxy","https://www.google.com/"
"","bbwblackasspussy","https://www.google.com/"
"","bbwblog","https://www.google.com/"
"","bbwblowjobtube","https://www.google.com/"
"","bbwboink","https://www.google.com/"
"","bbwbomb","https://www.google.com/"
"","bbwbondage","https://www.google.com/"
"","bbwboobs","https://www.google.com/"
"","bbwbooty","https://www.google.com/"
"","bbwbordello","https://www.google.com/"
"","bbwboss","https://www.google.com/"
"","bbwbound","https://www.google.com/"
"","bbw-box","https://www.google.com/"
"","bbwbrats","https://www.google.com/"
"","bbwbuffet","https://www.google.com/"
"","bbwbus","https://www.google.com/"
"","bbwcabin","https://www.google.com/"
"","bbwcam4u","https://www.google.com/"
"","bbwcamgirl","https://www.google.com/"
"","bbwcamgirls","https://www.google.com/"
"","bbwcamsclub","https://www.google.com/"
"","bbw-cams","https://www.google.com/"
"","bbwcams","https://www.google.com/"
"","bbwcamshow","https://www.google.com/"
"","bbwcamslive","https://www.google.com/"
"","bbwcash","https://www.google.com/"
"","bbwcenter","https://www.google.com/"
"","bbw-central","https://www.google.com/"
"","bbwcentre","https://www.google.com/"
"","bbw-chan","https://www.google.com/"
