"﻿""id""","read","recommended"
"","asianteencave","https://www.google.com/"
"","asianteenclips","https://www.google.com/"
"","asianteen","https://www.google.com/"
"","asianteendolls","https://www.google.com/"
"","asianteenfuckers","https://www.google.com/"
"","asianteengf","https://www.google.com/"
"","asianteengfs","https://www.google.com/"
"","asian-teen-girls","https://www.google.com/"
"","asianteengirls","https://www.google.com/"
"","asianteenidols","https://www.google.com/"
"","asianteeniegfs","https://www.google.com/"
"","asian-teen","https://www.google.com/"
"","asianteennude","https://www.google.com/"
"","asianteennudes","https://www.google.com/"
"","asianteenpics","https://www.google.com/"
"","asianteenpictureclub","https://www.google.com/"
"","asianteenpictures","https://www.google.com/"
"","asianteenpix","https://www.google.com/"
"","asian-teen-porn","https://www.google.com/"
"","asianteenporn","https://www.google.com/"
"","asianteenpussies","https://www.google.com/"
"","asian-teens","https://www.google.com/"
"","asianteens","https://www.google.com/"
"","asian-teen-sex","https://www.google.com/"
"","asianteensex","https://www.google.com/"
"","asian-teen-sex-videos","https://www.google.com/"
"","asianteensexvideos","https://www.google.com/"
"","asianteensexy","https://www.google.com/"
"","asianteensnaked","https://www.google.com/"
"","asianteenssex","https://www.google.com/"
"","asianteensxxx","https://www.google.com/"
"","asian-teen-tube","https://www.google.com/"
"","asianteentube","https://www.google.com/"
"","asianteentubes","https://www.google.com/"
"","asianteenx","https://www.google.com/"
"","asian-teen-xxx","https://www.google.com/"
"","asian-teeny-tubes","https://www.google.com/"
"","asianteenytubes","https://www.google.com/"
"","asianteenz","https://www.google.com/"
"","asianteese","https://www.google.com/"
"","asian-tgp","https://www.google.com/"
"","asiantgp","https://www.google.com/"
"","asianthaigirls","https://www.google.com/"
"","asian-thong-girls","https://www.google.com/"
"","asianthumb","https://www.google.com/"
"","asianthumbnailgallery","https://www.google.com/"
"","asianthumbs69","https://www.google.com/"
"","asianthumbs","https://www.google.com/"
"","asianthumbsex","https://www.google.com/"
"","asian-thumbs-free","https://www.google.com/"
"","asiantiedup","https://www.google.com/"
"","asiantieners","https://www.google.com/"
"","asiantips","https://www.google.com/"
"","asiantits","https://www.google.com/"
"","asiantitties","https://www.google.com/"
"","asian-titty","https://www.google.com/"
"","asiantoplists","https://www.google.com/"
"","asiantown","https://www.google.com/"
"","asiantraffic","https://www.google.com/"
"","asian-tramps","https://www.google.com/"
"","asiantrannycams","https://www.google.com/"
"","asiantrannyfuck","https://www.google.com/"
"","asiantrannypolice","https://www.google.com/"
"","asiantrannyporn","https://www.google.com/"
"","asiantrannyxxx","https://www.google.com/"
"","asiantransexuals","https://www.google.com/"
"","asiantricks","https://www.google.com/"
"","asiantry","https://www.google.com/"
"","asiants","https://www.google.com/"
"","asiantsgirls","https://www.google.com/"
"","asian-ts","https://www.google.com/"
"","asiantube18","https://www.google.com/"
"","asiantube247","https://www.google.com/"
"","asian-tube","https://www.google.com/"
"","asiantubefucked","https://www.google.com/"
"","asian-tube-hd","https://www.google.com/"
"","asiantube","https://www.google.com/"
"","asiantubeporn","https://www.google.com/"
"","asiantubeporno","https://www.google.com/"
"","asiantuber","https://www.google.com/"
"","asiantubes69","https://www.google.com/"
"","asian-tubes","https://www.google.com/"
"","asiantubesex","https://www.google.com/"
"","asiantubeshd","https://www.google.com/"
"","asiantubesite","https://www.google.com/"
"","asiantubes","https://www.google.com/"
"","asiantubeteen","https://www.google.com/"
"","asiantubeum","https://www.google.com/"
"","asiantubevid","https://www.google.com/"
"","asiantubevideo","https://www.google.com/"
"","asiantubevideos","https://www.google.com/"
"","asiantubex","https://www.google.com/"
"","asiantubexxx","https://www.google.com/"
"","asiantubez","https://www.google.com/"
"","asiantv","https://www.google.com/"
"","asiantwat","https://www.google.com/"
"","asiantwinknetwork","https://www.google.com/"
"","asiantzar","https://www.google.com/"
"","asianudetube","https://www.google.com/"
"","asianumber1","https://www.google.com/"
