"﻿""id""","read","recommended"
"","badmotherfuckers","https://www.google.com/"
"","badmotherfuckerwallet","https://www.google.com/"
"","badmotherfuckerwallets","https://www.google.com/"
"","badmrs","https://www.google.com/"
"","badmutsen","https://www.google.com/"
"","badofficegirls","https://www.google.com/"
"","badoinkblog","https://www.google.com/"
"","badoinkcash","https://www.google.com/"
"","badoink","https://www.google.com/"
"","badoinkgalleries","https://www.google.com/"
"","badoinkgay","https://www.google.com/"
"","badoinkvr","https://www.google.com/"
"","badoldman","https://www.google.com/"
"","badongo","https://www.google.com/"
"","badoo","https://www.google.com/"
"","badpink","https://www.google.com/"
"","badporn","https://www.google.com/"
"","badporno","https://www.google.com/"
"","badpuppy","https://www.google.com/"
"","badpuppylive","https://www.google.com/"
"","bad-russian-girls","https://www.google.com/"
"","badrussiangirls","https://www.google.com/"
"","bad-secretary","https://www.google.com/"
"","badsentinel","https://www.google.com/"
"","badsex","https://www.google.com/"
"","badsexdoctor","https://www.google.com/"
"","badsexygirl","https://www.google.com/"
"","badsistas","https://www.google.com/"
"","badslave","https://www.google.com/"
"","badsoccermom","https://www.google.com/"
"","badstudents","https://www.google.com/"
"","badsuzy","https://www.google.com/"
"","badtales","https://www.google.com/"
"","badteenager","https://www.google.com/"
"","badteencam","https://www.google.com/"
"","badteencamx","https://www.google.com/"
"","badteensblog","https://www.google.com/"
"","bad-teens","https://www.google.com/"
"","badteensporn","https://www.google.com/"
"","badteenspunished","https://www.google.com/"
"","badteenstube","https://www.google.com/"
"","badteenwebcam","https://www.google.com/"
"","bad-things","https://www.google.com/"
"","badtimestories","https://www.google.com/"
"","badtowtruck","https://www.google.com/"
"","badtushie","https://www.google.com/"
"","bad-tushy","https://www.google.com/"
"","badtushy","https://www.google.com/"
"","badults","https://www.google.com/"
"","badunkadunk","https://www.google.com/"
"","badvideos","https://www.google.com/"
"","badvirgin","https://www.google.com/"
"","badvirtue","https://www.google.com/"
"","badvogato","https://www.google.com/"
"","badwap","https://www.google.com/"
"","badwivesclub","https://www.google.com/"
"","bad-xxx-girls","https://www.google.com/"
"","badxxxgirls","https://www.google.com/"
"","bad-young-girls","https://www.google.com/"
"","badzeep","https://www.google.com/"
"","baeb","https://www.google.com/"
"","baedal","https://www.google.com/"
"","baek-clinic","https://www.google.com/"
"","baerenstark","https://www.google.com/"
"","baestiality","https://www.google.com/"
"","baeumker","https://www.google.com/"
"","baffen","https://www.google.com/"
"","bagdad","https://www.google.com/"
"","bagfuck","https://www.google.com/"
"","baggagereclaim","https://www.google.com/"
"","baggercam","https://www.google.com/"
"","bagira","https://www.google.com/"
"","bagla","https://www.google.com/"
"","bagly","https://www.google.com/"
"","bagofgadgets","https://www.google.com/"
"","bagos","https://www.google.com/"
"","bagslap","https://www.google.com/"
"","bagulshen","https://www.google.com/"
"","bahama-club","https://www.google.com/"
"","bahar","https://www.google.com/"
"","bahnhofshuren","https://www.google.com/"
"","bahnhofsklo","https://www.google.com/"
"","bahrainescorts","https://www.google.com/"
"","baidu","https://www.google.com/"
"","baileyandwilliams","https://www.google.com/"
"","baileybae","https://www.google.com/"
"","baileyboobies","https://www.google.com/"
"","baileybrooksonline","https://www.google.com/"
"","baileybrooks","https://www.google.com/"
"","baileyfirm","https://www.google.com/"
"","baileyjayblog","https://www.google.com/"
"","baileyjay-ts","https://www.google.com/"
"","baileyjayvideos","https://www.google.com/"
"","baileykline","https://www.google.com/"
"","baileyknox","https://www.google.com/"
"","baileyknoxzips","https://www.google.com/"
"","baileyskarate","https://www.google.com/"
"","baileys-room","https://www.google.com/"
"","baileysroom","https://www.google.com/"
"","bailiestoneblog","https://www.google.com/"
