"﻿""id""","read","recommended"
"","hotteenie","https://www.google.com/"
"","hot-teenies","https://www.google.com/"
"","hotteenmovie","https://www.google.com/"
"","hotteenmovies","https://www.google.com/"
"","hot-teen-naked","https://www.google.com/"
"","hotteennude","https://www.google.com/"
"","hotteennudes","https://www.google.com/"
"","hotteenphoto","https://www.google.com/"
"","hotteenpicsgals","https://www.google.com/"
"","hotteenpictures","https://www.google.com/"
"","hotteenporn","https://www.google.com/"
"","hot-teen-porn","https://www.google.com/"
"","hotteenporn","https://www.google.com/"
"","hot-teen-porn-tube","https://www.google.com/"
"","hotteenporntube","https://www.google.com/"
"","hotteenposers","https://www.google.com/"
"","hotteenpussyblog","https://www.google.com/"
"","hot-teen-pussy","https://www.google.com/"
"","hotteenpussy","https://www.google.com/"
"","hotteens4u","https://www.google.com/"
"","hot-teenscam","https://www.google.com/"
"","hot-teens","https://www.google.com/"
"","hotteensclub","https://www.google.com/"
"","hotteens","https://www.google.com/"
"","hotteensex","https://www.google.com/"
"","hotteensexhd","https://www.google.com/"
"","hotteensexpics","https://www.google.com/"
"","hotteensexporn","https://www.google.com/"
"","hot-teen-sex","https://www.google.com/"
"","hotteensexx","https://www.google.com/"
"","hotteensexxx","https://www.google.com/"
"","hot-teen","https://www.google.com/"
"","hot-teens-hd","https://www.google.com/"
"","hotteenskissing","https://www.google.com/"
"","hot-teens-movies","https://www.google.com/"
"","hotteensoncam","https://www.google.com/"
"","hotteenspictures","https://www.google.com/"
"","hot-teensporn","https://www.google.com/"
"","hotteensporn","https://www.google.com/"
"","hotteenspussy","https://www.google.com/"
"","hotteensrelax","https://www.google.com/"
"","hot-teens","https://www.google.com/"
"","hotteentwats","https://www.google.com/"
"","hotteenvids","https://www.google.com/"
"","hotteenwhores","https://www.google.com/"
"","hotteenx","https://www.google.com/"
"","hotteenxxx","https://www.google.com/"
"","hotteenz","https://www.google.com/"
"","hot-telefon","https://www.google.com/"
"","hot-telefonsex","https://www.google.com/"
"","hottelevision","https://www.google.com/"
"","hotterbabes","https://www.google.com/"
"","hotterbody","https://www.google.com/"
"","hotterthanfire","https://www.google.com/"
"","hotterxxx","https://www.google.com/"
"","hottestanalsex","https://www.google.com/"
"","hottestasianpussy","https://www.google.com/"
"","hottest-babes","https://www.google.com/"
"","hottestbabes","https://www.google.com/"
"","hottestblogger","https://www.google.com/"
"","hottest-blondes","https://www.google.com/"
"","hottestceleb","https://www.google.com/"
"","hottestebonysex","https://www.google.com/"
"","hottestfacesitting","https://www.google.com/"
"","hottestgaysites","https://www.google.com/"
"","hottestgaytube","https://www.google.com/"
"","hottest-gfs","https://www.google.com/"
"","hottestgirls","https://www.google.com/"
"","hottesthollywoodactress","https://www.google.com/"
"","hottestlivecams","https://www.google.com/"
"","hottestliveshow","https://www.google.com/"
"","hottestlivewebcams","https://www.google.com/"
"","hottestmatures","https://www.google.com/"
"","hottestmaturesex","https://www.google.com/"
"","hottestmilfpornstar","https://www.google.com/"
"","hottestmilfseverblogxxx","https://www.google.com/"
"","hottestmilfsever","https://www.google.com/"
"","hottestonly","https://www.google.com/"
"","hottestpage","https://www.google.com/"
"","hottestpix","https://www.google.com/"
"","hottestplaymates","https://www.google.com/"
"","hottest-porn","https://www.google.com/"
"","hottestpornmovies","https://www.google.com/"
"","hottest-pornstars","https://www.google.com/"
"","hottestpornstars","https://www.google.com/"
"","hottestpornvideo","https://www.google.com/"
"","hottestsex","https://www.google.com/"
"","hottestsexpictures","https://www.google.com/"
"","hottestsexpositions","https://www.google.com/"
"","hottestshemalesex","https://www.google.com/"
"","hottestsites","https://www.google.com/"
"","hottest-teens","https://www.google.com/"
"","hottest-tits","https://www.google.com/"
"","hottestwebcambabes","https://www.google.com/"
"","hottestwebcamgirls","https://www.google.com/"
"","hottestwife","https://www.google.com/"
"","hottestwomen","https://www.google.com/"
"","hottexasfeet","https://www.google.com/"
"","hottgirls","https://www.google.com/"
"","hottheaters","https://www.google.com/"
