"﻿""id""","read","recommended"
"","adultmore","https://www.google.com/"
"","adultmov","https://www.google.com/"
"","adultmovement","https://www.google.com/"
"","adultmoviebabes","https://www.google.com/"
"","adultmovieclip","https://www.google.com/"
"","adult-movie-clips","https://www.google.com/"
"","adultmovieclubblog","https://www.google.com/"
"","adult-movie-club","https://www.google.com/"
"","adultmovieclub","https://www.google.com/"
"","adult-movie","https://www.google.com/"
"","adultmovie","https://www.google.com/"
"","adultmoviedatabase","https://www.google.com/"
"","adultmoviedir","https://www.google.com/"
"","adultmoviedownload","https://www.google.com/"
"","adultmovieexpress","https://www.google.com/"
"","adultmoviefilm","https://www.google.com/"
"","adultmoviegroup","https://www.google.com/"
"","adult-movie-japan","https://www.google.com/"
"","adultmoviemart","https://www.google.com/"
"","adultmoviematrix","https://www.google.com/"
"","adultmoviemax","https://www.google.com/"
"","adultmovienetwork","https://www.google.com/"
"","adultmoviepage","https://www.google.com/"
"","adultmoviepasses","https://www.google.com/"
"","adultmovieplace","https://www.google.com/"
"","adultmovieplex","https://www.google.com/"
"","adultmovieplus","https://www.google.com/"
"","adultmovieporn","https://www.google.com/"
"","adultmovieposters","https://www.google.com/"
"","adultmovies4free","https://www.google.com/"
"","adultmovies4u","https://www.google.com/"
"","adultmovies7","https://www.google.com/"
"","adultmoviesandsextoys","https://www.google.com/"
"","adultmoviesandtoys","https://www.google.com/"
"","adultmoviesbest","https://www.google.com/"
"","adult-movies","https://www.google.com/"
"","adult-movies-club","https://www.google.com/"
"","adultmovies","https://www.google.com/"
"","adultmovieseries","https://www.google.com/"
"","adultmovies-free","https://www.google.com/"
"","adult-movies-hardcore-sex","https://www.google.com/"
"","adultmovieshop","https://www.google.com/"
"","adult-movie-shop","https://www.google.com/"
"","adultmovieshouse","https://www.google.com/"
"","adultmovieshow","https://www.google.com/"
"","adultmoviesondemand","https://www.google.com/"
"","adultmoviesonthego","https://www.google.com/"
"","adultmoviesource","https://www.google.com/"
"","adultmoviesporn","https://www.google.com/"
"","adultmoviespot","https://www.google.com/"
"","adultmoviessexmovies","https://www.google.com/"
"","adult-movie-station","https://www.google.com/"
"","adultmoviestation","https://www.google.com/"
"","adultmoviestore","https://www.google.com/"
"","adult-movie-store","https://www.google.com/"
"","adultmoviestreet","https://www.google.com/"
"","adultmoviesunlimited","https://www.google.com/"
"","adultmovietube","https://www.google.com/"
"","adultmovievault","https://www.google.com/"
"","adultmovievideo","https://www.google.com/"
"","adultmoviewarehouse","https://www.google.com/"
"","adultmoviezone","https://www.google.com/"
"","adult-movs","https://www.google.com/"
"","adultmovz","https://www.google.com/"
"","adultmpegs","https://www.google.com/"
"","adultmpegstation","https://www.google.com/"
"","adult-mpg","https://www.google.com/"
"","adultmuseum","https://www.google.com/"
"","adult-naked","https://www.google.com/"
"","adultnation","https://www.google.com/"
"","adultnations","https://www.google.com/"
"","adultnavi","https://www.google.com/"
"","adultneeds","https://www.google.com/"
"","adultnet","https://www.google.com/"
"","adultnetflix","https://www.google.com/"
"","adult-net","https://www.google.com/"
"","adult-network","https://www.google.com/"
"","adultnetwork","https://www.google.com/"
"","adultnetworkgroup","https://www.google.com/"
"","adultnetworx","https://www.google.com/"
"","adult-nevada","https://www.google.com/"
"","adult-newengland","https://www.google.com/"
"","adult-newjersey","https://www.google.com/"
"","adultnewjersey","https://www.google.com/"
"","adult-neworleans","https://www.google.com/"
"","adultnewreleases","https://www.google.com/"
"","adultnews","https://www.google.com/"
"","adultnewsgroup","https://www.google.com/"
"","adultnewsgroups","https://www.google.com/"
"","adultnewshunter","https://www.google.com/"
"","adult-newsletter","https://www.google.com/"
"","adultnewsletter","https://www.google.com/"
"","adultnewsline","https://www.google.com/"
"","adultnewspaper","https://www.google.com/"
"","adultnewstand","https://www.google.com/"
"","adult-newyork","https://www.google.com/"
"","adultnewyork","https://www.google.com/"
"","adultnicheblog","https://www.google.com/"
"","adultnichepages","https://www.google.com/"
"","adultnightclub","https://www.google.com/"
