"﻿""id""","read","recommended"
"","cumseed","https://www.google.com/"
"","cumseek","https://www.google.com/"
"","cumseeker","https://www.google.com/"
"","cumsex","https://www.google.com/"
"","cumsexvideos","https://www.google.com/"
"","cumsg","https://www.google.com/"
"","cumshoot","https://www.google.com/"
"","cumshot6","https://www.google.com/"
"","cumshotarchive","https://www.google.com/"
"","cumshotbestpics","https://www.google.com/"
"","cumshot-bilder","https://www.google.com/"
"","cumshotbjs","https://www.google.com/"
"","cumshotboys","https://www.google.com/"
"","cumshotcam","https://www.google.com/"
"","cumshotcams","https://www.google.com/"
"","cumshotcarnage","https://www.google.com/"
"","cumshotcinema","https://www.google.com/"
"","cumshotcircus","https://www.google.com/"
"","cumshotcity","https://www.google.com/"
"","cum-shot","https://www.google.com/"
"","cumshot","https://www.google.com/"
"","cumshoter","https://www.google.com/"
"","cumshotextreme","https://www.google.com/"
"","cumshotfacial","https://www.google.com/"
"","cumshotfacials","https://www.google.com/"
"","cumshotfan","https://www.google.com/"
"","cumshotfans","https://www.google.com/"
"","cumshotfantasies","https://www.google.com/"
"","cumshotfetish","https://www.google.com/"
"","cumshot-fiesta-facial","https://www.google.com/"
"","cumshotfilm","https://www.google.com/"
"","cumshotfilmpjes","https://www.google.com/"
"","cumshotfree","https://www.google.com/"
"","cumshotfrenzy","https://www.google.com/"
"","cumshotgalleries","https://www.google.com/"
"","cumshotgalore","https://www.google.com/"
"","cumshot-gay","https://www.google.com/"
"","cumshotgay","https://www.google.com/"
"","cumshotgfs","https://www.google.com/"
"","cumshotgirl","https://www.google.com/"
"","cumshotgirls","https://www.google.com/"
"","cumshotheaven","https://www.google.com/"
"","cumshot-images","https://www.google.com/"
"","cumshotindex","https://www.google.com/"
"","cumshotlist","https://www.google.com/"
"","cumshotlovers","https://www.google.com/"
"","cumshotmaster","https://www.google.com/"
"","cumshotmovie","https://www.google.com/"
"","cumshotmovies","https://www.google.com/"
"","cum-shot-mpegs","https://www.google.com/"
"","cumshotmuseum","https://www.google.com/"
"","cumshotmusic","https://www.google.com/"
"","cumshotoasis","https://www.google.com/"
"","cumshot-orgies","https://www.google.com/"
"","cumshotpalace","https://www.google.com/"
"","cumshotparties","https://www.google.com/"
"","cumshotphoto","https://www.google.com/"
"","cumshotpics","https://www.google.com/"
"","cumshotpix","https://www.google.com/"
"","cumshotplanet","https://www.google.com/"
"","cumshotpolice","https://www.google.com/"
"","cumshot-porn","https://www.google.com/"
"","cumshotporn","https://www.google.com/"
"","cumshotpornos","https://www.google.com/"
"","cumshotpornvideos","https://www.google.com/"
"","cumshotportal","https://www.google.com/"
"","cumshotqueens","https://www.google.com/"
"","cumshotregistry","https://www.google.com/"
"","cumshotreviewer","https://www.google.com/"
"","cumshots123","https://www.google.com/"
"","cum-shots-1","https://www.google.com/"
"","cumshots2","https://www.google.com/"
"","cumshots4ten","https://www.google.com/"
"","cumshotsarea","https://www.google.com/"
"","cumshots","https://www.google.com/"
"","cumshotsblog","https://www.google.com/"
"","cumshots-blowjob","https://www.google.com/"
"","cumshotscams","https://www.google.com/"
"","cumshotscenes","https://www.google.com/"
"","cumshot-schlampen","https://www.google.com/"
"","cumshotschlampen","https://www.google.com/"
"","cum-shots","https://www.google.com/"
"","cumshotsexfilms","https://www.google.com/"
"","cumshotsexvidz","https://www.google.com/"
"","cumshotsgays","https://www.google.com/"
"","cumshots-guide","https://www.google.com/"
"","cumshotshemale","https://www.google.com/"
"","cumshotshows","https://www.google.com/"
"","cumshotsites","https://www.google.com/"
"","cumshotslut","https://www.google.com/"
"","cumshotsmovs","https://www.google.com/"
"","cumshotsnfacials","https://www.google.com/"
"","cum-shots-online","https://www.google.com/"
"","cumshotsorgy","https://www.google.com/"
"","cumshotspalace","https://www.google.com/"
"","cumshotspecialist","https://www.google.com/"
"","cumshotspics","https://www.google.com/"
"","cumshots-porno","https://www.google.com/"
"","cumshotspov","https://www.google.com/"
"","cumshotss","https://www.google.com/"
