"﻿""id""","read","recommended"
"","inporn","https://www.google.com/"
"","inpornos","https://www.google.com/"
"","in-praise","https://www.google.com/"
"","in-private","https://www.google.com/"
"","inpublicflashing","https://www.google.com/"
"","inpussy","https://www.google.com/"
"","inq","https://www.google.com/"
"","inquilinas","https://www.google.com/"
"","inquisitionlive","https://www.google.com/"
"","inquisitionworld","https://www.google.com/"
"","inraptured","https://www.google.com/"
"","inreallife","https://www.google.com/"
"","insaciables","https://www.google.com/"
"","insane3d","https://www.google.com/"
"","insanebabes","https://www.google.com/"
"","insanebdsm","https://www.google.com/"
"","insanebigdicks","https://www.google.com/"
"","insanebondage","https://www.google.com/"
"","insanecams","https://www.google.com/"
"","insanecockbrothas","https://www.google.com/"
"","insanecockparties1","https://www.google.com/"
"","insanecoeds","https://www.google.com/"
"","insanedungeon","https://www.google.com/"
"","insanefemdom","https://www.google.com/"
"","insanefuckingxxx","https://www.google.com/"
"","insanegiantdildowank","https://www.google.com/"
"","insanegirlz","https://www.google.com/"
"","insanehussein","https://www.google.com/"
"","insanejournal","https://www.google.com/"
"","insanelyfunny","https://www.google.com/"
"","insanelyhot","https://www.google.com/"
"","insanemovies","https://www.google.com/"
"","insanenaturals","https://www.google.com/"
"","insanepasses","https://www.google.com/"
"","insaneporno","https://www.google.com/"
"","insanepornvideos","https://www.google.com/"
"","insanepornvids","https://www.google.com/"
"","insanetrack","https://www.google.com/"
"","insanevideosclips","https://www.google.com/"
"","insanexxx","https://www.google.com/"
"","insanezoosex","https://www.google.com/"
"","insatiabledesire","https://www.google.com/"
"","insatiablemilf","https://www.google.com/"
"","insatiable-videos","https://www.google.com/"
"","ins-cash","https://www.google.com/"
"","inschooluniform","https://www.google.com/"
"","insearchofsin","https://www.google.com/"
"","insearchoftheworldsmostbeautifulwoman","https://www.google.com/"
"","inseks","https://www.google.com/"
"","insensatas","https://www.google.com/"
"","inserateservice","https://www.google.com/"
"","insexarchives","https://www.google.com/"
"","insex","https://www.google.com/"
"","insexes","https://www.google.com/"
"","insexicated","https://www.google.com/"
"","insexm","https://www.google.com/"
"","insexondemand","https://www.google.com/"
"","insext","https://www.google.com/"
"","insextube","https://www.google.com/"
"","insexwetrust","https://www.google.com/"
"","insexypanties","https://www.google.com/"
"","inshadow","https://www.google.com/"
"","inshopy","https://www.google.com/"
"","insideadult","https://www.google.com/"
"","insidechina","https://www.google.com/"
"","insidedeepthroatmovie","https://www.google.com/"
"","insideevilangel","https://www.google.com/"
"","insidefemdom","https://www.google.com/"
"","inside-m","https://www.google.com/"
"","insidenaughtyamerica","https://www.google.com/"
"","insidepaysites","https://www.google.com/"
"","insider","https://www.google.com/"
"","insider-erotic","https://www.google.com/"
"","insiderlinks","https://www.google.com/"
"","insiderpussy","https://www.google.com/"
"","insidertube","https://www.google.com/"
"","inside-strings","https://www.google.com/"
"","insidethevip","https://www.google.com/"
"","insidetheviproom","https://www.google.com/"
"","insidetwistys","https://www.google.com/"
"","insidewasteland","https://www.google.com/"
"","insite","https://www.google.com/"
"","insiteinvestments","https://www.google.com/"
"","insity","https://www.google.com/"
"","in-slide","https://www.google.com/"
"","insolence","https://www.google.com/"
"","insolvency","https://www.google.com/"
"","insomniaccash","https://www.google.com/"
"","insomniagallery","https://www.google.com/"
"","inspectorcams","https://www.google.com/"
"","inspectworks","https://www.google.com/"
"","inspirationalporn","https://www.google.com/"
"","inspiration-chan","https://www.google.com/"
"","inspiratrices","https://www.google.com/"
"","inspireworthy","https://www.google.com/"
"","instabang","https://www.google.com/"
"","instaflixxx","https://www.google.com/"
"","instagram","https://www.google.com/"
"","instahookups5","https://www.google.com/"
"","instalovers","https://www.google.com/"
