"﻿""id""","read","recommended"
"","femmefontaine","https://www.google.com/"
"","femmefontainex","https://www.google.com/"
"","femme-gode","https://www.google.com/"
"","femmegrosseblog","https://www.google.com/"
"","femme-grosse","https://www.google.com/"
"","femmegrosseins","https://www.google.com/"
"","femme-gros-seins","https://www.google.com/"
"","femmeinistfucktoy","https://www.google.com/"
"","femmejalouse","https://www.google.com/"
"","femme-libertine","https://www.google.com/"
"","femme-mariee","https://www.google.com/"
"","femmemariee","https://www.google.com/"
"","femmematureautel","https://www.google.com/"
"","femmemature","https://www.google.com/"
"","femmematurenue","https://www.google.com/"
"","femme-matures","https://www.google.com/"
"","femme-mature-sexy","https://www.google.com/"
"","femme-mature-x","https://www.google.com/"
"","femme-mode","https://www.google.com/"
"","femmemure","https://www.google.com/"
"","femmemuresexe","https://www.google.com/"
"","femme-mure-sexy","https://www.google.com/"
"","femmemur","https://www.google.com/"
"","femmenue","https://www.google.com/"
"","femme-nue-gratuit","https://www.google.com/"
"","femme-nue","https://www.google.com/"
"","femmeobese","https://www.google.com/"
"","femme-offerte","https://www.google.com/"
"","femme-poilue","https://www.google.com/"
"","femmepoitrinegrosseins","https://www.google.com/"
"","femmepourhomme","https://www.google.com/"
"","femme-rasee","https://www.google.com/"
"","femmerencontre","https://www.google.com/"
"","femme-ronde","https://www.google.com/"
"","femmerotic","https://www.google.com/"
"","femmerousse","https://www.google.com/"
"","femme-russe","https://www.google.com/"
"","femmerusse","https://www.google.com/"
"","femmes-a-bite","https://www.google.com/"
"","femmes-a-bites","https://www.google.com/"
"","femmesagees","https://www.google.com/"
"","femme-salope","https://www.google.com/"
"","femmes-amateurs","https://www.google.com/"
"","femmesapoil","https://www.google.com/"
"","femmes-a-poils","https://www.google.com/"
"","femmesarabes","https://www.google.com/"
"","femmes-au-telephone","https://www.google.com/"
"","femmes","https://www.google.com/"
"","femmescougar","https://www.google.com/"
"","femmesdispo","https://www.google.com/"
"","femmes-dominatrices","https://www.google.com/"
"","femmesdominatrices","https://www.google.com/"
"","femmes-enceintes-coquines","https://www.google.com/"
"","femmesenceintes","https://www.google.com/"
"","femmes-enceintes-sexe","https://www.google.com/"
"","femmesenchaleur","https://www.google.com/"
"","femmes-enculeuses","https://www.google.com/"
"","femmes-et","https://www.google.com/"
"","femmes-et-poils","https://www.google.com/"
"","femmeseule","https://www.google.com/"
"","femmesexe","https://www.google.com/"
"","femmesexesm","https://www.google.com/"
"","femmesexy","https://www.google.com/"
"","femmesexylive","https://www.google.com/"
"","femme-sexy-mature","https://www.google.com/"
"","femmesfatales-escort","https://www.google.com/"
"","femmes-in-charge","https://www.google.com/"
"","femmes-infideles","https://www.google.com/"
"","femmeslibres","https://www.google.com/"
"","femmeslubriques","https://www.google.com/"
"","femmes-matures","https://www.google.com/"
"","femmesmatures","https://www.google.com/"
"","femmes-matures-nue","https://www.google.com/"
"","femmes-matures-sexe","https://www.google.com/"
"","femmesm","https://www.google.com/"
"","femmes-mures","https://www.google.com/"
"","femmesmures","https://www.google.com/"
"","femmes-nudistes","https://www.google.com/"
"","femmes-nues-bronzees","https://www.google.com/"
"","femmes-nues","https://www.google.com/"
"","femmesnues","https://www.google.com/"
"","femme-soumise","https://www.google.com/"
"","femmespoilues","https://www.google.com/"
"","femmes-porno","https://www.google.com/"
"","femmesporno","https://www.google.com/"
"","femmesrusses","https://www.google.com/"
"","femmes-russes","https://www.google.com/"
"","femmes-salopes","https://www.google.com/"
"","femmes-sans-complexes","https://www.google.com/"
"","femmes-seules","https://www.google.com/"
"","femmes-sexy","https://www.google.com/"
"","femmes-sexy-celebres","https://www.google.com/"
"","femmes-spectacle","https://www.google.com/"
"","femmes-tunisiennes","https://www.google.com/"
"","femmes-vieilles","https://www.google.com/"
"","femmesweetfemme","https://www.google.com/"
"","femmesx","https://www.google.com/"
"","femmes-xxx","https://www.google.com/"
"","femmetel","https://www.google.com/"
"","femmex","https://www.google.com/"
