"﻿""id""","read","recommended"
"","12xtranny","https://www.google.com/"
"","12x-videos","https://www.google.com/"
"","12xwives","https://www.google.com/"
"","12xxx","https://www.google.com/"
"","130kg","https://www.google.com/"
"","1337x","https://www.google.com/"
"","1337xhd","https://www.google.com/"
"","1337xto","https://www.google.com/"
"","1377x","https://www.google.com/"
"","13fuck","https://www.google.com/"
"","13girls","https://www.google.com/"
"","13net","https://www.google.com/"
"","13pigs","https://www.google.com/"
"","13univers","https://www.google.com/"
"","144chan","https://www.google.com/"
"","14alicia","https://www.google.com/"
"","14ashanti","https://www.google.com/"
"","14inchbigcocks","https://www.google.com/"
"","150m","https://www.google.com/"
"","150newportcenter","https://www.google.com/"
"","150teengalleries","https://www.google.com/"
"","155chan","https://www.google.com/"
"","15angels","https://www.google.com/"
"","15cams","https://www.google.com/"
"","15den","https://www.google.com/"
"","15dollarphonesex","https://www.google.com/"
"","15inch-dicks","https://www.google.com/"
"","15m4","https://www.google.com/"
"","15navi","https://www.google.com/"
"","15pic","https://www.google.com/"
"","15yomodels","https://www.google.com/"
"","16-19","https://www.google.com/"
"","161sex","https://www.google.com/"
"","163vid","https://www.google.com/"
"","16honeys","https://www.google.com/"
"","16honeysporn","https://www.google.com/"
"","16movies","https://www.google.com/"
"","16only","https://www.google.com/"
"","16sex","https://www.google.com/"
"","17-18-19","https://www.google.com/"
"","171gifs","https://www.google.com/"
"","17babes","https://www.google.com/"
"","17boy","https://www.google.com/"
"","17chan","https://www.google.com/"
"","17hi","https://www.google.com/"
"","17hot","https://www.google.com/"
"","17live","https://www.google.com/"
"","17livesex","https://www.google.com/"
"","17plus","https://www.google.com/"
"","17s","https://www.google.com/"
"","17sexfilms","https://www.google.com/"
"","17sexvideo","https://www.google.com/"
"","17top","https://www.google.com/"
"","17video","https://www.google.com/"
"","17year","https://www.google.com/"
"","1-800-900whip","https://www.google.com/"
"","1800adult","https://www.google.com/"
"","1-800-anal-sex","https://www.google.com/"
"","1-800-analsex","https://www.google.com/"
"","1800analsex","https://www.google.com/"
"","1800assfuck","https://www.google.com/"
"","1800assplay","https://www.google.com/"
"","1800bdsm","https://www.google.com/"
"","1800blowjobs","https://www.google.com/"
"","1800cheaptickets","https://www.google.com/"
"","1-800cummakers","https://www.google.com/"
"","1800date","https://www.google.com/"
"","1800deepwet","https://www.google.com/"
"","1-800-free-sex","https://www.google.com/"
"","1-800-fuckgirls","https://www.google.com/"
"","1800fucking","https://www.google.com/"
"","1800gaylive","https://www.google.com/"
"","1800gaysex","https://www.google.com/"
"","1-800-girlman","https://www.google.com/"
"","1-800-hardcore","https://www.google.com/"
"","1800hotblow","https://www.google.com/"
"","1800hotgirl","https://www.google.com/"
"","1800hotsex","https://www.google.com/"
"","1800hotslut","https://www.google.com/"
"","1800jackoff","https://www.google.com/"
"","1-800-lesbians","https://www.google.com/"
"","1800milfsex","https://www.google.com/"
"","1800momlove","https://www.google.com/"
"","1-800-momlust","https://www.google.com/"
"","1800mommy","https://www.google.com/"
"","1800momwild","https://www.google.com/"
"","1-800-phone-sex","https://www.google.com/"
"","1-800-phonesex","https://www.google.com/"
"","1800-phone-sex","https://www.google.com/"
"","1800-phonesex","https://www.google.com/"
"","1-800-phone-sexy","https://www.google.com/"
"","1800porn","https://www.google.com/"
"","1800pornstar","https://www.google.com/"
"","1800pussy","https://www.google.com/"
"","1-800-quickie","https://www.google.com/"
"","1800quickie","https://www.google.com/"
"","1800-sex","https://www.google.com/"
"","1800sex","https://www.google.com/"
"","1800spankme","https://www.google.com/"
"","1-800-teensex","https://www.google.com/"
