"﻿""id""","read","recommended"
"","latinboyz","https://www.google.com/"
"","latin-boyz","https://www.google.com/"
"","latinbrides","https://www.google.com/"
"","latinbutts","https://www.google.com/"
"","latincamz","https://www.google.com/"
"","latincheaters","https://www.google.com/"
"","latinchica","https://www.google.com/"
"","latinchick","https://www.google.com/"
"","latinchulos","https://www.google.com/"
"","latindatelink","https://www.google.com/"
"","latindate","https://www.google.com/"
"","latindestiny","https://www.google.com/"
"","latindollars","https://www.google.com/"
"","latindreamgirls","https://www.google.com/"
"","latindreamtours","https://www.google.com/"
"","latinecalienti","https://www.google.com/"
"","latine-sexy","https://www.google.com/"
"","latines-salopes","https://www.google.com/"
"","latineuro","https://www.google.com/"
"","latinexposure","https://www.google.com/"
"","latinfacials","https://www.google.com/"
"","latinfetish","https://www.google.com/"
"","latinfriends","https://www.google.com/"
"","latinfuck","https://www.google.com/"
"","latinfuckfest","https://www.google.com/"
"","latingays","https://www.google.com/"
"","latingaysexvideos","https://www.google.com/"
"","latingirlsbrides","https://www.google.com/"
"","latingirls","https://www.google.com/"
"","latingirlsnaked","https://www.google.com/"
"","latinguyz","https://www.google.com/"
"","latinhouse","https://www.google.com/"
"","latinjocks","https://www.google.com/"
"","latinkittys","https://www.google.com/"
"","latinladies","https://www.google.com/"
"","latinlifemates","https://www.google.com/"
"","latinlovecam","https://www.google.com/"
"","latinloveline","https://www.google.com/"
"","latinlove","https://www.google.com/"
"","latinlovers","https://www.google.com/"
"","latinloversvod","https://www.google.com/"
"","latinlovesearch","https://www.google.com/"
"","latinmagic","https://www.google.com/"
"","latinmen","https://www.google.com/"
"","latinmgp","https://www.google.com/"
"","latinmodels24","https://www.google.com/"
"","latinmodels","https://www.google.com/"
"","latinnudist","https://www.google.com/"
"","latinnudists","https://www.google.com/"
"","latino-babes","https://www.google.com/"
"","latinobabes","https://www.google.com/"
"","latinobear","https://www.google.com/"
"","latinobfvideos","https://www.google.com/"
"","latinobitch","https://www.google.com/"
"","latinobitches","https://www.google.com/"
"","latinobondage","https://www.google.com/"
"","latinoboysblog","https://www.google.com/"
"","latinoboys","https://www.google.com/"
"","latino-boys","https://www.google.com/"
"","latinobucks","https://www.google.com/"
"","latinochick","https://www.google.com/"
"","latinochicks","https://www.google.com/"
"","latinocockstars","https://www.google.com/"
"","latinoerotica","https://www.google.com/"
"","latinofanclub","https://www.google.com/"
"","latinogayclub","https://www.google.com/"
"","latinogaypass","https://www.google.com/"
"","latinogirls","https://www.google.com/"
"","latinoguys","https://www.google.com/"
"","latinohardcore","https://www.google.com/"
"","latinoloverz","https://www.google.com/"
"","latino-men","https://www.google.com/"
"","latinomen","https://www.google.com/"
"","latinomovies","https://www.google.com/"
"","latinonude","https://www.google.com/"
"","latinonudes","https://www.google.com/"
"","latinonudity","https://www.google.com/"
"","latinopayperview","https://www.google.com/"
"","latinopeoplemeet","https://www.google.com/"
"","latinophonesex","https://www.google.com/"
"","latinoporno","https://www.google.com/"
"","latinopornstars","https://www.google.com/"
"","latinopussy","https://www.google.com/"
"","latinos","https://www.google.com/"
"","latinosexdates","https://www.google.com/"
"","latinosex","https://www.google.com/"
"","latinosexo","https://www.google.com/"
"","latinosfun","https://www.google.com/"
"","latinosmooth","https://www.google.com/"
"","latinosporno","https://www.google.com/"
"","latinoteen","https://www.google.com/"
"","latinoteenies","https://www.google.com/"
"","latinotwinktube","https://www.google.com/"
"","latinovirgin","https://www.google.com/"
"","latino-x","https://www.google.com/"
"","latinoxxx","https://www.google.com/"
"","latinoz","https://www.google.com/"
"","latinparejas","https://www.google.com/"
"","latinpayperview","https://www.google.com/"
"","latinpiss","https://www.google.com/"
