"﻿""id""","read","recommended"
"","harley-quinn-naked","https://www.google.com/"
"","harley-quinn-nude","https://www.google.com/"
"","harleyquinn","https://www.google.com/"
"","harleyspencer","https://www.google.com/"
"","harliejean","https://www.google.com/"
"","harlotmagazine","https://www.google.com/"
"","harlotsescorts","https://www.google.com/"
"","harlotsex","https://www.google.com/"
"","harlowart","https://www.google.com/"
"","harmanit","https://www.google.com/"
"","harmoneyrane","https://www.google.com/"
"","harmoniemodels","https://www.google.com/"
"","harmony18","https://www.google.com/"
"","harmonyconcepts","https://www.google.com/"
"","harmony-dates","https://www.google.com/"
"","harmonymax","https://www.google.com/"
"","harmony-paris","https://www.google.com/"
"","harmonyrose","https://www.google.com/"
"","harmonyvision","https://www.google.com/"
"","harposkc","https://www.google.com/"
"","harrietleibowitz","https://www.google.com/"
"","harris-archives","https://www.google.com/"
"","harrygay","https://www.google.com/"
"","harry-potter-nude","https://www.google.com/"
"","harry-red","https://www.google.com/"
"","harryreemsxxx","https://www.google.com/"
"","harsh-art","https://www.google.com/"
"","harshhandjobs","https://www.google.com/"
"","hartcore","https://www.google.com/"
"","harteboys","https://www.google.com/"
"","hartepornofilme","https://www.google.com/"
"","harte-pruegel","https://www.google.com/"
"","harte-staengel","https://www.google.com/"
"","harthnir","https://www.google.com/"
"","hartstikkegeil","https://www.google.com/"
"","hartz4-sex","https://www.google.com/"
"","hartzart","https://www.google.com/"
"","harukamovies","https://www.google.com/"
"","harukaporn","https://www.google.com/"
"","harukatube","https://www.google.com/"
"","harumi-d","https://www.google.com/"
"","harunaporn","https://www.google.com/"
"","harvardsucks","https://www.google.com/"
"","harvestumc","https://www.google.com/"
"","harypotter","https://www.google.com/"
"","has-a-small-penis","https://www.google.com/"
"","hasbabes","https://www.google.com/"
"","haselow","https://www.google.com/"
"","hasenchat","https://www.google.com/"
"","hasenjagd","https://www.google.com/"
"","hasenjagt","https://www.google.com/"
"","hashbro","https://www.google.com/"
"","hashpipe","https://www.google.com/"
"","hasi-online","https://www.google.com/"
"","has","https://www.google.com/"
"","haskinsmaleart","https://www.google.com/"
"","hasoid-asian","https://www.google.com/"
"","hassex","https://www.google.com/"
"","hastalavista","https://www.google.com/"
"","hastduzeit","https://www.google.com/"
"","hateplow","https://www.google.com/"
"","hatred","https://www.google.com/"
"","hatsudori","https://www.google.com/"
"","hatunbank","https://www.google.com/"
"","hauptstadtpuff","https://www.google.com/"
"","haus74","https://www.google.com/"
"","haus76","https://www.google.com/"
"","haus87","https://www.google.com/"
"","hausandrea","https://www.google.com/"
"","haus-damour","https://www.google.com/"
"","hausderfreuden","https://www.google.com/"
"","hausfrau","https://www.google.com/"
"","haus-frau","https://www.google.com/"
"","hausfrauen-4u","https://www.google.com/"
"","hausfrauen-archiv","https://www.google.com/"
"","hausfrauen","https://www.google.com/"
"","hausfrauen-beim-sex","https://www.google.com/"
"","hausfrauen-bilder","https://www.google.com/"
"","hausfrauenbumsen","https://www.google.com/"
"","hausfrauencam","https://www.google.com/"
"","hausfrauen-camsex","https://www.google.com/"
"","hausfrauencasting","https://www.google.com/"
"","hausfrauenerotik","https://www.google.com/"
"","hausfrauen-erotik","https://www.google.com/"
"","hausfrauenfetisch","https://www.google.com/"
"","hausfrauen-ficken","https://www.google.com/"
"","hausfrauenficken","https://www.google.com/"
"","hausfrauen-ganz-privat","https://www.google.com/"
"","hausfrauengeil","https://www.google.com/"
"","hausfrauengesucht","https://www.google.com/"
"","hausfrauenjunge","https://www.google.com/"
"","hausfrauen-kontaktanzeigen","https://www.google.com/"
"","hausfrauenkontakte","https://www.google.com/"
"","hausfrauen-kontakte-xxl","https://www.google.com/"
"","hausfrauenkontaktmarkt","https://www.google.com/"
"","hausfrauenliste","https://www.google.com/"
"","hausfrauen-livecam","https://www.google.com/"
"","hausfrauen-livecams","https://www.google.com/"
"","hausfrauenluder","https://www.google.com/"
"","hausfrauennackt","https://www.google.com/"
