"﻿""id""","read","recommended"
"","hotavyscott","https://www.google.com/"
"","hotbabe","https://www.google.com/"
"","hot-babe","https://www.google.com/"
"","hotbabehunt","https://www.google.com/"
"","hotbabeparadise","https://www.google.com/"
"","hot-babe-photo","https://www.google.com/"
"","hotbabeportal","https://www.google.com/"
"","hotbabes4phonesex","https://www.google.com/"
"","hotbabes4u","https://www.google.com/"
"","hotbabesblog","https://www.google.com/"
"","hotbabescam","https://www.google.com/"
"","hotbabes","https://www.google.com/"
"","hotbabeserotica","https://www.google.com/"
"","hotbabesguide","https://www.google.com/"
"","hotbabesinstockings","https://www.google.com/"
"","hotbabeslist","https://www.google.com/"
"","hotbabesoncam","https://www.google.com/"
"","hotbabespages","https://www.google.com/"
"","hotbabesphonesex","https://www.google.com/"
"","hotbabespics","https://www.google.com/"
"","hotbabespimp","https://www.google.com/"
"","hotbabesplanet","https://www.google.com/"
"","hotbabesporn","https://www.google.com/"
"","hotbabesportal","https://www.google.com/"
"","hotbabespost","https://www.google.com/"
"","hotbabespussy","https://www.google.com/"
"","hotbabesqb","https://www.google.com/"
"","hotbabessexy","https://www.google.com/"
"","hotbabestofuck","https://www.google.com/"
"","hotbabeswallpaper","https://www.google.com/"
"","hotbabeswanted","https://www.google.com/"
"","hotbabevids","https://www.google.com/"
"","hot-banner","https://www.google.com/"
"","hot-barbara","https://www.google.com/"
"","hot-barbies","https://www.google.com/"
"","hotbarebacking","https://www.google.com/"
"","hotbb","https://www.google.com/"
"","hotbbw4phone","https://www.google.com/"
"","hotbbwbabes","https://www.google.com/"
"","hotbbw","https://www.google.com/"
"","hotbbwgalleries","https://www.google.com/"
"","hotbbwgallery","https://www.google.com/"
"","hotbbwlive","https://www.google.com/"
"","hotbbwmom","https://www.google.com/"
"","hotbbwphonesex","https://www.google.com/"
"","hotbbwpics","https://www.google.com/"
"","hotbbwporntube","https://www.google.com/"
"","hotbbws","https://www.google.com/"
"","hotbbwsite","https://www.google.com/"
"","hotbbz","https://www.google.com/"
"","hot-bdsm","https://www.google.com/"
"","hotbdsmporn","https://www.google.com/"
"","hotbdsmsex","https://www.google.com/"
"","hotbdsmtgp","https://www.google.com/"
"","hotbdsmthumbs","https://www.google.com/"
"","hot-beach-sex","https://www.google.com/"
"","hotbear","https://www.google.com/"
"","hotbeargay","https://www.google.com/"
"","hotbears","https://www.google.com/"
"","hot-beaver","https://www.google.com/"
"","hotbeaver","https://www.google.com/"
"","hot-beeg-tube","https://www.google.com/"
"","hotbelgium","https://www.google.com/"
"","hotbestporn","https://www.google.com/"
"","hotbfvideos","https://www.google.com/"
"","hotbhabhisex","https://www.google.com/"
"","hotbigboobs","https://www.google.com/"
"","hotbigdicks","https://www.google.com/"
"","hotbigmelons","https://www.google.com/"
"","hotbigtitstube","https://www.google.com/"
"","hotbigtitties","https://www.google.com/"
"","hotbigtube","https://www.google.com/"
"","hotbigwomen","https://www.google.com/"
"","hotbikergirls","https://www.google.com/"
"","hotbikertshirts","https://www.google.com/"
"","hotbikessexybabes","https://www.google.com/"
"","hot-bikini-babe","https://www.google.com/"
"","hot-bikini-babes","https://www.google.com/"
"","hotbikini","https://www.google.com/"
"","hotbisexuals","https://www.google.com/"
"","hotbisexualvideos","https://www.google.com/"
"","hotbitches","https://www.google.com/"
"","hotbitchhigh","https://www.google.com/"
"","hot-bitch","https://www.google.com/"
"","hotbizarresex","https://www.google.com/"
"","hotblackbabes","https://www.google.com/"
"","hotblackclips","https://www.google.com/"
"","hot-black","https://www.google.com/"
"","hotblackcum","https://www.google.com/"
"","hotblackfuck","https://www.google.com/"
"","hotblacklesbian","https://www.google.com/"
"","hotblackmodels","https://www.google.com/"
"","hotblackmovies","https://www.google.com/"
"","hotblackpics","https://www.google.com/"
"","hotblackporno","https://www.google.com/"
"","hotblackpussy","https://www.google.com/"
"","hot-blacks","https://www.google.com/"
"","hotblacks","https://www.google.com/"
"","hotblacksex","https://www.google.com/"
"","hotblacktgirls","https://www.google.com/"
