"﻿""id""","read","recommended"
"","franssexuel","https://www.google.com/"
"","frantik-pod","https://www.google.com/"
"","franzee","https://www.google.com/"
"","frasespicantes","https://www.google.com/"
"","frasisms","https://www.google.com/"
"","fratboy","https://www.google.com/"
"","fratboyfriends","https://www.google.com/"
"","fratcash","https://www.google.com/"
"","fratclub","https://www.google.com/"
"","fraternityrow","https://www.google.com/"
"","fraternityx","https://www.google.com/"
"","fraternityxxx","https://www.google.com/"
"","fratfeet","https://www.google.com/"
"","fratfest","https://www.google.com/"
"","fratfuck","https://www.google.com/"
"","fratgayporn","https://www.google.com/"
"","fratgaysite","https://www.google.com/"
"","fratgirls","https://www.google.com/"
"","fratguyantics","https://www.google.com/"
"","frathousefuckfest","https://www.google.com/"
"","frathousesex","https://www.google.com/"
"","fratjocks","https://www.google.com/"
"","fratmen","https://www.google.com/"
"","fratpad","https://www.google.com/"
"","fratpartygaysex","https://www.google.com/"
"","fratparty","https://www.google.com/"
"","frat-party-sluts","https://www.google.com/"
"","fratpics","https://www.google.com/"
"","fratsex","https://www.google.com/"
"","fratwhores","https://www.google.com/"
"","fratx","https://www.google.com/"
"","frau","https://www.google.com/"
"","fraucam","https://www.google.com/"
"","frauenabficken","https://www.google.com/"
"","frauenanvisieren","https://www.google.com/"
"","frauen-archiv","https://www.google.com/"
"","frauenarzt-doktorspiele","https://www.google.com/"
"","frauenarztsex","https://www.google.com/"
"","frauen-aufreissen","https://www.google.com/"
"","frauenbeimficken","https://www.google.com/"
"","frauen-bilder","https://www.google.com/"
"","frauen-blasen","https://www.google.com/"
"","frauenbumsen","https://www.google.com/"
"","frauen-bumsen","https://www.google.com/"
"","frauen-daten","https://www.google.com/"
"","frauenerotik","https://www.google.com/"
"","frauen","https://www.google.com/"
"","frauen-ficken","https://www.google.com/"
"","frauenficken","https://www.google.com/"
"","frauen-finden","https://www.google.com/"
"","frauenfotzen","https://www.google.com/"
"","frauengalerie","https://www.google.com/"
"","frauengefesselt","https://www.google.com/"
"","frauen-geil","https://www.google.com/"
"","frauen-girls","https://www.google.com/"
"","fraueningeldnot","https://www.google.com/"
"","frauen-in-lack-und-leder","https://www.google.com/"
"","frauen-in-nylon","https://www.google.com/"
"","frauen-in-nylons","https://www.google.com/"
"","frauen-in-strumpfhosen","https://www.google.com/"
"","frauen-jetzt","https://www.google.com/"
"","frauen-kennenlernen","https://www.google.com/"
"","frauenkennenlernen","https://www.google.com/"
"","frauen-kontakte","https://www.google.com/"
"","frauenkontakte","https://www.google.com/"
"","frauenkontaktmarkt","https://www.google.com/"
"","frauenliebe","https://www.google.com/"
"","frauen-livecams","https://www.google.com/"
"","frauenmagazin","https://www.google.com/"
"","frauen-nackt","https://www.google.com/"
"","frauennackt","https://www.google.com/"
"","frauennackte","https://www.google.com/"
"","frauen-orgasmus","https://www.google.com/"
"","frauen-party","https://www.google.com/"
"","frauenparty","https://www.google.com/"
"","frauenpissen","https://www.google.com/"
"","frauen-poppen","https://www.google.com/"
"","frauenpoppen","https://www.google.com/"
"","frauenpornos","https://www.google.com/"
"","frauenschau","https://www.google.com/"
"","frauen-sex","https://www.google.com/"
"","frauensexdate","https://www.google.com/"
"","frauen-sexkontakte","https://www.google.com/"
"","frauensexkontakte","https://www.google.com/"
"","frauensex","https://www.google.com/"
"","frauensexshop","https://www.google.com/"
"","frauensexspielzeug","https://www.google.com/"
"","frauentauschen","https://www.google.com/"
"","frauen-telefonsex","https://www.google.com/"
"","frauentreffen","https://www.google.com/"
"","frauenwahl","https://www.google.com/"
"","frauenwg","https://www.google.com/"
"","frauen-zum-ficken","https://www.google.com/"
"","frau-ficken","https://www.google.com/"
"","fraulein-dominika","https://www.google.com/"
"","fraunachbarin","https://www.google.com/"
"","frauodermann","https://www.google.com/"
"","frau-popper","https://www.google.com/"
"","frauporno","https://www.google.com/"
"","fraurose","https://www.google.com/"
