"﻿""id""","read","recommended"
"","free-animalsextube","https://www.google.com/"
"","freeanimalspornmovies","https://www.google.com/"
"","free-anime","https://www.google.com/"
"","freeanimeforlife","https://www.google.com/"
"","freeanimepassport","https://www.google.com/"
"","freeanimeporn","https://www.google.com/"
"","free-anime-videos","https://www.google.com/"
"","freeappsexposed","https://www.google.com/"
"","freearabsexx","https://www.google.com/"
"","freeasianbondage","https://www.google.com/"
"","freeasianboobs","https://www.google.com/"
"","freeasian","https://www.google.com/"
"","freeasiangallery","https://www.google.com/"
"","freeasiangays","https://www.google.com/"
"","freeasiangirl","https://www.google.com/"
"","freeasianmgp","https://www.google.com/"
"","freeasianpage","https://www.google.com/"
"","freeasianpassport","https://www.google.com/"
"","freeasianpics","https://www.google.com/"
"","freeasianpictures","https://www.google.com/"
"","freeasianpornarchive","https://www.google.com/"
"","free-asian-porn","https://www.google.com/"
"","freeasianporn","https://www.google.com/"
"","freeasianpornhub","https://www.google.com/"
"","freeasianpussy","https://www.google.com/"
"","freeasianpussypics","https://www.google.com/"
"","freeasians","https://www.google.com/"
"","freeasiansex","https://www.google.com/"
"","free-asian-sex-now","https://www.google.com/"
"","freeasiansexpics","https://www.google.com/"
"","freeasiansexvideos","https://www.google.com/"
"","freeasiansporn","https://www.google.com/"
"","freeasianteenmovies","https://www.google.com/"
"","freeasiantgp","https://www.google.com/"
"","freeasiantoons","https://www.google.com/"
"","freeasiantube","https://www.google.com/"
"","freeasiantubes","https://www.google.com/"
"","freeasianwebcams","https://www.google.com/"
"","freeasianxxx","https://www.google.com/"
"","freeasianxxxtube","https://www.google.com/"
"","freeasiasex","https://www.google.com/"
"","freeass","https://www.google.com/"
"","free-asses","https://www.google.com/"
"","freeasses","https://www.google.com/"
"","freeassgallery","https://www.google.com/"
"","free-assparade-pics","https://www.google.com/"
"","freeassporno","https://www.google.com/"
"","freeasssex","https://www.google.com/"
"","freeasssites","https://www.google.com/"
"","freeatkgals","https://www.google.com/"
"","freeazztube","https://www.google.com/"
"","freebabelinks","https://www.google.com/"
"","freebabeporn","https://www.google.com/"
"","freebabes","https://www.google.com/"
"","freebabeshot","https://www.google.com/"
"","freebabespics","https://www.google.com/"
"","freebabestgp","https://www.google.com/"
"","free-babes-webcams","https://www.google.com/"
"","freebackgrounds","https://www.google.com/"
"","free-banginblacks","https://www.google.com/"
"","freebase","https://www.google.com/"
"","free-bb","https://www.google.com/"
"","freebbw4u","https://www.google.com/"
"","freebbw","https://www.google.com/"
"","freebbwdating","https://www.google.com/"
"","free-bbw-galleries","https://www.google.com/"
"","freebbwmovies","https://www.google.com/"
"","freebbwmovs","https://www.google.com/"
"","freebbwporn","https://www.google.com/"
"","freebbwsex","https://www.google.com/"
"","free-bbw-tube","https://www.google.com/"
"","free-bbw-tubes","https://www.google.com/"
"","freebbwxxx","https://www.google.com/"
"","freebdsmarchive","https://www.google.com/"
"","freebdsm","https://www.google.com/"
"","freebdsmcomics","https://www.google.com/"
"","freebdsmextreme","https://www.google.com/"
"","free-bdsm-fetish","https://www.google.com/"
"","freebdsmgalleries","https://www.google.com/"
"","freebdsmmovie","https://www.google.com/"
"","free-bdsm-movies","https://www.google.com/"
"","freebdsmpics","https://www.google.com/"
"","free-bdsm-porn","https://www.google.com/"
"","freebdsmsex","https://www.google.com/"
"","freebdsmsexvideos","https://www.google.com/"
"","freebdsmtube","https://www.google.com/"
"","free-bdsm-tube","https://www.google.com/"
"","freebdsmtubes","https://www.google.com/"
"","free-bdsm-videos","https://www.google.com/"
"","freebdsmxxx","https://www.google.com/"
"","freebearpix","https://www.google.com/"
"","freebearporn","https://www.google.com/"
"","freebeastialitypics","https://www.google.com/"
"","freebeastsex","https://www.google.com/"
"","free-beast-sex","https://www.google.com/"
"","free-beauty-tips","https://www.google.com/"
"","freebeer","https://www.google.com/"
"","free-best-hosting","https://www.google.com/"
"","freebestialityporn","https://www.google.com/"
"","freebestialitypornsite","https://www.google.com/"
