"﻿""id""","read","recommended"
"","le-chevys","https://www.google.com/"
"","lecken-arschlecken","https://www.google.com/"
"","lecken-blasen-ficken","https://www.google.com/"
"","leckmich","https://www.google.com/"
"","le-clean","https://www.google.com/"
"","lecleo","https://www.google.com/"
"","leclub69","https://www.google.com/"
"","le-club-bdsm","https://www.google.com/"
"","leclubdesbranleurs","https://www.google.com/"
"","leclubdespompeurs","https://www.google.com/"
"","leclubfetish","https://www.google.com/"
"","lecoinbreton","https://www.google.com/"
"","lecoindusexe","https://www.google.com/"
"","lecoinporno","https://www.google.com/"
"","le","https://www.google.com/"
"","leconfessionnal","https://www.google.com/"
"","lecoq","https://www.google.com/"
"","lecoute","https://www.google.com/"
"","lecraft","https://www.google.com/"
"","lecrazyhorseparis","https://www.google.com/"
"","lecturaerotica","https://www.google.com/"
"","lecture-en-ligne","https://www.google.com/"
"","lecul","https://www.google.com/"
"","le-cul-gratuit","https://www.google.com/"
"","leculgratuit","https://www.google.com/"
"","leculx","https://www.google.com/"
"","ledahlianoir","https://www.google.com/"
"","ledamay","https://www.google.com/"
"","ledelice","https://www.google.com/"
"","ledemineur","https://www.google.com/"
"","ledepot-paris","https://www.google.com/"
"","lederboy","https://www.google.com/"
"","lederfrau","https://www.google.com/"
"","lederfrauen","https://www.google.com/"
"","leder-gummi-studio","https://www.google.com/"
"","lederhh","https://www.google.com/"
"","lederkatzen","https://www.google.com/"
"","lederkorsett","https://www.google.com/"
"","lederschlampen","https://www.google.com/"
"","lederslip","https://www.google.com/"
"","lederslips","https://www.google.com/"
"","ledertraeume","https://www.google.com/"
"","lederwerkstatt","https://www.google.com/"
"","lederwespe","https://www.google.com/"
"","ledix","https://www.google.com/"
"","le-dom","https://www.google.com/"
"","ledortoir","https://www.google.com/"
"","ledortoirgay","https://www.google.com/"
"","ledragueur","https://www.google.com/"
"","leduo","https://www.google.com/"
"","ledyboytop","https://www.google.com/"
"","leech","https://www.google.com/"
"","leechers","https://www.google.com/"
"","leechlink","https://www.google.com/"
"","leechporn","https://www.google.com/"
"","leechvideo","https://www.google.com/"
"","leedsescorts4u","https://www.google.com/"
"","leegoss","https://www.google.com/"
"","leeholt","https://www.google.com/"
"","leelove","https://www.google.com/"
"","leenks","https://www.google.com/"
"","leeporn","https://www.google.com/"
"","leerywomen","https://www.google.com/"
"","lee-sarenna","https://www.google.com/"
"","leetteens","https://www.google.com/"
"","leeza","https://www.google.com/"
"","le-favori","https://www.google.com/"
"","lefetish","https://www.google.com/"
"","leffeuillage","https://www.google.com/"
"","le-film-cul","https://www.google.com/"
"","le-film","https://www.google.com/"
"","lefora","https://www.google.com/"
"","lefreeporn","https://www.google.com/"
"","leftofme","https://www.google.com/"
"","left-teegolf","https://www.google.com/"
"","leftyspornblog","https://www.google.com/"
"","leftyspornpage","https://www.google.com/"
"","lefun","https://www.google.com/"
"","legaction","https://www.google.com/"
"","legactionmag","https://www.google.com/"
"","legacymodels","https://www.google.com/"
"","legaddict","https://www.google.com/"
"","legaladult","https://www.google.com/"
"","legalbait","https://www.google.com/"
"","legalbaitpass","https://www.google.com/"
"","legalcherry","https://www.google.com/"
"","legalcoeds","https://www.google.com/"
"","legalhentai","https://www.google.com/"
"","legalizingmarijuana","https://www.google.com/"
"","legalmatures","https://www.google.com/"
"","legal-models","https://www.google.com/"
"","legalovo","https://www.google.com/"
"","legalporn4k","https://www.google.com/"
"","legalporn","https://www.google.com/"
"","legalporno24","https://www.google.com/"
"","legal-porno","https://www.google.com/"
"","legalporno","https://www.google.com/"
"","legalteenagers","https://www.google.com/"
"","legalteenlust","https://www.google.com/"
"","legalteens","https://www.google.com/"
