"﻿""id""","read","recommended"
"","coupevideo","https://www.google.com/"
"","coupic","https://www.google.com/"
"","couplechercherencontres","https://www.google.com/"
"","couple","https://www.google.com/"
"","couple-coquin","https://www.google.com/"
"","coupledomination","https://www.google.com/"
"","couple-exhibition","https://www.google.com/"
"","couplefantasies","https://www.google.com/"
"","couplefucking","https://www.google.com/"
"","couple-gay","https://www.google.com/"
"","couple-hard","https://www.google.com/"
"","coupleinterracial","https://www.google.com/"
"","couplelib","https://www.google.com/"
"","couplelibert-ain","https://www.google.com/"
"","couple-libertin","https://www.google.com/"
"","couplelivecam","https://www.google.com/"
"","couplemania","https://www.google.com/"
"","coupleonline","https://www.google.com/"
"","couples4swing","https://www.google.com/"
"","couplesads","https://www.google.com/"
"","couples-amateur","https://www.google.com/"
"","couplesamateur","https://www.google.com/"
"","couplesandgirls","https://www.google.com/"
"","couplesandsingles","https://www.google.com/"
"","couplesbangthebabysitter","https://www.google.com/"
"","couples-c","https://www.google.com/"
"","coupleschat","https://www.google.com/"
"","coupleschoice","https://www.google.com/"
"","couplescinema","https://www.google.com/"
"","couplesclub","https://www.google.com/"
"","couplesclubs","https://www.google.com/"
"","couples","https://www.google.com/"
"","couplescoquins","https://www.google.com/"
"","couplescorner","https://www.google.com/"
"","coupleseduceteens","https://www.google.com/"
"","couplesex","https://www.google.com/"
"","couple-sexe","https://www.google.com/"
"","couplesfuck","https://www.google.com/"
"","coupleshomevideos","https://www.google.com/"
"","coupleshotline","https://www.google.com/"
"","couplesinternational","https://www.google.com/"
"","coupleslibertins","https://www.google.com/"
"","couplesmag","https://www.google.com/"
"","couplesmixed","https://www.google.com/"
"","couplesnaked","https://www.google.com/"
"","couplesnetwork","https://www.google.com/"
"","couplesnude","https://www.google.com/"
"","couplesoasis","https://www.google.com/"
"","couplesoncam","https://www.google.com/"
"","couplesonly","https://www.google.com/"
"","couplesonwebcam","https://www.google.com/"
"","couplespersonals","https://www.google.com/"
"","couplesphonesex","https://www.google.com/"
"","couplesplayhouse","https://www.google.com/"
"","couplespleasuredome","https://www.google.com/"
"","couplesprivatevids","https://www.google.com/"
"","couplesreviews","https://www.google.com/"
"","couplesseduceteens","https://www.google.com/"
"","couplesseekingteens","https://www.google.com/"
"","couplesseekingwomen","https://www.google.com/"
"","couples-sex","https://www.google.com/"
"","couples-swinging","https://www.google.com/"
"","couplestouch","https://www.google.com/"
"","couplesvideos","https://www.google.com/"
"","coupleswebcams","https://www.google.com/"
"","coupleteenseduce","https://www.google.com/"
"","couplevip","https://www.google.com/"
"","couple-webcams","https://www.google.com/"
"","couplexhib","https://www.google.com/"
"","couponquiz","https://www.google.com/"
"","coupons","https://www.google.com/"
"","couprapide","https://www.google.com/"
"","coupsdepute","https://www.google.com/"
"","coursenotes","https://www.google.com/"
"","courtneycruz","https://www.google.com/"
"","courtneycummz","https://www.google.com/"
"","courtneycummzstore","https://www.google.com/"
"","courtneyhills","https://www.google.com/"
"","courtneylightspeed","https://www.google.com/"
"","courtneysbedroom","https://www.google.com/"
"","courtneyscamera","https://www.google.com/"
"","courtneytaylor","https://www.google.com/"
"","courtneytrouble","https://www.google.com/"
"","courtneyvirgin","https://www.google.com/"
"","cousetteentrecopines","https://www.google.com/"
"","cousijojo","https://www.google.com/"
"","cousinstevie","https://www.google.com/"
"","covenantservices","https://www.google.com/"
"","covenantspice","https://www.google.com/"
"","coventryescort","https://www.google.com/"
"","coventry-escorts","https://www.google.com/"
"","coverarchives","https://www.google.com/"
"","coverdoll","https://www.google.com/"
"","coveredincum","https://www.google.com/"
"","coveredincumtube","https://www.google.com/"
"","covergil","https://www.google.com/"
"","covergirl","https://www.google.com/"
"","covergirlescorts","https://www.google.com/"
"","covergirlinternational","https://www.google.com/"
"","covergirls","https://www.google.com/"
