"﻿""id""","read","recommended"
"","climaxvids","https://www.google.com/"
"","climaxworld","https://www.google.com/"
"","climaxx","https://www.google.com/"
"","climaxxxave","https://www.google.com/"
"","climaxxx","https://www.google.com/"
"","climaxxxtoys","https://www.google.com/"
"","climaxzone","https://www.google.com/"
"","climbxhb","https://www.google.com/"
"","climox","https://www.google.com/"
"","clinched","https://www.google.com/"
"","clinicaltorments","https://www.google.com/"
"","clinic-femdom","https://www.google.com/"
"","clinic-fetish","https://www.google.com/"
"","clinicfetish","https://www.google.com/"
"","clinicfuck","https://www.google.com/"
"","clinicporn","https://www.google.com/"
"","clinicweekend","https://www.google.com/"
"","clinton-ind","https://www.google.com/"
"","clinton","https://www.google.com/"
"","clip16","https://www.google.com/"
"","clip24","https://www.google.com/"
"","clip31","https://www.google.com/"
"","clip4you","https://www.google.com/"
"","clipamat","https://www.google.com/"
"","clipartbilder","https://www.google.com/"
"","clipartfantasy","https://www.google.com/"
"","cliparts-download","https://www.google.com/"
"","cliparts-hochzeit","https://www.google.com/"
"","clipbuster","https://www.google.com/"
"","clipcake","https://www.google.com/"
"","clipcoquin","https://www.google.com/"
"","clipcrawler","https://www.google.com/"
"","clipcrypt","https://www.google.com/"
"","clipdirectory","https://www.google.com/"
"","clipdump","https://www.google.com/"
"","clipeex","https://www.google.com/"
"","cliperotika","https://www.google.com/"
"","clipeu","https://www.google.com/"
"","clipf","https://www.google.com/"
"","clipfish","https://www.google.com/"
"","clipgaidep","https://www.google.com/"
"","clipgalaxy","https://www.google.com/"
"","cliphot","https://www.google.com/"
"","cliphunter","https://www.google.com/"
"","cliphunterfree","https://www.google.com/"
"","clipinspector","https://www.google.com/"
"","clipjunkie","https://www.google.com/"
"","clip-o-rama","https://www.google.com/"
"","cliporn","https://www.google.com/"
"","cliporno","https://www.google.com/"
"","clipparadies","https://www.google.com/"
"","clippershave","https://www.google.com/"
"","clipphim","https://www.google.com/"
"","clip-porn","https://www.google.com/"
"","clip-porno","https://www.google.com/"
"","cliprn","https://www.google.com/"
"","clips18","https://www.google.com/"
"","clips2buy","https://www.google.com/"
"","clips4all","https://www.google.com/"
"","clips4free","https://www.google.com/"
"","clips4hypno","https://www.google.com/"
"","clips4sale","https://www.google.com/"
"","clips4xxx","https://www.google.com/"
"","clipsage","https://www.google.com/"
"","clipsagingwomans","https://www.google.com/"
"","clipsandthumbs","https://www.google.com/"
"","clips-bdsm","https://www.google.com/"
"","clipsbondage","https://www.google.com/"
"","clipsbot","https://www.google.com/"
"","clip-search","https://www.google.com/"
"","clip-sexe-amateurs","https://www.google.com/"
"","clipsexlib","https://www.google.com/"
"","clipsex","https://www.google.com/"
"","clipsexvip","https://www.google.com/"
"","clipsfactory","https://www.google.com/"
"","clipsfatale","https://www.google.com/"
"","clipsforjerkoff","https://www.google.com/"
"","clipsgasm","https://www.google.com/"
"","clips-girls","https://www.google.com/"
"","clipsgrabber","https://www.google.com/"
"","clipsgranny","https://www.google.com/"
"","clipshack","https://www.google.com/"
"","clipshare","https://www.google.com/"
"","clipshemale","https://www.google.com/"
"","clipsmaniac","https://www.google.com/"
"","clips-music","https://www.google.com/"
"","clips-musiques","https://www.google.com/"
"","clipsofgirlskissing","https://www.google.com/"
"","clipsonly","https://www.google.com/"
"","clipspool","https://www.google.com/"
"","clipspot","https://www.google.com/"
"","clips-sadomaso","https://www.google.com/"
"","clips-sexe-gratuit","https://www.google.com/"
"","clipssexhentai","https://www.google.com/"
"","clips","https://www.google.com/"
"","clipstore","https://www.google.com/"
"","clips-transexuels","https://www.google.com/"
"","clipstr","https://www.google.com/"
"","clipsvintage","https://www.google.com/"
"","clipswatcher","https://www.google.com/"
