"﻿""id""","read","recommended"
"","extremerape","https://www.google.com/"
"","extremerapeporn","https://www.google.com/"
"","extremerawsex","https://www.google.com/"
"","extreme-realm","https://www.google.com/"
"","extreme-restraints","https://www.google.com/"
"","extremerestraints","https://www.google.com/"
"","extremerestraintsmovies","https://www.google.com/"
"","extremerotica","https://www.google.com/"
"","extreme-rubber","https://www.google.com/"
"","extremescenes","https://www.google.com/"
"","extremeseeker","https://www.google.com/"
"","extremesex365","https://www.google.com/"
"","extremesex4all","https://www.google.com/"
"","extreme-sex","https://www.google.com/"
"","extreme-sexchannels","https://www.google.com/"
"","extremesexchannels","https://www.google.com/"
"","extremesex","https://www.google.com/"
"","extreme-sexe","https://www.google.com/"
"","extremesexfiles","https://www.google.com/"
"","extremesexfilms","https://www.google.com/"
"","extremesexforum","https://www.google.com/"
"","extremesexpagina","https://www.google.com/"
"","extreme-sex-porn","https://www.google.com/"
"","extremesexreel","https://www.google.com/"
"","extremesexshop","https://www.google.com/"
"","extremesexsites","https://www.google.com/"
"","extremesextorture","https://www.google.com/"
"","extremesextoys","https://www.google.com/"
"","extremesexualabuse","https://www.google.com/"
"","extremesexverhalen","https://www.google.com/"
"","extremesexvideos","https://www.google.com/"
"","extremesexxx","https://www.google.com/"
"","extremeshemaleporn","https://www.google.com/"
"","extremeshoppingcart","https://www.google.com/"
"","extremesites","https://www.google.com/"
"","extremesletten","https://www.google.com/"
"","extremesnollen","https://www.google.com/"
"","extremesophia","https://www.google.com/"
"","extremespank","https://www.google.com/"
"","extremespanking","https://www.google.com/"
"","extremesquashing","https://www.google.com/"
"","extremesquirtingporn","https://www.google.com/"
"","extremestraponsex","https://www.google.com/"
"","extremes-videos","https://www.google.com/"
"","extremetaboophonesex","https://www.google.com/"
"","extreme-teens","https://www.google.com/"
"","extremeteens","https://www.google.com/"
"","extremetgp","https://www.google.com/"
"","extreme-thumbz","https://www.google.com/"
"","extremetieners","https://www.google.com/"
"","extremetitstorture","https://www.google.com/"
"","extremetoonporn","https://www.google.com/"
"","extreme-toons","https://www.google.com/"
"","extremetoons","https://www.google.com/"
"","extremetoonsex","https://www.google.com/"
"","extreme-topmodels","https://www.google.com/"
"","extremetopmodels","https://www.google.com/"
"","extremetorture","https://www.google.com/"
"","extremetracking","https://www.google.com/"
"","extreme-trampling","https://www.google.com/"
"","extremetranny","https://www.google.com/"
"","extremetube","https://www.google.com/"
"","extremetubemovies","https://www.google.com/"
"","extremetubeporno","https://www.google.com/"
"","extremety","https://www.google.com/"
"","extremevice","https://www.google.com/"
"","extremevideoclips","https://www.google.com/"
"","extremevideos","https://www.google.com/"
"","extreme-vids","https://www.google.com/"
"","extremevidztube","https://www.google.com/"
"","extremeviolation","https://www.google.com/"
"","extremeviolent","https://www.google.com/"
"","extremevirgin","https://www.google.com/"
"","extremevoyeurcams","https://www.google.com/"
"","extreme-voyeur","https://www.google.com/"
"","extremewifeswapping","https://www.google.com/"
"","extremexxxtits","https://www.google.com/"
"","extremexxxtube","https://www.google.com/"
"","extremezone","https://www.google.com/"
"","extreme-zoophilie","https://www.google.com/"
"","extremezoovideos","https://www.google.com/"
"","extrem-gangbang","https://www.google.com/"
"","extremgaysex","https://www.google.com/"
"","extrem-gedehnt","https://www.google.com/"
"","extremgeil","https://www.google.com/"
"","extrem-geil","https://www.google.com/"
"","extremhardcore","https://www.google.com/"
"","extrem-heiss","https://www.google.com/"
"","extremkontakt","https://www.google.com/"
"","extremkream","https://www.google.com/"
"","extrem-live","https://www.google.com/"
"","extrem-livesex","https://www.google.com/"
"","extremohentai","https://www.google.com/"
"","extremo","https://www.google.com/"
"","extrem-online","https://www.google.com/"
"","extremorgie","https://www.google.com/"
"","extremporno","https://www.google.com/"
"","extrempornos","https://www.google.com/"
"","extremsex","https://www.google.com/"
"","extrem-sex-pornos","https://www.google.com/"
