"﻿""id""","read","recommended"
"","apexmen","https://www.google.com/"
"","a-pex","https://www.google.com/"
"","apg","https://www.google.com/"
"","aphimcap3","https://www.google.com/"
"","aphonesexdreams","https://www.google.com/"
"","aphrodisiacsofnature","https://www.google.com/"
"","aphrodisiaque","https://www.google.com/"
"","aphrodisiaques","https://www.google.com/"
"","aphrodisiaque-shop","https://www.google.com/"
"","aphrodisiaque-store","https://www.google.com/"
"","aphroditas","https://www.google.com/"
"","aphrodite-agency","https://www.google.com/"
"","aphrodite","https://www.google.com/"
"","aphroditecompanions","https://www.google.com/"
"","aphroditeescort","https://www.google.com/"
"","aphroditehostess","https://www.google.com/"
"","aphroditeporntube","https://www.google.com/"
"","aphroditeshop","https://www.google.com/"
"","aphrodite-travel","https://www.google.com/"
"","aphrodizlove","https://www.google.com/"
"","aphrodysia","https://www.google.com/"
"","apic-adult","https://www.google.com/"
"","a-pic","https://www.google.com/"
"","apieceofass","https://www.google.com/"
"","apina","https://www.google.com/"
"","apinaporn","https://www.google.com/"
"","apinkbutterfly","https://www.google.com/"
"","aplace2meet","https://www.google.com/"
"","apleasure","https://www.google.com/"
"","aplusadulttoys","https://www.google.com/"
"","apluscash","https://www.google.com/"
"","aplus","https://www.google.com/"
"","aplussex","https://www.google.com/"
"","aplussextoys","https://www.google.com/"
"","aplusthumbs","https://www.google.com/"
"","aplvideos","https://www.google.com/"
"","apmatch","https://www.google.com/"
"","apnababa","https://www.google.com/"
"","apocalypsetube","https://www.google.com/"
"","apogeephoto","https://www.google.com/"
"","a-poil","https://www.google.com/"
"","apolloboysblog","https://www.google.com/"
"","apolloboys","https://www.google.com/"
"","apollocash","https://www.google.com/"
"","apollon","https://www.google.com/"
"","apollo-systems","https://www.google.com/"
"","apollowear","https://www.google.com/"
"","aporn24","https://www.google.com/"
"","apornclub","https://www.google.com/"
"","apornlist","https://www.google.com/"
"","apornmovie","https://www.google.com/"
"","aporno","https://www.google.com/"
"","aporn","https://www.google.com/"
"","apornotube","https://www.google.com/"
"","apornovideo","https://www.google.com/"
"","apornpics","https://www.google.com/"
"","aporns","https://www.google.com/"
"","apornstories","https://www.google.com/"
"","aporntube","https://www.google.com/"
"","aporntv","https://www.google.com/"
"","apornvideos","https://www.google.com/"
"","apornz","https://www.google.com/"
"","apothicaire","https://www.google.com/"
"","appannie","https://www.google.com/"
"","appartement-fuer-std","https://www.google.com/"
"","appclub","https://www.google.com/"
"","appelhot","https://www.google.com/"
"","appetiteporn","https://www.google.com/"
"","appetizingmoms","https://www.google.com/"
"","appi","https://www.google.com/"
"","applecasinos","https://www.google.com/"
"","applecreek","https://www.google.com/"
"","apple-gate","https://www.google.com/"
"","applegays","https://www.google.com/"
"","appleim","https://www.google.com/"
"","applelove","https://www.google.com/"
"","appleofeden","https://www.google.com/"
"","appleosx","https://www.google.com/"
"","applesex","https://www.google.com/"
"","apples-on-wheels","https://www.google.com/"
"","appletubes","https://www.google.com/"
"","applexxx","https://www.google.com/"
"","application-77my","https://www.google.com/"
"","applicot","https://www.google.com/"
"","appliedsex","https://www.google.com/"
"","applw","https://www.google.com/"
"","approvedcasinos","https://www.google.com/"
"","appsbang","https://www.google.com/"
"","apps-ratgeber","https://www.google.com/"
"","appszoom","https://www.google.com/"
"","aprella","https://www.google.com/"
"","aprendersexogay","https://www.google.com/"
"","aprettywife","https://www.google.com/"
"","aprettywoman","https://www.google.com/"
"","apricotdreams","https://www.google.com/"
"","aprilchest","https://www.google.com/"
"","aprilhunter","https://www.google.com/"
"","apriljordan","https://www.google.com/"
"","apriloneil","https://www.google.com/"
"","aprilriley","https://www.google.com/"
