"﻿""id""","read","recommended"
"","jizzmall","https://www.google.com/"
"","jizzman","https://www.google.com/"
"","jizzmaturesex","https://www.google.com/"
"","jizz","https://www.google.com/"
"","jizz-movies","https://www.google.com/"
"","jizzmovies","https://www.google.com/"
"","jizznews","https://www.google.com/"
"","jizzom","https://www.google.com/"
"","jizzoncam","https://www.google.com/"
"","jizzonline","https://www.google.com/"
"","jizzonme","https://www.google.com/"
"","jizzonmoms","https://www.google.com/"
"","jizzonmygf","https://www.google.com/"
"","jizzonmyjuggs","https://www.google.com/"
"","jizzonmyjugs","https://www.google.com/"
"","jizzonmypussy","https://www.google.com/"
"","jizzonteens","https://www.google.com/"
"","jizzonu","https://www.google.com/"
"","jizzorama","https://www.google.com/"
"","jizzorgy","https://www.google.com/"
"","jizzoscar","https://www.google.com/"
"","jizzparade","https://www.google.com/"
"","jizzparty","https://www.google.com/"
"","jizzpics","https://www.google.com/"
"","jizzpig","https://www.google.com/"
"","jizzpix","https://www.google.com/"
"","jizzpornclips","https://www.google.com/"
"","jizzporn","https://www.google.com/"
"","jizzporno","https://www.google.com/"
"","jizzporntube","https://www.google.com/"
"","jizzrag","https://www.google.com/"
"","jizzrama","https://www.google.com/"
"","jizzrealm","https://www.google.com/"
"","jizzriver","https://www.google.com/"
"","jizzrocket","https://www.google.com/"
"","jizzroulette","https://www.google.com/"
"","jizzsearch","https://www.google.com/"
"","jizzster","https://www.google.com/"
"","jizzswappers","https://www.google.com/"
"","jizzteenpussy","https://www.google.com/"
"","jizzthat","https://www.google.com/"
"","jizzthis","https://www.google.com/"
"","jizztubeaz","https://www.google.com/"
"","jizztubeporn","https://www.google.com/"
"","jizztubevids","https://www.google.com/"
"","jizz-vids","https://www.google.com/"
"","jizzwap","https://www.google.com/"
"","jizzwebcams","https://www.google.com/"
"","jizz-whore-party","https://www.google.com/"
"","jizz-whores","https://www.google.com/"
"","jizzwich","https://www.google.com/"
"","jizzwishes","https://www.google.com/"
"","jizzwithme","https://www.google.com/"
"","jizzwizard","https://www.google.com/"
"","jizzxman","https://www.google.com/"
"","jizzxnxx","https://www.google.com/"
"","jizzxxx","https://www.google.com/"
"","jizzygfs","https://www.google.com/"
"","jizzy","https://www.google.com/"
"","jizzyuz","https://www.google.com/"
"","jj1","https://www.google.com/"
"","jj","https://www.google.com/"
"","jjameson","https://www.google.com/"
"","j-jayz","https://www.google.com/"
"","jjcahill","https://www.google.com/"
"","jjcomic","https://www.google.com/"
"","jjgirls","https://www.google.com/"
"","jjj","https://www.google.com/"
"","jjkirnan","https://www.google.com/"
"","jjmovies","https://www.google.com/"
"","jjpatch","https://www.google.com/"
"","jjsoft","https://www.google.com/"
"","j-jsolutions","https://www.google.com/"
"","jjupdates","https://www.google.com/"
"","jjvids","https://www.google.com/"
"","jk18","https://www.google.com/"
"","jke-phonesex","https://www.google.com/"
"","jkingimages","https://www.google.com/"
"","jk-porn","https://www.google.com/"
"","jkrcomix","https://www.google.com/"
"","jkseifukufetish","https://www.google.com/"
"","jlingerie","https://www.google.com/"
"","j-links","https://www.google.com/"
"","j-list","https://www.google.com/"
"","jlist","https://www.google.com/"
"","jlmcvay","https://www.google.com/"
"","jlobster","https://www.google.com/"
"","jlpgalleries","https://www.google.com/"
"","jlpthumbs","https://www.google.com/"
"","jmarenaza","https://www.google.com/"
"","jmcdist","https://www.google.com/"
"","jmec","https://www.google.com/"
"","jmedia","https://www.google.com/"
"","jmeeting","https://www.google.com/"
"","jmetube","https://www.google.com/"
"","jmilomedia","https://www.google.com/"
"","jmin","https://www.google.com/"
"","jmjacademy","https://www.google.com/"
"","jmom","https://www.google.com/"
"","jmrolen","https://www.google.com/"
