"﻿""id""","read","recommended"
"","camtubemate","https://www.google.com/"
"","camtube","https://www.google.com/"
"","camtunnel","https://www.google.com/"
"","camturn","https://www.google.com/"
"","camtv","https://www.google.com/"
"","camtwitter","https://www.google.com/"
"","camunited","https://www.google.com/"
"","camuploads","https://www.google.com/"
"","camuser","https://www.google.com/"
"","camvenue","https://www.google.com/"
"","cam-videos","https://www.google.com/"
"","camvideos","https://www.google.com/"
"","cam-video","https://www.google.com/"
"","camvikings","https://www.google.com/"
"","cam-villa","https://www.google.com/"
"","camville","https://www.google.com/"
"","camvip","https://www.google.com/"
"","cam-vision","https://www.google.com/"
"","camvixxens","https://www.google.com/"
"","camvoice","https://www.google.com/"
"","camvoyeur","https://www.google.com/"
"","cam-voyeure","https://www.google.com/"
"","camvoyeure","https://www.google.com/"
"","cam-voyeur","https://www.google.com/"
"","camvrouwen","https://www.google.com/"
"","camwall","https://www.google.com/"
"","camwebcam","https://www.google.com/"
"","camwebcams","https://www.google.com/"
"","cam-web","https://www.google.com/"
"","camwebs","https://www.google.com/"
"","camwebsite","https://www.google.com/"
"","camwelt","https://www.google.com/"
"","camwereld","https://www.google.com/"
"","camwhore","https://www.google.com/"
"","camwhorenextdoor","https://www.google.com/"
"","camwhorer","https://www.google.com/"
"","camwhores2","https://www.google.com/"
"","camwhoresbay","https://www.google.com/"
"","camwhorescloud","https://www.google.com/"
"","camwhores","https://www.google.com/"
"","camwhoreshd","https://www.google.com/"
"","camwhorestv","https://www.google.com/"
"","camwhorevids","https://www.google.com/"
"","camwhorevidsmobile","https://www.google.com/"
"","camwhorevidstube","https://www.google.com/"
"","camwhoria","https://www.google.com/"
"","camwink","https://www.google.com/"
"","camwithastarte","https://www.google.com/"
"","camwithcarmen","https://www.google.com/"
"","camwithginger","https://www.google.com/"
"","camwithher","https://www.google.com/"
"","camwithhershows","https://www.google.com/"
"","camwithhertube","https://www.google.com/"
"","camwithhim","https://www.google.com/"
"","camwithjessejo","https://www.google.com/"
"","camwithme","https://www.google.com/"
"","camwithparis","https://www.google.com/"
"","camwix","https://www.google.com/"
"","cam-wixer","https://www.google.com/"
"","camwixer","https://www.google.com/"
"","camwomen","https://www.google.com/"
"","camworld-24","https://www.google.com/"
"","camworld24","https://www.google.com/"
"","camworld","https://www.google.com/"
"","camworld-live","https://www.google.com/"
"","camworld-telefonsex","https://www.google.com/"
"","camworld-tv","https://www.google.com/"
"","camworms","https://www.google.com/"
"","camx1","https://www.google.com/"
"","camx4you","https://www.google.com/"
"","camx","https://www.google.com/"
"","camxgirls","https://www.google.com/"
"","camxhot","https://www.google.com/"
"","cam-x-online","https://www.google.com/"
"","camxplosif","https://www.google.com/"
"","camxroulette","https://www.google.com/"
"","camxweb","https://www.google.com/"
"","camxx","https://www.google.com/"
"","camxxx","https://www.google.com/"
"","camxxxgirls","https://www.google.com/"
"","cam-yesmessenger","https://www.google.com/"
"","camygirls","https://www.google.com/"
"","camzap","https://www.google.com/"
"","camz","https://www.google.com/"
"","camzcamz","https://www.google.com/"
"","camzentrale","https://www.google.com/"
"","camzey","https://www.google.com/"
"","camzgalore","https://www.google.com/"
"","camzhoeren","https://www.google.com/"
"","camzombie","https://www.google.com/"
"","cam-zone","https://www.google.com/"
"","camzone","https://www.google.com/"
"","camzones","https://www.google.com/"
"","camzonline","https://www.google.com/"
"","camzoom","https://www.google.com/"
"","camzter","https://www.google.com/"
"","camzus","https://www.google.com/"
"","camzy","https://www.google.com/"
"","camzz","https://www.google.com/"
"","camzzz","https://www.google.com/"
