"﻿""id""","read","recommended"
"","big-tits-naked","https://www.google.com/"
"","bigtitsnet","https://www.google.com/"
"","bigtitsnetwork","https://www.google.com/"
"","bigtitsnews","https://www.google.com/"
"","bigtitsniceasses","https://www.google.com/"
"","bigtitsnow","https://www.google.com/"
"","bigtitsnude","https://www.google.com/"
"","bigtitsofficialsite","https://www.google.com/"
"","bigtitson","https://www.google.com/"
"","bigtitsontube","https://www.google.com/"
"","bigtitspad","https://www.google.com/"
"","big-titsparadise","https://www.google.com/"
"","bigtitsparadise","https://www.google.com/"
"","bigtitsparty","https://www.google.com/"
"","bigtitspassion","https://www.google.com/"
"","bigtitsphone","https://www.google.com/"
"","bigtits-phonesex","https://www.google.com/"
"","bigtitsphonesex","https://www.google.com/"
"","bigtitsphotos","https://www.google.com/"
"","bigtitspic","https://www.google.com/"
"","big-tits-pics","https://www.google.com/"
"","big-titspics","https://www.google.com/"
"","bigtits-pics","https://www.google.com/"
"","bigtitspics","https://www.google.com/"
"","bigtitspicsporn","https://www.google.com/"
"","bigtits-pictures","https://www.google.com/"
"","bigtitspix","https://www.google.com/"
"","bigtitsplace","https://www.google.com/"
"","bigtits-porn","https://www.google.com/"
"","bigtitsporn","https://www.google.com/"
"","bigtitspornfree","https://www.google.com/"
"","bigtitspornphotos","https://www.google.com/"
"","bigtitsporntube","https://www.google.com/"
"","bigtitsporntubes","https://www.google.com/"
"","bigtitsporntubevideos","https://www.google.com/"
"","bigtitspornvideo","https://www.google.com/"
"","bigtitspornvideos","https://www.google.com/"
"","bigtits-powerboobs","https://www.google.com/"
"","bigtitspreviews","https://www.google.com/"
"","bigtitspros","https://www.google.com/"
"","bigtitspub","https://www.google.com/"
"","bigtitspussy","https://www.google.com/"
"","bigtitsquad","https://www.google.com/"
"","bigtitsradar","https://www.google.com/"
"","bigtitsreviewer","https://www.google.com/"
"","bigtitsroundasses-1","https://www.google.com/"
"","bigtitsroundasses1","https://www.google.com/"
"","big-tits-round-asses2","https://www.google.com/"
"","bigtitsroundasses","https://www.google.com/"
"","big-tits-round-asses","https://www.google.com/"
"","bigtitsroundasses-pics","https://www.google.com/"
"","bigtitsroundassestour","https://www.google.com/"
"","bigtitsrule","https://www.google.com/"
"","bigtitsseeker","https://www.google.com/"
"","bigtits-sex","https://www.google.com/"
"","bigtitssex","https://www.google.com/"
"","bigtitssexmovies","https://www.google.com/"
"","big-tits-sex","https://www.google.com/"
"","bigtitssexpics","https://www.google.com/"
"","bigtitsslutspics","https://www.google.com/"
"","bigtitssports","https://www.google.com/"
"","bigtitsstuff","https://www.google.com/"
"","bigtitstaboo","https://www.google.com/"
"","bigtits-teen","https://www.google.com/"
"","bigtitsteen","https://www.google.com/"
"","bigtitsthumbs","https://www.google.com/"
"","bigtitstime","https://www.google.com/"
"","bigtitstits","https://www.google.com/"
"","bigtits-today","https://www.google.com/"
"","bigtitstokyo","https://www.google.com/"
"","bigtitstop100","https://www.google.com/"
"","bigtitstoplist","https://www.google.com/"
"","bigtitstore","https://www.google.com/"
"","bigtitstranny","https://www.google.com/"
"","bigtitstube","https://www.google.com/"
"","bigtits-tube","https://www.google.com/"
"","bigtitstubemovies","https://www.google.com/"
"","bigtitstuber","https://www.google.com/"
"","big-tits-tubes","https://www.google.com/"
"","bigtitsuck","https://www.google.com/"
"","big-tits-video","https://www.google.com/"
"","bigtitsvids","https://www.google.com/"
"","bigtitsvod","https://www.google.com/"
"","bigtitswebcams","https://www.google.com/"
"","bigtitswomen","https://www.google.com/"
"","bigtitsworld","https://www.google.com/"
"","bigtitsxxl","https://www.google.com/"
"","big-tits-xxx","https://www.google.com/"
"","bigtitsxxx","https://www.google.com/"
"","bigtitsxxxmag","https://www.google.com/"
"","bigtitsxxxsex","https://www.google.com/"
"","big-titsz","https://www.google.com/"
"","bigtitszone","https://www.google.com/"
"","bigtitt","https://www.google.com/"
"","bigtittedbabes","https://www.google.com/"
"","bigtittedwomen","https://www.google.com/"
"","bigtitteen","https://www.google.com/"
"","big-tit-teens","https://www.google.com/"
"","bigtitterrynova","https://www.google.com/"
"","bigtitters","https://www.google.com/"
