"﻿""id""","read","recommended"
"","cummovieclips","https://www.google.com/"
"","cum-movie","https://www.google.com/"
"","cummovies","https://www.google.com/"
"","cummrades","https://www.google.com/"
"","cummuffins","https://www.google.com/"
"","cummyblog","https://www.google.com/"
"","cummycams","https://www.google.com/"
"","cummyfeet","https://www.google.com/"
"","cummygfs","https://www.google.com/"
"","cummypantyhose","https://www.google.com/"
"","cummysluts","https://www.google.com/"
"","cummyvidz","https://www.google.com/"
"","cum-n","https://www.google.com/"
"","cumngo","https://www.google.com/"
"","cumonateen","https://www.google.com/"
"","cumonbigjugs","https://www.google.com/"
"","cumonblackface","https://www.google.com/"
"","cumonboys","https://www.google.com/"
"","cumonbrandi","https://www.google.com/"
"","cumonbritney","https://www.google.com/"
"","cumoncandi","https://www.google.com/"
"","cumoncarmen","https://www.google.com/"
"","cumonclips","https://www.google.com/"
"","cum-on","https://www.google.com/"
"","cumon","https://www.google.com/"
"","cumondagny","https://www.google.com/"
"","cumonearth","https://www.google.com/"
"","cumoneileen","https://www.google.com/"
"","cumonfood","https://www.google.com/"
"","cumonfuck","https://www.google.com/"
"","cumongay","https://www.google.com/"
"","cumongirl","https://www.google.com/"
"","cum-on-girls","https://www.google.com/"
"","cumonhairypussy","https://www.google.com/"
"","cumonher","https://www.google.com/"
"","cumonherface1","https://www.google.com/"
"","cumonherface","https://www.google.com/"
"","cumonit","https://www.google.com/"
"","cumonjenna","https://www.google.com/"
"","cumonjugs","https://www.google.com/"
"","cumonmarie","https://www.google.com/"
"","cum-on-me","https://www.google.com/"
"","cumonme","https://www.google.com/"
"","cumonmisty","https://www.google.com/"
"","cumonmodel","https://www.google.com/"
"","cumonmyboobs","https://www.google.com/"
"","cumonmy","https://www.google.com/"
"","cum-on-my-face","https://www.google.com/"
"","cumonmyface","https://www.google.com/"
"","cumonmyglasses","https://www.google.com/"
"","cumonmytattoo","https://www.google.com/"
"","cumonmytits","https://www.google.com/"
"","cumonover","https://www.google.com/"
"","cumonpornstar","https://www.google.com/"
"","cumonprintedpics","https://www.google.com/"
"","cumonretro","https://www.google.com/"
"","cumonteens","https://www.google.com/"
"","cumonthis","https://www.google.com/"
"","cumonthisgallery","https://www.google.com/"
"","cumontitsxxx","https://www.google.com/"
"","cumonwives","https://www.google.com/"
"","cumooze","https://www.google.com/"
"","cumorgy","https://www.google.com/"
"","cumover","https://www.google.com/"
"","cumoverflow","https://www.google.com/"
"","cumox","https://www.google.com/"
"","cumpalast","https://www.google.com/"
"","cumpassion","https://www.google.com/"
"","cumperfection","https://www.google.com/"
"","cumphoto","https://www.google.com/"
"","cumpics","https://www.google.com/"
"","cumpicture","https://www.google.com/"
"","cumpictures","https://www.google.com/"
"","cumpigmen","https://www.google.com/"
"","cumpilation","https://www.google.com/"
"","cum-pills","https://www.google.com/"
"","cumpills","https://www.google.com/"
"","cumpix","https://www.google.com/"
"","cumplay","https://www.google.com/"
"","cumplaywithmeg","https://www.google.com/"
"","cumplease","https://www.google.com/"
"","cumpleaser","https://www.google.com/"
"","cumplus","https://www.google.com/"
"","cum-porn","https://www.google.com/"
"","cumpornlinks","https://www.google.com/"
"","cumporno","https://www.google.com/"
"","cumpornphotos","https://www.google.com/"
"","cumporntrends","https://www.google.com/"
"","cumporntube","https://www.google.com/"
"","cumpornvideo","https://www.google.com/"
"","cumputersex","https://www.google.com/"
"","cum-queen","https://www.google.com/"
"","cumqueen","https://www.google.com/"
"","cumqueenkari","https://www.google.com/"
"","cumqueens","https://www.google.com/"
"","cumrades","https://www.google.com/"
"","cumrainbow","https://www.google.com/"
"","cumrotic","https://www.google.com/"
"","cums","https://www.google.com/"
"","cumsearcher","https://www.google.com/"
