"﻿""id""","read","recommended"
"","ashley-emma","https://www.google.com/"
"","ashleyentertainment","https://www.google.com/"
"","ashleyfine","https://www.google.com/"
"","ashleyfires","https://www.google.com/"
"","ashleyfontenot","https://www.google.com/"
"","ashley-george","https://www.google.com/"
"","ashleyheart","https://www.google.com/"
"","ashleylane","https://www.google.com/"
"","ashleylightspeed","https://www.google.com/"
"","ashleylister","https://www.google.com/"
"","ashleymadison","https://www.google.com/"
"","ashleynchad","https://www.google.com/"
"","ashleypaigenyc","https://www.google.com/"
"","ashleyrenee","https://www.google.com/"
"","ashleyrnadison","https://www.google.com/"
"","ashleyrobbins","https://www.google.com/"
"","ashleyrobbinsxxx","https://www.google.com/"
"","ashleysageellison","https://www.google.com/"
"","ashleyscandy","https://www.google.com/"
"","ashleys-erotic-behavior","https://www.google.com/"
"","ashleysextoys","https://www.google.com/"
"","ashleysplayroom","https://www.google.com/"
"","ashleystarr","https://www.google.com/"
"","ashleystyles","https://www.google.com/"
"","ashleyvallone","https://www.google.com/"
"","ashley-vip-escort","https://www.google.com/"
"","ashlierhey","https://www.google.com/"
"","ashling-escort","https://www.google.com/"
"","ashlyn-brooke","https://www.google.com/"
"","ashlyngereonline","https://www.google.com/"
"","ashlynnbrookeblog","https://www.google.com/"
"","ashlynnbrooke","https://www.google.com/"
"","ashlynn-brooke","https://www.google.com/"
"","ashole","https://www.google.com/"
"","ashtart","https://www.google.com/"
"","ashtonmoore","https://www.google.com/"
"","asia111","https://www.google.com/"
"","asia18","https://www.google.com/"
"","asia2000","https://www.google.com/"
"","asia3x","https://www.google.com/"
"","asia6villa","https://www.google.com/"
"","asia-adult-guide","https://www.google.com/"
"","asiaafterhours","https://www.google.com/"
"","asiaarena","https://www.google.com/"
"","asia-auto24","https://www.google.com/"
"","asiababes","https://www.google.com/"
"","asia-bamboox","https://www.google.com/"
"","asiabargirlcams","https://www.google.com/"
"","asiabargirl","https://www.google.com/"
"","asiabargirls","https://www.google.com/"
"","asia-bilder","https://www.google.com/"
"","asiabitchs","https://www.google.com/"
"","asia-blog","https://www.google.com/"
"","asiablue","https://www.google.com/"
"","asiabootleg","https://www.google.com/"
"","asiabootlegvod","https://www.google.com/"
"","asiaboy","https://www.google.com/"
"","asia-boys","https://www.google.com/"
"","asiaboys","https://www.google.com/"
"","asiaboyvideo","https://www.google.com/"
"","asiabukkake","https://www.google.com/"
"","asiabunnies","https://www.google.com/"
"","asiabusty","https://www.google.com/"
"","asiacam2cam","https://www.google.com/"
"","asiacam","https://www.google.com/"
"","asiacamgirls","https://www.google.com/"
"","asiacams","https://www.google.com/"
"","asiacard","https://www.google.com/"
"","asiacarrera","https://www.google.com/"
"","asiaceleb","https://www.google.com/"
"","asiacollection","https://www.google.com/"
"","asiacunts","https://www.google.com/"
"","asiadevinyl","https://www.google.com/"
"","asiadreams","https://www.google.com/"
"","asiaerotica","https://www.google.com/"
"","asiaerotikmassage","https://www.google.com/"
"","asiaescortdirectory","https://www.google.com/"
"","asiaescorts","https://www.google.com/"
"","asiaeveryday","https://www.google.com/"
"","asiafeline","https://www.google.com/"
"","asiafetisch","https://www.google.com/"
"","asiafick","https://www.google.com/"
"","asiafind","https://www.google.com/"
"","asiafirstclass","https://www.google.com/"
"","asiaflash","https://www.google.com/"
"","asia-fotzen","https://www.google.com/"
"","asiafrauen","https://www.google.com/"
"","asiafriendfinder","https://www.google.com/"
"","asia-fun","https://www.google.com/"
"","asiafuns","https://www.google.com/"
"","asia-gay","https://www.google.com/"
"","asiagays","https://www.google.com/"
"","asiagfs","https://www.google.com/"
"","asiagirl","https://www.google.com/"
"","asiagirlfriends","https://www.google.com/"
"","asiagirlslive","https://www.google.com/"
"","asiagirls","https://www.google.com/"
"","asia-gold","https://www.google.com/"
"","asiahardcore","https://www.google.com/"
"","asia-hot","https://www.google.com/"
