"﻿""id""","read","recommended"
"","forced-sissy","https://www.google.com/"
"","forcedspanking","https://www.google.com/"
"","forcedstrapon","https://www.google.com/"
"","forcedteengirls","https://www.google.com/"
"","forced-teen-sex","https://www.google.com/"
"","forcedtosex","https://www.google.com/"
"","forcedtostrip","https://www.google.com/"
"","forcedtowitness","https://www.google.com/"
"","forced-tube","https://www.google.com/"
"","forcedtwinks","https://www.google.com/"
"","forcedvideoz","https://www.google.com/"
"","forced-vids","https://www.google.com/"
"","forcedviolation","https://www.google.com/"
"","forcedwitness","https://www.google.com/"
"","forcedxxx","https://www.google.com/"
"","forcefantasies","https://www.google.com/"
"","force-gay","https://www.google.com/"
"","forcegay","https://www.google.com/"
"","forceher","https://www.google.com/"
"","forcemature","https://www.google.com/"
"","forcesex","https://www.google.com/"
"","forchan","https://www.google.com/"
"","forcingfuck","https://www.google.com/"
"","forcouples","https://www.google.com/"
"","fordent","https://www.google.com/"
"","foreboxxx","https://www.google.com/"
"","foreignbeauty","https://www.google.com/"
"","foreignpolicy","https://www.google.com/"
"","foreignpussy","https://www.google.com/"
"","foreplayvideos","https://www.google.com/"
"","foreskin","https://www.google.com/"
"","forest-inn","https://www.google.com/"
"","forestofbreast","https://www.google.com/"
"","foreverafox","https://www.google.com/"
"","foreverbusty","https://www.google.com/"
"","forevercum","https://www.google.com/"
"","foreverfreeporn","https://www.google.com/"
"","foreverhardcore","https://www.google.com/"
"","forever","https://www.google.com/"
"","foreverlust","https://www.google.com/"
"","forever-models","https://www.google.com/"
"","forevernude","https://www.google.com/"
"","foreversex","https://www.google.com/"
"","forevershy","https://www.google.com/"
"","foreverteens","https://www.google.com/"
"","forevervamp","https://www.google.com/"
"","foreverxxx","https://www.google.com/"
"","foreveryoungadult","https://www.google.com/"
"","foreveryourgirl","https://www.google.com/"
"","foreveryoursnicole","https://www.google.com/"
"","forez","https://www.google.com/"
"","forfind","https://www.google.com/"
"","forfreecasinos","https://www.google.com/"
"","for-free-porn","https://www.google.com/"
"","forfuckingfriends","https://www.google.com/"
"","forgalom","https://www.google.com/"
"","forget-me-not","https://www.google.com/"
"","forgetvanilla","https://www.google.com/"
"","forgirls","https://www.google.com/"
"","forgirlstube","https://www.google.com/"
"","forherporn","https://www.google.com/"
"","forhertube","https://www.google.com/"
"","forkconf","https://www.google.com/"
"","fork","https://www.google.com/"
"","forless","https://www.google.com/"
"","forlove","https://www.google.com/"
"","forlover","https://www.google.com/"
"","formais","https://www.google.com/"
"","formatureaudiencesonly","https://www.google.com/"
"","for-me","https://www.google.com/"
"","formergirlfriends","https://www.google.com/"
"","formerpornstars","https://www.google.com/"
"","formobileporn","https://www.google.com/"
"","formose","https://www.google.com/"
"","formulaire-dc4","https://www.google.com/"
"","formule1babes","https://www.google.com/"
"","fornidas","https://www.google.com/"
"","fornobody","https://www.google.com/"
"","fornudes","https://www.google.com/"
"","forobellezas","https://www.google.com/"
"","foroerotico","https://www.google.com/"
"","foroescorts","https://www.google.com/"
"","forohentai","https://www.google.com/"
"","foroprivado","https://www.google.com/"
"","forosexo","https://www.google.com/"
"","forosexual","https://www.google.com/"
"","forosgays","https://www.google.com/"
"","forosgratis","https://www.google.com/"
"","foro","https://www.google.com/"
"","forosx","https://www.google.com/"
"","foroteca","https://www.google.com/"
"","foro-total","https://www.google.com/"
"","forpervert","https://www.google.com/"
"","forpinkpussy","https://www.google.com/"
"","forquick","https://www.google.com/"
"","forroerotika","https://www.google.com/"
"","forsamplesex","https://www.google.com/"
"","forsearch","https://www.google.com/"
"","forsex","https://www.google.com/"
"","forsize","https://www.google.com/"
