"﻿""id""","read","recommended"
"","groepsorgie","https://www.google.com/"
"","groepssex","https://www.google.com/"
"","grof","https://www.google.com/"
"","grometsplaza","https://www.google.com/"
"","gromfy","https://www.google.com/"
"","grooby-archive","https://www.google.com/"
"","groobyarchive","https://www.google.com/"
"","grooby-archives","https://www.google.com/"
"","groobybucks","https://www.google.com/"
"","grooby","https://www.google.com/"
"","groobyforums","https://www.google.com/"
"","groobygirls","https://www.google.com/"
"","groobytv","https://www.google.com/"
"","groobyvod","https://www.google.com/"
"","groolxxx","https://www.google.com/"
"","groomedmoms","https://www.google.com/"
"","groomtv","https://www.google.com/"
"","grootporno","https://www.google.com/"
"","groovecontent","https://www.google.com/"
"","groovia","https://www.google.com/"
"","groovybus","https://www.google.com/"
"","groovyguys","https://www.google.com/"
"","groovy-links","https://www.google.com/"
"","groovymovies","https://www.google.com/"
"","groovysex","https://www.google.com/"
"","groovy-stuff","https://www.google.com/"
"","gropedteens","https://www.google.com/"
"","gropinghands","https://www.google.com/"
"","gropingtube","https://www.google.com/"
"","groptv","https://www.google.com/"
"","gros-bisous","https://www.google.com/"
"","grosbonda","https://www.google.com/"
"","grosboulons","https://www.google.com/"
"","gros-cochon","https://www.google.com/"
"","groscochon","https://www.google.com/"
"","groscul","https://www.google.com/"
"","gro-seins","https://www.google.com/"
"","groseinsnibards","https://www.google.com/"
"","grosgrosseins","https://www.google.com/"
"","gros-lolo","https://www.google.com/"
"","grosnews","https://www.google.com/"
"","grosnichon","https://www.google.com/"
"","grosnichons","https://www.google.com/"
"","gros-nichons","https://www.google.com/"
"","grosnichonsnaturels","https://www.google.com/"
"","gros-nichons-salope","https://www.google.com/"
"","gros-penis","https://www.google.com/"
"","gros-porc","https://www.google.com/"
"","grosse-amatrice","https://www.google.com/"
"","grosse","https://www.google.com/"
"","grossebite","https://www.google.com/"
"","grossebitegay","https://www.google.com/"
"","grossebites","https://www.google.com/"
"","grossebrueste","https://www.google.com/"
"","grosse-brueste","https://www.google.com/"
"","grosse-busen","https://www.google.com/"
"","grossebusen","https://www.google.com/"
"","grossechatte","https://www.google.com/"
"","grosse-chaudasses","https://www.google.com/"
"","grosse-cochonnes","https://www.google.com/"
"","grosse-ejac","https://www.google.com/"
"","grosse-femme","https://www.google.com/"
"","grossefemme","https://www.google.com/"
"","grossefemmenue","https://www.google.com/"
"","gros-sein-naturel","https://www.google.com/"
"","gros-seins","https://www.google.com/"
"","grosseins","https://www.google.com/"
"","gros-seins-fr","https://www.google.com/"
"","gros-seins-monde","https://www.google.com/"
"","grosseinsnaturels","https://www.google.com/"
"","grosseinsporno","https://www.google.com/"
"","gros-seins-sexe","https://www.google.com/"
"","gros-seins-sexy","https://www.google.com/"
"","grosseinsxl","https://www.google.com/"
"","grosseladies","https://www.google.com/"
"","grosse-passion","https://www.google.com/"
"","grossepoitrine","https://www.google.com/"
"","grossepoitrinex","https://www.google.com/"
"","grosse-pute","https://www.google.com/"
"","grosser-penis","https://www.google.com/"
"","grosse-salope","https://www.google.com/"
"","grossesalope","https://www.google.com/"
"","grosses-amatrices","https://www.google.com/"
"","grosses-chaudasses","https://www.google.com/"
"","grosseschwaenze","https://www.google.com/"
"","grosses-et-salopes","https://www.google.com/"
"","grossesfemmes","https://www.google.com/"
"","grossesfemmesx","https://www.google.com/"
"","grossesfessesx","https://www.google.com/"
"","grosses-mamelles","https://www.google.com/"
"","grosses","https://www.google.com/"
"","grossespoilues","https://www.google.com/"
"","grosse-titten","https://www.google.com/"
"","grossetitten","https://www.google.com/"
"","grosse-vache","https://www.google.com/"
"","gros-sexe","https://www.google.com/"
"","grossiste-lingerie","https://www.google.com/"
"","grossiste-sextoys","https://www.google.com/"
"","grossporno","https://www.google.com/"
"","gros-tetons","https://www.google.com/"
