"﻿""id""","read","recommended"
"","e-monsite","https://www.google.com/"
"","emonu","https://www.google.com/"
"","emopics","https://www.google.com/"
"","emo-porn","https://www.google.com/"
"","emoporner","https://www.google.com/"
"","emoporn","https://www.google.com/"
"","emo-porno","https://www.google.com/"
"","emopornphotos","https://www.google.com/"
"","emoporntube","https://www.google.com/"
"","emoprofits","https://www.google.com/"
"","emopunkgothicgirls","https://www.google.com/"
"","emopunksex","https://www.google.com/"
"","emo","https://www.google.com/"
"","emoselfpics","https://www.google.com/"
"","emosexe","https://www.google.com/"
"","emosexgfs","https://www.google.com/"
"","emoslut","https://www.google.com/"
"","emoteenpussy","https://www.google.com/"
"","emoteentube","https://www.google.com/"
"","emoticone","https://www.google.com/"
"","emoticone-gratuit","https://www.google.com/"
"","emoticone-paradise","https://www.google.com/"
"","e-moticons","https://www.google.com/"
"","emotionally","https://www.google.com/"
"","emotioncams","https://www.google.com/"
"","emotion-design","https://www.google.com/"
"","emotion-escort","https://www.google.com/"
"","emotionizer","https://www.google.com/"
"","emotion","https://www.google.com/"
"","emotion-paris","https://www.google.com/"
"","emotions-fetish-club","https://www.google.com/"
"","emotiplanet","https://www.google.com/"
"","emo-tube","https://www.google.com/"
"","emoviepost","https://www.google.com/"
"","emowhores","https://www.google.com/"
"","e-mp3s","https://www.google.com/"
"","empara","https://www.google.com/"
"","empflixcams","https://www.google.com/"
"","empflix","https://www.google.com/"
"","empflixfree","https://www.google.com/"
"","empflix-pornoflme","https://www.google.com/"
"","empflix-porno","https://www.google.com/"
"","empireadult","https://www.google.com/"
"","empireamateurs","https://www.google.com/"
"","empire","https://www.google.com/"
"","empireawards","https://www.google.com/"
"","empireblack","https://www.google.com/"
"","empire-companions","https://www.google.com/"
"","empiredusexe","https://www.google.com/"
"","empire-escort","https://www.google.com/"
"","empirefilms","https://www.google.com/"
"","empireforum","https://www.google.com/"
"","empiregay","https://www.google.com/"
"","empireice","https://www.google.com/"
"","empire-of-porn","https://www.google.com/"
"","empireofx","https://www.google.com/"
"","empirestores","https://www.google.com/"
"","empireteenpic","https://www.google.com/"
"","empirevstore","https://www.google.com/"
"","empirex","https://www.google.com/"
"","empleosexy","https://www.google.com/"
"","empleosporno","https://www.google.com/"
"","empnet","https://www.google.com/"
"","empoker","https://www.google.com/"
"","emporiolingerie","https://www.google.com/"
"","emporium-of-erotica","https://www.google.com/"
"","emporn","https://www.google.com/"
"","empornica","https://www.google.com/"
"","empornium","https://www.google.com/"
"","empr","https://www.google.com/"
"","empressdynasty","https://www.google.com/"
"","empress-empire","https://www.google.com/"
"","empressice","https://www.google.com/"
"","empressleak","https://www.google.com/"
"","empresslucy","https://www.google.com/"
"","empressoferotica","https://www.google.com/"
"","empresstalesclub","https://www.google.com/"
"","empresstalesmedia","https://www.google.com/"
"","empressvoxsiren","https://www.google.com/"
"","emp","https://www.google.com/"
"","emptyclosets","https://www.google.com/"
"","emptynuts","https://www.google.com/"
"","empyreanphotography","https://www.google.com/"
"","emrl","https://www.google.com/"
"","emse","https://www.google.com/"
"","ems-escort","https://www.google.com/"
"","emsex","https://www.google.com/"
"","emticke","https://www.google.com/"
"","emtoi","https://www.google.com/"
"","emule24horas","https://www.google.com/"
"","e-mule","https://www.google.com/"
"","emulelinks","https://www.google.com/"
"","emule-paradise","https://www.google.com/"
"","emule-speed","https://www.google.com/"
"","emuplay","https://www.google.com/"
"","emused","https://www.google.com/"
"","e-muvanje","https://www.google.com/"
"","emviet","https://www.google.com/"
"","em-weiber","https://www.google.com/"
"","emxinhlam","https://www.google.com/"
