"﻿""id""","read","recommended"
"","asslickingmovie","https://www.google.com/"
"","asslickingvideos","https://www.google.com/"
"","asslikethat","https://www.google.com/"
"","asslisting","https://www.google.com/"
"","asslivesex","https://www.google.com/"
"","asslove","https://www.google.com/"
"","asslover","https://www.google.com/"
"","asslovers","https://www.google.com/"
"","assloverstgp","https://www.google.com/"
"","assloverstube","https://www.google.com/"
"","asslutload","https://www.google.com/"
"","assmail","https://www.google.com/"
"","assmania","https://www.google.com/"
"","ass-maniacs","https://www.google.com/"
"","assmann-webdesign","https://www.google.com/"
"","assman","https://www.google.com/"
"","assmassagevideos","https://www.google.com/"
"","assmasterpiece","https://www.google.com/"
"","assmasterpiecegallery","https://www.google.com/"
"","assmasterpiecepage","https://www.google.com/"
"","assmeat","https://www.google.com/"
"","assmgp","https://www.google.com/"
"","assmii","https://www.google.com/"
"","ass","https://www.google.com/"
"","assmobile","https://www.google.com/"
"","assmoms","https://www.google.com/"
"","assmovieplanet","https://www.google.com/"
"","assmoviez","https://www.google.com/"
"","assmpg","https://www.google.com/"
"","assmunchers","https://www.google.com/"
"","assnavi","https://www.google.com/"
"","assnetwork","https://www.google.com/"
"","assno1","https://www.google.com/"
"","assnude","https://www.google.com/"
"","assoass","https://www.google.com/"
"","associationoferoticartists","https://www.google.com/"
"","assofmilf","https://www.google.com/"
"","assoftheday","https://www.google.com/"
"","assoholic","https://www.google.com/"
"","assoholics","https://www.google.com/"
"","asso-mediator","https://www.google.com/"
"","assoncam","https://www.google.com/"
"","assonfire","https://www.google.com/"
"","assontube","https://www.google.com/"
"","assopedia","https://www.google.com/"
"","assortedbabes","https://www.google.com/"
"","asso","https://www.google.com/"
"","asspankwire","https://www.google.com/"
"","assparade0","https://www.google.com/"
"","assparade-asses","https://www.google.com/"
"","assparade","https://www.google.com/"
"","assparade-index","https://www.google.com/"
"","assparadepics","https://www.google.com/"
"","assparade-pics","https://www.google.com/"
"","assparadetour","https://www.google.com/"
"","assparadise","https://www.google.com/"
"","ass-paradiso","https://www.google.com/"
"","assphat","https://www.google.com/"
"","ass-pics","https://www.google.com/"
"","asspics","https://www.google.com/"
"","asspict","https://www.google.com/"
"","asspictures","https://www.google.com/"
"","asspig","https://www.google.com/"
"","asspire","https://www.google.com/"
"","ass-pix","https://www.google.com/"
"","asspix","https://www.google.com/"
"","assplundering","https://www.google.com/"
"","assplunger","https://www.google.com/"
"","asspm","https://www.google.com/"
"","asspocket","https://www.google.com/"
"","asspoint","https://www.google.com/"
"","asspoke","https://www.google.com/"
"","asspoking","https://www.google.com/"
"","asspornblog","https://www.google.com/"
"","ass-porn","https://www.google.com/"
"","ass-porno","https://www.google.com/"
"","assporno","https://www.google.com/"
"","asspornpics","https://www.google.com/"
"","asspounders","https://www.google.com/"
"","asspreciation","https://www.google.com/"
"","assprice","https://www.google.com/"
"","asspub","https://www.google.com/"
"","asspump","https://www.google.com/"
"","asspumpers","https://www.google.com/"
"","asspussyboobs","https://www.google.com/"
"","assquakes","https://www.google.com/"
"","assraiders","https://www.google.com/"
"","assranger","https://www.google.com/"
"","assreamer","https://www.google.com/"
"","assreaming","https://www.google.com/"
"","assresort","https://www.google.com/"
"","assrimmingroomies","https://www.google.com/"
"","assserver","https://www.google.com/"
"","asssex1","https://www.google.com/"
"","asssex","https://www.google.com/"
"","ass-sexy","https://www.google.com/"
"","assshoots","https://www.google.com/"
"","ass-shots","https://www.google.com/"
"","asssin","https://www.google.com/"
"","asssite","https://www.google.com/"
