"﻿""id""","read","recommended"
"","hqxxxfiles","https://www.google.com/"
"","hqxxxfuck","https://www.google.com/"
"","hq-xxxmovies","https://www.google.com/"
"","hqxxxmovies","https://www.google.com/"
"","hqxxxporn","https://www.google.com/"
"","hqxxxretro","https://www.google.com/"
"","hqxxxsex","https://www.google.com/"
"","hqxxxstream","https://www.google.com/"
"","hqxxxthumbs","https://www.google.com/"
"","hqxxxvids","https://www.google.com/"
"","hq-youjizz","https://www.google.com/"
"","hqyoungbabes","https://www.google.com/"
"","hq-youporn","https://www.google.com/"
"","hqzoolinks","https://www.google.com/"
"","hqzoosex","https://www.google.com/"
"","hradeckralove","https://www.google.com/"
"","hrc-av","https://www.google.com/"
"","hr-efit","https://www.google.com/"
"","hrmoon","https://www.google.com/"
"","hrtya","https://www.google.com/"
"","hrtyc","https://www.google.com/"
"","hrtyh","https://www.google.com/"
"","hsboys","https://www.google.com/"
"","hscheerleaders","https://www.google.com/"
"","hsck5","https://www.google.com/"
"","hsdi","https://www.google.com/"
"","h-search","https://www.google.com/"
"","hseries","https://www.google.com/"
"","hs-erotics","https://www.google.com/"
"","hservice","https://www.google.com/"
"","hsfy","https://www.google.com/"
"","hsgalleries","https://www.google.com/"
"","hsguys","https://www.google.com/"
"","hshare","https://www.google.com/"
"","hsk-erotikkontakte","https://www.google.com/"
"","hslw","https://www.google.com/"
"","hsn-live","https://www.google.com/"
"","hso-international","https://www.google.com/"
"","hs-sex","https://www.google.com/"
"","hstim","https://www.google.com/"
"","hstown","https://www.google.com/"
"","h-suki","https://www.google.com/"
"","htamateurs","https://www.google.com/"
"","h-techgroup","https://www.google.com/"
"","hteenz","https://www.google.com/"
"","htentai","https://www.google.com/"
"","htgp","https://www.google.com/"
"","htgrls","https://www.google.com/"
"","html5porn","https://www.google.com/"
"","htmladdict","https://www.google.com/"
"","htmlplanet","https://www.google.com/"
"","htmwrestling","https://www.google.com/"
"","htmx","https://www.google.com/"
"","htoons","https://www.google.com/"
"","h-top","https://www.google.com/"
"","htvncdn","https://www.google.com/"
"","hualiandao","https://www.google.com/"
"","hualigs","https://www.google.com/"
"","huangse","https://www.google.com/"
"","huanporn","https://www.google.com/"
"","huaporn","https://www.google.com/"
"","hub3x","https://www.google.com/"
"","hub411","https://www.google.com/"
"","hubad","https://www.google.com/"
"","hubadsex","https://www.google.com/"
"","hubbahubba","https://www.google.com/"
"","hubberporntube","https://www.google.com/"
"","hubbies","https://www.google.com/"
"","hubbyandwifey","https://www.google.com/"
"","hubbysubmits","https://www.google.com/"
"","hubbywatcheswife","https://www.google.com/"
"","hubdesi","https://www.google.com/"
"","hubetubex","https://www.google.com/"
"","hubgif","https://www.google.com/"
"","hubhunter","https://www.google.com/"
"","hubjizz","https://www.google.com/"
"","hublinks","https://www.google.com/"
"","hublux","https://www.google.com/"
"","hubmag","https://www.google.com/"
"","hubpages","https://www.google.com/"
"","hubporn","https://www.google.com/"
"","hubporno","https://www.google.com/"
"","hubtubes","https://www.google.com/"
"","huburbate","https://www.google.com/"
"","hub-xxx","https://www.google.com/"
"","hucow","https://www.google.com/"
"","hue","https://www.google.com/"
"","huellenlos","https://www.google.com/"
"","huevotube","https://www.google.com/"
"","hueystgp","https://www.google.com/"
"","huffingtonpost","https://www.google.com/"
"","huge3dtits","https://www.google.com/"
"","huge6","https://www.google.com/"
"","hugeamateurtits","https://www.google.com/"
"","hugeanal","https://www.google.com/"
"","hugeanaldildos","https://www.google.com/"
"","hugeandnatural","https://www.google.com/"
"","hugeandsexy","https://www.google.com/"
"","hugeasianboobs","https://www.google.com/"
"","hugeasianporn","https://www.google.com/"
