"﻿""id""","read","recommended"
"","analadventures","https://www.google.com/"
"","anal-a-gogo","https://www.google.com/"
"","analagogo","https://www.google.com/"
"","anala","https://www.google.com/"
"","anal-alert","https://www.google.com/"
"","analamateur","https://www.google.com/"
"","analamateurs","https://www.google.com/"
"","anal-amateurseite","https://www.google.com/"
"","analamateursex","https://www.google.com/"
"","analambush","https://www.google.com/"
"","anal-amy","https://www.google.com/"
"","analanalysis","https://www.google.com/"
"","analandbestiality","https://www.google.com/"
"","anal-angels","https://www.google.com/"
"","analangels","https://www.google.com/"
"","analannie","https://www.google.com/"
"","analarchive","https://www.google.com/"
"","analarea","https://www.google.com/"
"","analarmy","https://www.google.com/"
"","analasap","https://www.google.com/"
"","analasian","https://www.google.com/"
"","anal-asians","https://www.google.com/"
"","analassaults","https://www.google.com/"
"","anal-ass","https://www.google.com/"
"","analasses","https://www.google.com/"
"","analasslinks","https://www.google.com/"
"","anal","https://www.google.com/"
"","analataka","https://www.google.com/"
"","analavenue","https://www.google.com/"
"","analbabe","https://www.google.com/"
"","analbabies","https://www.google.com/"
"","analbanging","https://www.google.com/"
"","anal-bar","https://www.google.com/"
"","analbbc","https://www.google.com/"
"","analbeads","https://www.google.com/"
"","anal-beauty","https://www.google.com/"
"","analbeginners","https://www.google.com/"
"","analbest","https://www.google.com/"
"","anal-bilder-galerie","https://www.google.com/"
"","anal-bitch","https://www.google.com/"
"","analblacks","https://www.google.com/"
"","analblowjob","https://www.google.com/"
"","analbondage","https://www.google.com/"
"","analbooru","https://www.google.com/"
"","analbouncers","https://www.google.com/"
"","anal-boys","https://www.google.com/"
"","analboys","https://www.google.com/"
"","analboytoys","https://www.google.com/"
"","analbreakers","https://www.google.com/"
"","analbuttclub","https://www.google.com/"
"","analbutt","https://www.google.com/"
"","analcall","https://www.google.com/"
"","analcam","https://www.google.com/"
"","analcamera","https://www.google.com/"
"","analcams","https://www.google.com/"
"","analcamsex","https://www.google.com/"
"","analcanal","https://www.google.com/"
"","analcarnage","https://www.google.com/"
"","analcenterfolds","https://www.google.com/"
"","anal-central","https://www.google.com/"
"","analcheckup","https://www.google.com/"
"","analcinema","https://www.google.com/"
"","analcity","https://www.google.com/"
"","analclimax","https://www.google.com/"
"","analclip","https://www.google.com/"
"","analclips","https://www.google.com/"
"","analcockwhores","https://www.google.com/"
"","analcravers","https://www.google.com/"
"","analcravings","https://www.google.com/"
"","anal-creampie","https://www.google.com/"
"","analcreampie","https://www.google.com/"
"","anal-creampies","https://www.google.com/"
"","analculsodomie","https://www.google.com/"
"","analcum","https://www.google.com/"
"","analcums","https://www.google.com/"
"","analcumshot","https://www.google.com/"
"","analcumshots","https://www.google.com/"
"","analcumsluts","https://www.google.com/"
"","analcumsumption","https://www.google.com/"
"","anal-cumswallow","https://www.google.com/"
"","analcunts","https://www.google.com/"
"","analcuties","https://www.google.com/"
"","analdating","https://www.google.com/"
"","analdatingplanet","https://www.google.com/"
"","analdebut","https://www.google.com/"
"","analdehner","https://www.google.com/"
"","analdehnung","https://www.google.com/"
"","anal-dehnung","https://www.google.com/"
"","analdeluxe","https://www.google.com/"
"","analdemolition","https://www.google.com/"
"","analdesaster","https://www.google.com/"
"","analdesires","https://www.google.com/"
"","anal-destruction3","https://www.google.com/"
"","analdestruction","https://www.google.com/"
"","anal-destructor","https://www.google.com/"
"","anal-dilatation","https://www.google.com/"
"","analdildo","https://www.google.com/"
"","anal-dildo","https://www.google.com/"
"","analdildolesbians","https://www.google.com/"
"","analdildos","https://www.google.com/"
