"﻿""id""","read","recommended"
"","heelscity","https://www.google.com/"
"","heels-domina","https://www.google.com/"
"","heelsforless","https://www.google.com/"
"","heelsforyou","https://www.google.com/"
"","heelshop","https://www.google.com/"
"","heels-land","https://www.google.com/"
"","heels-nylon","https://www.google.com/"
"","heelsstockings","https://www.google.com/"
"","heelsxxx","https://www.google.com/"
"","heetnederland","https://www.google.com/"
"","heet","https://www.google.com/"
"","heetofniet","https://www.google.com/"
"","heetplezier","https://www.google.com/"
"","heetsneetje","https://www.google.com/"
"","heetspleetje","https://www.google.com/"
"","heetst","https://www.google.com/"
"","heftycocks","https://www.google.com/"
"","heftyhips","https://www.google.com/"
"","heftynet","https://www.google.com/"
"","heftypussy","https://www.google.com/"
"","heftysluts","https://www.google.com/"
"","heganart","https://www.google.com/"
"","heganerotic","https://www.google.com/"
"","hegangirls","https://www.google.com/"
"","heganhouse","https://www.google.com/"
"","hegansex","https://www.google.com/"
"","heganteens","https://www.google.com/"
"","hegantube","https://www.google.com/"
"","hegre-archive","https://www.google.com/"
"","hegre-archives","https://www.google.com/"
"","hegrearchives","https://www.google.com/"
"","hegre-art","https://www.google.com/"
"","hegreart","https://www.google.com/"
"","hegrearthd","https://www.google.com/"
"","hegreartnudes","https://www.google.com/"
"","hegreartz","https://www.google.com/"
"","hegrebeauties","https://www.google.com/"
"","hegre","https://www.google.com/"
"","hegrefilth","https://www.google.com/"
"","hegregirls","https://www.google.com/"
"","hegrehunter","https://www.google.com/"
"","hegrenudegirls","https://www.google.com/"
"","hegrenudes","https://www.google.com/"
"","hegrevideos","https://www.google.com/"
"","hehehe","https://www.google.com/"
"","hehentai","https://www.google.com/"
"","heheparty","https://www.google.com/"
"","heic","https://www.google.com/"
"","heidi18","https://www.google.com/"
"","heidicam","https://www.google.com/"
"","heidicortez","https://www.google.com/"
"","heidiharper","https://www.google.com/"
"","heidihottie","https://www.google.com/"
"","heidi","https://www.google.com/"
"","heidiklum","https://www.google.com/"
"","heidimodel","https://www.google.com/"
"","heidiscandy","https://www.google.com/"
"","heidis-page","https://www.google.com/"
"","heidistube","https://www.google.com/"
"","heidivanhorne","https://www.google.com/"
"","heidiyork","https://www.google.com/"
"","heikemodel","https://www.google.com/"
"","heimlich-beobachtet","https://www.google.com/"
"","heimliche-bordellvideos","https://www.google.com/"
"","heimliche-cams","https://www.google.com/"
"","heimliche-luder","https://www.google.com/"
"","heimlichelust","https://www.google.com/"
"","heimliches-sexdate","https://www.google.com/"
"","heimlichgefilmt","https://www.google.com/"
"","heimlichnackt","https://www.google.com/"
"","heimlich-nackt","https://www.google.com/"
"","heinzhard","https://www.google.com/"
"","heisgay","https://www.google.com/"
"","heisladyboy","https://www.google.com/"
"","heiss-begehrt","https://www.google.com/"
"","heisse-anal-teens","https://www.google.com/"
"","heisse-babes","https://www.google.com/"
"","heissebiene","https://www.google.com/"
"","heissecamgirls","https://www.google.com/"
"","heisse-cams","https://www.google.com/"
"","heissecams","https://www.google.com/"
"","heissechats","https://www.google.com/"
"","heisse-dates","https://www.google.com/"
"","heisse-ecke","https://www.google.com/"
"","heissefilme","https://www.google.com/"
"","heisse-fotzen","https://www.google.com/"
"","heissefrau","https://www.google.com/"
"","heisse-freundinnen","https://www.google.com/"
"","heisse-girls","https://www.google.com/"
"","heisse-jungs","https://www.google.com/"
"","heisse-lesben","https://www.google.com/"
"","heissemodels","https://www.google.com/"
"","heisse-muschis","https://www.google.com/"
"","heisse-nummer","https://www.google.com/"
"","heisse-pornofilme","https://www.google.com/"
"","heisse-privatkontakte","https://www.google.com/"
"","heisser-flirt","https://www.google.com/"
"","heisser-livesex","https://www.google.com/"
"","heisser-sex","https://www.google.com/"
"","heisse-sexbilder","https://www.google.com/"
