"﻿""id""","read","recommended"
"","brandibelleishot","https://www.google.com/"
"","brandibelleonline","https://www.google.com/"
"","brandichat","https://www.google.com/"
"","brandigirls","https://www.google.com/"
"","brandilanders","https://www.google.com/"
"","brandi-love","https://www.google.com/"
"","brandilove","https://www.google.com/"
"","brandilyons","https://www.google.com/"
"","brandipics","https://www.google.com/"
"","brandiscumcity","https://www.google.com/"
"","brandis-secret","https://www.google.com/"
"","brandisummers","https://www.google.com/"
"","brandmarket","https://www.google.com/"
"","brandnameporn","https://www.google.com/"
"","brandnewbabes","https://www.google.com/"
"","brandnewboys","https://www.google.com/"
"","brandnewfaces","https://www.google.com/"
"","brandnewgirls","https://www.google.com/"
"","brandniron","https://www.google.com/"
"","brandonnembhard","https://www.google.com/"
"","brandporno","https://www.google.com/"
"","brandsmaxx","https://www.google.com/"
"","brandvill","https://www.google.com/"
"","brandyanistonblog","https://www.google.com/"
"","brandydidder","https://www.google.com/"
"","brandymaddron","https://www.google.com/"
"","brandys-box","https://www.google.com/"
"","brandytalorevip","https://www.google.com/"
"","brandy-taylor","https://www.google.com/"
"","brandythomas","https://www.google.com/"
"","brandytube","https://www.google.com/"
"","branledemec","https://www.google.com/"
"","branle-entre-potes","https://www.google.com/"
"","branle-gay","https://www.google.com/"
"","branler","https://www.google.com/"
"","branle-toi","https://www.google.com/"
"","branletteaubureau","https://www.google.com/"
"","branlette","https://www.google.com/"
"","branletteespagnole","https://www.google.com/"
"","branlette-espagnole","https://www.google.com/"
"","branlette-minute","https://www.google.com/"
"","branlettes-espagnole","https://www.google.com/"
"","branlettes-espagnoles","https://www.google.com/"
"","branleuse","https://www.google.com/"
"","branleuses","https://www.google.com/"
"","branlix","https://www.google.com/"
"","branndy","https://www.google.com/"
"","bra-pics","https://www.google.com/"
"","braporn","https://www.google.com/"
"","bra-s","https://www.google.com/"
"","brashboys","https://www.google.com/"
"","brasil18","https://www.google.com/"
"","brasil4you","https://www.google.com/"
"","brasilamador","https://www.google.com/"
"","brasilcandy","https://www.google.com/"
"","brasileiras","https://www.google.com/"
"","brasileirasfamosas","https://www.google.com/"
"","brasileirasgostosas","https://www.google.com/"
"","brasileirasputas","https://www.google.com/"
"","brasileirinhas","https://www.google.com/"
"","brasileirinhasnet","https://www.google.com/"
"","brasileirinhoporno","https://www.google.com/"
"","brasilenasdesnudas","https://www.google.com/"
"","brasilflog","https://www.google.com/"
"","brasilhentai","https://www.google.com/"
"","brasiliavip","https://www.google.com/"
"","brasiliengirls","https://www.google.com/"
"","brasilincesto","https://www.google.com/"
"","brasillive","https://www.google.com/"
"","brasilnovinhas","https://www.google.com/"
"","brasilporno","https://www.google.com/"
"","brasilsexxx","https://www.google.com/"
"","brasilsp","https://www.google.com/"
"","brasiltudoliberado","https://www.google.com/"
"","brasizefinder","https://www.google.com/"
"","brasizemeasurements","https://www.google.com/"
"","brassel","https://www.google.com/"
"","brasseriepdx","https://www.google.com/"
"","brassers","https://www.google.com/"
"","brassex","https://www.google.com/"
"","brasstackscreative","https://www.google.com/"
"","brateasers","https://www.google.com/"
"","bratgirls","https://www.google.com/"
"","bratislavaescorts","https://www.google.com/"
"","bratperversions","https://www.google.com/"
"","brat","https://www.google.com/"
"","bratprincess","https://www.google.com/"
"","bratsisters","https://www.google.com/"
"","bratsluts","https://www.google.com/"
"","bratteens","https://www.google.com/"
"","brattslinks","https://www.google.com/"
"","bratty-bitches","https://www.google.com/"
"","brattybrittany","https://www.google.com/"
"","brattycashprincess","https://www.google.com/"
"","brattyfamily","https://www.google.com/"
"","brattyphonetease","https://www.google.com/"
"","brattysis","https://www.google.com/"
"","brattysisters","https://www.google.com/"
"","brattyteenphonesex","https://www.google.com/"
"","bratzgames","https://www.google.com/"
