"﻿""id""","read","recommended"
"","gofuckgirls","https://www.google.com/"
"","gofuckmom","https://www.google.com/"
"","gofuckporn","https://www.google.com/"
"","gofuckteen","https://www.google.com/"
"","gofuckthat","https://www.google.com/"
"","go-fuck-tube","https://www.google.com/"
"","gofuckyourcam","https://www.google.com/"
"","gofuckyourself","https://www.google.com/"
"","gofuckyouself","https://www.google.com/"
"","gofukuoka","https://www.google.com/"
"","gofusion","https://www.google.com/"
"","go-fuzoku","https://www.google.com/"
"","gogangbangs","https://www.google.com/"
"","gogaycams","https://www.google.com/"
"","gogaygo","https://www.google.com/"
"","gogay","https://www.google.com/"
"","gogaysex","https://www.google.com/"
"","go-gaytube","https://www.google.com/"
"","gogaytube","https://www.google.com/"
"","gogayxxx","https://www.google.com/"
"","gogeil","https://www.google.com/"
"","gogetsome","https://www.google.com/"
"","goggle","https://www.google.com/"
"","gogilf","https://www.google.com/"
"","gogirls18","https://www.google.com/"
"","gogirls","https://www.google.com/"
"","go-girls-go","https://www.google.com/"
"","gogoamanda","https://www.google.com/"
"","gogoamy","https://www.google.com/"
"","gogoangels","https://www.google.com/"
"","gogoanime","https://www.google.com/"
"","gogobarauditions","https://www.google.com/"
"","gogobar","https://www.google.com/"
"","gogocams","https://www.google.com/"
"","gogocelebrities","https://www.google.com/"
"","gogo","https://www.google.com/"
"","gogofun","https://www.google.com/"
"","gogogirls","https://www.google.com/"
"","gogogo","https://www.google.com/"
"","gogoladyboy","https://www.google.com/"
"","gogomilf","https://www.google.com/"
"","gogomoms","https://www.google.com/"
"","gogophoto","https://www.google.com/"
"","go-go-porn","https://www.google.com/"
"","gogo-porn","https://www.google.com/"
"","gogoporno","https://www.google.com/"
"","gogopornville","https://www.google.com/"
"","gogosex","https://www.google.com/"
"","gogotube","https://www.google.com/"
"","gogousenet","https://www.google.com/"
"","gogovideo","https://www.google.com/"
"","gog","https://www.google.com/"
"","goguns","https://www.google.com/"
"","gohairygirls","https://www.google.com/"
"","gohairypussy","https://www.google.com/"
"","gohard","https://www.google.com/"
"","gohdporn","https://www.google.com/"
"","gohentai","https://www.google.com/"
"","gohits","https://www.google.com/"
"","gohoneygo","https://www.google.com/"
"","go-hosting","https://www.google.com/"
"","gohousi","https://www.google.com/"
"","goindianporn","https://www.google.com/"
"","go-indian","https://www.google.com/"
"","goindiansex","https://www.google.com/"
"","goingbraless","https://www.google.com/"
"","going","https://www.google.com/"
"","gojav2","https://www.google.com/"
"","gojav","https://www.google.com/"
"","gojerk","https://www.google.com/"
"","gokkunjapan","https://www.google.com/"
"","gokmachines","https://www.google.com/"
"","gok-pagina","https://www.google.com/"
"","goku","https://www.google.com/"
"","goku-jou","https://www.google.com/"
"","gokumi","https://www.google.com/"
"","gokurakuten","https://www.google.com/"
"","goldadultblogs","https://www.google.com/"
"","goldasians","https://www.google.com/"
"","goldasiantube","https://www.google.com/"
"","gold-avs","https://www.google.com/"
"","goldbachmedia","https://www.google.com/"
"","goldbarsxxx","https://www.google.com/"
"","goldbigtits","https://www.google.com/"
"","goldblackpussy","https://www.google.com/"
"","goldblacktube","https://www.google.com/"
"","goldboard","https://www.google.com/"
"","goldbondage","https://www.google.com/"
"","goldbonuses","https://www.google.com/"
"","goldbrunettes","https://www.google.com/"
"","goldcam","https://www.google.com/"
"","goldcams","https://www.google.com/"
"","goldcartoon","https://www.google.com/"
"","goldcash","https://www.google.com/"
"","goldclick","https://www.google.com/"
"","goldclubatlanta","https://www.google.com/"
"","goldclubcenterfolds","https://www.google.com/"
"","goldclubno","https://www.google.com/"
"","goldclubsf","https://www.google.com/"
"","goldcoastbrothels","https://www.google.com/"
