"﻿""id""","read","recommended"
"","blackgirlsdoitnastytoo","https://www.google.com/"
"","blackgirlsdophonesex","https://www.google.com/"
"","blackgirlsex","https://www.google.com/"
"","blackgirlsfuckingtube","https://www.google.com/"
"","blackgirlsgangbang","https://www.google.com/"
"","blackgirlsgonewild","https://www.google.com/"
"","blackgirlsinterracial","https://www.google.com/"
"","blackgirlslive","https://www.google.com/"
"","blackgirlslust","https://www.google.com/"
"","blackgirlsphoto","https://www.google.com/"
"","blackgirlspickup","https://www.google.com/"
"","blackgirlspictures","https://www.google.com/"
"","blackgirlsporn","https://www.google.com/"
"","blackgirlspornpics","https://www.google.com/"
"","blackgirlspussy","https://www.google.com/"
"","blackgirlssex","https://www.google.com/"
"","blackgirlsthatneedmoney","https://www.google.com/"
"","blackgirlswhitecocks","https://www.google.com/"
"","blackgirlyoung","https://www.google.com/"
"","blackgirlz","https://www.google.com/"
"","blackgirlzporn","https://www.google.com/"
"","blackglamors","https://www.google.com/"
"","blackglass","https://www.google.com/"
"","blackgrannyporn","https://www.google.com/"
"","black-group-sex","https://www.google.com/"
"","blackguardmpls","https://www.google.com/"
"","blackgurlz","https://www.google.com/"
"","blackguys","https://www.google.com/"
"","blackhairypussy","https://www.google.com/"
"","blackhairytwat","https://www.google.com/"
"","blackhardcore","https://www.google.com/"
"","black-hardcore-porn","https://www.google.com/"
"","blackhardcoresex","https://www.google.com/"
"","black-hardcore-sex-pics","https://www.google.com/"
"","blackhardsex","https://www.google.com/"
"","blackhawkgirls","https://www.google.com/"
"","blackheartlingerie","https://www.google.com/"
"","blackheartmagazine","https://www.google.com/"
"","blackheat","https://www.google.com/"
"","blackhoes","https://www.google.com/"
"","blackhoetube","https://www.google.com/"
"","blackholes","https://www.google.com/"
"","blackhomemadeporn","https://www.google.com/"
"","blackhomemadeporntube","https://www.google.com/"
"","blackhomeporn","https://www.google.com/"
"","blackhomevideo","https://www.google.com/"
"","blackhoneys","https://www.google.com/"
"","blackhoodrats","https://www.google.com/"
"","blackhos","https://www.google.com/"
"","black-host","https://www.google.com/"
"","blackhotporn","https://www.google.com/"
"","blackhotpussy","https://www.google.com/"
"","blackhotsex","https://www.google.com/"
"","blackhqtube","https://www.google.com/"
"","blackhugecocks","https://www.google.com/"
"","blackicedvd","https://www.google.com/"
"","blackicepass","https://www.google.com/"
"","blackinblack","https://www.google.com/"
"","blackindark","https://www.google.com/"
"","blackinroad","https://www.google.com/"
"","blackinterracialgay","https://www.google.com/"
"","blackintrusion","https://www.google.com/"
"","black-is-beautiful","https://www.google.com/"
"","blackisbeautiful","https://www.google.com/"
"","blackisbetter","https://www.google.com/"
"","blackisbig","https://www.google.com/"
"","blackitonup","https://www.google.com/"
"","blackjack-base","https://www.google.com/"
"","blackjackbeauties","https://www.google.com/"
"","blackjack-cancun","https://www.google.com/"
"","blackjack-gambler","https://www.google.com/"
"","blackjackking","https://www.google.com/"
"","blackjackonline","https://www.google.com/"
"","blackjack-play","https://www.google.com/"
"","blackjack-poker-casino","https://www.google.com/"
"","blackjackpussy","https://www.google.com/"
"","blackjackskanz","https://www.google.com/"
"","blackjack-st","https://www.google.com/"
"","black-jelly","https://www.google.com/"
"","blackjems","https://www.google.com/"
"","blackjuju","https://www.google.com/"
"","blackjumbobutts","https://www.google.com/"
"","blackkatproductions","https://www.google.com/"
"","blackkink","https://www.google.com/"
"","blackkisses","https://www.google.com/"
"","blackkitty","https://www.google.com/"
"","blackksex","https://www.google.com/"
"","blacklabelads","https://www.google.com/"
"","blacklabel","https://www.google.com/"
"","blacklabella","https://www.google.com/"
"","blacklabelsextoys","https://www.google.com/"
"","blacklacestudios","https://www.google.com/"
"","blacklatina","https://www.google.com/"
"","blackleathertimes","https://www.google.com/"
"","blacklesbianclub","https://www.google.com/"
"","blacklesbianfantasies","https://www.google.com/"
"","blacklesbianfuck","https://www.google.com/"
"","black-lesbian-porn","https://www.google.com/"
"","blacklesbianporn","https://www.google.com/"
"","blacklesbiansaction","https://www.google.com/"
