"﻿""id""","read","recommended"
"","adultsurfing","https://www.google.com/"
"","adultsurfs","https://www.google.com/"
"","adultswebsites","https://www.google.com/"
"","adultsweets","https://www.google.com/"
"","adultswim","https://www.google.com/"
"","adultswimla","https://www.google.com/"
"","adultswinger","https://www.google.com/"
"","adultswingerparty","https://www.google.com/"
"","adultswingers","https://www.google.com/"
"","adultswingerspersonals","https://www.google.com/"
"","adult-swinging","https://www.google.com/"
"","adults-x","https://www.google.com/"
"","adultsx","https://www.google.com/"
"","adultsxxxsite","https://www.google.com/"
"","adult-sydney","https://www.google.com/"
"","adultsydney","https://www.google.com/"
"","adultsys","https://www.google.com/"
"","adultsystem","https://www.google.com/"
"","adultsystems","https://www.google.com/"
"","adultszone","https://www.google.com/"
"","adulttalent","https://www.google.com/"
"","adult-talk","https://www.google.com/"
"","adulttalkingdolls","https://www.google.com/"
"","adulttalk","https://www.google.com/"
"","adult-tampa","https://www.google.com/"
"","adulttape","https://www.google.com/"
"","adult-targeted-traffic","https://www.google.com/"
"","adultteasers","https://www.google.com/"
"","adult-templates","https://www.google.com/"
"","adult-tennessee","https://www.google.com/"
"","adultterra","https://www.google.com/"
"","adult-texas","https://www.google.com/"
"","adulttextstories","https://www.google.com/"
"","adultthailand","https://www.google.com/"
"","adulttheaterfun","https://www.google.com/"
"","adultthings","https://www.google.com/"
"","adultthumbs","https://www.google.com/"
"","adultticket","https://www.google.com/"
"","adulttime","https://www.google.com/"
"","adult-time","https://www.google.com/"
"","adult-tinder","https://www.google.com/"
"","adulttoolkit","https://www.google.com/"
"","adult-toon","https://www.google.com/"
"","adult-toons","https://www.google.com/"
"","adulttoontube","https://www.google.com/"
"","adulttoonz","https://www.google.com/"
"","adult-top100","https://www.google.com/"
"","adulttop100","https://www.google.com/"
"","adulttop50","https://www.google.com/"
"","adult-top-games","https://www.google.com/"
"","adulttoplijst","https://www.google.com/"
"","adulttoplist","https://www.google.com/"
"","adulttoplive","https://www.google.com/"
"","adulttopsite","https://www.google.com/"
"","adulttopsites","https://www.google.com/"
"","adulttoronto","https://www.google.com/"
"","adult-torrent","https://www.google.com/"
"","adult-tour","https://www.google.com/"
"","adult-toy18","https://www.google.com/"
"","adulttoyauction","https://www.google.com/"
"","adulttoyboutique","https://www.google.com/"
"","adulttoybox","https://www.google.com/"
"","adulttoyboxxx","https://www.google.com/"
"","adulttoychest","https://www.google.com/"
"","adulttoycity","https://www.google.com/"
"","adult-toy","https://www.google.com/"
"","adulttoy","https://www.google.com/"
"","adulttoycompany","https://www.google.com/"
"","adulttoydiscounters","https://www.google.com/"
"","adult-toy-emporium","https://www.google.com/"
"","adulttoymegastore","https://www.google.com/"
"","adulttoyoasis","https://www.google.com/"
"","adulttoyparty","https://www.google.com/"
"","adulttoyresellers","https://www.google.com/"
"","adulttoyreviews","https://www.google.com/"
"","adulttoyroom","https://www.google.com/"
"","adulttoysadultdvds","https://www.google.com/"
"","adulttoysadultmovies","https://www.google.com/"
"","adulttoysareus","https://www.google.com/"
"","adulttoysboutique","https://www.google.com/"
"","adult-toys","https://www.google.com/"
"","adulttoys","https://www.google.com/"
"","adulttoysflorida","https://www.google.com/"
"","adulttoysforless","https://www.google.com/"
"","adulttoysforus","https://www.google.com/"
"","adulttoysforwomen","https://www.google.com/"
"","adulttoysforyou","https://www.google.com/"
"","adulttoysgalore","https://www.google.com/"
"","adulttoysguide","https://www.google.com/"
"","adult-toy-shop","https://www.google.com/"
"","adulttoyshop","https://www.google.com/"
"","adulttoysonsale","https://www.google.com/"
"","adulttoyssexmovies","https://www.google.com/"
"","adulttoyssupermart","https://www.google.com/"
"","adulttoystash","https://www.google.com/"
"","adulttoysthatwork","https://www.google.com/"
"","adult-toystore","https://www.google.com/"
"","adulttoystore","https://www.google.com/"
"","adulttoystt","https://www.google.com/"
"","adulttoysupplier","https://www.google.com/"
