"﻿""id""","read","recommended"
"","extremeamateurmovies","https://www.google.com/"
"","extremeamateurs","https://www.google.com/"
"","extremeanalgaping","https://www.google.com/"
"","extremeanalmovies","https://www.google.com/"
"","extremeanalpornvideos","https://www.google.com/"
"","extremeanalsex","https://www.google.com/"
"","extremeanalxxx","https://www.google.com/"
"","extremeandfetish","https://www.google.com/"
"","extreme-anne","https://www.google.com/"
"","extremeapril","https://www.google.com/"
"","extremeasianbondage","https://www.google.com/"
"","extremeasianpornvideos","https://www.google.com/"
"","extremeasianvids","https://www.google.com/"
"","extremeasses","https://www.google.com/"
"","extremeassociates","https://www.google.com/"
"","extremeavs","https://www.google.com/"
"","extremebabes","https://www.google.com/"
"","extremebank","https://www.google.com/"
"","extremebbwporn","https://www.google.com/"
"","extremebbws","https://www.google.com/"
"","extremebdsm","https://www.google.com/"
"","extremebdsmpic","https://www.google.com/"
"","extremebdsmplay","https://www.google.com/"
"","extremebdsmtube","https://www.google.com/"
"","extremebestialitysex","https://www.google.com/"
"","extremebig","https://www.google.com/"
"","extremebiggranny","https://www.google.com/"
"","extremebigtit","https://www.google.com/"
"","extremebigtitsporn","https://www.google.com/"
"","extremebikinibabes","https://www.google.com/"
"","extremebikini","https://www.google.com/"
"","extreme-bikinis","https://www.google.com/"
"","extremebikinis","https://www.google.com/"
"","extremebisexual","https://www.google.com/"
"","extremebizarro","https://www.google.com/"
"","extreme-board","https://www.google.com/"
"","extremebods","https://www.google.com/"
"","extremebondage","https://www.google.com/"
"","extremebondagepictures","https://www.google.com/"
"","extremebooty","https://www.google.com/"
"","extremeboysex","https://www.google.com/"
"","extremeboyz","https://www.google.com/"
"","extremebrutal","https://www.google.com/"
"","extremebukake","https://www.google.com/"
"","extremebukkake","https://www.google.com/"
"","extremebusty","https://www.google.com/"
"","extreme-cafe","https://www.google.com/"
"","extremecash","https://www.google.com/"
"","extremecastings","https://www.google.com/"
"","extremecatfighting","https://www.google.com/"
"","extremecbt","https://www.google.com/"
"","extremecelebs","https://www.google.com/"
"","extremecenterfolds","https://www.google.com/"
"","extremecfnm","https://www.google.com/"
"","extremechat","https://www.google.com/"
"","extremechickfights","https://www.google.com/"
"","extremeclits","https://www.google.com/"
"","extremecockcontrol","https://www.google.com/"
"","extremecocktease","https://www.google.com/"
"","extremecockteasing","https://www.google.com/"
"","extremecollection","https://www.google.com/"
"","extremecomicbook","https://www.google.com/"
"","extremecomixxx","https://www.google.com/"
"","extremecult","https://www.google.com/"
"","extremecumshots","https://www.google.com/"
"","extreme-cumshots","https://www.google.com/"
"","extremecumshotvideos","https://www.google.com/"
"","extremedance","https://www.google.com/"
"","extremeddl","https://www.google.com/"
"","extremedeepthroatgirls","https://www.google.com/"
"","extremedehnung","https://www.google.com/"
"","extremedigital","https://www.google.com/"
"","extremedildo","https://www.google.com/"
"","extreme-dm","https://www.google.com/"
"","extremedomina","https://www.google.com/"
"","extreme-domina","https://www.google.com/"
"","extremedrawing","https://www.google.com/"
"","extremedrawings","https://www.google.com/"
"","extremeelvis","https://www.google.com/"
"","extreme-erotica","https://www.google.com/"
"","extremeeuropeans","https://www.google.com/"
"","extremefarm","https://www.google.com/"
"","extremefat","https://www.google.com/"
"","extremefeeds","https://www.google.com/"
"","extremefeet","https://www.google.com/"
"","extremefeetsexvideos","https://www.google.com/"
"","extremefemdomstories","https://www.google.com/"
"","extreme-fesselspiele","https://www.google.com/"
"","extremefetish","https://www.google.com/"
"","extremefetishes","https://www.google.com/"
"","extreme-fetish","https://www.google.com/"
"","extremefetishs","https://www.google.com/"
"","extremefetishsex","https://www.google.com/"
"","extremefetishtube","https://www.google.com/"
"","extremefetishzone","https://www.google.com/"
"","extremefilmpjes","https://www.google.com/"
"","extremefilms","https://www.google.com/"
"","extremefineart","https://www.google.com/"
"","extremefistinggalleries","https://www.google.com/"
"","extremefistingporn","https://www.google.com/"
