"﻿""id""","read","recommended"
"","felluciablowhd","https://www.google.com/"
"","felluciafellatio","https://www.google.com/"
"","felnet","https://www.google.com/"
"","felnottbolt","https://www.google.com/"
"","felonyangel","https://www.google.com/"
"","felonyxxx","https://www.google.com/"
"","felsex","https://www.google.com/"
"","feltupbyjen","https://www.google.com/"
"","fem32comix","https://www.google.com/"
"","female101","https://www.google.com/"
"","femaleagent1","https://www.google.com/"
"","femaleagent","https://www.google.com/"
"","femaleamateur","https://www.google.com/"
"","femaleanatomy","https://www.google.com/"
"","female-anatomy-for-artist","https://www.google.com/"
"","female-anatomy","https://www.google.com/"
"","femaleanatomypics","https://www.google.com/"
"","female-art","https://www.google.com/"
"","femaleauthority","https://www.google.com/"
"","femalebeauty","https://www.google.com/"
"","female-bodybuilders","https://www.google.com/"
"","femalebodybuildersnude","https://www.google.com/"
"","femalebondage","https://www.google.com/"
"","femaleboxer","https://www.google.com/"
"","femaleboxers","https://www.google.com/"
"","femalecam","https://www.google.com/"
"","femalecanada","https://www.google.com/"
"","femaleceleberties","https://www.google.com/"
"","femalecelebirties","https://www.google.com/"
"","femalecelebmovies","https://www.google.com/"
"","femalecelebrities","https://www.google.com/"
"","femalecelebritiesnude","https://www.google.com/"
"","femalecelebrity","https://www.google.com/"
"","femalecelebrityoops","https://www.google.com/"
"","femalecircumcision","https://www.google.com/"
"","femalecityflex","https://www.google.com/"
"","femalecock","https://www.google.com/"
"","femalecoming","https://www.google.com/"
"","femalecompanions","https://www.google.com/"
"","femalecum","https://www.google.com/"
"","female-desperation-blog","https://www.google.com/"
"","female-desperation","https://www.google.com/"
"","femaledisciplinarians","https://www.google.com/"
"","femaledom","https://www.google.com/"
"","femaledomina","https://www.google.com/"
"","femaledominas","https://www.google.com/"
"","female-domination-bdsm","https://www.google.com/"
"","femaledomination","https://www.google.com/"
"","femaledominationcams","https://www.google.com/"
"","female-domination","https://www.google.com/"
"","femaledominationlinks","https://www.google.com/"
"","femaledominationphonesex","https://www.google.com/"
"","female-dominations","https://www.google.com/"
"","female-domination-story","https://www.google.com/"
"","femaledominationtgp","https://www.google.com/"
"","femaledominationtube","https://www.google.com/"
"","femaledominationworld","https://www.google.com/"
"","female-ejaculation","https://www.google.com/"
"","female-ejaculation-links","https://www.google.com/"
"","femaleejaculation","https://www.google.com/"
"","female-enhancement","https://www.google.com/"
"","femaleerotica","https://www.google.com/"
"","femaleerotic","https://www.google.com/"
"","femaleescapeartist","https://www.google.com/"
"","femaleescorting","https://www.google.com/"
"","femaleescorts","https://www.google.com/"
"","female-escort-services","https://www.google.com/"
"","femaleescortsmumbai","https://www.google.com/"
"","femalefaketaxi","https://www.google.com/"
"","female-fantasies","https://www.google.com/"
"","femalefeet","https://www.google.com/"
"","femalefeetworship","https://www.google.com/"
"","femalefightclub","https://www.google.com/"
"","female-fighting","https://www.google.com/"
"","femalefineartsnude","https://www.google.com/"
"","femalefingers","https://www.google.com/"
"","femalefirst","https://www.google.com/"
"","femalefitnessmodel","https://www.google.com/"
"","femaleflashers","https://www.google.com/"
"","femalefreedom","https://www.google.com/"
"","femalefriendlyporn","https://www.google.com/"
"","femalefurries","https://www.google.com/"
"","femalefusion","https://www.google.com/"
"","femalegel","https://www.google.com/"
"","femalegenitalia","https://www.google.com/"
"","femalegenitals","https://www.google.com/"
"","femaleglamourgalleries","https://www.google.com/"
"","femalegloryhole","https://www.google.com/"
"","femalegloryholephotos","https://www.google.com/"
"","femalegloryholes","https://www.google.com/"
"","femaleguard","https://www.google.com/"
"","femalehardbody","https://www.google.com/"
"","female-hygiene","https://www.google.com/"
"","femalekingdom","https://www.google.com/"
"","femaleledrelationships","https://www.google.com/"
"","femaleliquidorgasm","https://www.google.com/"
"","femalelovers","https://www.google.com/"
"","female-male-masturbation","https://www.google.com/"
"","femalemasterbationxxx","https://www.google.com/"
"","femalemasturbation","https://www.google.com/"
