"﻿""id""","read","recommended"
"","eroticasiangirls","https://www.google.com/"
"","eroticasianpics","https://www.google.com/"
"","eroticasians","https://www.google.com/"
"","eroticasiasexychat","https://www.google.com/"
"","eroticasluts","https://www.google.com/"
"","eroticasm","https://www.google.com/"
"","eroticass","https://www.google.com/"
"","eroticasspussy","https://www.google.com/"
"","eroticast","https://www.google.com/"
"","eroticastore","https://www.google.com/"
"","eroticastories","https://www.google.com/"
"","eroticastory","https://www.google.com/"
"","eroticastudio","https://www.google.com/"
"","eroticasul","https://www.google.com/"
"","eroticasy","https://www.google.com/"
"","erotic","https://www.google.com/"
"","eroticat","https://www.google.com/"
"","eroticatelevision","https://www.google.com/"
"","eroticatgp","https://www.google.com/"
"","erotication","https://www.google.com/"
"","erotica-toon","https://www.google.com/"
"","eroticatoys","https://www.google.com/"
"","eroticatranny","https://www.google.com/"
"","eroticatransexual","https://www.google.com/"
"","eroticatransexuals","https://www.google.com/"
"","eroticats","https://www.google.com/"
"","eroticatube","https://www.google.com/"
"","eroticatv","https://www.google.com/"
"","eroticaudio","https://www.google.com/"
"","eroticaudios","https://www.google.com/"
"","eroticaudiostory","https://www.google.com/"
"","erotica-uk","https://www.google.com/"
"","eroticauktionen","https://www.google.com/"
"","eroticauniverse","https://www.google.com/"
"","eroticaunlimited","https://www.google.com/"
"","eroticautumn","https://www.google.com/"
"","eroticave","https://www.google.com/"
"","eroticavideo","https://www.google.com/"
"","eroticavideos","https://www.google.com/"
"","eroticavideostore","https://www.google.com/"
"","eroticavids","https://www.google.com/"
"","erotica-vintage","https://www.google.com/"
"","eroticawakening","https://www.google.com/"
"","erotic-awards","https://www.google.com/"
"","eroticaway","https://www.google.com/"
"","eroticawinkel","https://www.google.com/"
"","erotica-world","https://www.google.com/"
"","eroticaworld","https://www.google.com/"
"","eroticawriters","https://www.google.com/"
"","erotica-x","https://www.google.com/"
"","eroticax","https://www.google.com/"
"","eroticaxfan","https://www.google.com/"
"","erotica-xqlusive","https://www.google.com/"
"","eroticaxxl","https://www.google.com/"
"","erotica-xxx","https://www.google.com/"
"","eroticaxxx","https://www.google.com/"
"","eroticazine","https://www.google.com/"
"","erotic-babes","https://www.google.com/"
"","eroticbabes","https://www.google.com/"
"","eroticbabesgallery","https://www.google.com/"
"","eroticbabespics","https://www.google.com/"
"","eroticbaking","https://www.google.com/"
"","eroticbar","https://www.google.com/"
"","eroticbase","https://www.google.com/"
"","erotic-bdsm-hypnosis","https://www.google.com/"
"","erotic-bdsm","https://www.google.com/"
"","erotic-beauties","https://www.google.com/"
"","eroticbeauties","https://www.google.com/"
"","eroticbeauties","https://www.google.com/"
"","eroticbeauty","https://www.google.com/"
"","eroticbeautypussy","https://www.google.com/"
"","eroticbedroom","https://www.google.com/"
"","eroticbella","https://www.google.com/"
"","eroticbigbreasts","https://www.google.com/"
"","eroticbignipples","https://www.google.com/"
"","eroticbikinis","https://www.google.com/"
"","eroticbilder","https://www.google.com/"
"","eroticbio","https://www.google.com/"
"","eroticbitch","https://www.google.com/"
"","erotic-blog","https://www.google.com/"
"","eroticblowjob","https://www.google.com/"
"","eroticbodyheat","https://www.google.com/"
"","eroticbomb","https://www.google.com/"
"","erotic-bondage","https://www.google.com/"
"","eroticbondage","https://www.google.com/"
"","eroticbondageonline","https://www.google.com/"
"","eroticboobs","https://www.google.com/"
"","eroticbook","https://www.google.com/"
"","eroticbookmarks","https://www.google.com/"
"","erotic-bookshop","https://www.google.com/"
"","eroticbooks","https://www.google.com/"
"","eroticbookstore","https://www.google.com/"
"","eroticboost","https://www.google.com/"
"","eroticbot","https://www.google.com/"
"","eroticboy","https://www.google.com/"
"","eroticboys","https://www.google.com/"
"","eroticbpm","https://www.google.com/"
"","erotic-browser","https://www.google.com/"
"","eroticbrowser","https://www.google.com/"
"","eroticbutikken","https://www.google.com/"
