"﻿""id""","read","recommended"
"","annies-female-ejaculation","https://www.google.com/"
"","annies-place","https://www.google.com/"
"","anniesprinkle","https://www.google.com/"
"","anniesweb","https://www.google.com/"
"","annie-videos","https://www.google.com/"
"","annikadeluxe","https://www.google.com/"
"","annika-deluxe","https://www.google.com/"
"","annisbondage","https://www.google.com/"
"","anniversaryseminar","https://www.google.com/"
"","annjacobs","https://www.google.com/"
"","annmarierios","https://www.google.com/"
"","annmoreno","https://www.google.com/"
"","annonce2coquine","https://www.google.com/"
"","annonce2plancul","https://www.google.com/"
"","annoncebaise","https://www.google.com/"
"","annonce-bdsm","https://www.google.com/"
"","annonce-coquine","https://www.google.com/"
"","annoncedesexe","https://www.google.com/"
"","annonce-echangisme","https://www.google.com/"
"","annonce-echangiste","https://www.google.com/"
"","annonce-gay","https://www.google.com/"
"","annoncegay","https://www.google.com/"
"","annonce-intime","https://www.google.com/"
"","annonce-libertine","https://www.google.com/"
"","annonce","https://www.google.com/"
"","annonce-plan-cul","https://www.google.com/"
"","annonceplanq","https://www.google.com/"
"","annonce-q","https://www.google.com/"
"","annonce-rencontre","https://www.google.com/"
"","annoncesadulte","https://www.google.com/"
"","annonces-adultes","https://www.google.com/"
"","annonce-salope","https://www.google.com/"
"","annonces-amateurs","https://www.google.com/"
"","annoncescoquines","https://www.google.com/"
"","annonces-coquines","https://www.google.com/"
"","annonces-couples","https://www.google.com/"
"","annonces-de-rencontre","https://www.google.com/"
"","annoncesdesexe","https://www.google.com/"
"","annonces-erotiques","https://www.google.com/"
"","annonces-escort-girls","https://www.google.com/"
"","annonce-sexe","https://www.google.com/"
"","annoncesexe","https://www.google.com/"
"","annonce-sexy","https://www.google.com/"
"","annoncesgay","https://www.google.com/"
"","annoncesgirls","https://www.google.com/"
"","annonces-intimes","https://www.google.com/"
"","annonces-libertine","https://www.google.com/"
"","annonces-rencontres","https://www.google.com/"
"","annoncesrencontres","https://www.google.com/"
"","annonces-sex","https://www.google.com/"
"","annonces-sexe","https://www.google.com/"
"","annonces-sexy","https://www.google.com/"
"","annonces-sexy-suisse","https://www.google.com/"
"","annonces-travesti","https://www.google.com/"
"","annonce-trans","https://www.google.com/"
"","annonz","https://www.google.com/"
"","annoo","https://www.google.com/"
"","announcementservice","https://www.google.com/"
"","annporn","https://www.google.com/"
"","annsummers","https://www.google.com/"
"","annteen","https://www.google.com/"
"","annuaire2cul","https://www.google.com/"
"","annuaire-2-mature","https://www.google.com/"
"","annuaire-2-rencontre","https://www.google.com/"
"","annuaire2sexe","https://www.google.com/"
"","annuaire2site","https://www.google.com/"
"","annuaireadulte","https://www.google.com/"
"","annuaire-charme","https://www.google.com/"
"","annuaire-charme-x","https://www.google.com/"
"","annuaire-commercial","https://www.google.com/"
"","annuairedecharme","https://www.google.com/"
"","annuaire-de-cul","https://www.google.com/"
"","annuaire-de-rencontres","https://www.google.com/"
"","annuaire-de-sexe","https://www.google.com/"
"","annuairedesexe","https://www.google.com/"
"","annuairedesitesporno","https://www.google.com/"
"","annuaire-de-sites-x","https://www.google.com/"
"","annuaire-du-cul","https://www.google.com/"
"","annuaireducul","https://www.google.com/"
"","annuaire-du-gratuit","https://www.google.com/"
"","annuairedunet","https://www.google.com/"
"","annuaireduplaisir","https://www.google.com/"
"","annuaire-du-porno","https://www.google.com/"
"","annuaireduporno","https://www.google.com/"
"","annuaire-du-sexe","https://www.google.com/"
"","annuairedusexegay","https://www.google.com/"
"","annuaire-du-sexe-gratuit","https://www.google.com/"
"","annuairedusexe","https://www.google.com/"
"","annuaire-du-sexy","https://www.google.com/"
"","annuaire-du-xxx","https://www.google.com/"
"","annuaire-erotique","https://www.google.com/"
"","annuaire-escort-girl-paris","https://www.google.com/"
"","annuaire-femme","https://www.google.com/"
"","annuaire-fetish","https://www.google.com/"
"","annuaire-fille-sexy","https://www.google.com/"
"","annuaire-flirt","https://www.google.com/"
"","annuaire-","https://www.google.com/"
"","annuaire-freesite","https://www.google.com/"
"","annuaire-fun","https://www.google.com/"
"","annuaire-gay","https://www.google.com/"
