"﻿""id""","read","recommended"
"","brodhost","https://www.google.com/"
"","broerneuktzusje","https://www.google.com/"
"","brofucker","https://www.google.com/"
"","brogals","https://www.google.com/"
"","brogaytube","https://www.google.com/"
"","brohub","https://www.google.com/"
"","brokeamateursblog","https://www.google.com/"
"","brokeamateurs","https://www.google.com/"
"","broke-amateurs","https://www.google.com/"
"","brokeamateurstube","https://www.google.com/"
"","brokeandfucked","https://www.google.com/"
"","brokeandhorny","https://www.google.com/"
"","brokebackasians","https://www.google.com/"
"","brokeboystour","https://www.google.com/"
"","brokecoeds","https://www.google.com/"
"","brokecollegeboys","https://www.google.com/"
"","brokecollegechicks","https://www.google.com/"
"","brokecollegegirls","https://www.google.com/"
"","brokegay","https://www.google.com/"
"","brokegaymen","https://www.google.com/"
"","brokelatinoguys","https://www.google.com/"
"","brokemodel","https://www.google.com/"
"","brokenbuttcasino","https://www.google.com/"
"","brokendollfactory","https://www.google.com/"
"","brokendollmodels","https://www.google.com/"
"","brokendollz","https://www.google.com/"
"","brokensluts","https://www.google.com/"
"","brokenteens","https://www.google.com/"
"","brokerbabe","https://www.google.com/"
"","brokerbs","https://www.google.com/"
"","brokertraffic","https://www.google.com/"
"","brokestraightboy","https://www.google.com/"
"","brokestraightboys","https://www.google.com/"
"","brokestraightgirls","https://www.google.com/"
"","brokestraightguys","https://www.google.com/"
"","broketube","https://www.google.com/"
"","broknes","https://www.google.com/"
"","bromasaparte","https://www.google.com/"
"","bromatures","https://www.google.com/"
"","bromelons","https://www.google.com/"
"","bromo","https://www.google.com/"
"","bromonetwork","https://www.google.com/"
"","bromygod","https://www.google.com/"
"","broncs","https://www.google.com/"
"","bronhagay","https://www.google.com/"
"","bronia","https://www.google.com/"
"","bronnen","https://www.google.com/"
"","bronshoes","https://www.google.com/"
"","bronxboyz","https://www.google.com/"
"","bronx","https://www.google.com/"
"","bronxties","https://www.google.com/"
"","bronzeadultblogs","https://www.google.com/"
"","bronzeporntube","https://www.google.com/"
"","bronzesex","https://www.google.com/"
"","broodjesexpress","https://www.google.com/"
"","brookebanner","https://www.google.com/"
"","brookebannerxxx","https://www.google.com/"
"","brookeburke","https://www.google.com/"
"","brookeexposed","https://www.google.com/"
"","brookehaven","https://www.google.com/"
"","brookelane","https://www.google.com/"
"","brookelawson","https://www.google.com/"
"","brookeleeadams","https://www.google.com/"
"","brooke-lee-playmates","https://www.google.com/"
"","brookelima","https://www.google.com/"
"","brookelynnebriar","https://www.google.com/"
"","brookemarks","https://www.google.com/"
"","brookemarksnude","https://www.google.com/"
"","brookemarksshowersforever","https://www.google.com/"
"","brookemarksworldcup","https://www.google.com/"
"","brookesblog","https://www.google.com/"
"","brookesboobs","https://www.google.com/"
"","brookesgirls","https://www.google.com/"
"","brookeskye","https://www.google.com/"
"","brooke-skye-hardcore","https://www.google.com/"
"","brooke-skye","https://www.google.com/"
"","brookesmegazips","https://www.google.com/"
"","brookesnaughty100","https://www.google.com/"
"","brookesplayhouse","https://www.google.com/"
"","brookewestxxx","https://www.google.com/"
"","brookewyldexxx","https://www.google.com/"
"","brookielittle","https://www.google.com/"
"","brooklinmodels","https://www.google.com/"
"","brooklittle","https://www.google.com/"
"","brooklynbaileyblog","https://www.google.com/"
"","brooklynbitches","https://www.google.com/"
"","brooklynslut","https://www.google.com/"
"","brootminoo","https://www.google.com/"
"","broporn","https://www.google.com/"
"","br","https://www.google.com/"
"","brosasians","https://www.google.com/"
"","brosbdsm","https://www.google.com/"
"","brosboys","https://www.google.com/"
"","brosexposed","https://www.google.com/"
"","brosfetish","https://www.google.com/"
"","brosfuckinghoes","https://www.google.com/"
"","brosgays","https://www.google.com/"
"","broshairy","https://www.google.com/"
"","broshentai","https://www.google.com/"
"","brosissex","https://www.google.com/"
