"﻿""id""","read","recommended"
"","dating-treff","https://www.google.com/"
"","dating-treffpunkt","https://www.google.com/"
"","datingville","https://www.google.com/"
"","dating-webcam","https://www.google.com/"
"","datingwebcam","https://www.google.com/"
"","datingwebmasters","https://www.google.com/"
"","dating-website-reviews","https://www.google.com/"
"","datingwebsites","https://www.google.com/"
"","dating-websites","https://www.google.com/"
"","datingworld-nl","https://www.google.com/"
"","datingxsite","https://www.google.com/"
"","datingxxx","https://www.google.com/"
"","datingyes","https://www.google.com/"
"","dating-zone","https://www.google.com/"
"","datisraar","https://www.google.com/"
"","datits","https://www.google.com/"
"","datools","https://www.google.com/"
"","datoons","https://www.google.com/"
"","datopia","https://www.google.com/"
"","datoporn","https://www.google.com/"
"","datordelar","https://www.google.com/"
"","datraff","https://www.google.com/"
"","datranny","https://www.google.com/"
"","dattr","https://www.google.com/"
"","datviet","https://www.google.com/"
"","datwinks","https://www.google.com/"
"","daty","https://www.google.com/"
"","datzijnwij","https://www.google.com/"
"","dauergeileamateure","https://www.google.com/"
"","dauergeileteenys","https://www.google.com/"
"","dauerstress","https://www.google.com/"
"","daughterdestruction","https://www.google.com/"
"","daughter-incest","https://www.google.com/"
"","daughterincestdaddy","https://www.google.com/"
"","daughter-nude","https://www.google.com/"
"","daughter-porn","https://www.google.com/"
"","daughterson","https://www.google.com/"
"","daughterswap","https://www.google.com/"
"","davalki","https://www.google.com/"
"","davcat","https://www.google.com/"
"","davecummings","https://www.google.com/"
"","daveglassart","https://www.google.com/"
"","davemeister","https://www.google.com/"
"","davenaz","https://www.google.com/"
"","daveschalkboard","https://www.google.com/"
"","davesimpsonbondage","https://www.google.com/"
"","davespix","https://www.google.com/"
"","davexxx","https://www.google.com/"
"","davezilla","https://www.google.com/"
"","davidboy","https://www.google.com/"
"","daviddennett","https://www.google.com/"
"","davidknightbondage","https://www.google.com/"
"","davidlachapelle","https://www.google.com/"
"","davidmackvideo","https://www.google.com/"
"","davidmecey","https://www.google.com/"
"","davidmovies","https://www.google.com/"
"","davidneuse","https://www.google.com/"
"","davidnudescash","https://www.google.com/"
"","david-nudes","https://www.google.com/"
"","davidnudesworld","https://www.google.com/"
"","davidsangels","https://www.google.com/"
"","davidschoen","https://www.google.com/"
"","davidshade","https://www.google.com/"
"","daviebear","https://www.google.com/"
"","davina","https://www.google.com/"
"","davinadust","https://www.google.com/"
"","davisphoto","https://www.google.com/"
"","davxxx","https://www.google.com/"
"","dawebmaster","https://www.google.com/"
"","dawgfilms","https://www.google.com/"
"","dawgmedia","https://www.google.com/"
"","dawgpoundusa","https://www.google.com/"
"","dawgydog","https://www.google.com/"
"","dawnallison","https://www.google.com/"
"","dawnavril","https://www.google.com/"
"","dawndesire","https://www.google.com/"
"","dawnie","https://www.google.com/"
"","dawnmarie","https://www.google.com/"
"","dawnmariesdream","https://www.google.com/"
"","dawnnaked","https://www.google.com/"
"","dawnsplace","https://www.google.com/"
"","dawns-place","https://www.google.com/"
"","dawnsplayground","https://www.google.com/"
"","dawnstone","https://www.google.com/"
"","dawsonmiller","https://www.google.com/"
"","daxi","https://www.google.com/"
"","daxmichaels","https://www.google.com/"
"","dax","https://www.google.com/"
"","daxxxtube","https://www.google.com/"
"","day13","https://www.google.com/"
"","day4sex","https://www.google.com/"
"","dayana-cadeau","https://www.google.com/"
"","daybbw","https://www.google.com/"
"","daycunts","https://www.google.com/"
"","day-dreamer","https://www.google.com/"
"","daydreamstravel","https://www.google.com/"
"","dayerotica","https://www.google.com/"
"","dayfun","https://www.google.com/"
"","daynadelux","https://www.google.com/"
"","dayoff","https://www.google.com/"
