"﻿""id""","read","recommended"
"","explicitdownloads","https://www.google.com/"
"","explicite-art","https://www.google.com/"
"","expliciteart","https://www.google.com/"
"","explicite","https://www.google.com/"
"","explicite-hardcore","https://www.google.com/"
"","explicite-pass","https://www.google.com/"
"","explicitgirls","https://www.google.com/"
"","explicithardcore","https://www.google.com/"
"","explicitinterracial","https://www.google.com/"
"","explicitlesbians","https://www.google.com/"
"","explicitlinks","https://www.google.com/"
"","explicitmovies","https://www.google.com/"
"","explicitnude","https://www.google.com/"
"","explicitphonesex","https://www.google.com/"
"","explicitporn","https://www.google.com/"
"","explicitporno","https://www.google.com/"
"","explicitpornstars","https://www.google.com/"
"","explicitpussy","https://www.google.com/"
"","explicitshemales","https://www.google.com/"
"","explicitshow","https://www.google.com/"
"","explicitsites","https://www.google.com/"
"","explicittube","https://www.google.com/"
"","explicit-tv","https://www.google.com/"
"","explicitvoyeurs","https://www.google.com/"
"","explicitwives","https://www.google.com/"
"","explicityoungest","https://www.google.com/"
"","exploaded","https://www.google.com/"
"","explodeherholes","https://www.google.com/"
"","explodingcunts","https://www.google.com/"
"","exploitblackteens","https://www.google.com/"
"","exploitd-moms","https://www.google.com/"
"","exploited18","https://www.google.com/"
"","exploited18teen","https://www.google.com/"
"","exploited21","https://www.google.com/"
"","exploitedafricanimmigrants","https://www.google.com/"
"","exploitedasia","https://www.google.com/"
"","exploitedasianthumbs","https://www.google.com/"
"","exploitedbabysitters","https://www.google.com/"
"","exploited-bitches","https://www.google.com/"
"","exploitedblackteenies","https://www.google.com/"
"","exploitedblackteens","https://www.google.com/"
"","exploitedcollegegirls","https://www.google.com/"
"","exploitedcuties","https://www.google.com/"
"","exploitedebonyteens","https://www.google.com/"
"","exploitedexgf","https://www.google.com/"
"","exploitedexgfs","https://www.google.com/"
"","exploitedfame","https://www.google.com/"
"","exploitedjapan","https://www.google.com/"
"","exploitedmoms","https://www.google.com/"
"","exploitedmomsmovies","https://www.google.com/"
"","exploitedsecretaries","https://www.google.com/"
"","exploitedsluts","https://www.google.com/"
"","exploitedteenasia","https://www.google.com/"
"","exploitedteensasia","https://www.google.com/"
"","exploited-teens","https://www.google.com/"
"","exploitedteens","https://www.google.com/"
"","exploitedthaiteens","https://www.google.com/"
"","exploitedthumbs","https://www.google.com/"
"","exploratorius","https://www.google.com/"
"","exploreadult","https://www.google.com/"
"","explorejapan","https://www.google.com/"
"","exploremaths","https://www.google.com/"
"","explorexxx","https://www.google.com/"
"","exploringintimacy","https://www.google.com/"
"","explosion-anal","https://www.google.com/"
"","explosionanale","https://www.google.com/"
"","explosiongay","https://www.google.com/"
"","explosivedildostories","https://www.google.com/"
"","explosivefightvideos","https://www.google.com/"
"","explosivegay","https://www.google.com/"
"","explosivepass","https://www.google.com/"
"","explosiveweapons","https://www.google.com/"
"","expmath","https://www.google.com/"
"","expmoms","https://www.google.com/"
"","expoceleb","https://www.google.com/"
"","expoit","https://www.google.com/"
"","expologistica","https://www.google.com/"
"","exporder-patuility","https://www.google.com/"
"","exporexxx","https://www.google.com/"
"","ex-porn","https://www.google.com/"
"","expornos","https://www.google.com/"
"","expornstar","https://www.google.com/"
"","exporntoons","https://www.google.com/"
"","exporntube","https://www.google.com/"
"","exposage","https://www.google.com/"
"","expose18","https://www.google.com/"
"","exposed18","https://www.google.com/"
"","exposed4u","https://www.google.com/"
"","exposedamateurs","https://www.google.com/"
"","exposed-angels","https://www.google.com/"
"","exposedcasting","https://www.google.com/"
"","exposeddaughters","https://www.google.com/"
"","exposedebony","https://www.google.com/"
"","exposedemos","https://www.google.com/"
"","exposedexgfs","https://www.google.com/"
"","exposedflashers","https://www.google.com/"
"","exposedforums","https://www.google.com/"
"","exposedgals","https://www.google.com/"
"","exposedhollywood","https://www.google.com/"
"","exposedindiangfs","https://www.google.com/"
