"﻿""id""","read","recommended"
"","camsex-livegirls","https://www.google.com/"
"","camsexlove","https://www.google.com/"
"","camsex-luder","https://www.google.com/"
"","camsexluder","https://www.google.com/"
"","camsexmarie","https://www.google.com/"
"","camsexmeet","https://www.google.com/"
"","camsexmessenger","https://www.google.com/"
"","camsex-miezen","https://www.google.com/"
"","camsex-monster","https://www.google.com/"
"","camsexmovies","https://www.google.com/"
"","camsex-muschis","https://www.google.com/"
"","camsexnederland","https://www.google.com/"
"","camsexnet","https://www.google.com/"
"","camsexnl","https://www.google.com/"
"","camsexnow","https://www.google.com/"
"","camsex-nudechrissy","https://www.google.com/"
"","cam-sex-nutten","https://www.google.com/"
"","camsexone","https://www.google.com/"
"","camsexo","https://www.google.com/"
"","camsex-online","https://www.google.com/"
"","camsexpagina","https://www.google.com/"
"","camsex-pagina","https://www.google.com/"
"","camsexpalace","https://www.google.com/"
"","camsexplaza","https://www.google.com/"
"","camsexportalen","https://www.google.com/"
"","camsex-privat","https://www.google.com/"
"","camsexpur","https://www.google.com/"
"","camsexroom","https://www.google.com/"
"","camsexroulette","https://www.google.com/"
"","camsex-seite","https://www.google.com/"
"","camsexseiten","https://www.google.com/"
"","camsex-sex-cam","https://www.google.com/"
"","camsex-show","https://www.google.com/"
"","camsex-sletjes","https://www.google.com/"
"","camsexs","https://www.google.com/"
"","camsexstar","https://www.google.com/"
"","camsexstars","https://www.google.com/"
"","camsex-strip","https://www.google.com/"
"","camsext","https://www.google.com/"
"","camsex-teens","https://www.google.com/"
"","camsex-telefonsex","https://www.google.com/"
"","camsex-telefonzugang","https://www.google.com/"
"","camsextesten","https://www.google.com/"
"","camsextips","https://www.google.com/"
"","camsex-topliste","https://www.google.com/"
"","camsextown","https://www.google.com/"
"","camsextrans","https://www.google.com/"
"","camsex-treff","https://www.google.com/"
"","camsextube","https://www.google.com/"
"","camsextv","https://www.google.com/"
"","camsexuk","https://www.google.com/"
"","camsex-umsonst","https://www.google.com/"
"","camsex-unzensiert","https://www.google.com/"
"","camsexvideo","https://www.google.com/"
"","camsexvideos","https://www.google.com/"
"","camsexvrouwen","https://www.google.com/"
"","cam-sex-webcam","https://www.google.com/"
"","camsex-webcam","https://www.google.com/"
"","camsexwebcam","https://www.google.com/"
"","camsexwebcams","https://www.google.com/"
"","camsexworld","https://www.google.com/"
"","camsexxxlive","https://www.google.com/"
"","cam-sexy","https://www.google.com/"
"","camsexy","https://www.google.com/"
"","camsexygirls","https://www.google.com/"
"","cam-sexy-gratuite","https://www.google.com/"
"","camsexylive","https://www.google.com/"
"","camsexysluts","https://www.google.com/"
"","camsexystrip","https://www.google.com/"
"","camsfaq","https://www.google.com/"
"","camsfinder","https://www.google.com/"
"","camsflirt","https://www.google.com/"
"","camsfly","https://www.google.com/"
"","camsforall","https://www.google.com/"
"","camsforboys","https://www.google.com/"
"","camsforfun","https://www.google.com/"
"","cams-for-you","https://www.google.com/"
"","camsfree","https://www.google.com/"
"","camsfreecredit","https://www.google.com/"
"","camsfromasia","https://www.google.com/"
"","camsfromhome","https://www.google.com/"
"","camsgallery","https://www.google.com/"
"","camsgonude","https://www.google.com/"
"","camshake","https://www.google.com/"
"","camshardcore","https://www.google.com/"
"","camsharks","https://www.google.com/"
"","camshemales","https://www.google.com/"
"","camshere","https://www.google.com/"
"","cams-here-now","https://www.google.com/"
"","camshit","https://www.google.com/"
"","camshock","https://www.google.com/"
"","camsholland","https://www.google.com/"
"","camshooker","https://www.google.com/"
"","camshot","https://www.google.com/"
"","camshotz","https://www.google.com/"
"","camshowasians","https://www.google.com/"
"","camshowbabes","https://www.google.com/"
"","camshowcity","https://www.google.com/"
"","camshow","https://www.google.com/"
"","camshowdownloads","https://www.google.com/"
