"﻿""id""","read","recommended"
"","e-liberator","https://www.google.com/"
"","elicit","https://www.google.com/"
"","eliensexclusieveinterieurs","https://www.google.com/"
"","eligeme","https://www.google.com/"
"","eligestu","https://www.google.com/"
"","elimoms","https://www.google.com/"
"","e-lingerie","https://www.google.com/"
"","elingeriesexy","https://www.google.com/"
"","elinterpretador","https://www.google.com/"
"","el-intim","https://www.google.com/"
"","elip","https://www.google.com/"
"","elisababe","https://www.google.com/"
"","elisa-dreams","https://www.google.com/"
"","elisa-exhib","https://www.google.com/"
"","elisa-flashing","https://www.google.com/"
"","elisardv","https://www.google.com/"
"","eliseerotic","https://www.google.com/"
"","elise-escort","https://www.google.com/"
"","elise","https://www.google.com/"
"","elisha-cuthbert","https://www.google.com/"
"","elishajade","https://www.google.com/"
"","elita","https://www.google.com/"
"","eliteacompanhantes","https://www.google.com/"
"","eliteanika","https://www.google.com/"
"","eliteasiansex","https://www.google.com/"
"","elitebabes","https://www.google.com/"
"","elitebdsm","https://www.google.com/"
"","elitebocaratonescorts","https://www.google.com/"
"","elitecammodels","https://www.google.com/"
"","elitecastingnetwork","https://www.google.com/"
"","elite-change","https://www.google.com/"
"","elitecities","https://www.google.com/"
"","eliteclips","https://www.google.com/"
"","eliteclub","https://www.google.com/"
"","elite-companion","https://www.google.com/"
"","elitecompanion","https://www.google.com/"
"","elitecourtesans","https://www.google.com/"
"","elitedaily","https://www.google.com/"
"","elite-dating","https://www.google.com/"
"","elitedollars","https://www.google.com/"
"","elitedomme","https://www.google.com/"
"","eliteeroticmassage","https://www.google.com/"
"","elite-escortgirls","https://www.google.com/"
"","elite-escort","https://www.google.com/"
"","elite-escort-prague","https://www.google.com/"
"","eliteescorts","https://www.google.com/"
"","elite-escorts","https://www.google.com/"
"","eliteescortsdelhi","https://www.google.com/"
"","elitefamosas","https://www.google.com/"
"","elitefatsex","https://www.google.com/"
"","elitefemdom","https://www.google.com/"
"","elitefootworship","https://www.google.com/"
"","elite-forum","https://www.google.com/"
"","elitegalleries","https://www.google.com/"
"","elitegangbang","https://www.google.com/"
"","elitegayfuck","https://www.google.com/"
"","elitegayporn","https://www.google.com/"
"","elitegayvideo","https://www.google.com/"
"","elitegirl","https://www.google.com/"
"","elitegirls","https://www.google.com/"
"","elitegrannies","https://www.google.com/"
"","elitegrannyfuck","https://www.google.com/"
"","elitegraphicdesign","https://www.google.com/"
"","elitehardcore","https://www.google.com/"
"","elitehdtube","https://www.google.com/"
"","elite-heels","https://www.google.com/"
"","elitehentaiporn","https://www.google.com/"
"","elitehookupclubs2","https://www.google.com/"
"","elitehotties","https://www.google.com/"
"","elitehyderabadescorts","https://www.google.com/"
"","elitelaangels","https://www.google.com/"
"","elitelesbianporn","https://www.google.com/"
"","elitelesbiansex","https://www.google.com/"
"","elite-london-escorts","https://www.google.com/"
"","elitelovers","https://www.google.com/"
"","elite-matures","https://www.google.com/"
"","elitematures","https://www.google.com/"
"","elitemen","https://www.google.com/"
"","elitemiamibeachescorts","https://www.google.com/"
"","elitemiamiescorts","https://www.google.com/"
"","elitemodel","https://www.google.com/"
"","elitemodellook","https://www.google.com/"
"","elitemodelsnow","https://www.google.com/"
"","elite-moscowgirls","https://www.google.com/"
"","elite-movies","https://www.google.com/"
"","elitemovies","https://www.google.com/"
"","elitemumbaiescorts","https://www.google.com/"
"","elitenaplesescorts","https://www.google.com/"
"","elitenylon","https://www.google.com/"
"","elitepain","https://www.google.com/"
"","elitepainvod","https://www.google.com/"
"","elite-paysites","https://www.google.com/"
"","elitepaysites","https://www.google.com/"
"","eliteperfection","https://www.google.com/"
"","elitephoneprincess","https://www.google.com/"
"","elitepoint","https://www.google.com/"
"","elitepornos","https://www.google.com/"
"","elitepornsites","https://www.google.com/"
"","elite-pornstar","https://www.google.com/"
"","elitepregnant","https://www.google.com/"
