"﻿""id""","read","recommended"
"","celebrityspycam","https://www.google.com/"
"","celebrityspy","https://www.google.com/"
"","celebritysquare","https://www.google.com/"
"","celebritystamps","https://www.google.com/"
"","celebritystar","https://www.google.com/"
"","celebritystart","https://www.google.com/"
"","celebritystomach","https://www.google.com/"
"","celebritystorm","https://www.google.com/"
"","celebritystreetstyle","https://www.google.com/"
"","celebritystrip","https://www.google.com/"
"","celebritystyleguide","https://www.google.com/"
"","celebritytattoos","https://www.google.com/"
"","celebrityteaser","https://www.google.com/"
"","celebrityteens","https://www.google.com/"
"","celebritytemptation","https://www.google.com/"
"","celebrity-tgp","https://www.google.com/"
"","celebritytheme","https://www.google.com/"
"","celebritythongs","https://www.google.com/"
"","celebritythreesome","https://www.google.com/"
"","celebrity-thumbs","https://www.google.com/"
"","celebritythumbs","https://www.google.com/"
"","celebritytidbits","https://www.google.com/"
"","celebritytitpics","https://www.google.com/"
"","celebritytrade","https://www.google.com/"
"","celebrity-traffic","https://www.google.com/"
"","celebritytrivia","https://www.google.com/"
"","celebritytube","https://www.google.com/"
"","celebrityupskirt","https://www.google.com/"
"","celebrity-upskirt","https://www.google.com/"
"","celebrity-upskirt-movies","https://www.google.com/"
"","celebrity-upskirt-pictures","https://www.google.com/"
"","celebrityupskirts","https://www.google.com/"
"","celebrityupskirtshots","https://www.google.com/"
"","celebrityupskirtspics","https://www.google.com/"
"","celebrityvault","https://www.google.com/"
"","celebrityvideoclips","https://www.google.com/"
"","celebrityvideodump","https://www.google.com/"
"","celebrity-video-post","https://www.google.com/"
"","celebrityvideo","https://www.google.com/"
"","celebrityvideos","https://www.google.com/"
"","celebrityvipstories","https://www.google.com/"
"","celebrityvoyeur","https://www.google.com/"
"","celebrity-wallpaper","https://www.google.com/"
"","celebritywallpapers","https://www.google.com/"
"","celebritywar","https://www.google.com/"
"","celebritywebmasters","https://www.google.com/"
"","celebritywizard","https://www.google.com/"
"","celebritywoman","https://www.google.com/"
"","celebritywonder","https://www.google.com/"
"","celebrityworld","https://www.google.com/"
"","celebrity-worship","https://www.google.com/"
"","celebritywow","https://www.google.com/"
"","celebrity-x","https://www.google.com/"
"","celebrityx","https://www.google.com/"
"","celebrityxfiles","https://www.google.com/"
"","celebrityxnews","https://www.google.com/"
"","celebrity-xxx","https://www.google.com/"
"","celebrityxxx","https://www.google.com/"
"","celebrityy","https://www.google.com/"
"","celebrity-zone","https://www.google.com/"
"","celebrityzone","https://www.google.com/"
"","celebrityzoom","https://www.google.com/"
"","celebriz","https://www.google.com/"
"","celebroundup","https://www.google.com/"
"","celebrus","https://www.google.com/"
"","celebs101","https://www.google.com/"
"","celebs1","https://www.google.com/"
"","celebs4free","https://www.google.com/"
"","celebs4pics","https://www.google.com/"
"","celebs4sex","https://www.google.com/"
"","celebs4u","https://www.google.com/"
"","celebsandstarsnude","https://www.google.com/"
"","celebs-archive","https://www.google.com/"
"","celebsarchive","https://www.google.com/"
"","celebs","https://www.google.com/"
"","celebsbare","https://www.google.com/"
"","celebsbase","https://www.google.com/"
"","celebsbikini","https://www.google.com/"
"","celebsbyus","https://www.google.com/"
"","celebscafe","https://www.google.com/"
"","celebscandals","https://www.google.com/"
"","celebscans","https://www.google.com/"
"","celebscaughtnude","https://www.google.com/"
"","celebscaughtoncamera","https://www.google.com/"
"","celebscelebs","https://www.google.com/"
"","celebscentral","https://www.google.com/"
"","celebscreen","https://www.google.com/"
"","celebsdaddy","https://www.google.com/"
"","celebsdaily","https://www.google.com/"
"","celebsdb","https://www.google.com/"
"","celebsdump","https://www.google.com/"
"","celebsdungeon","https://www.google.com/"
"","celeb-search","https://www.google.com/"
"","celebsecrets","https://www.google.com/"
"","celebsecretz","https://www.google.com/"
"","celebsempire","https://www.google.com/"
"","celebset","https://www.google.com/"
"","celebsexblog","https://www.google.com/"
"","celebsex","https://www.google.com/"
"","celebsexfakes","https://www.google.com/"
