"﻿""id""","read","recommended"
"","bdsmmodels","https://www.google.com/"
"","bdsm-moebel","https://www.google.com/"
"","bdsmmovie","https://www.google.com/"
"","bdsmmoviereview","https://www.google.com/"
"","bdsmmovies","https://www.google.com/"
"","bdsmmoviesporn","https://www.google.com/"
"","bdsmmoviessex","https://www.google.com/"
"","bdsmmovietube","https://www.google.com/"
"","bdsmmovs","https://www.google.com/"
"","bdsmmpegs","https://www.google.com/"
"","bdsmnation","https://www.google.com/"
"","bdsmnederland","https://www.google.com/"
"","bdsmneedle","https://www.google.com/"
"","b-d-s-m","https://www.google.com/"
"","bdsm-network","https://www.google.com/"
"","bdsm-netz","https://www.google.com/"
"","bdsmnews","https://www.google.com/"
"","bdsmnightmare","https://www.google.com/"
"","bdsmnovels","https://www.google.com/"
"","bdsm-ocean","https://www.google.com/"
"","bdsmofficial","https://www.google.com/"
"","bdsmok","https://www.google.com/"
"","bdsm-online","https://www.google.com/"
"","bdsmonline","https://www.google.com/"
"","bdsm-onlineshop","https://www.google.com/"
"","bdsm-on","https://www.google.com/"
"","bdsmooch","https://www.google.com/"
"","bdsmorgies","https://www.google.com/"
"","bdsm-orgy","https://www.google.com/"
"","bdsmottawa","https://www.google.com/"
"","bdsmotube","https://www.google.com/"
"","bdsm-ou-abus","https://www.google.com/"
"","bdsm-owl","https://www.google.com/"
"","bdsmpad","https://www.google.com/"
"","bdsmpain","https://www.google.com/"
"","bdsmpaintube","https://www.google.com/"
"","bdsmpartners","https://www.google.com/"
"","bdsm-partnervermittlung","https://www.google.com/"
"","bdsm-party","https://www.google.com/"
"","bdsmparty","https://www.google.com/"
"","bdsmpass","https://www.google.com/"
"","bdsmpassions","https://www.google.com/"
"","bdsm-paysite-reviews","https://www.google.com/"
"","bdsmpaysites","https://www.google.com/"
"","bdsm-peergroup","https://www.google.com/"
"","bdsmpersonalads","https://www.google.com/"
"","bdsmpervers","https://www.google.com/"
"","bdsmphonesex","https://www.google.com/"
"","bdsmphoto","https://www.google.com/"
"","bdsm-photos","https://www.google.com/"
"","bdsmphotos","https://www.google.com/"
"","bdsmpic","https://www.google.com/"
"","bdsm-pics","https://www.google.com/"
"","bdsmpics","https://www.google.com/"
"","bdsm-pictures","https://www.google.com/"
"","bdsmpit","https://www.google.com/"
"","bdsm-pix","https://www.google.com/"
"","bdsmpix","https://www.google.com/"
"","bdsm-place","https://www.google.com/"
"","bdsmplace","https://www.google.com/"
"","bdsm-planet","https://www.google.com/"
"","bdsmplanet","https://www.google.com/"
"","bdsmplus","https://www.google.com/"
"","bdsmpool","https://www.google.com/"
"","bdsmporn4u","https://www.google.com/"
"","bdsm-porn","https://www.google.com/"
"","bdsmporn","https://www.google.com/"
"","bdsm--porn","https://www.google.com/"
"","bdsmpornfree","https://www.google.com/"
"","bdsmporngals","https://www.google.com/"
"","bdsmpornhub","https://www.google.com/"
"","bdsmpornmovs","https://www.google.com/"
"","bdsmporno","https://www.google.com/"
"","bdsmpornopics","https://www.google.com/"
"","bdsm-pornos","https://www.google.com/"
"","bdsmpornos","https://www.google.com/"
"","bdsmpornotube","https://www.google.com/"
"","bdsmpornphotos","https://www.google.com/"
"","bdsmpornpics","https://www.google.com/"
"","bdsm-porn-reviews","https://www.google.com/"
"","bdsm-porn-sex","https://www.google.com/"
"","bdsmpornthumbs","https://www.google.com/"
"","bdsmporn","https://www.google.com/"
"","bdsmporntrends","https://www.google.com/"
"","bdsmporntub","https://www.google.com/"
"","bdsm-porn-tube","https://www.google.com/"
"","bdsm-pornvideos","https://www.google.com/"
"","bdsmpornvideos","https://www.google.com/"
"","bdsmpost","https://www.google.com/"
"","bdsmpregnant","https://www.google.com/"
"","bdsmpress","https://www.google.com/"
"","bdsmprison","https://www.google.com/"
"","bdsmprisons","https://www.google.com/"
"","bdsmpro","https://www.google.com/"
"","bdsmpros","https://www.google.com/"
"","bdsmpussy","https://www.google.com/"
"","bdsmpussysex","https://www.google.com/"
"","bdsmqueens","https://www.google.com/"
"","bdsmradio","https://www.google.com/"
"","bdsm-rape","https://www.google.com/"
