"﻿""id""","read","recommended"
"","jetsdemouille","https://www.google.com/"
"","jetset2000","https://www.google.com/"
"","jet-set-angels","https://www.google.com/"
"","jetsetbabes","https://www.google.com/"
"","jetsetboys","https://www.google.com/"
"","jetsetmen","https://www.google.com/"
"","jetsetrdv","https://www.google.com/"
"","jet-sex","https://www.google.com/"
"","jetsexe","https://www.google.com/"
"","jetsex","https://www.google.com/"
"","jetsextv","https://www.google.com/"
"","jetshop","https://www.google.com/"
"","jetsons-hentai","https://www.google.com/"
"","jetwang","https://www.google.com/"
"","jetzt-ficken","https://www.google.com/"
"","jetzt-kostenlos-testen","https://www.google.com/"
"","jetztlive","https://www.google.com/"
"","jetzt-poppen","https://www.google.com/"
"","jetzt-sex","https://www.google.com/"
"","jetztverlieben","https://www.google.com/"
"","jeu-adulte","https://www.google.com/"
"","jeu-adultes","https://www.google.com/"
"","jeuamateur","https://www.google.com/"
"","jeu-coquin","https://www.google.com/"
"","jeu-erotique","https://www.google.com/"
"","jeune18ans","https://www.google.com/"
"","jeune18","https://www.google.com/"
"","jeune-amateur","https://www.google.com/"
"","jeune-amatrice","https://www.google.com/"
"","jeune-amatrice-nue","https://www.google.com/"
"","jeuneart","https://www.google.com/"
"","jeune-asiat","https://www.google.com/"
"","jeunebaisemature","https://www.google.com/"
"","jeunebaiseuse","https://www.google.com/"
"","jeunebaisevieille","https://www.google.com/"
"","jeune-beurette","https://www.google.com/"
"","jeunecatin","https://www.google.com/"
"","jeune-chatte","https://www.google.com/"
"","jeunecochonne","https://www.google.com/"
"","jeune-cochonne","https://www.google.com/"
"","jeune-cochonnes","https://www.google.com/"
"","jeunecoquine","https://www.google.com/"
"","jeune-cpl-amateur","https://www.google.com/"
"","jeune","https://www.google.com/"
"","jeunediablesse","https://www.google.com/"
"","jeuneetsexy","https://www.google.com/"
"","jeune-etudiante-nue","https://www.google.com/"
"","jeune-femme-nue","https://www.google.com/"
"","jeunefemmes","https://www.google.com/"
"","jeune-fille","https://www.google.com/"
"","jeune-filles","https://www.google.com/"
"","jeune-garce","https://www.google.com/"
"","jeune-gay","https://www.google.com/"
"","jeune-gay-francais","https://www.google.com/"
"","jeunegayvideo","https://www.google.com/"
"","jeune-homme-gay","https://www.google.com/"
"","jeune-julie","https://www.google.com/"
"","jeunelesbienne","https://www.google.com/"
"","jeunelle","https://www.google.com/"
"","jeune-mure","https://www.google.com/"
"","jeuneo","https://www.google.com/"
"","jeune-petasse","https://www.google.com/"
"","jeune-pute","https://www.google.com/"
"","jeune-russe","https://www.google.com/"
"","jeune-salope","https://www.google.com/"
"","jeunesalope","https://www.google.com/"
"","jeunesalopes","https://www.google.com/"
"","jeunesalopex","https://www.google.com/"
"","jeunesamatrices","https://www.google.com/"
"","jeunesarabes","https://www.google.com/"
"","jeuneschaudasses","https://www.google.com/"
"","jeunes-et-salopes","https://www.google.com/"
"","jeunes-etudiantes","https://www.google.com/"
"","jeunesfemmes","https://www.google.com/"
"","jeunes-femmes-nues","https://www.google.com/"
"","jeunes-femmes-russes","https://www.google.com/"
"","jeunesfilles","https://www.google.com/"
"","jeunes-filles-xxx","https://www.google.com/"
"","jeunes-garces","https://www.google.com/"
"","jeunes-gouines","https://www.google.com/"
"","jeunes-libertines","https://www.google.com/"
"","jeunes-minettes","https://www.google.com/"
"","jeunesnues","https://www.google.com/"
"","jeunes-online","https://www.google.com/"
"","jeunesputes","https://www.google.com/"
"","jeunessalopes","https://www.google.com/"
"","jeunes-salopes-pucelles","https://www.google.com/"
"","jeunesse","https://www.google.com/"
"","jeunes-sexe","https://www.google.com/"
"","jeunes-top","https://www.google.com/"
"","jeunesx","https://www.google.com/"
"","jeunette","https://www.google.com/"
"","jeunettes-et-vieux","https://www.google.com/"
"","jeunettes","https://www.google.com/"
"","jeune-vicieuse","https://www.google.com/"
"","jeune-vieille","https://www.google.com/"
"","jeuneviergex","https://www.google.com/"
"","jeunevsmature","https://www.google.com/"
"","jeux-2-filles","https://www.google.com/"
"","jeux-adult","https://www.google.com/"
