"﻿""id""","read","recommended"
"","dirtydicks","https://www.google.com/"
"","dirtydirector","https://www.google.com/"
"","dirtydirk","https://www.google.com/"
"","dirtydirtyangels","https://www.google.com/"
"","dirtydirtydirty","https://www.google.com/"
"","dirtydiscount","https://www.google.com/"
"","dirtydiscounts","https://www.google.com/"
"","dirtydmedia","https://www.google.com/"
"","dirty-doctor","https://www.google.com/"
"","dirtydoglinks","https://www.google.com/"
"","dirtydollhouse","https://www.google.com/"
"","dirtydrawing","https://www.google.com/"
"","dirtydream","https://www.google.com/"
"","dirtyduchess","https://www.google.com/"
"","dirtydudeblog","https://www.google.com/"
"","dirtydump","https://www.google.com/"
"","dirtydutch","https://www.google.com/"
"","dirtydvod","https://www.google.com/"
"","dirtyemos","https://www.google.com/"
"","dirtyescort","https://www.google.com/"
"","dirtyfamily","https://www.google.com/"
"","dirtyfarmer","https://www.google.com/"
"","dirtyfeeds","https://www.google.com/"
"","dirty-feet-girls","https://www.google.com/"
"","dirtyfeetgirls","https://www.google.com/"
"","dirtyfetish","https://www.google.com/"
"","dirtyfez","https://www.google.com/"
"","dirtyfiction","https://www.google.com/"
"","dirtyfilthyanimals","https://www.google.com/"
"","dirtyfinder","https://www.google.com/"
"","dirtyflirts","https://www.google.com/"
"","dirtyflix","https://www.google.com/"
"","dirtyflixs","https://www.google.com/"
"","dirtyflowergirl","https://www.google.com/"
"","dirtyfoot","https://www.google.com/"
"","dirtyfox","https://www.google.com/"
"","dirty","https://www.google.com/"
"","dirtyfresh","https://www.google.com/"
"","dirtyfuck","https://www.google.com/"
"","dirtygamer","https://www.google.com/"
"","dirtygamergirls","https://www.google.com/"
"","dirtygangbangs","https://www.google.com/"
"","dirtygardengirl","https://www.google.com/"
"","dirtygayboys","https://www.google.com/"
"","dirtygayfetish","https://www.google.com/"
"","dirtygaytube","https://www.google.com/"
"","dirtygeek","https://www.google.com/"
"","dirtygf","https://www.google.com/"
"","dirtygifs","https://www.google.com/"
"","dirtygirlaubrey","https://www.google.com/"
"","dirtygirlclub","https://www.google.com/"
"","dirty-girl","https://www.google.com/"
"","dirtygirl","https://www.google.com/"
"","dirtygirlphonesexsite","https://www.google.com/"
"","dirtygirlpost","https://www.google.com/"
"","dirty-girls","https://www.google.com/"
"","dirtygirls","https://www.google.com/"
"","dirtygirlslovecum","https://www.google.com/"
"","dirtygirlstube","https://www.google.com/"
"","dirtygordon","https://www.google.com/"
"","dirtygrannies","https://www.google.com/"
"","dirtygrannytube","https://www.google.com/"
"","dirtyguypics","https://www.google.com/"
"","dirtyguys","https://www.google.com/"
"","dirtyhandjob","https://www.google.com/"
"","dirtyhardcore","https://www.google.com/"
"","dirtyharddrive","https://www.google.com/"
"","dirtyhdtube","https://www.google.com/"
"","dirtyhell","https://www.google.com/"
"","dirty-hobby-amateure","https://www.google.com/"
"","dirtyholly","https://www.google.com/"
"","dirtyhomeclips","https://www.google.com/"
"","dirtyhomefuck","https://www.google.com/"
"","dirtyhomemadevideo","https://www.google.com/"
"","dirtyhomeporn","https://www.google.com/"
"","dirtyhomesex","https://www.google.com/"
"","dirtyhooters","https://www.google.com/"
"","dirtyhornyteens","https://www.google.com/"
"","dirtyhost","https://www.google.com/"
"","dirtyhosting","https://www.google.com/"
"","dirtyhotproductions","https://www.google.com/"
"","dirtyhotsex","https://www.google.com/"
"","dirtyhotteens","https://www.google.com/"
"","dirtyindianporn","https://www.google.com/"
"","dirtyindiansex","https://www.google.com/"
"","dirtyinterracialporn","https://www.google.com/"
"","dirtyisland","https://www.google.com/"
"","dirtyjason","https://www.google.com/"
"","dirtyjoe","https://www.google.com/"
"","dirty-joke-rating-machine","https://www.google.com/"
"","dirtyjokesite","https://www.google.com/"
"","dirtyjourneys","https://www.google.com/"
"","dirtyjuicypanties","https://www.google.com/"
"","dirtyk9","https://www.google.com/"
"","dirtyk9girl","https://www.google.com/"
"","dirtykinkymature","https://www.google.com/"
"","dirtyland","https://www.google.com/"
"","dirtylatinamaids","https://www.google.com/"
"","dirtylatinamaidspage","https://www.google.com/"
"","dirtylatinavideos","https://www.google.com/"
