"﻿""id""","read","recommended"
"","1a-sportgirls","https://www.google.com/"
"","1ass","https://www.google.com/"
"","1a-telefonsex","https://www.google.com/"
"","1a-telefonsex-telefonerotik","https://www.google.com/"
"","1a-top100","https://www.google.com/"
"","1a-weiber-4u","https://www.google.com/"
"","1-a-z-adult-free-stories","https://www.google.com/"
"","1babe","https://www.google.com/"
"","1badchoice","https://www.google.com/"
"","1badchoicefacefucking","https://www.google.com/"
"","1badchoicefacialabuse","https://www.google.com/"
"","1baise","https://www.google.com/"
"","1baito","https://www.google.com/"
"","1bbwlinks","https://www.google.com/"
"","1bbwpornblog","https://www.google.com/"
"","1bbwporn","https://www.google.com/"
"","1bbwtube","https://www.google.com/"
"","1bdsm","https://www.google.com/"
"","1bdsmtube","https://www.google.com/"
"","1bigboobs","https://www.google.com/"
"","1-big-naturals","https://www.google.com/"
"","1-big-tits-pics","https://www.google.com/"
"","1bisexualtube","https://www.google.com/"
"","1-black-porno","https://www.google.com/"
"","1-black-sex","https://www.google.com/"
"","1-black-sex-porn-pussy-ass","https://www.google.com/"
"","1blog2sexe","https://www.google.com/"
"","1-blogsexe","https://www.google.com/"
"","1bondage","https://www.google.com/"
"","1-bondage-sex","https://www.google.com/"
"","1bonin","https://www.google.com/"
"","1boy1girl","https://www.google.com/"
"","1boydaily","https://www.google.com/"
"","1branletteespagnole","https://www.google.com/"
"","1breast","https://www.google.com/"
"","1br","https://www.google.com/"
"","1brunettesexy","https://www.google.com/"
"","1buckamateur","https://www.google.com/"
"","1-byday","https://www.google.com/"
"","1by-day","https://www.google.com/"
"","1byday","https://www.google.com/"
"","1bydaygirls","https://www.google.com/"
"","1by-dayxxx","https://www.google.com/"
"","1by-night","https://www.google.com/"
"","1call4phonesex","https://www.google.com/"
"","1cam2cam","https://www.google.com/"
"","1camcutie","https://www.google.com/"
"","1cam","https://www.google.com/"
"","1cash","https://www.google.com/"
"","1casinolisting","https://www.google.com/"
"","1-casino-webcam","https://www.google.com/"
"","1casting","https://www.google.com/"
"","1castingporno","https://www.google.com/"
"","1cekc","https://www.google.com/"
"","1-celebrity","https://www.google.com/"
"","1chattepoilue","https://www.google.com/"
"","1chatte-rasee","https://www.google.com/"
"","1chatterasee","https://www.google.com/"
"","1cis","https://www.google.com/"
"","1classcasinos","https://www.google.com/"
"","1-class-erotik","https://www.google.com/"
"","1-class-sexshop","https://www.google.com/"
"","1classtube","https://www.google.com/"
"","1clicknudes","https://www.google.com/"
"","1clit","https://www.google.com/"
"","1-cochon","https://www.google.com/"
"","1colony","https://www.google.com/"
"","1-content","https://www.google.com/"
"","1crc","https://www.google.com/"
"","1cul2","https://www.google.com/"
"","1cumshots","https://www.google.com/"
"","1cybermall","https://www.google.com/"
"","1date","https://www.google.com/"
"","1-dating-services","https://www.google.com/"
"","1distribution","https://www.google.com/"
"","1dollargaysites","https://www.google.com/"
"","1dollargirls","https://www.google.com/"
"","1dollarmpegs","https://www.google.com/"
"","1-dollar-porn","https://www.google.com/"
"","1dollarpornsites","https://www.google.com/"
"","1dollarvids","https://www.google.com/"
"","1down","https://www.google.com/"
"","1eagle1","https://www.google.com/"
"","1ejaculationinterne","https://www.google.com/"
"","1en10","https://www.google.com/"
"","1erebaise","https://www.google.com/"
"","1-erotic-sex-stories-club","https://www.google.com/"
"","1er-sexe","https://www.google.com/"
"","1-escort","https://www.google.com/"
"","1escort","https://www.google.com/"
"","1escortgirlschandigarh","https://www.google.com/"
"","1escorts","https://www.google.com/"
"","1etudiante","https://www.google.com/"
"","1euro50","https://www.google.com/"
"","1eurofilms","https://www.google.com/"
"","1eurosex","https://www.google.com/"
"","1exc","https://www.google.com/"
"","1eyesex","https://www.google.com/"
"","1fap","https://www.google.com/"
"","1-fat-bbw-sex-pics","https://www.google.com/"
