"﻿""id""","read","recommended"
"","adultpersonals","https://www.google.com/"
"","adultpersonalscanada","https://www.google.com/"
"","adultpersonalscentral","https://www.google.com/"
"","adultpersonalscom","https://www.google.com/"
"","adultpersonalsearch","https://www.google.com/"
"","adultpersonalspage","https://www.google.com/"
"","adultpersonalsreviews","https://www.google.com/"
"","adultpersonalssite","https://www.google.com/"
"","adult-personals-swingers-ads","https://www.google.com/"
"","adultpersonalsweb","https://www.google.com/"
"","adultperth","https://www.google.com/"
"","adult-philadelphia","https://www.google.com/"
"","adult-phoenix","https://www.google.com/"
"","adultphonechat","https://www.google.com/"
"","adultphonechatsluts","https://www.google.com/"
"","adultphone","https://www.google.com/"
"","adultphonefantasy","https://www.google.com/"
"","adultphonepal","https://www.google.com/"
"","adultphonesexchat","https://www.google.com/"
"","adultphonesex","https://www.google.com/"
"","adult-phone-sex-fetish","https://www.google.com/"
"","adult-phone-sex","https://www.google.com/"
"","adultphonesexx","https://www.google.com/"
"","adultphotocontest","https://www.google.com/"
"","adultphotogallery","https://www.google.com/"
"","adultphotograph","https://www.google.com/"
"","adultphotographer","https://www.google.com/"
"","adultphoto","https://www.google.com/"
"","adultphotos","https://www.google.com/"
"","adultphotosets","https://www.google.com/"
"","adultphotovideo","https://www.google.com/"
"","adultphun","https://www.google.com/"
"","adultpic","https://www.google.com/"
"","adult-pic","https://www.google.com/"
"","adult-picpost","https://www.google.com/"
"","adultpics4u","https://www.google.com/"
"","adultpics","https://www.google.com/"
"","adult-pics-xxx","https://www.google.com/"
"","adultpicsxxx","https://www.google.com/"
"","adult-picture","https://www.google.com/"
"","adultpictures","https://www.google.com/"
"","adultpicworld","https://www.google.com/"
"","adultpicxxx","https://www.google.com/"
"","adultpig","https://www.google.com/"
"","adultping","https://www.google.com/"
"","adult-pirate","https://www.google.com/"
"","adultpit","https://www.google.com/"
"","adult-place","https://www.google.com/"
"","adultplace","https://www.google.com/"
"","adultplaces","https://www.google.com/"
"","adultplanetdvd","https://www.google.com/"
"","adult-planet","https://www.google.com/"
"","adultplanet","https://www.google.com/"
"","adultplatform","https://www.google.com/"
"","adultplatz","https://www.google.com/"
"","adultplay","https://www.google.com/"
"","adultplayersclub","https://www.google.com/"
"","adultplayers","https://www.google.com/"
"","adultplayground","https://www.google.com/"
"","adultplayhouse","https://www.google.com/"
"","adultplaymate","https://www.google.com/"
"","adultplaymates","https://www.google.com/"
"","adultplaypen","https://www.google.com/"
"","adultplayplace","https://www.google.com/"
"","adultplaytoys","https://www.google.com/"
"","adultpleasures4u","https://www.google.com/"
"","adultpleasures","https://www.google.com/"
"","adultpleasureseekers","https://www.google.com/"
"","adult-pleasure-toys","https://www.google.com/"
"","adultpleasuretoys","https://www.google.com/"
"","adultpleasurezone","https://www.google.com/"
"","adultplex","https://www.google.com/"
"","adultplugins","https://www.google.com/"
"","adultplus18","https://www.google.com/"
"","adult-plus","https://www.google.com/"
"","adultplus","https://www.google.com/"
"","adultpoint","https://www.google.com/"
"","adultpoints","https://www.google.com/"
"","adultponyporn","https://www.google.com/"
"","adultpool","https://www.google.com/"
"","adultpop","https://www.google.com/"
"","adultporn32","https://www.google.com/"
"","adult-porn-blog","https://www.google.com/"
"","adultpornblogsdir","https://www.google.com/"
"","adultpornblogz","https://www.google.com/"
"","adultporncartoon","https://www.google.com/"
"","adultpornchat","https://www.google.com/"
"","adultpornclips","https://www.google.com/"
"","adultpornclub","https://www.google.com/"
"","adultporn","https://www.google.com/"
"","adultporndrawings","https://www.google.com/"
"","adultpornengine","https://www.google.com/"
"","adultpornexchange","https://www.google.com/"
"","adultporngalleries","https://www.google.com/"
"","adultporngateway","https://www.google.com/"
"","adult-porn-list","https://www.google.com/"
"","adultpornlist","https://www.google.com/"
"","adultpornlivesex","https://www.google.com/"
"","adultpornmags","https://www.google.com/"
"","adultpornmovies","https://www.google.com/"
