"﻿""id""","read","recommended"
"","hardcorecartoons","https://www.google.com/"
"","hardcorecash","https://www.google.com/"
"","hardcorecenter","https://www.google.com/"
"","hardcorechannel","https://www.google.com/"
"","hardcorechat","https://www.google.com/"
"","hardcorechicks","https://www.google.com/"
"","hardcorechix","https://www.google.com/"
"","hardcorechixxx","https://www.google.com/"
"","hardcorecidertour","https://www.google.com/"
"","hardcorecinema","https://www.google.com/"
"","hardcoreclimax","https://www.google.com/"
"","hardcoreclips","https://www.google.com/"
"","hardcoreclothing","https://www.google.com/"
"","hardcoreclub","https://www.google.com/"
"","hardcore-club","https://www.google.com/"
"","hardcorecocks","https://www.google.com/"
"","hardcorecocksucking","https://www.google.com/"
"","hardcorecoeds","https://www.google.com/"
"","hardcorecomics","https://www.google.com/"
"","hardcore-community","https://www.google.com/"
"","hardcorecouples","https://www.google.com/"
"","hardcoredailypics","https://www.google.com/"
"","hardcoredatelink","https://www.google.com/"
"","hardcored","https://www.google.com/"
"","hardcoredelight","https://www.google.com/"
"","hardcoredepot","https://www.google.com/"
"","hardcoredesires","https://www.google.com/"
"","hardcoredicks","https://www.google.com/"
"","hardcoredigital","https://www.google.com/"
"","hardcoredmoms","https://www.google.com/"
"","hardcoredollars","https://www.google.com/"
"","hardcoredome","https://www.google.com/"
"","hardcoredoorwaycams","https://www.google.com/"
"","hardcoredoorway","https://www.google.com/"
"","hardcoredrive","https://www.google.com/"
"","hardcoredump","https://www.google.com/"
"","hardcoredumper","https://www.google.com/"
"","hardcoredumpster","https://www.google.com/"
"","hardcoredungeon","https://www.google.com/"
"","hardcoredvd","https://www.google.com/"
"","hardcoredvdreview","https://www.google.com/"
"","hardcoredvds","https://www.google.com/"
"","hardcore-dvds","https://www.google.com/"
"","hardcoreebony","https://www.google.com/"
"","hardcoreebonysex","https://www.google.com/"
"","hardcore-erotica","https://www.google.com/"
"","hardcore-erotic-site","https://www.google.com/"
"","hardcore-erotik-sex","https://www.google.com/"
"","hardcore-extreme","https://www.google.com/"
"","hardcorefacials","https://www.google.com/"
"","hardcore-farm","https://www.google.com/"
"","hardcorefatties","https://www.google.com/"
"","hardcorefeest","https://www.google.com/"
"","hardcorefemale","https://www.google.com/"
"","hardcorefestival","https://www.google.com/"
"","hardcorefetish","https://www.google.com/"
"","hardcorefetishes","https://www.google.com/"
"","hardcoreficken","https://www.google.com/"
"","hardcore-fickrausch","https://www.google.com/"
"","hardcore-fickschlampen","https://www.google.com/"
"","hardcore-fickweb","https://www.google.com/"
"","hardcorefiesta","https://www.google.com/"
"","hardcore-film","https://www.google.com/"
"","hardcorefilm","https://www.google.com/"
"","hardcore-filme","https://www.google.com/"
"","hardcorefilmpjes","https://www.google.com/"
"","hardcorefilms","https://www.google.com/"
"","hardcorefilth","https://www.google.com/"
"","hardcorefinder","https://www.google.com/"
"","hardcore-finder","https://www.google.com/"
"","hardcore-fisting","https://www.google.com/"
"","hardcorefisting","https://www.google.com/"
"","hardcoreflix","https://www.google.com/"
"","hardcorefoooki","https://www.google.com/"
"","hardcorefootfetish","https://www.google.com/"
"","hardcorefoto","https://www.google.com/"
"","hardcorefotos","https://www.google.com/"
"","hardcore-fotzen","https://www.google.com/"
"","hardcorefreepics","https://www.google.com/"
"","hardcorefreesitepass","https://www.google.com/"
"","hardcorefuck","https://www.google.com/"
"","hardcorefucker","https://www.google.com/"
"","hardcorefucking","https://www.google.com/"
"","hardcorefuckingsluts","https://www.google.com/"
"","hardcore-fuck","https://www.google.com/"
"","hardcorefuckparty","https://www.google.com/"
"","hardcorefucktube","https://www.google.com/"
"","hardcore-fun","https://www.google.com/"
"","hardcorefun","https://www.google.com/"
"","hardcoregallery","https://www.google.com/"
"","hardcoregamer","https://www.google.com/"
"","hardcoregamers","https://www.google.com/"
"","hardcore-games","https://www.google.com/"
"","hardcoregangbang","https://www.google.com/"
"","hardcore-gangbang","https://www.google.com/"
"","hardcoregangstas","https://www.google.com/"
"","hardcoregayblog","https://www.google.com/"
"","hardcoregay","https://www.google.com/"
"","hardcoregaymen","https://www.google.com/"
"","hardcoregaymes","https://www.google.com/"
