"﻿""id""","read","recommended"
"","electrosexblog","https://www.google.com/"
"","electrosex","https://www.google.com/"
"","electrosexe","https://www.google.com/"
"","electrosextoys","https://www.google.com/"
"","electrosex-worldofdreams","https://www.google.com/"
"","electroskip","https://www.google.com/"
"","electrosluts","https://www.google.com/"
"","electrosmut","https://www.google.com/"
"","electrostimulation-erotique","https://www.google.com/"
"","electroteach","https://www.google.com/"
"","electrotorture","https://www.google.com/"
"","electsex","https://www.google.com/"
"","electxxx","https://www.google.com/"
"","elefanten","https://www.google.com/"
"","eleferno","https://www.google.com/"
"","elegance4her","https://www.google.com/"
"","eleganceescorts","https://www.google.com/"
"","elegancegirls","https://www.google.com/"
"","elegancepixelfied","https://www.google.com/"
"","elegancestudios","https://www.google.com/"
"","eleganceuk","https://www.google.com/"
"","elegantamats","https://www.google.com/"
"","elegantanal","https://www.google.com/"
"","elegantangelblog","https://www.google.com/"
"","elegantangel","https://www.google.com/"
"","elegantangelvod","https://www.google.com/"
"","elegantasian","https://www.google.com/"
"","elegantbabes","https://www.google.com/"
"","elegantbarefeet","https://www.google.com/"
"","elegantbbw","https://www.google.com/"
"","elegantdesire","https://www.google.com/"
"","elegantencounters","https://www.google.com/"
"","elegantescortagency","https://www.google.com/"
"","elegantescort","https://www.google.com/"
"","elegantescorts","https://www.google.com/"
"","elegantfetish","https://www.google.com/"
"","elegantgranny","https://www.google.com/"
"","eleganthairstyles","https://www.google.com/"
"","elegantjapanesenudes","https://www.google.com/"
"","elegantka","https://www.google.com/"
"","elegantlust","https://www.google.com/"
"","elegantmatures","https://www.google.com/"
"","elegant-modeling","https://www.google.com/"
"","elegantmomentslingerie","https://www.google.com/"
"","elegantporno","https://www.google.com/"
"","elegantpost","https://www.google.com/"
"","elegantraw","https://www.google.com/"
"","elegantsmoking","https://www.google.com/"
"","elegant-sophisticated","https://www.google.com/"
"","elegantvipescort","https://www.google.com/"
"","eleganxia","https://www.google.com/"
"","eleganzaescorts","https://www.google.com/"
"","elegime","https://www.google.com/"
"","elektrosex","https://www.google.com/"
"","elemele","https://www.google.com/"
"","elenacam","https://www.google.com/"
"","elenaescort","https://www.google.com/"
"","elena","https://www.google.com/"
"","elenasites","https://www.google.com/"
"","elenasmodels","https://www.google.com/"
"","elenatube","https://www.google.com/"
"","elephantasses","https://www.google.com/"
"","elephantdating","https://www.google.com/"
"","elephantgalleries","https://www.google.com/"
"","elephantgold","https://www.google.com/"
"","elephantlist","https://www.google.com/"
"","elephantlistcams","https://www.google.com/"
"","elephantlistsearch","https://www.google.com/"
"","elephantlivesex","https://www.google.com/"
"","elephantnetwork","https://www.google.com/"
"","elephantnudetube","https://www.google.com/"
"","elephantsexchat","https://www.google.com/"
"","elephantsextoys","https://www.google.com/"
"","elephantsexy","https://www.google.com/"
"","elephanttubeclips","https://www.google.com/"
"","elephanttube","https://www.google.com/"
"","elephanttubelist","https://www.google.com/"
"","elephanttubenew","https://www.google.com/"
"","elephanttubeporn","https://www.google.com/"
"","elephanttubevideos","https://www.google.com/"
"","elephantxxxtube","https://www.google.com/"
"","elesbianporn","https://www.google.com/"
"","elesbiansex","https://www.google.com/"
"","eleveur-de-salopes","https://www.google.com/"
"","elf24","https://www.google.com/"
"","elf","https://www.google.com/"
"","elfolladero","https://www.google.com/"
"","elfolletin","https://www.google.com/"
"","elforogratis","https://www.google.com/"
"","elfotolog","https://www.google.com/"
"","elfrapedbydemons","https://www.google.com/"
"","elgalleries","https://www.google.com/"
"","elgarbanzo","https://www.google.com/"
"","elgazettedigital","https://www.google.com/"
"","elgoog","https://www.google.com/"
"","elgrad","https://www.google.com/"
"","elgratissitio","https://www.google.com/"
"","elgringooo","https://www.google.com/"
"","elguru","https://www.google.com/"
"","el-hacker","https://www.google.com/"
