"﻿""id""","read","recommended"
"","baldpussies","https://www.google.com/"
"","baldpussycam","https://www.google.com/"
"","baldpussy","https://www.google.com/"
"","baldpussypics","https://www.google.com/"
"","baldpussys","https://www.google.com/"
"","baldpussyteens","https://www.google.com/"
"","baldsex","https://www.google.com/"
"","baldsnatch","https://www.google.com/"
"","baldtaco","https://www.google.com/"
"","baldteenbeaver","https://www.google.com/"
"","baldteen","https://www.google.com/"
"","baldteenpussy","https://www.google.com/"
"","baldtrim","https://www.google.com/"
"","bald-wet-pussy","https://www.google.com/"
"","baldyoungpussy","https://www.google.com/"
"","balerotique","https://www.google.com/"
"","balhoneys","https://www.google.com/"
"","baliescorts","https://www.google.com/"
"","balisex","https://www.google.com/"
"","bali-thepages","https://www.google.com/"
"","balkan-bet","https://www.google.com/"
"","balkanbizarre","https://www.google.com/"
"","balkanbratdom","https://www.google.com/"
"","balkanporn","https://www.google.com/"
"","balkanseks","https://www.google.com/"
"","balkantrib2017","https://www.google.com/"
"","balkan","https://www.google.com/"
"","balkonien","https://www.google.com/"
"","ballbingo","https://www.google.com/"
"","ballbusters","https://www.google.com/"
"","ballbustervideo","https://www.google.com/"
"","ballbustingblog","https://www.google.com/"
"","ballbustingchicks","https://www.google.com/"
"","ballbusting","https://www.google.com/"
"","ballbusting-fetish","https://www.google.com/"
"","ballbustingfetish","https://www.google.com/"
"","ballbustinggirls","https://www.google.com/"
"","ballbustingmovies","https://www.google.com/"
"","ballbustingpleasures","https://www.google.com/"
"","ballbustingpornstars","https://www.google.com/"
"","ballbustingpov","https://www.google.com/"
"","ballbustingtub","https://www.google.com/"
"","ballbustingtube","https://www.google.com/"
"","ballbusting-videos","https://www.google.com/"
"","ballbustingworld","https://www.google.com/"
"","ballbust","https://www.google.com/"
"","ballchicks","https://www.google.com/"
"","ballcrusher","https://www.google.com/"
"","ballenbak","https://www.google.com/"
"","ballerinaescort","https://www.google.com/"
"","ballerinaescorts","https://www.google.com/"
"","ballerinagirls","https://www.google.com/"
"","ballerineworld","https://www.google.com/"
"","balletboot","https://www.google.com/"
"","balletflatsfetish","https://www.google.com/"
"","ballfighters","https://www.google.com/"
"","ballgag","https://www.google.com/"
"","ball-gagged","https://www.google.com/"
"","ballgagged","https://www.google.com/"
"","ballhoneys2","https://www.google.com/"
"","ballhoneys","https://www.google.com/"
"","ballhoneys-free","https://www.google.com/"
"","ballhood","https://www.google.com/"
"","ballhunni","https://www.google.com/"
"","balljointstgp","https://www.google.com/"
"","ball-kick","https://www.google.com/"
"","ballmoney","https://www.google.com/"
"","ballonlust","https://www.google.com/"
"","balloonbabes","https://www.google.com/"
"","balloonbeauties","https://www.google.com/"
"","balloonboobs","https://www.google.com/"
"","balloonbounce","https://www.google.com/"
"","balloonbuddies","https://www.google.com/"
"","balloonchicks","https://www.google.com/"
"","balloondirectory","https://www.google.com/"
"","balloonfetisch","https://www.google.com/"
"","balloonfetishblog","https://www.google.com/"
"","balloonfetish","https://www.google.com/"
"","balloonfetishmovies","https://www.google.com/"
"","balloonfetishvideos","https://www.google.com/"
"","balloonforum","https://www.google.com/"
"","balloongirls","https://www.google.com/"
"","balloon-guys","https://www.google.com/"
"","balloonist","https://www.google.com/"
"","balloonmovies","https://www.google.com/"
"","balloonpayperview","https://www.google.com/"
"","balloonphonesex","https://www.google.com/"
"","balloonpup","https://www.google.com/"
"","balloons-and-feet","https://www.google.com/"
"","balloonsex","https://www.google.com/"
"","balloonsluts","https://www.google.com/"
"","balloonsmokers","https://www.google.com/"
"","balloonsx","https://www.google.com/"
"","balloontube","https://www.google.com/"
"","balloonvideoclips","https://www.google.com/"
"","balloonyellowpages","https://www.google.com/"
"","ballrats","https://www.google.com/"
"","ballsdeeptv","https://www.google.com/"
"","ballsex","https://www.google.com/"
"","balltearer","https://www.google.com/"
