"﻿""id""","read","recommended"
"","boobspillow","https://www.google.com/"
"","boobspirate","https://www.google.com/"
"","boobsplay","https://www.google.com/"
"","boobs-porn","https://www.google.com/"
"","boobspornfuck","https://www.google.com/"
"","boobspornotube","https://www.google.com/"
"","boobspornpics","https://www.google.com/"
"","boobsporntube","https://www.google.com/"
"","boobsporntubes","https://www.google.com/"
"","boobspornvideo","https://www.google.com/"
"","boobspornvideos","https://www.google.com/"
"","boobspussy","https://www.google.com/"
"","boobspy","https://www.google.com/"
"","boobsquad","https://www.google.com/"
"","boobsrealm","https://www.google.com/"
"","boobsreview","https://www.google.com/"
"","boobsreviewer","https://www.google.com/"
"","boobssextube","https://www.google.com/"
"","boobssexy","https://www.google.com/"
"","boobsshow","https://www.google.com/"
"","boobssite","https://www.google.com/"
"","boobsspider","https://www.google.com/"
"","boobstagram","https://www.google.com/"
"","boobstand","https://www.google.com/"
"","boobstarget","https://www.google.com/"
"","boobstercams","https://www.google.com/"
"","boobster","https://www.google.com/"
"","boobsternewscenter","https://www.google.com/"
"","boobstiful","https://www.google.com/"
"","boobstit","https://www.google.com/"
"","boobstower","https://www.google.com/"
"","boobstown","https://www.google.com/"
"","boobstrap","https://www.google.com/"
"","boobstr","https://www.google.com/"
"","boobs-tube","https://www.google.com/"
"","boobstube","https://www.google.com/"
"","boobstubeporn","https://www.google.com/"
"","boobstuber","https://www.google.com/"
"","boobstudy","https://www.google.com/"
"","boobsucker","https://www.google.com/"
"","boobsucking","https://www.google.com/"
"","boobsvids","https://www.google.com/"
"","boobsview","https://www.google.com/"
"","boobsville","https://www.google.com/"
"","boobsvintage","https://www.google.com/"
"","boobswhores","https://www.google.com/"
"","boobsworld","https://www.google.com/"
"","boobsx","https://www.google.com/"
"","boobsxxl","https://www.google.com/"
"","boobsxxx","https://www.google.com/"
"","boobsxxxfuck","https://www.google.com/"
"","boobsxxxporn","https://www.google.com/"
"","boobsxxxtube","https://www.google.com/"
"","boobtitans","https://www.google.com/"
"","boobtit","https://www.google.com/"
"","boobtopia","https://www.google.com/"
"","boobtropolis","https://www.google.com/"
"","boobtubevids","https://www.google.com/"
"","boobular","https://www.google.com/"
"","boobun","https://www.google.com/"
"","boobvid","https://www.google.com/"
"","boobwars","https://www.google.com/"
"","boobwhores","https://www.google.com/"
"","boobworks","https://www.google.com/"
"","boobworx","https://www.google.com/"
"","boobybabes","https://www.google.com/"
"","boobybunch","https://www.google.com/"
"","boobycat","https://www.google.com/"
"","boobychristmas","https://www.google.com/"
"","boobydreams","https://www.google.com/"
"","boobymilf","https://www.google.com/"
"","booby-movies","https://www.google.com/"
"","boobyshare","https://www.google.com/"
"","boobystyle","https://www.google.com/"
"","boobytraps","https://www.google.com/"
"","boobytwister","https://www.google.com/"
"","boobywood","https://www.google.com/"
"","boobz","https://www.google.com/"
"","boobzooka","https://www.google.com/"
"","boobzotica","https://www.google.com/"
"","boodigo","https://www.google.com/"
"","boogolinks","https://www.google.com/"
"","boogoog","https://www.google.com/"
"","boohoo","https://www.google.com/"
"","book2charme","https://www.google.com/"
"","bookedy","https://www.google.com/"
"","book-erotic","https://www.google.com/"
"","bookerotico","https://www.google.com/"
"","booketube","https://www.google.com/"
"","bookfoto","https://www.google.com/"
"","book","https://www.google.com/"
"","bookieman","https://www.google.com/"
"","book-lingerie","https://www.google.com/"
"","bookmark4porn","https://www.google.com/"
"","bookmarkbabes","https://www.google.com/"
"","bookmarkcafe","https://www.google.com/"
"","bookmarkcam","https://www.google.com/"
"","book-mark","https://www.google.com/"
"","bookmark","https://www.google.com/"
"","bookmarkedamateurs","https://www.google.com/"
