"﻿""id""","read","recommended"
"","gaymovievids","https://www.google.com/"
"","gaymovs","https://www.google.com/"
"","gaympegclub","https://www.google.com/"
"","gaympegs","https://www.google.com/"
"","gaymultipass","https://www.google.com/"
"","gaymur","https://www.google.com/"
"","gaymuscle","https://www.google.com/"
"","gaymuscleboys","https://www.google.com/"
"","gaymuscledudes","https://www.google.com/"
"","gaymusclelive","https://www.google.com/"
"","gay-muscle","https://www.google.com/"
"","gaymuscletube","https://www.google.com/"
"","gaymypic","https://www.google.com/"
"","gaynakedguys","https://www.google.com/"
"","gay-naked-man","https://www.google.com/"
"","gaynakedmen","https://www.google.com/"
"","gay-nation","https://www.google.com/"
"","gay-naturiste","https://www.google.com/"
"","gay-naturistes","https://www.google.com/"
"","gaynaturists","https://www.google.com/"
"","gay-needed","https://www.google.com/"
"","gaynerdbrasil","https://www.google.com/"
"","gayness","https://www.google.com/"
"","gaynet","https://www.google.com/"
"","gaynetherlands","https://www.google.com/"
"","gaynetwatch","https://www.google.com/"
"","gaynetwork","https://www.google.com/"
"","gaynews","https://www.google.com/"
"","gay-newzealand","https://www.google.com/"
"","gaynext","https://www.google.com/"
"","gaynhot","https://www.google.com/"
"","gayniches","https://www.google.com/"
"","gay-nightclub-directory","https://www.google.com/"
"","gay-night","https://www.google.com/"
"","g-a-y","https://www.google.com/"
"","gaynlesbian","https://www.google.com/"
"","gaynonpro","https://www.google.com/"
"","gaynor","https://www.google.com/"
"","gaynormandie","https://www.google.com/"
"","gaynors-goodies","https://www.google.com/"
"","gaynu","https://www.google.com/"
"","gaynudecams","https://www.google.com/"
"","gaynudeguys","https://www.google.com/"
"","gaynudelive","https://www.google.com/"
"","gaynudepersonals","https://www.google.com/"
"","gaynudephotos","https://www.google.com/"
"","gaynudes","https://www.google.com/"
"","gaynudetube","https://www.google.com/"
"","gaynudewebcam","https://www.google.com/"
"","gaynutten","https://www.google.com/"
"","gaynz","https://www.google.com/"
"","gayoasis","https://www.google.com/"
"","gayobsession","https://www.google.com/"
"","gayoc","https://www.google.com/"
"","gayocio","https://www.google.com/"
"","gayoffice","https://www.google.com/"
"","gayohgay","https://www.google.com/"
"","gayohtube","https://www.google.com/"
"","gayoks","https://www.google.com/"
"","gayoncam","https://www.google.com/"
"","gayondemand","https://www.google.com/"
"","gayoneer","https://www.google.com/"
"","gayone","https://www.google.com/"
"","gayones","https://www.google.com/"
"","gayonline","https://www.google.com/"
"","gay-online","https://www.google.com/"
"","gayonlinemovies","https://www.google.com/"
"","gayonlinevideos","https://www.google.com/"
"","gayonly","https://www.google.com/"
"","gayonlygay","https://www.google.com/"
"","gayonlyporn","https://www.google.com/"
"","gayonporn","https://www.google.com/"
"","gayonthenet","https://www.google.com/"
"","gayontheropes","https://www.google.com/"
"","gayonvideo","https://www.google.com/"
"","gayonwebcam","https://www.google.com/"
"","gay-oral","https://www.google.com/"
"","gayoralsex","https://www.google.com/"
"","gayorama","https://www.google.com/"
"","gayorders","https://www.google.com/"
"","gayorgasms","https://www.google.com/"
"","gayorgien","https://www.google.com/"
"","gayorgies","https://www.google.com/"
"","gayorgy","https://www.google.com/"
"","gayorgys","https://www.google.com/"
"","gayorgyxxx","https://www.google.com/"
"","gayorifice","https://www.google.com/"
"","gayornot","https://www.google.com/"
"","gayorstraight","https://www.google.com/"
"","gayosaka","https://www.google.com/"
"","gayotica","https://www.google.com/"
"","gayouest","https://www.google.com/"
"","gayoutdoors","https://www.google.com/"
"","gayp0rn","https://www.google.com/"
"","gaypad","https://www.google.com/"
"","gaypage","https://www.google.com/"
"","gaypages","https://www.google.com/"
"","gaypainting","https://www.google.com/"
"","gaypaintings","https://www.google.com/"
"","gay-palace","https://www.google.com/"
