"﻿""id""","read","recommended"
"","kinkybitch","https://www.google.com/"
"","kinkyblack","https://www.google.com/"
"","kinkyblacks","https://www.google.com/"
"","kinky-blogging","https://www.google.com/"
"","kinkyblondesluts","https://www.google.com/"
"","kinkyblowjob","https://www.google.com/"
"","kinkybondage","https://www.google.com/"
"","kinkybondagefetishblog","https://www.google.com/"
"","kinkybondagesex","https://www.google.com/"
"","kinkybook","https://www.google.com/"
"","kinkyboots","https://www.google.com/"
"","kinkyboundmales","https://www.google.com/"
"","kinkybunny","https://www.google.com/"
"","kinkycall","https://www.google.com/"
"","kinkycamgirls","https://www.google.com/"
"","kinkycam","https://www.google.com/"
"","kinkycamp","https://www.google.com/"
"","kinkycamsex","https://www.google.com/"
"","kinky-cams","https://www.google.com/"
"","kinkycanada","https://www.google.com/"
"","kinkycandy","https://www.google.com/"
"","kinkycards","https://www.google.com/"
"","kinkycarmen","https://www.google.com/"
"","kinky-cash","https://www.google.com/"
"","kinkycash","https://www.google.com/"
"","kinkycastle","https://www.google.com/"
"","kinkycave","https://www.google.com/"
"","kinkycelebs","https://www.google.com/"
"","kinky-chat","https://www.google.com/"
"","kinkycherries","https://www.google.com/"
"","kinkychick","https://www.google.com/"
"","kinkychicks","https://www.google.com/"
"","kinkycity","https://www.google.com/"
"","kinky-clips","https://www.google.com/"
"","kinkyclips","https://www.google.com/"
"","kinkycloset","https://www.google.com/"
"","kinky-clothes","https://www.google.com/"
"","kinkyclub","https://www.google.com/"
"","kinkycocktails","https://www.google.com/"
"","kinkycoedkittens","https://www.google.com/"
"","kinkycomics","https://www.google.com/"
"","kinkyconsumer","https://www.google.com/"
"","kinkycontact","https://www.google.com/"
"","kinky-contacts","https://www.google.com/"
"","kinkycore","https://www.google.com/"
"","kinkycouple","https://www.google.com/"
"","kinkycreations","https://www.google.com/"
"","kinkycrossdressing","https://www.google.com/"
"","kinkycrushfetish","https://www.google.com/"
"","kinkycumshot","https://www.google.com/"
"","kinkycurious","https://www.google.com/"
"","kinkydates","https://www.google.com/"
"","kinkydb","https://www.google.com/"
"","kinkydeeplove","https://www.google.com/"
"","kinkydelight","https://www.google.com/"
"","kinkydesigns","https://www.google.com/"
"","kinkydevil","https://www.google.com/"
"","kinkydiary","https://www.google.com/"
"","kinkydivas","https://www.google.com/"
"","kinkydollars","https://www.google.com/"
"","kinkydom","https://www.google.com/"
"","kinkyer","https://www.google.com/"
"","kinkyerotica","https://www.google.com/"
"","kinkyerotic","https://www.google.com/"
"","kinkyeurobabes","https://www.google.com/"
"","kinkyextreem","https://www.google.com/"
"","kinkyextreme","https://www.google.com/"
"","kinkyfairytales","https://www.google.com/"
"","kinkyfamily","https://www.google.com/"
"","kinkyfemmes","https://www.google.com/"
"","kinkyfestival","https://www.google.com/"
"","kinkyfetishclips","https://www.google.com/"
"","kinkyfetish","https://www.google.com/"
"","kinky-fetishes","https://www.google.com/"
"","kinky-fetish-phonesex","https://www.google.com/"
"","kinky-fetish-sex","https://www.google.com/"
"","kinkyfetishsex","https://www.google.com/"
"","kinkyfilms","https://www.google.com/"
"","kinkyfishnets","https://www.google.com/"
"","kinkyfloridaamateurs","https://www.google.com/"
"","kinkyforums","https://www.google.com/"
"","kinkyfotos","https://www.google.com/"
"","kinkyfrenchies","https://www.google.com/"
"","kinky-galleries","https://www.google.com/"
"","kinky-gals","https://www.google.com/"
"","kinkygals","https://www.google.com/"
"","kinkygangbangbdsm","https://www.google.com/"
"","kinkygate","https://www.google.com/"
"","kinkygaybears","https://www.google.com/"
"","kinkygayboys","https://www.google.com/"
"","kinkygaysex","https://www.google.com/"
"","kinkygirl","https://www.google.com/"
"","kinkygirlfriend","https://www.google.com/"
"","kinkygirls","https://www.google.com/"
"","kinkygirlsnextdoor","https://www.google.com/"
"","kinkygonzo","https://www.google.com/"
"","kinkygranny","https://www.google.com/"
"","kinkygreetingcards","https://www.google.com/"
"","kinky-group-sex","https://www.google.com/"
"","kinkygroupsex","https://www.google.com/"
