"﻿""id""","read","recommended"
"","adult-nightclub-directory","https://www.google.com/"
"","adultnixen","https://www.google.com/"
"","adultnookie","https://www.google.com/"
"","adultnorthwest","https://www.google.com/"
"","adultnoveltyexpo","https://www.google.com/"
"","adult-now","https://www.google.com/"
"","adultnudecams","https://www.google.com/"
"","adultnude","https://www.google.com/"
"","adultnudemodels","https://www.google.com/"
"","adult-nude-personals","https://www.google.com/"
"","adultnudesex","https://www.google.com/"
"","adult-nude-sluts","https://www.google.com/"
"","adult-ny","https://www.google.com/"
"","adultoasis","https://www.google.com/"
"","adultobsessions","https://www.google.com/"
"","adultoff","https://www.google.com/"
"","adultoffline","https://www.google.com/"
"","adultok","https://www.google.com/"
"","adultokshop","https://www.google.com/"
"","adultondemand","https://www.google.com/"
"","adultone","https://www.google.com/"
"","adultonlineeurope","https://www.google.com/"
"","adultonlines","https://www.google.com/"
"","adultonlychat","https://www.google.com/"
"","adultonlyguide","https://www.google.com/"
"","adultonly","https://www.google.com/"
"","adultontario","https://www.google.com/"
"","adultoo","https://www.google.com/"
"","adultop100","https://www.google.com/"
"","adultop","https://www.google.com/"
"","adulto-pic","https://www.google.com/"
"","adultoralsex","https://www.google.com/"
"","adultorama","https://www.google.com/"
"","adult-orange","https://www.google.com/"
"","adult-orgies","https://www.google.com/"
"","adult-orgy","https://www.google.com/"
"","adultos69","https://www.google.com/"
"","adultosclassificados","https://www.google.com/"
"","adultos","https://www.google.com/"
"","adultosexo","https://www.google.com/"
"","adultoslive","https://www.google.com/"
"","adultosxxx","https://www.google.com/"
"","adultotube","https://www.google.com/"
"","adult-outlet","https://www.google.com/"
"","adultoutlet","https://www.google.com/"
"","adultoutlook","https://www.google.com/"
"","adultovip","https://www.google.com/"
"","adultoysrus","https://www.google.com/"
"","adultoysuk","https://www.google.com/"
"","adult-p0rn","https://www.google.com/"
"","adultpack","https://www.google.com/"
"","adultpagecity","https://www.google.com/"
"","adult-pagerank","https://www.google.com/"
"","adultpages","https://www.google.com/"
"","adult-pages","https://www.google.com/"
"","adultpagina","https://www.google.com/"
"","adultpalace","https://www.google.com/"
"","adultpalast","https://www.google.com/"
"","adult-pal","https://www.google.com/"
"","adult-park","https://www.google.com/"
"","adultpark","https://www.google.com/"
"","adultparody","https://www.google.com/"
"","adultparodytv","https://www.google.com/"
"","adultpartieslondon","https://www.google.com/"
"","adultpartner","https://www.google.com/"
"","adultpartners","https://www.google.com/"
"","adultpartnership","https://www.google.com/"
"","adult-party","https://www.google.com/"
"","adultparty","https://www.google.com/"
"","adultpartyideas","https://www.google.com/"
"","adultpartyplace","https://www.google.com/"
"","adultpartyplan","https://www.google.com/"
"","adultpartysex","https://www.google.com/"
"","adultpartystuff","https://www.google.com/"
"","adultpass","https://www.google.com/"
"","adult-passes","https://www.google.com/"
"","adultpasses","https://www.google.com/"
"","adultpassword","https://www.google.com/"
"","adult-passwords","https://www.google.com/"
"","adultpasswords","https://www.google.com/"
"","adultpasswordsites","https://www.google.com/"
"","adultpaths","https://www.google.com/"
"","adultpay","https://www.google.com/"
"","adultpaymaster","https://www.google.com/"
"","adultpayout","https://www.google.com/"
"","adult-pay-per-view","https://www.google.com/"
"","adult-payperview","https://www.google.com/"
"","adultpayperview","https://www.google.com/"
"","adult-payperview-vod","https://www.google.com/"
"","adult-paysite","https://www.google.com/"
"","adultpaysite","https://www.google.com/"
"","adultpaysiteranking","https://www.google.com/"
"","adultpaysites","https://www.google.com/"
"","adultpaysites-menu","https://www.google.com/"
"","adult-pc-games","https://www.google.com/"
"","adultperiod","https://www.google.com/"
"","adultpersonal-ads","https://www.google.com/"
"","adultpersonals100","https://www.google.com/"
"","adultpersonalsads","https://www.google.com/"
"","adultpersonalsaff","https://www.google.com/"
