"﻿""id""","read","recommended"
"","26style","https://www.google.com/"
"","275mb","https://www.google.com/"
"","29centxxxtalk","https://www.google.com/"
"","29xxx","https://www.google.com/"
"","2aaz","https://www.google.com/"
"","2adultflashgames","https://www.google.com/"
"","2asiansex","https://www.google.com/"
"","2ask","https://www.google.com/"
"","2ass","https://www.google.com/"
"","2b18","https://www.google.com/"
"","2babes","https://www.google.com/"
"","2bad4u","https://www.google.com/"
"","2banonymous","https://www.google.com/"
"","2be2","https://www.google.com/"
"","2beeg","https://www.google.com/"
"","2beporn","https://www.google.com/"
"","2betties","https://www.google.com/"
"","2bexposed","https://www.google.com/"
"","2bgay","https://www.google.com/"
"","2bicouple","https://www.google.com/"
"","2bigjuggs","https://www.google.com/"
"","2bigtits","https://www.google.com/"
"","2bigtobetrue","https://www.google.com/"
"","2bintimate","https://www.google.com/"
"","2blackmen4her","https://www.google.com/"
"","2bondage","https://www.google.com/"
"","2boobs","https://www.google.com/"
"","2bp","https://www.google.com/"
"","2-brothers","https://www.google.com/"
"","2busty","https://www.google.com/"
"","2busy2date","https://www.google.com/"
"","2cam4you","https://www.google.com/"
"","2cam","https://www.google.com/"
"","2casinogames","https://www.google.com/"
"","2chicks1dick1","https://www.google.com/"
"","2chicks1dick","https://www.google.com/"
"","2chicks1prick","https://www.google.com/"
"","2chicks","https://www.google.com/"
"","2chickssametime","https://www.google.com/"
"","2cho","https://www.google.com/"
"","2-clic","https://www.google.com/"
"","2cliks","https://www.google.com/"
"","2com","https://www.google.com/"
"","2computerguys","https://www.google.com/"
"","2coquins","https://www.google.com/"
"","2cporn","https://www.google.com/"
"","2crazydaughters","https://www.google.com/"
"","2d7e1ea7b8500684a","https://www.google.com/"
"","2damnhot","https://www.google.com/"
"","2date4sex","https://www.google.com/"
"","2desejos","https://www.google.com/"
"","2desire","https://www.google.com/"
"","2dicksin1chick","https://www.google.com/"
"","2die4","https://www.google.com/"
"","2-d","https://www.google.com/"
"","2d-market","https://www.google.com/"
"","2doigts","https://www.google.com/"
"","2doit","https://www.google.com/"
"","2downloads","https://www.google.com/"
"","2d-tenshichan","https://www.google.com/"
"","2easysex","https://www.google.com/"
"","2ep","https://www.google.com/"
"","2erotic","https://www.google.com/"
"","2eroticporn","https://www.google.com/"
"","2escorts","https://www.google.com/"
"","2eves","https://www.google.com/"
"","2expose","https://www.google.com/"
"","2ezfind","https://www.google.com/"
"","2farmgirls","https://www.google.com/"
"","2fast2wild","https://www.google.com/"
"","2fbi","https://www.google.com/"
"","2fetish","https://www.google.com/"
"","2findporn","https://www.google.com/"
"","2folie","https://www.google.com/"
"","2freeporn","https://www.google.com/"
"","2fuck","https://www.google.com/"
"","2fun4you","https://www.google.com/"
"","2funny4u","https://www.google.com/"
"","2gay4fb","https://www.google.com/"
"","2gayboys","https://www.google.com/"
"","2getpussy","https://www.google.com/"
"","2gfx","https://www.google.com/"
"","2girl1cup","https://www.google.com/"
"","2girls1camera","https://www.google.com/"
"","2girls1cup","https://www.google.com/"
"","2girls1finger","https://www.google.com/"
"","2girls","https://www.google.com/"
"","2girlsphonesex","https://www.google.com/"
"","2-go","https://www.google.com/"
"","2grosnichons","https://www.google.com/"
"","2gros-seins-naturels","https://www.google.com/"
"","2guys1hole","https://www.google.com/"
"","2guys1horse","https://www.google.com/"
"","2guys1stump","https://www.google.com/"
"","2hairy","https://www.google.com/"
"","2handporn","https://www.google.com/"
"","2hardcore4u","https://www.google.com/"
"","2hardcore","https://www.google.com/"
"","2havesex","https://www.google.com/"
"","2hg","https://www.google.com/"
