"﻿""id""","read","recommended"
"","hardpleasures","https://www.google.com/"
"","hardpole","https://www.google.com/"
"","hardporkys","https://www.google.com/"
"","hardporn8","https://www.google.com/"
"","hardpornbay","https://www.google.com/"
"","hardporn","https://www.google.com/"
"","hardpornclips","https://www.google.com/"
"","hardpornfuck","https://www.google.com/"
"","hardpornlinks","https://www.google.com/"
"","hardpornmovies","https://www.google.com/"
"","hardpornmovs","https://www.google.com/"
"","hardporno24","https://www.google.com/"
"","hardporno","https://www.google.com/"
"","hard-porno","https://www.google.com/"
"","hardpornofilms","https://www.google.com/"
"","hardpornoflix","https://www.google.com/"
"","hardpornography","https://www.google.com/"
"","hardpornohub","https://www.google.com/"
"","hardpornostars","https://www.google.com/"
"","hardpornpics","https://www.google.com/"
"","hardporntube","https://www.google.com/"
"","hard-porn-tubes","https://www.google.com/"
"","hardporntubes","https://www.google.com/"
"","hardporntv","https://www.google.com/"
"","hardpornvideo","https://www.google.com/"
"","hardpornvidz","https://www.google.com/"
"","hardpourcorn","https://www.google.com/"
"","hardproperty","https://www.google.com/"
"","hardpunishments","https://www.google.com/"
"","hardpurple","https://www.google.com/"
"","hardpussy","https://www.google.com/"
"","hardrapepornsexxxx","https://www.google.com/"
"","hardratedblogs","https://www.google.com/"
"","hardrawing","https://www.google.com/"
"","hardrawsex","https://www.google.com/"
"","hardretromovies","https://www.google.com/"
"","hardretrosex","https://www.google.com/"
"","hardrockcasino","https://www.google.com/"
"","hard-service","https://www.google.com/"
"","hardsex7","https://www.google.com/"
"","hardsex8","https://www.google.com/"
"","hard-sex","https://www.google.com/"
"","hardsexblog","https://www.google.com/"
"","hardsexblogs","https://www.google.com/"
"","hardsexcartoon","https://www.google.com/"
"","hardsex","https://www.google.com/"
"","hardsexcenter","https://www.google.com/"
"","hardsexclips","https://www.google.com/"
"","hardsexclub","https://www.google.com/"
"","hardsexdeals","https://www.google.com/"
"","hardsexdesires","https://www.google.com/"
"","hardsexe","https://www.google.com/"
"","hardsexemporium","https://www.google.com/"
"","hardsexerotica","https://www.google.com/"
"","hardsexfilms","https://www.google.com/"
"","hardsexgalleries","https://www.google.com/"
"","hardsexgaytube","https://www.google.com/"
"","hardsexguys","https://www.google.com/"
"","hardsexhub","https://www.google.com/"
"","hardsexmate","https://www.google.com/"
"","hardsexmovies","https://www.google.com/"
"","hardsex-online","https://www.google.com/"
"","hardsexorgies","https://www.google.com/"
"","hardsexphots","https://www.google.com/"
"","hardsexpic","https://www.google.com/"
"","hardsexpleasures","https://www.google.com/"
"","hardsexporn","https://www.google.com/"
"","hardsexservice","https://www.google.com/"
"","hardsexshop","https://www.google.com/"
"","hard-sexslaves-movies","https://www.google.com/"
"","hardsextacy","https://www.google.com/"
"","hardsexteens","https://www.google.com/"
"","hardsextgp","https://www.google.com/"
"","hardsextube69","https://www.google.com/"
"","hardsextube8","https://www.google.com/"
"","hardsextube","https://www.google.com/"
"","hardsextubefree","https://www.google.com/"
"","hardsextubepremium","https://www.google.com/"
"","hardsextube-teens","https://www.google.com/"
"","hardsextubex","https://www.google.com/"
"","hardsextv","https://www.google.com/"
"","hardsex-video","https://www.google.com/"
"","hardsexvideos","https://www.google.com/"
"","hardsexworld","https://www.google.com/"
"","hardsexxo","https://www.google.com/"
"","hardsexxx","https://www.google.com/"
"","hardsexxxpornhub","https://www.google.com/"
"","hardsexxxtube","https://www.google.com/"
"","hardshemale","https://www.google.com/"
"","hardshemaleporn","https://www.google.com/"
"","hardshemales","https://www.google.com/"
"","hardsluts","https://www.google.com/"
"","hard-sm","https://www.google.com/"
"","hardsnake","https://www.google.com/"
"","hardspanking","https://www.google.com/"
"","hardspankingmilfs","https://www.google.com/"
"","hardspankings","https://www.google.com/"
"","hardspankingsex","https://www.google.com/"
"","hardspankingvixens","https://www.google.com/"
"","hardspanks","https://www.google.com/"
