"﻿""id""","read","recommended"
"","boobsandbreasts","https://www.google.com/"
"","boobs-and-busty","https://www.google.com/"
"","boobsandmore","https://www.google.com/"
"","boobsandpussy","https://www.google.com/"
"","boobsandtits","https://www.google.com/"
"","boobsaroundtheworld","https://www.google.com/"
"","boobsasian","https://www.google.com/"
"","boobsasspussy","https://www.google.com/"
"","boobsattack","https://www.google.com/"
"","boobs","https://www.google.com/"
"","boobsbee","https://www.google.com/"
"","boobsbigtits","https://www.google.com/"
"","boobsbits","https://www.google.com/"
"","boobsblog","https://www.google.com/"
"","boobs-boobs","https://www.google.com/"
"","boobs-breasts","https://www.google.com/"
"","boobs-breasts-pics","https://www.google.com/"
"","boobsbynature","https://www.google.com/"
"","boobscafe","https://www.google.com/"
"","boobscategory","https://www.google.com/"
"","boobsclicker","https://www.google.com/"
"","boobscommander","https://www.google.com/"
"","boobsdb","https://www.google.com/"
"","boobsdonna","https://www.google.com/"
"","boobsdream","https://www.google.com/"
"","boobsdreams","https://www.google.com/"
"","boobsdvd","https://www.google.com/"
"","boobs-empire","https://www.google.com/"
"","boobseurope","https://www.google.com/"
"","boobsex","https://www.google.com/"
"","boobsexy","https://www.google.com/"
"","boobsfarm","https://www.google.com/"
"","boobsfat","https://www.google.com/"
"","boobsfinder","https://www.google.com/"
"","boobsforall","https://www.google.com/"
"","boobsforfun","https://www.google.com/"
"","boobsfreaks","https://www.google.com/"
"","boobsfrenzy","https://www.google.com/"
"","boobs-galerie","https://www.google.com/"
"","boobsgallery","https://www.google.com/"
"","boobsgarden","https://www.google.com/"
"","boobsgenie","https://www.google.com/"
"","boobsgirls","https://www.google.com/"
"","boobsgo","https://www.google.com/"
"","boobshare","https://www.google.com/"
"","boobshaven","https://www.google.com/"
"","boobshere","https://www.google.com/"
"","boobshouse","https://www.google.com/"
"","boobshow","https://www.google.com/"
"","boobshun","https://www.google.com/"
"","boobshunter","https://www.google.com/"
"","boobshut","https://www.google.com/"
"","boobsick","https://www.google.com/"
"","boobs-ideal","https://www.google.com/"
"","boobsie","https://www.google.com/"
"","boobsinbondage","https://www.google.com/"
"","boobsindex","https://www.google.com/"
"","boobsinmovies","https://www.google.com/"
"","boobsite","https://www.google.com/"
"","boobsjobs","https://www.google.com/"
"","boobs-journal","https://www.google.com/"
"","boobslagoon","https://www.google.com/"
"","boobslave","https://www.google.com/"
"","boobsle","https://www.google.com/"
"","boobsletter","https://www.google.com/"
"","boobslingerie","https://www.google.com/"
"","boobslinks","https://www.google.com/"
"","boobslivecam","https://www.google.com/"
"","boobsloa","https://www.google.com/"
"","boobs-mall","https://www.google.com/"
"","boobs-mania","https://www.google.com/"
"","boobsmilf","https://www.google.com/"
"","boobsmo","https://www.google.com/"
"","boobsmodels","https://www.google.com/"
"","boobsmoms","https://www.google.com/"
"","boobsmoviedome","https://www.google.com/"
"","boobsmovies","https://www.google.com/"
"","boobsmoviesex","https://www.google.com/"
"","boobs-movies","https://www.google.com/"
"","boobsnboobs","https://www.google.com/"
"","boobsnbuns","https://www.google.com/"
"","boobsncurves","https://www.google.com/"
"","boobsnstuff","https://www.google.com/"
"","boobsntitties","https://www.google.com/"
"","boobsoclock","https://www.google.com/"
"","boobsoffice","https://www.google.com/"
"","boobsomania","https://www.google.com/"
"","boobsonbeach","https://www.google.com/"
"","boobsonline","https://www.google.com/"
"","boobsonly","https://www.google.com/"
"","boobsonpublic","https://www.google.com/"
"","boobspage","https://www.google.com/"
"","boobspalace","https://www.google.com/"
"","boobsparadise","https://www.google.com/"
"","boobsparty","https://www.google.com/"
"","boobsphoto","https://www.google.com/"
"","boobsphotos","https://www.google.com/"
"","boobs-pics","https://www.google.com/"
"","boobspicshunter","https://www.google.com/"
"","boobspictures","https://www.google.com/"
