"﻿""id""","read","recommended"
"","brusselsescorts","https://www.google.com/"
"","brustarchiv","https://www.google.com/"
"","brustficken","https://www.google.com/"
"","brustfrei","https://www.google.com/"
"","brustverein","https://www.google.com/"
"","brustwarze","https://www.google.com/"
"","brustwarzen","https://www.google.com/"
"","brustwarzen-nippel","https://www.google.com/"
"","brutalanal","https://www.google.com/"
"","brutalanalpics","https://www.google.com/"
"","brutal-anal-sex","https://www.google.com/"
"","brutalanalsex","https://www.google.com/"
"","brutalanimalfuck","https://www.google.com/"
"","brutalanimalsfuck","https://www.google.com/"
"","brutalasia","https://www.google.com/"
"","brutalassfucking","https://www.google.com/"
"","brutalballbusting","https://www.google.com/"
"","brutalbdsmart","https://www.google.com/"
"","brutalbdsm","https://www.google.com/"
"","brutalbdsmporn","https://www.google.com/"
"","brutalbdsmtube","https://www.google.com/"
"","brutalbitches","https://www.google.com/"
"","brutalbj","https://www.google.com/"
"","brutalbjs","https://www.google.com/"
"","brutal-blowjobs","https://www.google.com/"
"","brutalblowjobvideos","https://www.google.com/"
"","brutal-bondage","https://www.google.com/"
"","brutalbondageporn","https://www.google.com/"
"","brutalboss","https://www.google.com/"
"","brutalbucks","https://www.google.com/"
"","brutalcartoon","https://www.google.com/"
"","brutalcartoons","https://www.google.com/"
"","brutalcastings","https://www.google.com/"
"","brutalcbt","https://www.google.com/"
"","brutalclips","https://www.google.com/"
"","brutalcomicss","https://www.google.com/"
"","brutaldeepthroatblowjobs","https://www.google.com/"
"","brutal-dildo","https://www.google.com/"
"","brutaldildo","https://www.google.com/"
"","brutal-dildos","https://www.google.com/"
"","brutaldildos","https://www.google.com/"
"","brutaldomina","https://www.google.com/"
"","brutaldrawing","https://www.google.com/"
"","brutaldungeon","https://www.google.com/"
"","brutalextreme","https://www.google.com/"
"","brutalfacefuck","https://www.google.com/"
"","brutal-facesitting","https://www.google.com/"
"","brutalfacesitting","https://www.google.com/"
"","brutalfamily","https://www.google.com/"
"","brutal-fantasy","https://www.google.com/"
"","brutalfantasy","https://www.google.com/"
"","brutal-femdom","https://www.google.com/"
"","brutalfetish","https://www.google.com/"
"","brutalfisting","https://www.google.com/"
"","brutalfistingpics","https://www.google.com/"
"","brutalfootdomination","https://www.google.com/"
"","brutalfuck","https://www.google.com/"
"","brutalfuckvideos","https://www.google.com/"
"","brutalgaybdsm","https://www.google.com/"
"","brutalgayporn","https://www.google.com/"
"","brutalgays","https://www.google.com/"
"","brutalgaytube","https://www.google.com/"
"","brutalgirls","https://www.google.com/"
"","brutalgirlz","https://www.google.com/"
"","brutalhost","https://www.google.com/"
"","brutalinvasion","https://www.google.com/"
"","brutalism","https://www.google.com/"
"","brutalizedrecords","https://www.google.com/"
"","brutalize","https://www.google.com/"
"","brutalkingdom","https://www.google.com/"
"","brutally-raped","https://www.google.com/"
"","brutallyraped","https://www.google.com/"
"","brutalmaster","https://www.google.com/"
"","brutalmente","https://www.google.com/"
"","brutalmma","https://www.google.com/"
"","brutalnetwork","https://www.google.com/"
"","brutalpass","https://www.google.com/"
"","brutalpassion","https://www.google.com/"
"","brutalpassions","https://www.google.com/"
"","brutalpickups","https://www.google.com/"
"","brutal-porn","https://www.google.com/"
"","brutalporn","https://www.google.com/"
"","brutalpornpics","https://www.google.com/"
"","brutalporntv","https://www.google.com/"
"","brutalpunishment","https://www.google.com/"
"","brutalpussy","https://www.google.com/"
"","brutal-rape","https://www.google.com/"
"","brutalrapegirl","https://www.google.com/"
"","brutalrape","https://www.google.com/"
"","brutalraper","https://www.google.com/"
"","brutalrapers","https://www.google.com/"
"","brutalrapesex","https://www.google.com/"
"","brutalsex","https://www.google.com/"
"","brutalshemales","https://www.google.com/"
"","brutalshow","https://www.google.com/"
"","brutalspanking","https://www.google.com/"
"","brutalteens","https://www.google.com/"
"","brutaltgp","https://www.google.com/"
"","brutal-thumbs","https://www.google.com/"
"","brutal-toons","https://www.google.com/"
