"﻿""id""","read","recommended"
"","dystopianslut","https://www.google.com/"
"","dyxi","https://www.google.com/"
"","dzedu","https://www.google.com/"
"","dziewki","https://www.google.com/"
"","dziwka","https://www.google.com/"
"","dziwki","https://www.google.com/"
"","dzsexy","https://www.google.com/"
"","dzxm","https://www.google.com/"
"","e021","https://www.google.com/"
"","e03","https://www.google.com/"
"","e-0721","https://www.google.com/"
"","e18","https://www.google.com/"
"","e2e4","https://www.google.com/"
"","e2graphics","https://www.google.com/"
"","e2ogay","https://www.google.com/"
"","e3e3","https://www.google.com/"
"","e3o2","https://www.google.com/"
"","e4group","https://www.google.com/"
"","e55","https://www.google.com/"
"","e5","https://www.google.com/"
"","e621","https://www.google.com/"
"","e69","https://www.google.com/"
"","e7c","https://www.google.com/"
"","e7","https://www.google.com/"
"","e97","https://www.google.com/"
"","eabdsm","https://www.google.com/"
"","eachporn","https://www.google.com/"
"","eadultcomics","https://www.google.com/"
"","eadultdating","https://www.google.com/"
"","eadultfun","https://www.google.com/"
"","eadultgames","https://www.google.com/"
"","eadulthost","https://www.google.com/"
"","eadultland","https://www.google.com/"
"","e-adultshop","https://www.google.com/"
"","eadulttoons","https://www.google.com/"
"","eager-beaver","https://www.google.com/"
"","eagercuties","https://www.google.com/"
"","eagergay","https://www.google.com/"
"","eagerteens","https://www.google.com/"
"","eagleeyesoft","https://www.google.com/"
"","eagleleather","https://www.google.com/"
"","eaglepubliclibrary","https://www.google.com/"
"","ealltv","https://www.google.com/"
"","ealor","https://www.google.com/"
"","eamateurgirls","https://www.google.com/"
"","e-amateurs","https://www.google.com/"
"","e-amor","https://www.google.com/"
"","eamor","https://www.google.com/"
"","eamore","https://www.google.com/"
"","e-anonse","https://www.google.com/"
"","eap-civilsocietyconference","https://www.google.com/"
"","e-apple","https://www.google.com/"
"","eaprofiles","https://www.google.com/"
"","e-area","https://www.google.com/"
"","earesource","https://www.google.com/"
"","earlmiller","https://www.google.com/"
"","early2bed","https://www.google.com/"
"","early2bedshop","https://www.google.com/"
"","earl-y","https://www.google.com/"
"","early-porn","https://www.google.com/"
"","earlysuccess","https://www.google.com/"
"","earotica","https://www.google.com/"
"","earthbang","https://www.google.com/"
"","earthgate","https://www.google.com/"
"","earthly-p","https://www.google.com/"
"","earthreactor","https://www.google.com/"
"","earthteens","https://www.google.com/"
"","eartvalley","https://www.google.com/"
"","easiangay","https://www.google.com/"
"","easiestlist","https://www.google.com/"
"","east-anglia-escorts","https://www.google.com/"
"","eastbabes","https://www.google.com/"
"","eastblocamateurs","https://www.google.com/"
"","eastboys","https://www.google.com/"
"","eastcash","https://www.google.com/"
"","eastcoastamateurs","https://www.google.com/"
"","eastcoastcollegesluts","https://www.google.com/"
"","eastcoastnews","https://www.google.com/"
"","eastcoastrubber","https://www.google.com/"
"","eastcoastsex","https://www.google.com/"
"","eastcoastsluts","https://www.google.com/"
"","eastcoastswingers","https://www.google.com/"
"","eastcoastxxx","https://www.google.com/"
"","easternbeauty","https://www.google.com/"
"","easternblog","https://www.google.com/"
"","easternbooks","https://www.google.com/"
"","easternbunnies","https://www.google.com/"
"","easternexxxpress","https://www.google.com/"
"","eastern-models","https://www.google.com/"
"","easternporno","https://www.google.com/"
"","easternsweet","https://www.google.com/"
"","easternteen","https://www.google.com/"
"","east-escort","https://www.google.com/"
"","easteuropeboys","https://www.google.com/"
"","eastindiangirls","https://www.google.com/"
"","eastmodel","https://www.google.com/"
"","east-model","https://www.google.com/"
"","eastmodels24","https://www.google.com/"
"","eastmodels","https://www.google.com/"
"","east-of-eden","https://www.google.com/"
