"﻿""id""","read","recommended"
"","bearcommunity","https://www.google.com/"
"","bearcounty","https://www.google.com/"
"","bearcubs","https://www.google.com/"
"","bearcy","https://www.google.com/"
"","beardedmen","https://www.google.com/"
"","beardedperv","https://www.google.com/"
"","beardsboysbutts","https://www.google.com/"
"","beards","https://www.google.com/"
"","bearfactor","https://www.google.com/"
"","bearfilms","https://www.google.com/"
"","bearforest","https://www.google.com/"
"","bearfuck","https://www.google.com/"
"","bear-gay","https://www.google.com/"
"","beargay","https://www.google.com/"
"","beargayporno","https://www.google.com/"
"","beargaytube","https://www.google.com/"
"","beargayvideos","https://www.google.com/"
"","beargayzone","https://www.google.com/"
"","bearhealth","https://www.google.com/"
"","bearhunks","https://www.google.com/"
"","bearindex","https://www.google.com/"
"","bear-licious","https://www.google.com/"
"","bearlinks","https://www.google.com/"
"","bearload","https://www.google.com/"
"","bearlovin","https://www.google.com/"
"","bearmagazine","https://www.google.com/"
"","bearmall","https://www.google.com/"
"","bearmkt","https://www.google.com/"
"","bearnaked","https://www.google.com/"
"","bear","https://www.google.com/"
"","bearornot","https://www.google.com/"
"","bearpass","https://www.google.com/"
"","bearpayperview","https://www.google.com/"
"","bearpc","https://www.google.com/"
"","bearphonesex","https://www.google.com/"
"","bearphotographer","https://www.google.com/"
"","bearpiss","https://www.google.com/"
"","bearpoilu","https://www.google.com/"
"","bearporn","https://www.google.com/"
"","bearpornoblog","https://www.google.com/"
"","bearporntube","https://www.google.com/"
"","bearsathome","https://www.google.com/"
"","bearseek","https://www.google.com/"
"","bearsexuality","https://www.google.com/"
"","bearsexvideos","https://www.google.com/"
"","bearsfantasy","https://www.google.com/"
"","bearslove","https://www.google.com/"
"","bearssitgesclub","https://www.google.com/"
"","bears-toulouse","https://www.google.com/"
"","bearswww","https://www.google.com/"
"","bears","https://www.google.com/"
"","beartrapping","https://www.google.com/"
"","beartrax","https://www.google.com/"
"","bearvideos","https://www.google.com/"
"","bearworld","https://www.google.com/"
"","bearwww","https://www.google.com/"
"","bearxposed","https://www.google.com/"
"","bearzone","https://www.google.com/"
"","beascoremodel","https://www.google.com/"
"","beastality","https://www.google.com/"
"","beastamateurs","https://www.google.com/"
"","beastarena","https://www.google.com/"
"","beast-art","https://www.google.com/"
"","beastavsclub","https://www.google.com/"
"","beastawards","https://www.google.com/"
"","beast-cartoons","https://www.google.com/"
"","beastchat","https://www.google.com/"
"","beastclub","https://www.google.com/"
"","beastcreampie","https://www.google.com/"
"","beast-cum","https://www.google.com/"
"","beastcumshots","https://www.google.com/"
"","beast-dating","https://www.google.com/"
"","beastdebutants","https://www.google.com/"
"","beast-drawings","https://www.google.com/"
"","beastextreme","https://www.google.com/"
"","beastfarm","https://www.google.com/"
"","beastfilez","https://www.google.com/"
"","beastforum","https://www.google.com/"
"","beastfuckers","https://www.google.com/"
"","beastfuns","https://www.google.com/"
"","beastgays","https://www.google.com/"
"","beastguide","https://www.google.com/"
"","beastialitybookmarks","https://www.google.com/"
"","beastialitygirl","https://www.google.com/"
"","beastialityl","https://www.google.com/"
"","beastialitymaidens","https://www.google.com/"
"","beastiality-movs","https://www.google.com/"
"","beastiality-movs","https://www.google.com/"
"","beastiality-pictures","https://www.google.com/"
"","beastialitypictures","https://www.google.com/"
"","beastialityporn","https://www.google.com/"
"","beastiality--stories","https://www.google.com/"
"","beastialitystories","https://www.google.com/"
"","beastid","https://www.google.com/"
"","beastiegals","https://www.google.com/"
"","beastility","https://www.google.com/"
"","beastlive","https://www.google.com/"
"","beastmovies","https://www.google.com/"
"","beastnews","https://www.google.com/"
"","beastology","https://www.google.com/"
