"﻿""id""","read","recommended"
"","bloges","https://www.google.com/"
"","blogespot","https://www.google.com/"
"","blogetsexe","https://www.google.com/"
"","blog-eurolive","https://www.google.com/"
"","blogevaangelina","https://www.google.com/"
"","blogfa","https://www.google.com/"
"","blog-femme-mature","https://www.google.com/"
"","blogfemmemure","https://www.google.com/"
"","blog-fetichiste","https://www.google.com/"
"","blog-fist-fucking","https://www.google.com/"
"","blogfoda","https://www.google.com/"
"","blogfree","https://www.google.com/"
"","blogfucker","https://www.google.com/"
"","bloggay","https://www.google.com/"
"","blog-gays","https://www.google.com/"
"","blogg","https://www.google.com/"
"","bloggedporn","https://www.google.com/"
"","bloggendoos","https://www.google.com/"
"","blogger","https://www.google.com/"
"","bloggerporn","https://www.google.com/"
"","bloggerteam","https://www.google.com/"
"","blogginalynn","https://www.google.com/"
"","bloggingamateurs","https://www.google.com/"
"","bloggingbits","https://www.google.com/"
"","bloggingmylife","https://www.google.com/"
"","bloggmature","https://www.google.com/"
"","bloggo","https://www.google.com/"
"","blog-gros-seins","https://www.google.com/"
"","bloggy","https://www.google.com/"
"","bloghi","https://www.google.com/"
"","bloghomo","https://www.google.com/"
"","bloghorn","https://www.google.com/"
"","bloghot","https://www.google.com/"
"","blogia","https://www.google.com/"
"","blogigo","https://www.google.com/"
"","blog-intime","https://www.google.com/"
"","blogismo","https://www.google.com/"
"","blogit","https://www.google.com/"
"","blogjav","https://www.google.com/"
"","blogjennahaze","https://www.google.com/"
"","blogjessicalynn","https://www.google.com/"
"","blogkaceyjordan","https://www.google.com/"
"","bloglesbienne","https://www.google.com/"
"","blog-lesbiennes","https://www.google.com/"
"","bloglexibelle","https://www.google.com/"
"","blog-libertin","https://www.google.com/"
"","blog-libertin-","https://www.google.com/"
"","bloglibido","https://www.google.com/"
"","bloglinker","https://www.google.com/"
"","bloglisaann","https://www.google.com/"
"","bloglisting","https://www.google.com/"
"","bloglivesex","https://www.google.com/"
"","blog-liveshow","https://www.google.com/"
"","bloglovin","https://www.google.com/"
"","blogmadisonivy","https://www.google.com/"
"","blogmad","https://www.google.com/"
"","blog-maman","https://www.google.com/"
"","blogmature","https://www.google.com/"
"","blog-matures","https://www.google.com/"
"","blog-maxegatos","https://www.google.com/"
"","blogmaxegatos","https://www.google.com/"
"","blogmayagates","https://www.google.com/"
"","blogm","https://www.google.com/"
"","blogmdr","https://www.google.com/"
"","blogmelissalauren","https://www.google.com/"
"","blogmemphismonroe","https://www.google.com/"
"","blogmofos","https://www.google.com/"
"","blognaturiste","https://www.google.com/"
"","blognavi","https://www.google.com/"
"","blognic","https://www.google.com/"
"","blognikkibenz","https://www.google.com/"
"","blognow","https://www.google.com/"
"","blogoblogo","https://www.google.com/"
"","blogofkink","https://www.google.com/"
"","blogofsex","https://www.google.com/"
"","blogol","https://www.google.com/"
"","blogomer","https://www.google.com/"
"","blogorrah","https://www.google.com/"
"","blog-o-sexe","https://www.google.com/"
"","blogosexy","https://www.google.com/"
"","blogosfere","https://www.google.com/"
"","blogoshop","https://www.google.com/"
"","blogownia","https://www.google.com/"
"","blog-paradijs","https://www.google.com/"
"","blogpervers","https://www.google.com/"
"","blog-porn","https://www.google.com/"
"","blogporn","https://www.google.com/"
"","blogpornlist","https://www.google.com/"
"","blogpornoamateur","https://www.google.com/"
"","blog-porno-amateur","https://www.google.com/"
"","blogporno","https://www.google.com/"
"","blogporno-","https://www.google.com/"
"","blog-porno-gratuit","https://www.google.com/"
"","blog-pornostar","https://www.google.com/"
"","blogpornox","https://www.google.com/"
"","blogpost","https://www.google.com/"
"","blogpriyarai","https://www.google.com/"
"","blogpspot","https://www.google.com/"
"","blogpumaswede","https://www.google.com/"
"","blogranking","https://www.google.com/"
