"﻿""id""","read","recommended"
"","exoticdreamboys","https://www.google.com/"
"","exotic-dream","https://www.google.com/"
"","exoticebony","https://www.google.com/"
"","exoticeroticball","https://www.google.com/"
"","exotic-erotics","https://www.google.com/"
"","exotic-fantasies","https://www.google.com/"
"","exoticfemales","https://www.google.com/"
"","exoticflame","https://www.google.com/"
"","exoticfootmodels","https://www.google.com/"
"","exoticfuck","https://www.google.com/"
"","exoticgirlcam","https://www.google.com/"
"","exotic-girls","https://www.google.com/"
"","exoticgirls","https://www.google.com/"
"","exoticgirlslondon","https://www.google.com/"
"","exoticgirlsnude","https://www.google.com/"
"","exotichaven","https://www.google.com/"
"","exotichd","https://www.google.com/"
"","exoticheaven","https://www.google.com/"
"","exotichighheels","https://www.google.com/"
"","exoticimages","https://www.google.com/"
"","exoticindulgence","https://www.google.com/"
"","exoticity","https://www.google.com/"
"","exotickenya","https://www.google.com/"
"","exotickink","https://www.google.com/"
"","exotic-land","https://www.google.com/"
"","exoticlasvegasescorts","https://www.google.com/"
"","exoticlifestyle","https://www.google.com/"
"","exoticnetwork","https://www.google.com/"
"","exotic-nude","https://www.google.com/"
"","exoticnudism","https://www.google.com/"
"","exoticpartners","https://www.google.com/"
"","exoticpays","https://www.google.com/"
"","exoticpersonals","https://www.google.com/"
"","exoticphonesex","https://www.google.com/"
"","exoticpics4u","https://www.google.com/"
"","exotic-pics","https://www.google.com/"
"","exotic-planet","https://www.google.com/"
"","exoticporn","https://www.google.com/"
"","exoticpublishing","https://www.google.com/"
"","exoticpussy","https://www.google.com/"
"","exoticretreat","https://www.google.com/"
"","exoticsexvideo","https://www.google.com/"
"","exoticsexvideos","https://www.google.com/"
"","exoticsguide","https://www.google.com/"
"","exoticshowgirls","https://www.google.com/"
"","exoticsilk","https://www.google.com/"
"","exoticsluts","https://www.google.com/"
"","exoticsociety","https://www.google.com/"
"","exoticsource","https://www.google.com/"
"","exoticstar","https://www.google.com/"
"","exoticstories","https://www.google.com/"
"","exoticsusa","https://www.google.com/"
"","exoticteen","https://www.google.com/"
"","exoticteensluts","https://www.google.com/"
"","exoticthumbs","https://www.google.com/"
"","exotictravelmart","https://www.google.com/"
"","exoticwear","https://www.google.com/"
"","exoticwish","https://www.google.com/"
"","exotic-women","https://www.google.com/"
"","exoticwomenofmissnikki","https://www.google.com/"
"","exoticx","https://www.google.com/"
"","exoticzone","https://www.google.com/"
"","exotik","https://www.google.com/"
"","exotique-liveshow","https://www.google.com/"
"","exotiquetrans","https://www.google.com/"
"","exotisme","https://www.google.com/"
"","exotixxx","https://www.google.com/"
"","exotranny","https://www.google.com/"
"","exotrik","https://www.google.com/"
"","exox","https://www.google.com/"
"","expansionfan","https://www.google.com/"
"","expatswing","https://www.google.com/"
"","expcreativa","https://www.google.com/"
"","expectations","https://www.google.com/"
"","expectingsex","https://www.google.com/"
"","expectporn","https://www.google.com/"
"","expedientex","https://www.google.com/"
"","expensivephonesex","https://www.google.com/"
"","experienceamsterdam","https://www.google.com/"
"","experiencedamateurs","https://www.google.com/"
"","experiences-gay","https://www.google.com/"
"","experiencesgay","https://www.google.com/"
"","experiencethemagic","https://www.google.com/"
"","experimentalsex","https://www.google.com/"
"","expertasensexo","https://www.google.com/"
"","expertdollars","https://www.google.com/"
"","expert-sm","https://www.google.com/"
"","expertvintage","https://www.google.com/"
"","expic","https://www.google.com/"
"","expics","https://www.google.com/"
"","expicture","https://www.google.com/"
"","explains","https://www.google.com/"
"","explainyourfetish","https://www.google.com/"
"","explayboybunnies","https://www.google.com/"
"","explicitadultmovies","https://www.google.com/"
"","explicitasians","https://www.google.com/"
"","explicitcelebs","https://www.google.com/"
"","explicitclip","https://www.google.com/"
"","explicit","https://www.google.com/"
"","explicitcontent","https://www.google.com/"
