"﻿""id""","read","recommended"
"","funpeeps","https://www.google.com/"
"","funpic","https://www.google.com/"
"","funpics4ever","https://www.google.com/"
"","funpics","https://www.google.com/"
"","funplek","https://www.google.com/"
"","funpornsex","https://www.google.com/"
"","funporntube","https://www.google.com/"
"","funput","https://www.google.com/"
"","fun-sex","https://www.google.com/"
"","funsex","https://www.google.com/"
"","funsexpic","https://www.google.com/"
"","funsexporn","https://www.google.com/"
"","funsexporno","https://www.google.com/"
"","funsextelecom","https://www.google.com/"
"","funsextube","https://www.google.com/"
"","funsexworld","https://www.google.com/"
"","funshemale","https://www.google.com/"
"","funshit","https://www.google.com/"
"","funsizeboys","https://www.google.com/"
"","funslut","https://www.google.com/"
"","fun-sms","https://www.google.com/"
"","funsmut","https://www.google.com/"
"","funspezial","https://www.google.com/"
"","funspot","https://www.google.com/"
"","funsquare","https://www.google.com/"
"","funstart","https://www.google.com/"
"","funsurfen","https://www.google.com/"
"","funtacy","https://www.google.com/"
"","funtasia","https://www.google.com/"
"","funtasie","https://www.google.com/"
"","funtasticusnsfw","https://www.google.com/"
"","funteenpics","https://www.google.com/"
"","funteensex","https://www.google.com/"
"","funthumb","https://www.google.com/"
"","funtimescontacts","https://www.google.com/"
"","funtimewithdaddy","https://www.google.com/"
"","funtoday","https://www.google.com/"
"","funtorrent","https://www.google.com/"
"","funtowear","https://www.google.com/"
"","funtubeporn","https://www.google.com/"
"","funurl","https://www.google.com/"
"","funvalerie","https://www.google.com/"
"","funvideo","https://www.google.com/"
"","funvidporn","https://www.google.com/"
"","funvids","https://www.google.com/"
"","funwap","https://www.google.com/"
"","funware","https://www.google.com/"
"","funwares","https://www.google.com/"
"","funway","https://www.google.com/"
"","funwaysmarketing","https://www.google.com/"
"","funwebcams","https://www.google.com/"
"","funwithamber","https://www.google.com/"
"","funwithfatchicks","https://www.google.com/"
"","funwithfetish","https://www.google.com/"
"","fun-xxx","https://www.google.com/"
"","funxxxporn","https://www.google.com/"
"","funxxxtube","https://www.google.com/"
"","funytaniteentube","https://www.google.com/"
"","funzooz","https://www.google.com/"
"","fuplus","https://www.google.com/"
"","fupn","https://www.google.com/"
"","f-up","https://www.google.com/"
"","fuq4k","https://www.google.com/"
"","fuq","https://www.google.com/"
"","fuqer","https://www.google.com/"
"","fuq-porn","https://www.google.com/"
"","fuqporn","https://www.google.com/"
"","fuqporntube","https://www.google.com/"
"","fuqpremium","https://www.google.com/"
"","fuqqer","https://www.google.com/"
"","fuqqt","https://www.google.com/"
"","fuqsex","https://www.google.com/"
"","fuqsexxx","https://www.google.com/"
"","fuqvids","https://www.google.com/"
"","furasupi","https://www.google.com/"
"","furbooru","https://www.google.com/"
"","furbound","https://www.google.com/"
"","furcreamer","https://www.google.com/"
"","furetsex","https://www.google.com/"
"","furiemure","https://www.google.com/"
"","furienue","https://www.google.com/"
"","furinaijin","https://www.google.com/"
"","furin-deai","https://www.google.com/"
"","furious-angel","https://www.google.com/"
"","furiousfacials","https://www.google.com/"
"","furiousgalleries","https://www.google.com/"
"","furnitureporn","https://www.google.com/"
"","furnituretoday","https://www.google.com/"
"","furnow","https://www.google.com/"
"","furonavi","https://www.google.com/"
"","furpies","https://www.google.com/"
"","furriesxxx","https://www.google.com/"
"","furry","https://www.google.com/"
"","furrycdn","https://www.google.com/"
"","furryfemales","https://www.google.com/"
"","furryflicks","https://www.google.com/"
"","furrygirl","https://www.google.com/"
"","furryhentaigames","https://www.google.com/"
"","furryhentaiporn","https://www.google.com/"
"","furryherm","https://www.google.com/"
