"﻿""id""","read","recommended"
"","fotosxxxputas","https://www.google.com/"
"","fotosyvideoscaseros","https://www.google.com/"
"","fotosyvideosgratis","https://www.google.com/"
"","fotosyvideosporno","https://www.google.com/"
"","fototausch","https://www.google.com/"
"","foto-trans","https://www.google.com/"
"","fotovanmijnex","https://www.google.com/"
"","fotoverhalen","https://www.google.com/"
"","fotovip","https://www.google.com/"
"","fotoxxxasian","https://www.google.com/"
"","fotoxxx","https://www.google.com/"
"","fotozvezd","https://www.google.com/"
"","fotxewr","https://www.google.com/"
"","fotz","https://www.google.com/"
"","fotze","https://www.google.com/"
"","fotzenalarm","https://www.google.com/"
"","fotzenbilder","https://www.google.com/"
"","fotzen-bilder","https://www.google.com/"
"","fotzenblog","https://www.google.com/"
"","fotzen","https://www.google.com/"
"","fotzen-cam","https://www.google.com/"
"","fotzencam","https://www.google.com/"
"","fotzen-deutsch","https://www.google.com/"
"","fotzenficken24","https://www.google.com/"
"","fotzenfilme","https://www.google.com/"
"","fotzenhobel","https://www.google.com/"
"","fotzen-invasion","https://www.google.com/"
"","fotzenlecken","https://www.google.com/"
"","fotzenlecker","https://www.google.com/"
"","fotzenlupe","https://www.google.com/"
"","fotzenparty","https://www.google.com/"
"","fotzen-porno","https://www.google.com/"
"","fotzenporno","https://www.google.com/"
"","fotzenpornos","https://www.google.com/"
"","fotzen-privat","https://www.google.com/"
"","fotzenschleim","https://www.google.com/"
"","fotzensex","https://www.google.com/"
"","fotzentgp","https://www.google.com/"
"","fotzentip","https://www.google.com/"
"","fotzentube","https://www.google.com/"
"","fotzen-welt","https://www.google.com/"
"","fou2sexe","https://www.google.com/"
"","foudejus","https://www.google.com/"
"","foudroyante","https://www.google.com/"
"","fouet","https://www.google.com/"
"","fouette","https://www.google.com/"
"","fouettee-nue","https://www.google.com/"
"","foufoune","https://www.google.com/"
"","foufounette","https://www.google.com/"
"","fouineweb","https://www.google.com/"
"","foulfowl","https://www.google.com/"
"","foulmouthradio","https://www.google.com/"
"","foulmouthshirts","https://www.google.com/"
"","foundating","https://www.google.com/"
"","found","https://www.google.com/"
"","foundnude","https://www.google.com/"
"","foundry-hentai","https://www.google.com/"
"","foune","https://www.google.com/"
"","fountainpublishers","https://www.google.com/"
"","fouradultsonly","https://www.google.com/"
"","fourfingerclub","https://www.google.com/"
"","fourfs","https://www.google.com/"
"","four-leafclover","https://www.google.com/"
"","fourplay","https://www.google.com/"
"","fourrures","https://www.google.com/"
"","foursex","https://www.google.com/"
"","foursixteen","https://www.google.com/"
"","foursquare","https://www.google.com/"
"","fourwisemonkeys","https://www.google.com/"
"","fous-de-sexe","https://www.google.com/"
"","foutekabouter","https://www.google.com/"
"","foutre","https://www.google.com/"
"","fox3","https://www.google.com/"
"","fox46","https://www.google.com/"
"","foxclub","https://www.google.com/"
"","foxden","https://www.google.com/"
"","foxdirectory","https://www.google.com/"
"","foxe","https://www.google.com/"
"","foxes","https://www.google.com/"
"","foxesinc","https://www.google.com/"
"","foxfiles","https://www.google.com/"
"","foxgay","https://www.google.com/"
"","foxhq","https://www.google.com/"
"","foxie","https://www.google.com/"
"","foxlinks","https://www.google.com/"
"","foxlist","https://www.google.com/"
"","foxmagazine","https://www.google.com/"
"","foxmuscle","https://www.google.com/"
"","foxnudes","https://www.google.com/"
"","foxporn","https://www.google.com/"
"","foxpornos","https://www.google.com/"
"","fox-porns","https://www.google.com/"
"","foxporns","https://www.google.com/"
"","foxsexvideos","https://www.google.com/"
"","foxstud","https://www.google.com/"
"","foxtube","https://www.google.com/"
"","foxvideomail","https://www.google.com/"
"","foxxedup","https://www.google.com/"
"","foxxxies","https://www.google.com/"
"","foxxxiesporn","https://www.google.com/"
