"﻿""id""","read","recommended"
"","hugemen","https://www.google.com/"
"","hugemilf","https://www.google.com/"
"","hugemilftube","https://www.google.com/"
"","hugemoviepass","https://www.google.com/"
"","hugemuscle","https://www.google.com/"
"","hugenaturalboobs","https://www.google.com/"
"","hugenaturalslovers","https://www.google.com/"
"","hugenaturalstits","https://www.google.com/"
"","hugenaturaltits","https://www.google.com/"
"","hugenips","https://www.google.com/"
"","hugeoldiestube","https://www.google.com/"
"","hugepackage","https://www.google.com/"
"","hugeparty","https://www.google.com/"
"","hugepenis","https://www.google.com/"
"","hugeplumpwomen","https://www.google.com/"
"","hugepornbox","https://www.google.com/"
"","hugeporn","https://www.google.com/"
"","hugepornlist","https://www.google.com/"
"","hugepornmovies","https://www.google.com/"
"","hugepornsite","https://www.google.com/"
"","hugeporntube","https://www.google.com/"
"","hugeporntv","https://www.google.com/"
"","hugepricks","https://www.google.com/"
"","hugepussypics","https://www.google.com/"
"","hugerackclub","https://www.google.com/"
"","hugerealboobs","https://www.google.com/"
"","hugerubber","https://www.google.com/"
"","hugerubberdicks","https://www.google.com/"
"","hugescarydildo","https://www.google.com/"
"","hugescarydildos","https://www.google.com/"
"","hugescock","https://www.google.com/"
"","hugesexbox","https://www.google.com/"
"","hugesextube","https://www.google.com/"
"","hugesex","https://www.google.com/"
"","hugesquirt","https://www.google.com/"
"","hugester","https://www.google.com/"
"","hugestraponlesbians","https://www.google.com/"
"","hugeteenbreasts","https://www.google.com/"
"","hugeteentits","https://www.google.com/"
"","hugetitcam","https://www.google.com/"
"","hugetitfuck","https://www.google.com/"
"","hugetits4u","https://www.google.com/"
"","hugetitsbigboobs","https://www.google.com/"
"","hugetitsboob","https://www.google.com/"
"","huge-tits-boobs","https://www.google.com/"
"","hugetitsboobs","https://www.google.com/"
"","hugetitsbox","https://www.google.com/"
"","hugetitsclipz","https://www.google.com/"
"","hugetits","https://www.google.com/"
"","huge-tits","https://www.google.com/"
"","hugetitsfucking","https://www.google.com/"
"","hugetitsgif","https://www.google.com/"
"","hugetitsgirls","https://www.google.com/"
"","hugetitslist","https://www.google.com/"
"","hugetitsmilf","https://www.google.com/"
"","hugetitsonly","https://www.google.com/"
"","hugetitspass","https://www.google.com/"
"","hugetitsphotos","https://www.google.com/"
"","hugetitspics","https://www.google.com/"
"","huge-tits-pictures","https://www.google.com/"
"","hugetitsplaza","https://www.google.com/"
"","hugetits-porn","https://www.google.com/"
"","hugetitspornpics","https://www.google.com/"
"","hugetits-tgp","https://www.google.com/"
"","hugetitstube","https://www.google.com/"
"","hugetitswomen","https://www.google.com/"
"","hugetitsworld","https://www.google.com/"
"","hugetitties","https://www.google.com/"
"","hugetit","https://www.google.com/"
"","hugetitvideos","https://www.google.com/"
"","hugetraffic","https://www.google.com/"
"","hugevideostube","https://www.google.com/"
"","hugevids","https://www.google.com/"
"","hugewhitedick","https://www.google.com/"
"","hugexxxporn","https://www.google.com/"
"","hugfuck","https://www.google.com/"
"","hugher","https://www.google.com/"
"","hughesdesign","https://www.google.com/"
"","hughg-reckshun","https://www.google.com/"
"","huigneuken","https://www.google.com/"
"","huisexpert","https://www.google.com/"
"","huisvanplezier","https://www.google.com/"
"","huisvrouwen-gouda-prive","https://www.google.com/"
"","huisvrouwenlive","https://www.google.com/"
"","huisvrouwen","https://www.google.com/"
"","huisvrouwenseks","https://www.google.com/"
"","huisvrouwensex","https://www.google.com/"
"","huisvrouwenvoorgeld","https://www.google.com/"
"","huisvrouwenvoorsex","https://www.google.com/"
"","huisvrouwenwebcams","https://www.google.com/"
"","huisvrouwenzoekensex","https://www.google.com/"
"","huisvrouw","https://www.google.com/"
"","huisvrouwneuken","https://www.google.com/"
"","huisvrouwtjes","https://www.google.com/"
"","hujschi","https://www.google.com/"
"","huktube","https://www.google.com/"
"","huladolls","https://www.google.com/"
"","hulahulawhores","https://www.google.com/"
"","hulaporn","https://www.google.com/"
"","hula","https://www.google.com/"
