"﻿""id""","read","recommended"
"","intercourse","https://www.google.com/"
"","intercoursepictures","https://www.google.com/"
"","intercoursetoys","https://www.google.com/"
"","interda","https://www.google.com/"
"","interface-oi","https://www.google.com/"
"","inter-flirt","https://www.google.com/"
"","intergirl","https://www.google.com/"
"","interia","https://www.google.com/"
"","interis","https://www.google.com/"
"","interkent","https://www.google.com/"
"","interknickers","https://www.google.com/"
"","interludes","https://www.google.com/"
"","interlust","https://www.google.com/"
"","intermarkproductions","https://www.google.com/"
"","intermax-ag","https://www.google.com/"
"","intermixedsluts","https://www.google.com/"
"","in-ter-models","https://www.google.com/"
"","intermodels","https://www.google.com/"
"","internalbucks","https://www.google.com/"
"","internal-creampie","https://www.google.com/"
"","internalcumshots","https://www.google.com/"
"","internalexplosions","https://www.google.com/"
"","internalgals","https://www.google.com/"
"","internalpass","https://www.google.com/"
"","internalshots","https://www.google.com/"
"","internalviolations","https://www.google.com/"
"","internationaladoptions","https://www.google.com/"
"","internationaladultdatingclub","https://www.google.com/"
"","internationalbabes","https://www.google.com/"
"","internationalblondeescort","https://www.google.com/"
"","internationalcomix","https://www.google.com/"
"","internationaldreamgirls","https://www.google.com/"
"","internationaleliteescorts","https://www.google.com/"
"","international-escort","https://www.google.com/"
"","internationalescort","https://www.google.com/"
"","international-escort-ladies","https://www.google.com/"
"","internationalescorts","https://www.google.com/"
"","internationalescortservices","https://www.google.com/"
"","internationalfriendship","https://www.google.com/"
"","internationaljock","https://www.google.com/"
"","internationalporn","https://www.google.com/"
"","internationalpornstars","https://www.google.com/"
"","internationalpussy","https://www.google.com/"
"","internationalscope","https://www.google.com/"
"","internationalsexguide","https://www.google.com/"
"","internationalsextoys","https://www.google.com/"
"","internationalshemales","https://www.google.com/"
"","internationalwanker","https://www.google.com/"
"","internationho","https://www.google.com/"
"","internautki","https://www.google.com/"
"","inter","https://www.google.com/"
"","internetadult","https://www.google.com/"
"","internet-amateurs","https://www.google.com/"
"","internetamateurs","https://www.google.com/"
"","internetbabes","https://www.google.com/"
"","internet-blackjack","https://www.google.com/"
"","internet-bordell","https://www.google.com/"
"","internetbreasts","https://www.google.com/"
"","internetclothingcompany","https://www.google.com/"
"","internetcreeper","https://www.google.com/"
"","internet-date","https://www.google.com/"
"","internet-dating-directory","https://www.google.com/"
"","internet-dating-online","https://www.google.com/"
"","internetdatingsite","https://www.google.com/"
"","internetdump","https://www.google.com/"
"","internet-escort","https://www.google.com/"
"","internetexxxplorer","https://www.google.com/"
"","internetfeet","https://www.google.com/"
"","internetfucks","https://www.google.com/"
"","internetgal","https://www.google.com/"
"","internetgambling","https://www.google.com/"
"","internetgay","https://www.google.com/"
"","internetgirls","https://www.google.com/"
"","internetgo","https://www.google.com/"
"","internethomesexlive","https://www.google.com/"
"","internethookups","https://www.google.com/"
"","internet-kontaktanzeigen","https://www.google.com/"
"","internet-kontakte","https://www.google.com/"
"","internetlivechat","https://www.google.com/"
"","internetlivesex","https://www.google.com/"
"","internetmodeling","https://www.google.com/"
"","internetmodels","https://www.google.com/"
"","internetnudemodels","https://www.google.com/"
"","internet-partnervermittlung","https://www.google.com/"
"","internet-personals","https://www.google.com/"
"","internetporn","https://www.google.com/"
"","internetpussy","https://www.google.com/"
"","internetqualitycheck","https://www.google.com/"
"","internet-rencontre","https://www.google.com/"
"","internetsecrets","https://www.google.com/"
"","internetseksdating","https://www.google.com/"
"","internet-seo","https://www.google.com/"
"","internetsex","https://www.google.com/"
"","internetsexdating","https://www.google.com/"
"","internetsexlinks","https://www.google.com/"
"","internetsexnetwork","https://www.google.com/"
"","internet-sex","https://www.google.com/"
"","internetsluts","https://www.google.com/"
"","internet-stars","https://www.google.com/"
"","internetstars","https://www.google.com/"
