"﻿""id""","read","recommended"
"","joeysilveraxxx","https://www.google.com/"
"","jogetz","https://www.google.com/"
"","jogos","https://www.google.com/"
"","jogosdesexoporno","https://www.google.com/"
"","jogosonlinegratis","https://www.google.com/"
"","jogosquentes","https://www.google.com/"
"","joguest","https://www.google.com/"
"","johansjournal","https://www.google.com/"
"","johanvilde","https://www.google.com/"
"","johnandjohn","https://www.google.com/"
"","johnbaskerville","https://www.google.com/"
"","johnbroot","https://www.google.com/"
"","john-cool","https://www.google.com/"
"","johnfalocco","https://www.google.com/"
"","john-gault","https://www.google.com/"
"","johnhealyphoto","https://www.google.com/"
"","johnholmes","https://www.google.com/"
"","johnholmespenis","https://www.google.com/"
"","johnholmesxxx","https://www.google.com/"
"","johnlacarbiereiii","https://www.google.com/"
"","johnleslie","https://www.google.com/"
"","johnmayer","https://www.google.com/"
"","johnniegalleries","https://www.google.com/"
"","johnniescloset","https://www.google.com/"
"","johnnycastleunleashed","https://www.google.com/"
"","johnnydepp","https://www.google.com/"
"","johnnyfist","https://www.google.com/"
"","johnnyhorn","https://www.google.com/"
"","johnnyjaan","https://www.google.com/"
"","johnny-moronic","https://www.google.com/"
"","johnnymoronic","https://www.google.com/"
"","johnnypearl","https://www.google.com/"
"","johnnypoker","https://www.google.com/"
"","johnnyrapid","https://www.google.com/"
"","johnnysporn","https://www.google.com/"
"","johnnystudio","https://www.google.com/"
"","johnnysvideos","https://www.google.com/"
"","johnpersons3d","https://www.google.com/"
"","johnpersons","https://www.google.com/"
"","johnpersonscomics","https://www.google.com/"
"","johnrandall","https://www.google.com/"
"","johnsonshemales","https://www.google.com/"
"","johnsonsnetwork","https://www.google.com/"
"","johnspion","https://www.google.com/"
"","johnspornlist","https://www.google.com/"
"","johntbone","https://www.google.com/"
"","johnthompsonbukkake","https://www.google.com/"
"","johntisbury","https://www.google.com/"
"","joi18","https://www.google.com/"
"","joicei","https://www.google.com/"
"","joilove","https://www.google.com/"
"","join2babes","https://www.google.com/"
"","join4free","https://www.google.com/"
"","join88square","https://www.google.com/"
"","join-aaliyahlove","https://www.google.com/"
"","join-abbyleebrazil","https://www.google.com/"
"","join-adrianachechik","https://www.google.com/"
"","join-alyssalynn","https://www.google.com/"
"","join-anasstaziabooty","https://www.google.com/"
"","joinandearn","https://www.google.com/"
"","join-behindscenexxx","https://www.google.com/"
"","join-britneyamber","https://www.google.com/"
"","join-bustypatsy","https://www.google.com/"
"","join-cheriedeville","https://www.google.com/"
"","join-danavespoli","https://www.google.com/"
"","join-dillionharper","https://www.google.com/"
"","join-doradolce","https://www.google.com/"
"","joinforjoy","https://www.google.com/"
"","join-hitzefrei","https://www.google.com/"
"","joinjav","https://www.google.com/"
"","join-jessicaryan","https://www.google.com/"
"","join-karliemontana","https://www.google.com/"
"","join-kasiakelly","https://www.google.com/"
"","joinlive","https://www.google.com/"
"","joinlucyohara","https://www.google.com/"
"","join-lylithlavey","https://www.google.com/"
"","join-meganrain","https://www.google.com/"
"","joinmehere","https://www.google.com/"
"","join-missymartinez","https://www.google.com/"
"","join-morganlee","https://www.google.com/"
"","join-myboobsparadise","https://www.google.com/"
"","join-myexgfparadise","https://www.google.com/"
"","join-mylegsparadise","https://www.google.com/"
"","joinmyroom","https://www.google.com/"
"","join-myxxxparadise","https://www.google.com/"
"","join-nataliastarr","https://www.google.com/"
"","join-natashastarr","https://www.google.com/"
"","joinourwebsite","https://www.google.com/"
"","join-purgatoryx","https://www.google.com/"
"","joinrightnow","https://www.google.com/"
"","join-s","https://www.google.com/"
"","join-toughlovex","https://www.google.com/"
"","join-trinitystclair","https://www.google.com/"
"","joinxxx","https://www.google.com/"
"","joipornvideos","https://www.google.com/"
"","jojasa","https://www.google.com/"
"","joja-sm","https://www.google.com/"
"","jojojinx","https://www.google.com/"
"","jokeboy","https://www.google.com/"
"","joke-joke","https://www.google.com/"
