"﻿""id""","read","recommended"
"","filipinafriend","https://www.google.com/"
"","filipinafunpage","https://www.google.com/"
"","filipinagalleries","https://www.google.com/"
"","filipinagallery","https://www.google.com/"
"","filipinagfs","https://www.google.com/"
"","filipinagirlcams","https://www.google.com/"
"","filipinagirls","https://www.google.com/"
"","filipinagirlsdiary","https://www.google.com/"
"","filipinagirlslive","https://www.google.com/"
"","filipinagogo","https://www.google.com/"
"","filipinahooker","https://www.google.com/"
"","filipinahousewife","https://www.google.com/"
"","filipinahunter","https://www.google.com/"
"","filipinalady","https://www.google.com/"
"","filipinaland","https://www.google.com/"
"","filipinalivecam","https://www.google.com/"
"","filipinalivechats","https://www.google.com/"
"","filipinamagic","https://www.google.com/"
"","filipinamobile","https://www.google.com/"
"","filipinamobileporn","https://www.google.com/"
"","filipinanaked","https://www.google.com/"
"","filipina","https://www.google.com/"
"","filipinanation","https://www.google.com/"
"","filipinanude","https://www.google.com/"
"","filipinanudes","https://www.google.com/"
"","filipinanudity","https://www.google.com/"
"","filipinaparty","https://www.google.com/"
"","filipinapatrol","https://www.google.com/"
"","filipinaphoto","https://www.google.com/"
"","filipinapoony","https://www.google.com/"
"","filipinapornarchives","https://www.google.com/"
"","filipinaporndiary","https://www.google.com/"
"","filipinapornhunters","https://www.google.com/"
"","filipinaporno","https://www.google.com/"
"","filipinapornography","https://www.google.com/"
"","filipinapornspy","https://www.google.com/"
"","filipinaporntube","https://www.google.com/"
"","filipinapornvideos","https://www.google.com/"
"","filipinapov","https://www.google.com/"
"","filipinapussy","https://www.google.com/"
"","filipinapussypatrol","https://www.google.com/"
"","filipinarestaurant","https://www.google.com/"
"","filipinaromance","https://www.google.com/"
"","filipinaschoolgirls","https://www.google.com/"
"","filipinasexblogs","https://www.google.com/"
"","filipinasexchat","https://www.google.com/"
"","filipinasexdiary","https://www.google.com/"
"","filipinasexguide","https://www.google.com/"
"","filipina-sex-links","https://www.google.com/"
"","filipinasexlinks","https://www.google.com/"
"","filipinasexlive","https://www.google.com/"
"","filipinasex","https://www.google.com/"
"","filipinasexphotos","https://www.google.com/"
"","filipinasexvideos","https://www.google.com/"
"","filipinasexydiary","https://www.google.com/"
"","filipinasexygirls","https://www.google.com/"
"","filipinasluts","https://www.google.com/"
"","filipinas-nude","https://www.google.com/"
"","filipinastripper","https://www.google.com/"
"","filipinateens","https://www.google.com/"
"","filipinatgp","https://www.google.com/"
"","filipinathai","https://www.google.com/"
"","filipinathumbs","https://www.google.com/"
"","filipinatopsites","https://www.google.com/"
"","filipinatube","https://www.google.com/"
"","filipinavideos","https://www.google.com/"
"","filipinawebcamgirls","https://www.google.com/"
"","filipinawebcams","https://www.google.com/"
"","filipinawebcamsex","https://www.google.com/"
"","filipinawebcamsx","https://www.google.com/"
"","filipinawife","https://www.google.com/"
"","filipinaxxxcams","https://www.google.com/"
"","filipinaxxxchat","https://www.google.com/"
"","filipinaxxx","https://www.google.com/"
"","filipinayoung","https://www.google.com/"
"","filipinofriendfinder","https://www.google.com/"
"","filipinofuck","https://www.google.com/"
"","filipinogirls","https://www.google.com/"
"","filipino-porn","https://www.google.com/"
"","filipinoporno","https://www.google.com/"
"","filipinoporn","https://www.google.com/"
"","filipinosex","https://www.google.com/"
"","filipinosextour","https://www.google.com/"
"","filipinostuds","https://www.google.com/"
"","filipinoteens","https://www.google.com/"
"","filipsport","https://www.google.com/"
"","fille18ans","https://www.google.com/"
"","fille-arabe","https://www.google.com/"
"","fillechaude","https://www.google.com/"
"","fille-cochonne","https://www.google.com/"
"","fille","https://www.google.com/"
"","filledcups","https://www.google.com/"
"","fillede18ans","https://www.google.com/"
"","filledholes","https://www.google.com/"
"","fillefacile","https://www.google.com/"
"","fille-facile","https://www.google.com/"
"","fille-gothique","https://www.google.com/"
"","fillehot","https://www.google.com/"
"","fille-jeux","https://www.google.com/"
"","fillelive","https://www.google.com/"
