"﻿""id""","read","recommended"
"","1mature","https://www.google.com/"
"","1matureporntube","https://www.google.com/"
"","1maturesalope","https://www.google.com/"
"","1mature-sex","https://www.google.com/"
"","1maturesex","https://www.google.com/"
"","1maturewomen","https://www.google.com/"
"","1max2liens","https://www.google.com/"
"","1maxdecul","https://www.google.com/"
"","1maxdegay","https://www.google.com/"
"","1maxdesexe","https://www.google.com/"
"","1maxdevideos","https://www.google.com/"
"","1maxdevieilles","https://www.google.com/"
"","1mgp","https://www.google.com/"
"","1milf","https://www.google.com/"
"","1millionmen","https://www.google.com/"
"","1mobilecash","https://www.google.com/"
"","1modelagency","https://www.google.com/"
"","1-modele-photo","https://www.google.com/"
"","1moretime","https://www.google.com/"
"","1movie","https://www.google.com/"
"","1moviesearch","https://www.google.com/"
"","1mov-team","https://www.google.com/"
"","1myhost","https://www.google.com/"
"","1nacktefrauen","https://www.google.com/"
"","1nastychick","https://www.google.com/"
"","1nax","https://www.google.com/"
"","1niceass","https://www.google.com/"
"","1nicebod","https://www.google.com/"
"","1night-kontakt","https://www.google.com/"
"","1nightstand","https://www.google.com/"
"","1-nude-amateurs","https://www.google.com/"
"","1-nudetube","https://www.google.com/"
"","1nudism","https://www.google.com/"
"","1nudistbeach","https://www.google.com/"
"","1nudisttube","https://www.google.com/"
"","1nut","https://www.google.com/"
"","1-obese","https://www.google.com/"
"","1og","https://www.google.com/"
"","1on1affiliates","https://www.google.com/"
"","1on1bondage","https://www.google.com/"
"","1on1","https://www.google.com/"
"","1on1cam","https://www.google.com/"
"","1on1camfeeds","https://www.google.com/"
"","1on1-cams","https://www.google.com/"
"","1on1cam-sex","https://www.google.com/"
"","1on1camtocam","https://www.google.com/"
"","1on1-chat","https://www.google.com/"
"","1on1dating","https://www.google.com/"
"","1on1fetish","https://www.google.com/"
"","1on1gaymen","https://www.google.com/"
"","1on1girl","https://www.google.com/"
"","1on1livecam","https://www.google.com/"
"","1on1livecams","https://www.google.com/"
"","1on1-live-sex","https://www.google.com/"
"","1on1-livesex","https://www.google.com/"
"","1on1live-sex","https://www.google.com/"
"","1on1livesex","https://www.google.com/"
"","1on1livewebcam","https://www.google.com/"
"","1on1nudecams","https://www.google.com/"
"","1on1nudechat","https://www.google.com/"
"","1on1phonesex","https://www.google.com/"
"","1on1-sexcams","https://www.google.com/"
"","1on1-sexchat","https://www.google.com/"
"","1on1sexshow","https://www.google.com/"
"","1on1show","https://www.google.com/"
"","1on1shows","https://www.google.com/"
"","1on1telefoonsex","https://www.google.com/"
"","1on1-videochat","https://www.google.com/"
"","1on1videochat","https://www.google.com/"
"","1on1-webcams","https://www.google.com/"
"","1on1wholesale","https://www.google.com/"
"","1on1xxxcams","https://www.google.com/"
"","1-on","https://www.google.com/"
"","1-online-bingo","https://www.google.com/"
"","1-onlinedating","https://www.google.com/"
"","1panty","https://www.google.com/"
"","1pantyhose","https://www.google.com/"
"","1passforallsites","https://www.google.com/"
"","1pee","https://www.google.com/"
"","1-penis-enlargement-solution","https://www.google.com/"
"","1phonesex","https://www.google.com/"
"","1piecehentai","https://www.google.com/"
"","1piter","https://www.google.com/"
"","1plaisir","https://www.google.com/"
"","1-plan-cam","https://www.google.com/"
"","1-plan-coquin","https://www.google.com/"
"","1-plan-cul","https://www.google.com/"
"","1-plancul","https://www.google.com/"
"","1plancul","https://www.google.com/"
"","1planculgay","https://www.google.com/"
"","1planculmarseille","https://www.google.com/"
"","1-plan-gay","https://www.google.com/"
"","1-plan-homo","https://www.google.com/"
"","1plan-q","https://www.google.com/"
"","1playgay","https://www.google.com/"
"","1pl","https://www.google.com/"
"","1pondo","https://www.google.com/"
"","1pordia","https://www.google.com/"
"","1porn","https://www.google.com/"
"","1-porn","https://www.google.com/"
