"﻿""id""","read","recommended"
"","data-ero-advertising","https://www.google.com/"
"","dataslut","https://www.google.com/"
"","dataste","https://www.google.com/"
"","datawav","https://www.google.com/"
"","datboobs","https://www.google.com/"
"","date10","https://www.google.com/"
"","date247","https://www.google.com/"
"","date411","https://www.google.com/"
"","date42night","https://www.google.com/"
"","date4sex","https://www.google.com/"
"","date-4-sex","https://www.google.com/"
"","date4you","https://www.google.com/"
"","dateacamgirl","https://www.google.com/"
"","dateacougar","https://www.google.com/"
"","dateacrossdresser","https://www.google.com/"
"","dateactive","https://www.google.com/"
"","date-advertentie","https://www.google.com/"
"","dateadvisor","https://www.google.com/"
"","dateafemalebodybuilder","https://www.google.com/"
"","dateafspraak","https://www.google.com/"
"","date-a-gay","https://www.google.com/"
"","dateahermaphrodite","https://www.google.com/"
"","datealternatives","https://www.google.com/"
"","dateamodel","https://www.google.com/"
"","date-and-more","https://www.google.com/"
"","dateandmore","https://www.google.com/"
"","dateanudist","https://www.google.com/"
"","date-a-shemale","https://www.google.com/"
"","dateateen","https://www.google.com/"
"","dateatranny","https://www.google.com/"
"","dateatranssexual","https://www.google.com/"
"","dateauktion","https://www.google.com/"
"","dateawhore","https://www.google.com/"
"","datebeach","https://www.google.com/"
"","date-cafe","https://www.google.com/"
"","datecafe","https://www.google.com/"
"","datecam","https://www.google.com/"
"","datecaming","https://www.google.com/"
"","datecenter","https://www.google.com/"
"","date-chat","https://www.google.com/"
"","date-check","https://www.google.com/"
"","dateclick","https://www.google.com/"
"","dateclix","https://www.google.com/"
"","dateclub","https://www.google.com/"
"","date","https://www.google.com/"
"","datecougar","https://www.google.com/"
"","datecrossdresser","https://www.google.com/"
"","date-crossdressers","https://www.google.com/"
"","datedick","https://www.google.com/"
"","datedicklive","https://www.google.com/"
"","datedominatrix","https://www.google.com/"
"","dateensporn","https://www.google.com/"
"","date-express","https://www.google.com/"
"","datefinden","https://www.google.com/"
"","datefinder","https://www.google.com/"
"","dateflow","https://www.google.com/"
"","dateformoney","https://www.google.com/"
"","dateforsex","https://www.google.com/"
"","dateforum","https://www.google.com/"
"","datefree","https://www.google.com/"
"","dategays","https://www.google.com/"
"","dategirls","https://www.google.com/"
"","datehornywives","https://www.google.com/"
"","datehunters","https://www.google.com/"
"","dateihoster","https://www.google.com/"
"","dateinasia","https://www.google.com/"
"","date-in-click","https://www.google.com/"
"","dateinjouwstad","https://www.google.com/"
"","dateking","https://www.google.com/"
"","date-kontakte","https://www.google.com/"
"","datelekker","https://www.google.com/"
"","datelinks","https://www.google.com/"
"","datelocalteens","https://www.google.com/"
"","datemall","https://www.google.com/"
"","datematures","https://www.google.com/"
"","dateme","https://www.google.com/"
"","datemijnu","https://www.google.com/"
"","datenation","https://www.google.com/"
"","datenet","https://www.google.com/"
"","dateoase","https://www.google.com/"
"","date-online","https://www.google.com/"
"","dateonweb","https://www.google.com/"
"","datepage","https://www.google.com/"
"","datepower","https://www.google.com/"
"","dateprofits","https://www.google.com/"
"","daters","https://www.google.com/"
"","dates18","https://www.google.com/"
"","dates24","https://www.google.com/"
"","dates25","https://www.google.com/"
"","dates-ausmachen","https://www.google.com/"
"","datesearcher","https://www.google.com/"
"","dateselector","https://www.google.com/"
"","datesex","https://www.google.com/"
"","date-sex","https://www.google.com/"
"","dateshemale","https://www.google.com/"
"","dateshemales","https://www.google.com/"
"","datesiteliars","https://www.google.com/"
"","datesitereviews","https://www.google.com/"
"","datesites","https://www.google.com/"
"","dates","https://www.google.com/"
