"﻿""id""","read","recommended"
"","bestmodels","https://www.google.com/"
"","bestmompics","https://www.google.com/"
"","bestmomsex","https://www.google.com/"
"","bestmomson","https://www.google.com/"
"","bestmomsporn","https://www.google.com/"
"","bestmomtube","https://www.google.com/"
"","bestmomvideo","https://www.google.com/"
"","bestmothertube","https://www.google.com/"
"","bestmove","https://www.google.com/"
"","bestmoviegalls","https://www.google.com/"
"","best-movie","https://www.google.com/"
"","bestmovies","https://www.google.com/"
"","best-mp3","https://www.google.com/"
"","bestmyday","https://www.google.com/"
"","bestnakedbabes","https://www.google.com/"
"","bestnakedcelebs","https://www.google.com/"
"","best-naked-girls","https://www.google.com/"
"","bestnakedwife","https://www.google.com/"
"","bestnastycams","https://www.google.com/"
"","best-neformale","https://www.google.com/"
"","bestnewcams","https://www.google.com/"
"","bestnewpornstars","https://www.google.com/"
"","bestnihongirls","https://www.google.com/"
"","bestnudeamateurs","https://www.google.com/"
"","bestnudeart","https://www.google.com/"
"","bestnudeceleb","https://www.google.com/"
"","bestnudemodels","https://www.google.com/"
"","bestnudes","https://www.google.com/"
"","bestnurseporn","https://www.google.com/"
"","bestnylongirls","https://www.google.com/"
"","bestnylon","https://www.google.com/"
"","bestnylonpics","https://www.google.com/"
"","bestnylons","https://www.google.com/"
"","bestnylonsites","https://www.google.com/"
"","bestobeast","https://www.google.com/"
"","bestofadult","https://www.google.com/"
"","best-of-all","https://www.google.com/"
"","best-of-amateur","https://www.google.com/"
"","bestofamateur","https://www.google.com/"
"","bestofamsterdam","https://www.google.com/"
"","bestofanal","https://www.google.com/"
"","bestofasia","https://www.google.com/"
"","best-of-audrey","https://www.google.com/"
"","best-of-bdsm","https://www.google.com/"
"","best-of-blog","https://www.google.com/"
"","bestofblowjobs","https://www.google.com/"
"","bestofbondage","https://www.google.com/"
"","bestofbritneyamber","https://www.google.com/"
"","bestofcasino","https://www.google.com/"
"","bestofchat","https://www.google.com/"
"","bestofcomicbooks","https://www.google.com/"
"","bestofcrea","https://www.google.com/"
"","bestoferotica","https://www.google.com/"
"","bestoffemdom","https://www.google.com/"
"","bestofferz","https://www.google.com/"
"","bestofgals","https://www.google.com/"
"","bestofgaymuscle","https://www.google.com/"
"","bestofgaymusclelive","https://www.google.com/"
"","best-of-gina","https://www.google.com/"
"","bestofhard","https://www.google.com/"
"","bestofhentai","https://www.google.com/"
"","bestofhomemade","https://www.google.com/"
"","best-of-jana","https://www.google.com/"
"","bestofkendallkarson","https://www.google.com/"
"","bestofkink","https://www.google.com/"
"","bestoflegsandfeet","https://www.google.com/"
"","best-of-leonie","https://www.google.com/"
"","bestoflightspeed","https://www.google.com/"
"","bestoflive","https://www.google.com/"
"","best-of-louisa","https://www.google.com/"
"","bestofmilf","https://www.google.com/"
"","bestofmodels","https://www.google.com/"
"","bestofmoms","https://www.google.com/"
"","bestofmovies","https://www.google.com/"
"","bestofporn","https://www.google.com/"
"","bestofpornhub","https://www.google.com/"
"","bestofpornstars","https://www.google.com/"
"","best-of-rocco","https://www.google.com/"
"","bestofsex","https://www.google.com/"
"","best-of-sexe","https://www.google.com/"
"","bestofsexpics","https://www.google.com/"
"","best-of-sexshop","https://www.google.com/"
"","bestofsexvids","https://www.google.com/"
"","best-of-sexy","https://www.google.com/"
"","bestofshylastylez","https://www.google.com/"
"","bestofstar","https://www.google.com/"
"","best-of-teen","https://www.google.com/"
"","best-of-teenyexzesse","https://www.google.com/"
"","bestof-tgp","https://www.google.com/"
"","bestofthebabes","https://www.google.com/"
"","bestoftits","https://www.google.com/"
"","bestofvanity","https://www.google.com/"
"","bestofvidearn","https://www.google.com/"
"","best-of-vivian","https://www.google.com/"
"","bestofvpc","https://www.google.com/"
"","bestofwebcam","https://www.google.com/"
"","bestof-xxx","https://www.google.com/"
"","bestofyouporn","https://www.google.com/"
"","bestolderwomenporn","https://www.google.com/"
"","bestoldsex","https://www.google.com/"
