"﻿""id""","read","recommended"
"","grostube","https://www.google.com/"
"","gros-zob","https://www.google.com/"
"","groteborstencams","https://www.google.com/"
"","grote-borsten","https://www.google.com/"
"","grotedikketieten","https://www.google.com/"
"","grotekut","https://www.google.com/"
"","grotemeisjes","https://www.google.com/"
"","groteoren","https://www.google.com/"
"","grote-tieten","https://www.google.com/"
"","grote-tieten-webcamsex","https://www.google.com/"
"","grotty-monday","https://www.google.com/"
"","groundupprojects","https://www.google.com/"
"","group13","https://www.google.com/"
"","groupactionvideos","https://www.google.com/"
"","groupbanged","https://www.google.com/"
"","groupblowjob","https://www.google.com/"
"","groupbutts","https://www.google.com/"
"","groupeactiongayetlesbienloiret","https://www.google.com/"
"","groupe-partouze","https://www.google.com/"
"","group-eroticstories","https://www.google.com/"
"","groupfacial","https://www.google.com/"
"","group-facials","https://www.google.com/"
"","groupfacials","https://www.google.com/"
"","groupfamilyincest","https://www.google.com/"
"","groupfreesex","https://www.google.com/"
"","group-fuck","https://www.google.com/"
"","groupfuck","https://www.google.com/"
"","groupfuckers","https://www.google.com/"
"","groupfuckingpics","https://www.google.com/"
"","groupfucksite","https://www.google.com/"
"","groupget","https://www.google.com/"
"","grouphardcore","https://www.google.com/"
"","grouphug","https://www.google.com/"
"","groupiedirt","https://www.google.com/"
"","group-incest","https://www.google.com/"
"","groupmature","https://www.google.com/"
"","grouporgies","https://www.google.com/"
"","grouporgypictures","https://www.google.com/"
"","groupphonesex","https://www.google.com/"
"","group-place","https://www.google.com/"
"","group-plus","https://www.google.com/"
"","grouppornclips","https://www.google.com/"
"","grouppornotube","https://www.google.com/"
"","grouppornsex","https://www.google.com/"
"","grouppornvideo","https://www.google.com/"
"","groupsex24","https://www.google.com/"
"","groupsex4free","https://www.google.com/"
"","groupsexandgangbangs","https://www.google.com/"
"","groupsexblog","https://www.google.com/"
"","groupsexboat","https://www.google.com/"
"","groupsexcam","https://www.google.com/"
"","groupsexcams","https://www.google.com/"
"","groupsexcinema","https://www.google.com/"
"","group-sex","https://www.google.com/"
"","groupsex","https://www.google.com/"
"","groupsexdaily","https://www.google.com/"
"","groupsexdatelink","https://www.google.com/"
"","groupsexdating","https://www.google.com/"
"","groupsex-eroticstories","https://www.google.com/"
"","groupsexfrenzy","https://www.google.com/"
"","groupsexgames","https://www.google.com/"
"","groupsexgays","https://www.google.com/"
"","groupsexhookups","https://www.google.com/"
"","groupsexmovie","https://www.google.com/"
"","groupsexnow","https://www.google.com/"
"","group-sex-orgies","https://www.google.com/"
"","groupsex-pics","https://www.google.com/"
"","groupsexporn","https://www.google.com/"
"","groupsexpornlinks","https://www.google.com/"
"","groupsexporntrends","https://www.google.com/"
"","groupsexsite","https://www.google.com/"
"","groupsexstories","https://www.google.com/"
"","groupsexstyle","https://www.google.com/"
"","groupsexteens","https://www.google.com/"
"","groupsexvideo","https://www.google.com/"
"","groupsexvideos","https://www.google.com/"
"","groupsexvirgins","https://www.google.com/"
"","groupsex-world","https://www.google.com/"
"","groupstories","https://www.google.com/"
"","groupstream","https://www.google.com/"
"","groupteensex","https://www.google.com/"
"","group-video","https://www.google.com/"
"","groupxxxvideo","https://www.google.com/"
"","grovatube","https://www.google.com/"
"","growingbreasts","https://www.google.com/"
"","growlaw","https://www.google.com/"
"","growlichat","https://www.google.com/"
"","growlmovies","https://www.google.com/"
"","grownman","https://www.google.com/"
"","grownmencry","https://www.google.com/"
"","grownporn","https://www.google.com/"
"","grownupgirl","https://www.google.com/"
"","growpenis","https://www.google.com/"
"","grrl2grrl","https://www.google.com/"
"","grrlstar","https://www.google.com/"
"","grsm","https://www.google.com/"
"","grtya","https://www.google.com/"
"","grtyb","https://www.google.com/"
"","grtyi","https://www.google.com/"
"","grtyv","https://www.google.com/"
