"﻿""id""","read","recommended"
"","gratiscontacten","https://www.google.com/"
"","gratis-cumshot","https://www.google.com/"
"","gratisdates","https://www.google.com/"
"","gratisdating","https://www.google.com/"
"","gratisdatingsex","https://www.google.com/"
"","gratisdatingsexxx","https://www.google.com/"
"","gratis-dicke","https://www.google.com/"
"","gratisdiensten","https://www.google.com/"
"","gratis-dominas","https://www.google.com/"
"","gratisdonenad","https://www.google.com/"
"","gratisdownloads","https://www.google.com/"
"","gratiseroticworld","https://www.google.com/"
"","gratiserotiekchat","https://www.google.com/"
"","gratiserotika","https://www.google.com/"
"","gratis-erotik","https://www.google.com/"
"","gratis-erotik-bilder","https://www.google.com/"
"","gratiserotik","https://www.google.com/"
"","gratis-erotikfilme","https://www.google.com/"
"","gratiserotischeverhalen","https://www.google.com/"
"","gratis","https://www.google.com/"
"","gratisex","https://www.google.com/"
"","gratisextreem","https://www.google.com/"
"","gratisfatsex","https://www.google.com/"
"","gratis-fetischparadies","https://www.google.com/"
"","gratisfick","https://www.google.com/"
"","gratisfickbilder","https://www.google.com/"
"","gratis-fick","https://www.google.com/"
"","gratis-ficken","https://www.google.com/"
"","gratisficken","https://www.google.com/"
"","gratis-fickfilme","https://www.google.com/"
"","gratisfickfinder","https://www.google.com/"
"","gratis-fick-kontakte","https://www.google.com/"
"","gratisfickvideos","https://www.google.com/"
"","gratis-film","https://www.google.com/"
"","gratisfilmklip","https://www.google.com/"
"","gratisfilm","https://www.google.com/"
"","gratisfilmpjes","https://www.google.com/"
"","gratis-filmpjes","https://www.google.com/"
"","gratisfilms","https://www.google.com/"
"","gratisforum24","https://www.google.com/"
"","gratis-foto","https://www.google.com/"
"","gratisfotos","https://www.google.com/"
"","gratisgangbang","https://www.google.com/"
"","gratisgaychat","https://www.google.com/"
"","gratis-gaysex","https://www.google.com/"
"","gratisgays","https://www.google.com/"
"","gratisgeilefilms","https://www.google.com/"
"","gratisgeilen","https://www.google.com/"
"","gratisgeileporno","https://www.google.com/"
"","gratisgeilesexfilms","https://www.google.com/"
"","gratisgeilesex","https://www.google.com/"
"","gratisgeil","https://www.google.com/"
"","gratisgirl","https://www.google.com/"
"","gratis-gokkasten","https://www.google.com/"
"","gratisgokkasten","https://www.google.com/"
"","gratis-gratis","https://www.google.com/"
"","gratis-hardcore","https://www.google.com/"
"","gratis-hardcore-galerien","https://www.google.com/"
"","gratishardcoreporno","https://www.google.com/"
"","gratishardcoresex","https://www.google.com/"
"","gratis-hardcore-teens","https://www.google.com/"
"","gratisheteporno","https://www.google.com/"
"","gratishetesex","https://www.google.com/"
"","gratishoer","https://www.google.com/"
"","gratishoeren","https://www.google.com/"
"","gratishoertjes","https://www.google.com/"
"","gratishomofilms","https://www.google.com/"
"","gratishomoplaatjes","https://www.google.com/"
"","gratishost","https://www.google.com/"
"","gratiskijken","https://www.google.com/"
"","gratiskinkychat","https://www.google.com/"
"","gratiskinkysexdating","https://www.google.com/"
"","gratis-kontaktanzeigen","https://www.google.com/"
"","gratis-kontakte","https://www.google.com/"
"","gratiskortesexfilms","https://www.google.com/"
"","gratiskutjes","https://www.google.com/"
"","gratislangefilms","https://www.google.com/"
"","gratislangepornofilm","https://www.google.com/"
"","gratislangepornofilms","https://www.google.com/"
"","gratislangeseksfilms","https://www.google.com/"
"","gratislangesexfilm","https://www.google.com/"
"","gratislangesexfilms","https://www.google.com/"
"","gratislangesextrailers","https://www.google.com/"
"","gratis-layouts","https://www.google.com/"
"","gratis-lesbensex","https://www.google.com/"
"","gratis-live","https://www.google.com/"
"","gratis-livecam","https://www.google.com/"
"","gratis-livecams","https://www.google.com/"
"","gratislivecams","https://www.google.com/"
"","gratislivecamsex","https://www.google.com/"
"","gratis-live-chat","https://www.google.com/"
"","gratis-livechat","https://www.google.com/"
"","gratisliveseks","https://www.google.com/"
"","gratislive-sex","https://www.google.com/"
"","gratislivesex","https://www.google.com/"
"","gratislivewebcamsex","https://www.google.com/"
"","gratismature","https://www.google.com/"
"","gratismeisjes","https://www.google.com/"
"","gratismovie","https://www.google.com/"
"","gratismovies","https://www.google.com/"
