"﻿""id""","read","recommended"
"","adultwebdesigner","https://www.google.com/"
"","adult-web-designers","https://www.google.com/"
"","adultwebdesignersxxx","https://www.google.com/"
"","adult-webdesign","https://www.google.com/"
"","adultwebdreams","https://www.google.com/"
"","adultwebexperts","https://www.google.com/"
"","adultwebfree","https://www.google.com/"
"","adultwebgames","https://www.google.com/"
"","adultwebgraphics","https://www.google.com/"
"","adultwebguide","https://www.google.com/"
"","adultwebhelp","https://www.google.com/"
"","adult-web-host","https://www.google.com/"
"","adult-web-hosting","https://www.google.com/"
"","adultwebhosting","https://www.google.com/"
"","adultwebhostingxxx","https://www.google.com/"
"","adultwebhost","https://www.google.com/"
"","adultwebkatalog","https://www.google.com/"
"","adultweblaw","https://www.google.com/"
"","adultweblife","https://www.google.com/"
"","adultwebmagazines","https://www.google.com/"
"","adultwebmasterblog","https://www.google.com/"
"","adultwebmastercash","https://www.google.com/"
"","adultwebmastercenter","https://www.google.com/"
"","adultwebmasterchat","https://www.google.com/"
"","adultwebmasterclub","https://www.google.com/"
"","adult-webmaster","https://www.google.com/"
"","adultwebmasterdirectory","https://www.google.com/"
"","adultwebmaster","https://www.google.com/"
"","adultwebmastergathering","https://www.google.com/"
"","adultwebmasterguide","https://www.google.com/"
"","adult-webmaster-help","https://www.google.com/"
"","adultwebmasterinfo","https://www.google.com/"
"","adultwebmasterinfos","https://www.google.com/"
"","adultwebmastering","https://www.google.com/"
"","adultwebmastermeeting","https://www.google.com/"
"","adultwebmasternet","https://www.google.com/"
"","adultwebmasterresources","https://www.google.com/"
"","adultwebmasterschool","https://www.google.com/"
"","adultwebmastersclub","https://www.google.com/"
"","adultwebmasters","https://www.google.com/"
"","adultwebmastersonline","https://www.google.com/"
"","adultwebmastertoolbar","https://www.google.com/"
"","adultwebmastertrades","https://www.google.com/"
"","adultwebmasteruniversity","https://www.google.com/"
"","adultwebmasterworld","https://www.google.com/"
"","adultwebmasterxxx","https://www.google.com/"
"","adult-webmaster-zone","https://www.google.com/"
"","adultwebnames","https://www.google.com/"
"","adultwebpages","https://www.google.com/"
"","adultwebscripts","https://www.google.com/"
"","adult-websearch","https://www.google.com/"
"","adultwebserver","https://www.google.com/"
"","adultwebsex","https://www.google.com/"
"","adultwebshop","https://www.google.com/"
"","adultwebsitebusiness","https://www.google.com/"
"","adult-website","https://www.google.com/"
"","adult-websitedesign","https://www.google.com/"
"","adultwebsitedesign","https://www.google.com/"
"","adultwebsitedesigner","https://www.google.com/"
"","adultwebsitedesignservices","https://www.google.com/"
"","adult-website-hosting","https://www.google.com/"
"","adultwebsitehosting","https://www.google.com/"
"","adultwebsitemakers","https://www.google.com/"
"","adult-web-site","https://www.google.com/"
"","adultwebsite","https://www.google.com/"
"","adultwebsitepro","https://www.google.com/"
"","adult-website-promotion","https://www.google.com/"
"","adultwebsitepromotion","https://www.google.com/"
"","adultwebsites","https://www.google.com/"
"","adult-websites","https://www.google.com/"
"","adultwebsitesupport","https://www.google.com/"
"","adultwebsitetemplates","https://www.google.com/"
"","adultwebsolutions","https://www.google.com/"
"","adultwebsource","https://www.google.com/"
"","adultwebstuff","https://www.google.com/"
"","adultwebsuche","https://www.google.com/"
"","adultwebtemplates","https://www.google.com/"
"","adultwebvoyeur","https://www.google.com/"
"","adultwebweekly","https://www.google.com/"
"","adult-webzone","https://www.google.com/"
"","adultwhich","https://www.google.com/"
"","adultwhiz","https://www.google.com/"
"","adult-wholesale","https://www.google.com/"
"","adultwholesale","https://www.google.com/"
"","adultwholesaledirect","https://www.google.com/"
"","adultwhoswho","https://www.google.com/"
"","adultwijzer","https://www.google.com/"
"","adultwikimedia","https://www.google.com/"
"","adultwinkel","https://www.google.com/"
"","adultwizard","https://www.google.com/"
"","adult-woman","https://www.google.com/"
"","adultwoman","https://www.google.com/"
"","adultwomen","https://www.google.com/"
"","adultwomennaked","https://www.google.com/"
"","adultwonderland","https://www.google.com/"
"","adultword","https://www.google.com/"
"","adultwordpress","https://www.google.com/"
"","adult-wordpresstemplates","https://www.google.com/"
"","adultwords","https://www.google.com/"
"","adultwork","https://www.google.com/"
