"﻿""id""","read","recommended"
"","lesbenvideos","https://www.google.com/"
"","lesben-vod","https://www.google.com/"
"","lesbenvotzen","https://www.google.com/"
"","lesben-webcam","https://www.google.com/"
"","lesbenwebcam","https://www.google.com/"
"","lesben-wg","https://www.google.com/"
"","lesben-world","https://www.google.com/"
"","lesber","https://www.google.com/"
"","lesbesex","https://www.google.com/"
"","lesbetisiers","https://www.google.com/"
"","lesbiah","https://www.google.com/"
"","lesbian18","https://www.google.com/"
"","lesbian24h","https://www.google.com/"
"","lesbian24","https://www.google.com/"
"","lesbian69","https://www.google.com/"
"","lesbian69sex","https://www.google.com/"
"","lesbian69tube","https://www.google.com/"
"","lesbian8","https://www.google.com/"
"","lesbianact","https://www.google.com/"
"","lesbianaffairs","https://www.google.com/"
"","lesbianall","https://www.google.com/"
"","lesbianamateur","https://www.google.com/"
"","lesbianamateurmatch","https://www.google.com/"
"","lesbian-anal","https://www.google.com/"
"","lesbiananal","https://www.google.com/"
"","lesbiananalmovies","https://www.google.com/"
"","lesbianandgaypride","https://www.google.com/"
"","lesbianangels","https://www.google.com/"
"","lesbianarea","https://www.google.com/"
"","lesbianarena","https://www.google.com/"
"","lesbianarmy","https://www.google.com/"
"","lesbianarts","https://www.google.com/"
"","lesbianas69","https://www.google.com/"
"","lesbianasargentina","https://www.google.com/"
"","lesbianasbesandose","https://www.google.com/"
"","lesbianascerdas","https://www.google.com/"
"","lesbianas","https://www.google.com/"
"","lesbianasconwebcam","https://www.google.com/"
"","lesbianasconwebcams","https://www.google.com/"
"","lesbianasian","https://www.google.com/"
"","lesbianaspasion","https://www.google.com/"
"","lesbianasputas","https://www.google.com/"
"","lesbianas-rubias","https://www.google.com/"
"","lesbianassault","https://www.google.com/"
"","lesbianass","https://www.google.com/"
"","lesbianasstube","https://www.google.com/"
"","lesbianasswhipped","https://www.google.com/"
"","lesbianasx","https://www.google.com/"
"","lesbianasxxx","https://www.google.com/"
"","lesbian","https://www.google.com/"
"","lesbianation","https://www.google.com/"
"","lesbianbabelog","https://www.google.com/"
"","lesbianbabes","https://www.google.com/"
"","lesbianbabez","https://www.google.com/"
"","lesbianbank","https://www.google.com/"
"","lesbianbase","https://www.google.com/"
"","lesbianbattle","https://www.google.com/"
"","lesbianbdsm","https://www.google.com/"
"","lesbianbdsmmovies","https://www.google.com/"
"","lesbianbeach","https://www.google.com/"
"","lesbianbeauty","https://www.google.com/"
"","lesbianbeddeath","https://www.google.com/"
"","lesbianbestporn","https://www.google.com/"
"","lesbian-bitch","https://www.google.com/"
"","lesbianblack","https://www.google.com/"
"","lesbian-blog","https://www.google.com/"
"","lesbianblowout","https://www.google.com/"
"","lesbianbomb","https://www.google.com/"
"","lesbianbondageblog","https://www.google.com/"
"","lesbianbondageclub","https://www.google.com/"
"","lesbian-bondage","https://www.google.com/"
"","lesbianbondage","https://www.google.com/"
"","lesbianbondagelinks","https://www.google.com/"
"","lesbianboobs","https://www.google.com/"
"","lesbianbookmark","https://www.google.com/"
"","lesbianbooty","https://www.google.com/"
"","lesbianbordello","https://www.google.com/"
"","lesbianboudoir","https://www.google.com/"
"","lesbianbox","https://www.google.com/"
"","lesbianbrats","https://www.google.com/"
"","lesbianbreast","https://www.google.com/"
"","lesbianbreasts","https://www.google.com/"
"","lesbiancams","https://www.google.com/"
"","lesbiancamsex","https://www.google.com/"
"","lesbian-cards","https://www.google.com/"
"","lesbiancartoon","https://www.google.com/"
"","lesbiancelebs","https://www.google.com/"
"","lesbianchamber","https://www.google.com/"
"","lesbianchat","https://www.google.com/"
"","lesbianchatline","https://www.google.com/"
"","lesbianchunkers","https://www.google.com/"
"","lesbianchunkychicks","https://www.google.com/"
"","lesbian-classifieds","https://www.google.com/"
"","lesbianclick","https://www.google.com/"
"","lesbianclips","https://www.google.com/"
"","lesbiancloud","https://www.google.com/"
"","lesbian-club","https://www.google.com/"
"","lesbianclub","https://www.google.com/"
"","lesbianclubs","https://www.google.com/"
"","lesbiancollegesex","https://www.google.com/"
