"﻿""id""","read","recommended"
"","gaysexview","https://www.google.com/"
"","gaysexwebcam","https://www.google.com/"
"","gaysexwebcams","https://www.google.com/"
"","gaysexweb","https://www.google.com/"
"","gaysex-world","https://www.google.com/"
"","gaysex-x","https://www.google.com/"
"","gaysexx","https://www.google.com/"
"","gaysexxxclip","https://www.google.com/"
"","gaysexxx","https://www.google.com/"
"","gaysexxxpass","https://www.google.com/"
"","gaysexyboy","https://www.google.com/"
"","gaysexygalleries","https://www.google.com/"
"","gaysexyguys","https://www.google.com/"
"","gaysexypics","https://www.google.com/"
"","gaysexyshop","https://www.google.com/"
"","gaysexytwink","https://www.google.com/"
"","gaysexzone","https://www.google.com/"
"","gaysfantasies","https://www.google.com/"
"","gaysf","https://www.google.com/"
"","gaysfetish","https://www.google.com/"
"","gaysfilm","https://www.google.com/"
"","gaysfirststime","https://www.google.com/"
"","gaysforfun","https://www.google.com/"
"","gaysfort","https://www.google.com/"
"","gaysfree","https://www.google.com/"
"","gaysfreepics","https://www.google.com/"
"","gaysfromasia","https://www.google.com/"
"","gaysfuckguys","https://www.google.com/"
"","gaysfuckstube","https://www.google.com/"
"","gaysfun","https://www.google.com/"
"","gaysgays","https://www.google.com/"
"","gayshaker","https://www.google.com/"
"","gayshdporn","https://www.google.com/"
"","gayshill","https://www.google.com/"
"","gay-shit","https://www.google.com/"
"","gayshomefriend","https://www.google.com/"
"","gayshop69","https://www.google.com/"
"","gay-shop","https://www.google.com/"
"","gayshop","https://www.google.com/"
"","gayshoppen","https://www.google.com/"
"","gayshoppie","https://www.google.com/"
"","gayshopping","https://www.google.com/"
"","gayshops","https://www.google.com/"
"","gayshore","https://www.google.com/"
"","gayshost","https://www.google.com/"
"","gayshots","https://www.google.com/"
"","gayshow24","https://www.google.com/"
"","gay-shows","https://www.google.com/"
"","gayshow","https://www.google.com/"
"","gayshq","https://www.google.com/"
"","gayshunks","https://www.google.com/"
"","gayshunksporn","https://www.google.com/"
"","gayside","https://www.google.com/"
"","gaysideshows","https://www.google.com/"
"","gaysimulator","https://www.google.com/"
"","gays-info","https://www.google.com/"
"","gaysingles","https://www.google.com/"
"","gaysinglesonline","https://www.google.com/"
"","gays-in-love","https://www.google.com/"
"","gaysinparadise","https://www.google.com/"
"","gaysinunderwear","https://www.google.com/"
"","gaysir","https://www.google.com/"
"","gaysissies","https://www.google.com/"
"","gay-sissies","https://www.google.com/"
"","gaysissy","https://www.google.com/"
"","gaysite","https://www.google.com/"
"","gaysitelinks","https://www.google.com/"
"","gaysites","https://www.google.com/"
"","gaysitez","https://www.google.com/"
"","gaysitges","https://www.google.com/"
"","gaysize","https://www.google.com/"
"","gaysjerking","https://www.google.com/"
"","gayskamasutra","https://www.google.com/"
"","gayskater","https://www.google.com/"
"","gayskets","https://www.google.com/"
"","gayski","https://www.google.com/"
"","gaysklavenmarkt","https://www.google.com/"
"","gayslam","https://www.google.com/"
"","gaysland","https://www.google.com/"
"","gayslap","https://www.google.com/"
"","gayslate","https://www.google.com/"
"","gayslaveporn","https://www.google.com/"
"","gay-sleaze","https://www.google.com/"
"","gayslife","https://www.google.com/"
"","gays-links","https://www.google.com/"
"","gaysliveshow","https://www.google.com/"
"","gayslutboy","https://www.google.com/"
"","gaysluts","https://www.google.com/"
"","gaysmax","https://www.google.com/"
"","gaysmen","https://www.google.com/"
"","gaysmessenger","https://www.google.com/"
"","gay-sm","https://www.google.com/"
"","gaysm","https://www.google.com/"
"","gaysmovies","https://www.google.com/"
"","gaysmsdating","https://www.google.com/"
"","gaysmsmovies","https://www.google.com/"
"","gaysmutfrenzy","https://www.google.com/"
"","gaysnaked","https://www.google.com/"
"","gaysnap","https://www.google.com/"
"","gaysnare","https://www.google.com/"
