"﻿""id""","read","recommended"
"","asianastarr","https://www.google.com/"
"","asianavenue","https://www.google.com/"
"","asianbabe4u","https://www.google.com/"
"","asianbabearchive","https://www.google.com/"
"","asianbabecams247","https://www.google.com/"
"","asianbabecamsblog","https://www.google.com/"
"","asianbabecams","https://www.google.com/"
"","asianbabecamsx","https://www.google.com/"
"","asianbabechat","https://www.google.com/"
"","asianbabemedia","https://www.google.com/"
"","asianbabepics","https://www.google.com/"
"","asianbabepost","https://www.google.com/"
"","asian-babes1","https://www.google.com/"
"","asianbabesbeauty","https://www.google.com/"
"","asianbabesdatabase","https://www.google.com/"
"","asianbabesdb","https://www.google.com/"
"","asianbabesgallery","https://www.google.com/"
"","asian-babes","https://www.google.com/"
"","asianbabesnude","https://www.google.com/"
"","asian-babes-pic","https://www.google.com/"
"","asianbabespics","https://www.google.com/"
"","asianbabestube","https://www.google.com/"
"","asianbabymakers","https://www.google.com/"
"","asianbang","https://www.google.com/"
"","asianbangtube","https://www.google.com/"
"","asianbarbie","https://www.google.com/"
"","asianbarcams","https://www.google.com/"
"","asianbarcamsx","https://www.google.com/"
"","asianbargirl","https://www.google.com/"
"","asian-bar-girls","https://www.google.com/"
"","asianbargirlsex","https://www.google.com/"
"","asianbargirls","https://www.google.com/"
"","asianbarhoneys","https://www.google.com/"
"","asianbattle","https://www.google.com/"
"","asianbb","https://www.google.com/"
"","asianbeads","https://www.google.com/"
"","asianbeauties","https://www.google.com/"
"","asianbeautiesporn","https://www.google.com/"
"","asian-beautiez","https://www.google.com/"
"","asianbeautyaiko","https://www.google.com/"
"","asianbeautypics","https://www.google.com/"
"","asianbeautys","https://www.google.com/"
"","asianbeautytube","https://www.google.com/"
"","asian-beauty-woman","https://www.google.com/"
"","asian-beavers","https://www.google.com/"
"","asianbeavers","https://www.google.com/"
"","asian-bestiality-tube","https://www.google.com/"
"","asianbfvideos","https://www.google.com/"
"","asianbigcock","https://www.google.com/"
"","asianbigcocks","https://www.google.com/"
"","asianbigtits","https://www.google.com/"
"","asian-bikini","https://www.google.com/"
"","asianbimbo","https://www.google.com/"
"","asianbitch","https://www.google.com/"
"","asianbj","https://www.google.com/"
"","asianbjs","https://www.google.com/"
"","asian-blast","https://www.google.com/"
"","asian-bliss","https://www.google.com/"
"","asian-blogs","https://www.google.com/"
"","asianblowjob","https://www.google.com/"
"","asianblowjobs","https://www.google.com/"
"","asianblue","https://www.google.com/"
"","asianbombas","https://www.google.com/"
"","asianbondage-asianfetish","https://www.google.com/"
"","asianbondage","https://www.google.com/"
"","asianbondagedamsels","https://www.google.com/"
"","asianbondagemodels","https://www.google.com/"
"","asianbondageporn","https://www.google.com/"
"","asianbondagesex","https://www.google.com/"
"","asianboob","https://www.google.com/"
"","asianboobs","https://www.google.com/"
"","asian-booty","https://www.google.com/"
"","asianbootyhunters","https://www.google.com/"
"","asianbottom","https://www.google.com/"
"","asianboudoir","https://www.google.com/"
"","asian-bound","https://www.google.com/"
"","asianboy18","https://www.google.com/"
"","asian-boy-bondage","https://www.google.com/"
"","asianboybuck","https://www.google.com/"
"","asianboycams","https://www.google.com/"
"","asianboy","https://www.google.com/"
"","asianboydreams","https://www.google.com/"
"","asianboyfeet","https://www.google.com/"
"","asianboygay","https://www.google.com/"
"","asian-boy-models","https://www.google.com/"
"","asian-boy-models-preview","https://www.google.com/"
"","asianboynation","https://www.google.com/"
"","asianboyporn","https://www.google.com/"
"","asianboys","https://www.google.com/"
"","asianboystudio","https://www.google.com/"
"","asianboysxxx","https://www.google.com/"
"","asianboytoys","https://www.google.com/"
"","asianboyvideos","https://www.google.com/"
"","asianbrats","https://www.google.com/"
"","asianbreastsurgery","https://www.google.com/"
"","asianbridesonline","https://www.google.com/"
"","asian-brides-thailand","https://www.google.com/"
"","asianbuddy","https://www.google.com/"
"","asian-bukkake-orgy","https://www.google.com/"
"","asianbutterflies","https://www.google.com/"
