"﻿""id""","read","recommended"
"","gurlicious","https://www.google.com/"
"","gurlmail","https://www.google.com/"
"","gurlscash","https://www.google.com/"
"","gurls","https://www.google.com/"
"","gurrenhentai","https://www.google.com/"
"","gurteen","https://www.google.com/"
"","guru","https://www.google.com/"
"","guruofporn","https://www.google.com/"
"","gusarov","https://www.google.com/"
"","gus-ce","https://www.google.com/"
"","guseikai","https://www.google.com/"
"","gushbusters","https://www.google.com/"
"","gushingcuntmovies","https://www.google.com/"
"","gushingcunts","https://www.google.com/"
"","gushing-orgasm","https://www.google.com/"
"","gushingvagina","https://www.google.com/"
"","gushpee","https://www.google.com/"
"","gussstahlstrasse-bochum","https://www.google.com/"
"","gussstahlstrasse","https://www.google.com/"
"","gustillo","https://www.google.com/"
"","gusttube","https://www.google.com/"
"","gutehotels","https://www.google.com/"
"","gutenfick","https://www.google.com/"
"","gute-partnerprogramme","https://www.google.com/"
"","gute-pornos","https://www.google.com/"
"","guter-camsex","https://www.google.com/"
"","guterporn","https://www.google.com/"
"","guter-telefonsex","https://www.google.com/"
"","gute-sexcam","https://www.google.com/"
"","gute-sexcams","https://www.google.com/"
"","gutesexcams","https://www.google.com/"
"","gutesex","https://www.google.com/"
"","gute-sexseiten","https://www.google.com/"
"","guthier","https://www.google.com/"
"","gutscheingott","https://www.google.com/"
"","guts","https://www.google.com/"
"","guts-tv","https://www.google.com/"
"","gutterasianstreetmeat","https://www.google.com/"
"","gutter","https://www.google.com/"
"","gutteruncensored","https://www.google.com/"
"","gutundgeil","https://www.google.com/"
"","gutversteckt","https://www.google.com/"
"","guu","https://www.google.com/"
"","guury","https://www.google.com/"
"","guy24","https://www.google.com/"
"","guy2gay","https://www.google.com/"
"","guy4love","https://www.google.com/"
"","guy4sex","https://www.google.com/"
"","guyalert","https://www.google.com/"
"","guybone","https://www.google.com/"
"","guycamreviews","https://www.google.com/"
"","guycandy","https://www.google.com/"
"","guyfetish","https://www.google.com/"
"","guyfoot","https://www.google.com/"
"","guy","https://www.google.com/"
"","guyfuck","https://www.google.com/"
"","guygoddess","https://www.google.com/"
"","guygogay","https://www.google.com/"
"","guygogaytube","https://www.google.com/"
"","guy-o-day","https://www.google.com/"
"","guypark","https://www.google.com/"
"","guyplace","https://www.google.com/"
"","guyporn","https://www.google.com/"
"","guys4gays","https://www.google.com/"
"","guys4girls","https://www.google.com/"
"","guys4men","https://www.google.com/"
"","guys4rent","https://www.google.com/"
"","guysandmom","https://www.google.com/"
"","guysbikinibuyingguide","https://www.google.com/"
"","guyscasting","https://www.google.com/"
"","guys","https://www.google.com/"
"","guyscout","https://www.google.com/"
"","guyself","https://www.google.com/"
"","guysformatures","https://www.google.com/"
"","guysgabafterdark","https://www.google.com/"
"","guysgallery","https://www.google.com/"
"","guysgetfucked","https://www.google.com/"
"","guysgocrazy","https://www.google.com/"
"","guysgonewild","https://www.google.com/"
"","guysgonuts","https://www.google.com/"
"","guysharem","https://www.google.com/"
"","guysheaven","https://www.google.com/"
"","guysinbondage","https://www.google.com/"
"","guysingear","https://www.google.com/"
"","guysinsweatpants","https://www.google.com/"
"","guysjerkingguys","https://www.google.com/"
"","guyslikeit","https://www.google.com/"
"","guyslink","https://www.google.com/"
"","guysloveguysblog","https://www.google.com/"
"","guysluckyday","https://www.google.com/"
"","guysmasturbating","https://www.google.com/"
"","guysonvideo","https://www.google.com/"
"","guysorgy","https://www.google.com/"
"","guyspank","https://www.google.com/"
"","guyspeed","https://www.google.com/"
"","guyspissing4u","https://www.google.com/"
"","guyspissing","https://www.google.com/"
"","guyspornportal","https://www.google.com/"
"","guysr","https://www.google.com/"
"","guysstrip","https://www.google.com/"
