"﻿""id""","read","recommended"
"","allmilfvideos","https://www.google.com/"
"","allmobileporn","https://www.google.com/"
"","allmodelsnetwork","https://www.google.com/"
"","allmodelzone","https://www.google.com/"
"","allmomporn","https://www.google.com/"
"","allmomsdoit","https://www.google.com/"
"","allmomsex","https://www.google.com/"
"","allmomson","https://www.google.com/"
"","allmomsporn","https://www.google.com/"
"","allmoviegalleries","https://www.google.com/"
"","allmoviephoto","https://www.google.com/"
"","allmovieshere","https://www.google.com/"
"","allmovies","https://www.google.com/"
"","allmoviestar","https://www.google.com/"
"","allmoviestgp","https://www.google.com/"
"","allmovs","https://www.google.com/"
"","all-mpeg-sex-videos","https://www.google.com/"
"","allmpg","https://www.google.com/"
"","allmyblog","https://www.google.com/"
"","allmyfarmgirls","https://www.google.com/"
"","allmyfreeporn","https://www.google.com/"
"","allmygals","https://www.google.com/"
"","allmygfs","https://www.google.com/"
"","allmymodels","https://www.google.com/"
"","allmymovies","https://www.google.com/"
"","allmysin","https://www.google.com/"
"","allmysluts","https://www.google.com/"
"","allmyswallows","https://www.google.com/"
"","allnakedblackmen","https://www.google.com/"
"","allnakedcams","https://www.google.com/"
"","allnakedmale","https://www.google.com/"
"","allnakedsex","https://www.google.com/"
"","allnakedteen","https://www.google.com/"
"","allnakedteens","https://www.google.com/"
"","allnaturalamateurs","https://www.google.com/"
"","all-natural-boobs","https://www.google.com/"
"","allnaturalcuties","https://www.google.com/"
"","allnaturalliving","https://www.google.com/"
"","allnaturalporn","https://www.google.com/"
"","allnewindianporn","https://www.google.com/"
"","allnewporn","https://www.google.com/"
"","allnewporntube","https://www.google.com/"
"","allnextdoor","https://www.google.com/"
"","allnicegirls","https://www.google.com/"
"","allnichesnetwork","https://www.google.com/"
"","allnichetraffic","https://www.google.com/"
"","allnikkibenz","https://www.google.com/"
"","allnikkinova","https://www.google.com/"
"","allnn","https://www.google.com/"
"","allnporn","https://www.google.com/"
"","allnudeamateur","https://www.google.com/"
"","all-nude-amateurs","https://www.google.com/"
"","allnudeasians","https://www.google.com/"
"","allnudeceleb","https://www.google.com/"
"","all-nude-celebrities","https://www.google.com/"
"","allnudecelebs","https://www.google.com/"
"","all-nude-celebs","https://www.google.com/"
"","allnudechat","https://www.google.com/"
"","allnudegirls","https://www.google.com/"
"","allnudemodels","https://www.google.com/"
"","allnudepics","https://www.google.com/"
"","allnudeporn","https://www.google.com/"
"","allnudes","https://www.google.com/"
"","allnude","https://www.google.com/"
"","allnudeteenpussy","https://www.google.com/"
"","allnudez","https://www.google.com/"
"","allnudism","https://www.google.com/"
"","allnudists","https://www.google.com/"
"","all-nylon","https://www.google.com/"
"","allnylon","https://www.google.com/"
"","allobox","https://www.google.com/"
"","allobscene","https://www.google.com/"
"","allocam","https://www.google.com/"
"","allocharm","https://www.google.com/"
"","allocharme","https://www.google.com/"
"","allocharms","https://www.google.com/"
"","allochtonensex","https://www.google.com/"
"","allocougar","https://www.google.com/"
"","allocul","https://www.google.com/"
"","allo-cul-sexe","https://www.google.com/"
"","allodivx","https://www.google.com/"
"","alloduo","https://www.google.com/"
"","allo-escort","https://www.google.com/"
"","allofadult","https://www.google.com/"
"","allofanne","https://www.google.com/"
"","allofbest","https://www.google.com/"
"","allofem","https://www.google.com/"
"","allofgaypics","https://www.google.com/"
"","allofgfs","https://www.google.com/"
"","allofhentai","https://www.google.com/"
"","allofilm-x","https://www.google.com/"
"","allofmature","https://www.google.com/"
"","allofmilfs","https://www.google.com/"
"","all-of-porn","https://www.google.com/"
"","allofstars","https://www.google.com/"
"","allofteens","https://www.google.com/"
"","allofx","https://www.google.com/"
"","allohot","https://www.google.com/"
"","allolady","https://www.google.com/"
"","allolder","https://www.google.com/"
