"﻿""id""","read","recommended"
"","1porngames","https://www.google.com/"
"","1pornhd","https://www.google.com/"
"","1pornmature","https://www.google.com/"
"","1pornoamateur","https://www.google.com/"
"","1pornogratuit","https://www.google.com/"
"","1pornomature","https://www.google.com/"
"","1porno","https://www.google.com/"
"","1-porno","https://www.google.com/"
"","1porno-pussy","https://www.google.com/"
"","1pornotube","https://www.google.com/"
"","1pornovideo","https://www.google.com/"
"","1pornovieille","https://www.google.com/"
"","1pornpics","https://www.google.com/"
"","1pornsearch","https://www.google.com/"
"","1-porn-sex-cartoons","https://www.google.com/"
"","1pornstar","https://www.google.com/"
"","1pornteen","https://www.google.com/"
"","1pornteens","https://www.google.com/"
"","1porntube","https://www.google.com/"
"","1porntubes","https://www.google.com/"
"","1priest1nun","https://www.google.com/"
"","1psychic","https://www.google.com/"
"","1punt","https://www.google.com/"
"","1q","https://www.google.com/"
"","1queue","https://www.google.com/"
"","1r4","https://www.google.com/"
"","1redhead","https://www.google.com/"
"","1redirect","https://www.google.com/"
"","1reifefrauen","https://www.google.com/"
"","1rencontre","https://www.google.com/"
"","1-rencontre-coquine","https://www.google.com/"
"","1-rencontre","https://www.google.com/"
"","1rencontre-x","https://www.google.com/"
"","1rk","https://www.google.com/"
"","1sadomaso","https://www.google.com/"
"","1salope-fr","https://www.google.com/"
"","1searchphonesex","https://www.google.com/"
"","1seks","https://www.google.com/"
"","1se","https://www.google.com/"
"","1sev","https://www.google.com/"
"","1-sex","https://www.google.com/"
"","1sex","https://www.google.com/"
"","1sexdate","https://www.google.com/"
"","1sexe1sexe","https://www.google.com/"
"","1sexe2","https://www.google.com/"
"","1sexe","https://www.google.com/"
"","1-sexe-gratuit","https://www.google.com/"
"","1sexegratuit","https://www.google.com/"
"","1-sexo","https://www.google.com/"
"","1sexpics","https://www.google.com/"
"","1sexsex","https://www.google.com/"
"","1sex-sex-sex","https://www.google.com/"
"","1-sex-shop","https://www.google.com/"
"","1sexsite","https://www.google.com/"
"","1sexstories","https://www.google.com/"
"","1-sextoys","https://www.google.com/"
"","1-sex-toys-sex","https://www.google.com/"
"","1sexworld","https://www.google.com/"
"","1sexxes","https://www.google.com/"
"","1sexxx","https://www.google.com/"
"","1sexy","https://www.google.com/"
"","1sexynight","https://www.google.com/"
"","1sexyteen","https://www.google.com/"
"","1sexytgp","https://www.google.com/"
"","1sexythong","https://www.google.com/"
"","1sexytoy","https://www.google.com/"
"","1sf","https://www.google.com/"
"","1s","https://www.google.com/"
"","1shemale","https://www.google.com/"
"","1shemalesex","https://www.google.com/"
"","1shemalestube","https://www.google.com/"
"","1shemaletubes","https://www.google.com/"
"","1-singles","https://www.google.com/"
"","1slut","https://www.google.com/"
"","1-smoking","https://www.google.com/"
"","1source4porn","https://www.google.com/"
"","1spanking","https://www.google.com/"
"","1spider","https://www.google.com/"
"","1sss1","https://www.google.com/"
"","1st4bdsm","https://www.google.com/"
"","1st4lingerie","https://www.google.com/"
"","1st4sex","https://www.google.com/"
"","1st4sextoys","https://www.google.com/"
"","1staab","https://www.google.com/"
"","1st-amateur","https://www.google.com/"
"","1stamateur","https://www.google.com/"
"","1stamendment","https://www.google.com/"
"","1stanalsex","https://www.google.com/"
"","1stbabes","https://www.google.com/"
"","1stbbw","https://www.google.com/"
"","1stbbwporn","https://www.google.com/"
"","1stbikini","https://www.google.com/"
"","1stblaze","https://www.google.com/"
"","1stcelebritysite","https://www.google.com/"
"","1st-choice-dating","https://www.google.com/"
"","1stchoicefetishvideo","https://www.google.com/"
"","1stchoicefetishvideos","https://www.google.com/"
"","1stchoicespanking","https://www.google.com/"
"","1stclassbabes","https://www.google.com/"
"","1stclassindianescorts","https://www.google.com/"
