"﻿""id""","read","recommended"
"","awmcr3w","https://www.google.com/"
"","awmdb","https://www.google.com/"
"","awmdesign","https://www.google.com/"
"","awm-event","https://www.google.com/"
"","awm-field","https://www.google.com/"
"","awmfs","https://www.google.com/"
"","awm-help","https://www.google.com/"
"","awmhome","https://www.google.com/"
"","awmhouse","https://www.google.com/"
"","awmmazilla","https://www.google.com/"
"","awmnews","https://www.google.com/"
"","awm-portale","https://www.google.com/"
"","awmpro","https://www.google.com/"
"","awm-pro","https://www.google.com/"
"","awm-resource","https://www.google.com/"
"","awms-network","https://www.google.com/"
"","awm-star","https://www.google.com/"
"","awms","https://www.google.com/"
"","awmt","https://www.google.com/"
"","awm-tools","https://www.google.com/"
"","awmtrade","https://www.google.com/"
"","awolmarines","https://www.google.com/"
"","awomanandherwand","https://www.google.com/"
"","awomanskiss","https://www.google.com/"
"","a-womans-touch","https://www.google.com/"
"","aworldofsex","https://www.google.com/"
"","awphotography","https://www.google.com/"
"","awptrade","https://www.google.com/"
"","awsmer","https://www.google.com/"
"","awsomepussy","https://www.google.com/"
"","awsum","https://www.google.com/"
"","awvl","https://www.google.com/"
"","awwpix","https://www.google.com/"
"","awwteens","https://www.google.com/"
"","ax47mp-xp-21","https://www.google.com/"
"","ax88","https://www.google.com/"
"","axa3","https://www.google.com/"
"","axantis","https://www.google.com/"
"","axcp","https://www.google.com/"
"","axcrypt","https://www.google.com/"
"","axcul","https://www.google.com/"
"","axdsz","https://www.google.com/"
"","axelabysse","https://www.google.com/"
"","axelerator","https://www.google.com/"
"","axel","https://www.google.com/"
"","axelleparker","https://www.google.com/"
"","axelle-parker","https://www.google.com/"
"","axelporn","https://www.google.com/"
"","axeltube","https://www.google.com/"
"","axeporn","https://www.google.com/"
"","axfords","https://www.google.com/"
"","axianmen","https://www.google.com/"
"","axisadult","https://www.google.com/"
"","axmo","https://www.google.com/"
"","axn","https://www.google.com/"
"","axochem","https://www.google.com/"
"","axostudio","https://www.google.com/"
"","axporn","https://www.google.com/"
"","axproxy","https://www.google.com/"
"","axtadult","https://www.google.com/"
"","axxs","https://www.google.com/"
"","axxxteca","https://www.google.com/"
"","axxxtube","https://www.google.com/"
"","axxxx","https://www.google.com/"
"","axxxxis","https://www.google.com/"
"","ayaba","https://www.google.com/"
"","ayamkampung","https://www.google.com/"
"","ayanaangel","https://www.google.com/"
"","ayana","https://www.google.com/"
"","aychee","https://www.google.com/"
"","aydyn","https://www.google.com/"
"","ayelenlove","https://www.google.com/"
"","ayeporn","https://www.google.com/"
"","ayhotsex","https://www.google.com/"
"","aylagrey","https://www.google.com/"
"","aylah","https://www.google.com/"
"","aymaduras","https://www.google.com/"
"","ayorstudios","https://www.google.com/"
"","ayoungtube","https://www.google.com/"
"","ayouou","https://www.google.com/"
"","ayrce","https://www.google.com/"
"","ayrora","https://www.google.com/"
"","aysex","https://www.google.com/"
"","aysos","https://www.google.com/"
"","ayudasexo","https://www.google.com/"
"","ayumicams","https://www.google.com/"
"","az4","https://www.google.com/"
"","az6","https://www.google.com/"
"","az7t1","https://www.google.com/"
"","az7t2","https://www.google.com/"
"","az7t3","https://www.google.com/"
"","az7t4","https://www.google.com/"
"","az7t5","https://www.google.com/"
"","az7t6","https://www.google.com/"
"","az7t7","https://www.google.com/"
"","azacar","https://www.google.com/"
"","azafatasymodelos","https://www.google.com/"
"","azagirls","https://www.google.com/"
"","azai","https://www.google.com/"
"","azaleasnyc","https://www.google.com/"
