"﻿""id""","read","recommended"
"","freebestsexstories","https://www.google.com/"
"","freebesttwinks","https://www.google.com/"
"","free","https://www.google.com/"
"","freebieblowjobs","https://www.google.com/"
"","freebiecumshots","https://www.google.com/"
"","freebie","https://www.google.com/"
"","freebiefridays","https://www.google.com/"
"","freebie-galleries","https://www.google.com/"
"","freebiegirlfriends","https://www.google.com/"
"","freebiehardcore","https://www.google.com/"
"","freebielesbians","https://www.google.com/"
"","freebieteens","https://www.google.com/"
"","freebigass","https://www.google.com/"
"","freebigasspornpics","https://www.google.com/"
"","freebigasstoons","https://www.google.com/"
"","freebigasstube","https://www.google.com/"
"","freebigboobspics","https://www.google.com/"
"","freebigbooty","https://www.google.com/"
"","freebigbootytube","https://www.google.com/"
"","freebigbreast","https://www.google.com/"
"","freebigclips","https://www.google.com/"
"","freebigcocktoons","https://www.google.com/"
"","freebigmovies","https://www.google.com/"
"","freebigpenisporntube","https://www.google.com/"
"","freebigtitpornpics","https://www.google.com/"
"","freebigtits","https://www.google.com/"
"","freebigtitsmature","https://www.google.com/"
"","freebigtitspassport","https://www.google.com/"
"","freebigtitsporn","https://www.google.com/"
"","freebigtitss","https://www.google.com/"
"","freebigtitstoons","https://www.google.com/"
"","free-big-titties","https://www.google.com/"
"","freebigtube","https://www.google.com/"
"","free-bilder","https://www.google.com/"
"","freebimbos","https://www.google.com/"
"","freebingosites","https://www.google.com/"
"","freebitches","https://www.google.com/"
"","freebitchsluts","https://www.google.com/"
"","freeblackblowjobs","https://www.google.com/"
"","freeblackbooty","https://www.google.com/"
"","freeblackgirls","https://www.google.com/"
"","freeblackjack","https://www.google.com/"
"","free-blackjack","https://www.google.com/"
"","freeblacklesbians","https://www.google.com/"
"","free-black-matures","https://www.google.com/"
"","freeblackpics","https://www.google.com/"
"","freeblackpicture","https://www.google.com/"
"","free-blackporn","https://www.google.com/"
"","freeblackporn","https://www.google.com/"
"","freeblackporndaily","https://www.google.com/"
"","freeblackpornhub","https://www.google.com/"
"","free-black-porn","https://www.google.com/"
"","freeblackporno","https://www.google.com/"
"","freeblackpornopictures","https://www.google.com/"
"","free-black-porn-videos","https://www.google.com/"
"","freeblackpussy","https://www.google.com/"
"","free-black-pussy-sex","https://www.google.com/"
"","free-blacks","https://www.google.com/"
"","freeblacksex","https://www.google.com/"
"","freeblacksexpicture","https://www.google.com/"
"","free-black-sex-pictures","https://www.google.com/"
"","freeblacksluts","https://www.google.com/"
"","freeblackteens","https://www.google.com/"
"","freeblacktoons","https://www.google.com/"
"","freeblacktrannies","https://www.google.com/"
"","freeblacktranny","https://www.google.com/"
"","freeblackxxx","https://www.google.com/"
"","free-blog","https://www.google.com/"
"","freeblognetwork","https://www.google.com/"
"","freeblogporno","https://www.google.com/"
"","freeblogsearch","https://www.google.com/"
"","freeblondporn","https://www.google.com/"
"","freeblow","https://www.google.com/"
"","freeblowjob","https://www.google.com/"
"","freeblowjobfilms","https://www.google.com/"
"","freeblowjobgalleries","https://www.google.com/"
"","freeblowjobhdtube","https://www.google.com/"
"","freeblowjobmpegs","https://www.google.com/"
"","freeblowjobpassport","https://www.google.com/"
"","freeblowjobpics","https://www.google.com/"
"","freeblowjobpicture","https://www.google.com/"
"","freeblowjobpix","https://www.google.com/"
"","freeblowjobs","https://www.google.com/"
"","freeblowjobspics","https://www.google.com/"
"","freebondage","https://www.google.com/"
"","freebondagedating","https://www.google.com/"
"","freebondagefun","https://www.google.com/"
"","freebondagehardcore","https://www.google.com/"
"","freebondagephotos","https://www.google.com/"
"","free-bondage-pictures","https://www.google.com/"
"","freebondageporn","https://www.google.com/"
"","freebondagesex","https://www.google.com/"
"","freebondagesites","https://www.google.com/"
"","freebondagetorture","https://www.google.com/"
"","freebondagevideo","https://www.google.com/"
"","freeboobs","https://www.google.com/"
"","freeboobspics","https://www.google.com/"
"","freeboobspictures","https://www.google.com/"
"","free-boobsquad","https://www.google.com/"
"","freebooty","https://www.google.com/"
