"﻿""id""","read","recommended"
"","hardfucktales","https://www.google.com/"
"","hardfuckteen","https://www.google.com/"
"","hardfucktube","https://www.google.com/"
"","hardfuckvideo","https://www.google.com/"
"","hardgallery","https://www.google.com/"
"","hardgamers","https://www.google.com/"
"","hardgames","https://www.google.com/"
"","hardgangbang","https://www.google.com/"
"","hardgayfeeds","https://www.google.com/"
"","hardgayfuck","https://www.google.com/"
"","hardgaysex","https://www.google.com/"
"","hardgaysextube","https://www.google.com/"
"","hardgaystube","https://www.google.com/"
"","hardgaytwinkclips","https://www.google.com/"
"","hardgaytwinkporn","https://www.google.com/"
"","hardgaytwinksex","https://www.google.com/"
"","hardgenomen","https://www.google.com/"
"","hardgfs","https://www.google.com/"
"","hardgif","https://www.google.com/"
"","hardgirls","https://www.google.com/"
"","hardgirlsex","https://www.google.com/"
"","hardglamcash","https://www.google.com/"
"","hardglam","https://www.google.com/"
"","hardgonzo","https://www.google.com/"
"","hardgothicgirls","https://www.google.com/"
"","hardgrandmapictures","https://www.google.com/"
"","hardgrannypics","https://www.google.com/"
"","hardhairysex","https://www.google.com/"
"","hardhd","https://www.google.com/"
"","hardhentai","https://www.google.com/"
"","hardhentaiporn","https://www.google.com/"
"","hardhentaisex","https://www.google.com/"
"","hardhentaitube","https://www.google.com/"
"","hardheroes","https://www.google.com/"
"","hardhomevideo","https://www.google.com/"
"","hardhoneys","https://www.google.com/"
"","hardhoporno","https://www.google.com/"
"","hardhornymen","https://www.google.com/"
"","hardhotsex","https://www.google.com/"
"","hard-hunks","https://www.google.com/"
"","hardhut","https://www.google.com/"
"","hardindiansex","https://www.google.com/"
"","hardinkgirls","https://www.google.com/"
"","hardinterracial","https://www.google.com/"
"","hardinterracialsex","https://www.google.com/"
"","hardipix","https://www.google.com/"
"","hardissimo","https://www.google.com/"
"","hardissues","https://www.google.com/"
"","hardjapanesetube","https://www.google.com/"
"","hardjapansex","https://www.google.com/"
"","hardjap","https://www.google.com/"
"","hardkinks","https://www.google.com/"
"","hardladies","https://www.google.com/"
"","hardlads","https://www.google.com/"
"","hardlatinavideos","https://www.google.com/"
"","hardlatingays","https://www.google.com/"
"","hardler","https://www.google.com/"
"","hardlesbiansclips","https://www.google.com/"
"","hardlicks","https://www.google.com/"
"","hardlinktrades","https://www.google.com/"
"","hardliquid","https://www.google.com/"
"","hard-list","https://www.google.com/"
"","hardlivehunks","https://www.google.com/"
"","hard-livestrip","https://www.google.com/"
"","hardly18","https://www.google.com/"
"","hardlyfucked","https://www.google.com/"
"","hard-master","https://www.google.com/"
"","hardmateur","https://www.google.com/"
"","hardmatureclip","https://www.google.com/"
"","hardmatureclips","https://www.google.com/"
"","hardmaturefuck","https://www.google.com/"
"","hardmatureporn","https://www.google.com/"
"","hardmaturesfuck","https://www.google.com/"
"","hardmaturevideo","https://www.google.com/"
"","hardmen","https://www.google.com/"
"","hardmilfporn","https://www.google.com/"
"","hardmilfsex","https://www.google.com/"
"","hardmomsex","https://www.google.com/"
"","hardmomsfucking","https://www.google.com/"
"","hardmomstube","https://www.google.com/"
"","hardmomtube","https://www.google.com/"
"","hardmpeg","https://www.google.com/"
"","hardndirty","https://www.google.com/"
"","hardnstraight","https://www.google.com/"
"","hardnwet","https://www.google.com/"
"","hardnylon","https://www.google.com/"
"","hardonclips","https://www.google.com/"
"","hardonclub","https://www.google.com/"
"","hardon","https://www.google.com/"
"","hardontheweb","https://www.google.com/"
"","hardonvideo","https://www.google.com/"
"","hardpaintube","https://www.google.com/"
"","hardpay","https://www.google.com/"
"","hardpeterxxx","https://www.google.com/"
"","hardphonesex","https://www.google.com/"
"","hardpics4you","https://www.google.com/"
"","hardpics","https://www.google.com/"
"","hard-piercing","https://www.google.com/"
"","hardpissing","https://www.google.com/"
"","hardplace","https://www.google.com/"
