"﻿""id""","read","recommended"
"","freelifetimepasswords","https://www.google.com/"
"","freelifetimepornstars","https://www.google.com/"
"","freelifetimepov","https://www.google.com/"
"","freelifetimeteen","https://www.google.com/"
"","freelingeriegalleries","https://www.google.com/"
"","freelingerieporn","https://www.google.com/"
"","freelingerietgp","https://www.google.com/"
"","freelingerie","https://www.google.com/"
"","freelinkdump","https://www.google.com/"
"","freelinks","https://www.google.com/"
"","free-links-sex","https://www.google.com/"
"","freelinkxxx","https://www.google.com/"
"","freeliveamateurcams","https://www.google.com/"
"","freeliveamateur","https://www.google.com/"
"","freeliveamateurwebcams","https://www.google.com/"
"","freelivebabes","https://www.google.com/"
"","freeliveboys","https://www.google.com/"
"","freelivecam","https://www.google.com/"
"","freelivecamgirls","https://www.google.com/"
"","free-live-cams","https://www.google.com/"
"","freelive-cams","https://www.google.com/"
"","freelivecams","https://www.google.com/"
"","free-livecams","https://www.google.com/"
"","freelivecamsite","https://www.google.com/"
"","freelivechat","https://www.google.com/"
"","freelive","https://www.google.com/"
"","freelivefeeds","https://www.google.com/"
"","freelivegirls","https://www.google.com/"
"","free-livejasmin","https://www.google.com/"
"","freelivejasmin","https://www.google.com/"
"","freelivemen","https://www.google.com/"
"","freelivenudechat","https://www.google.com/"
"","freelivenudegirls","https://www.google.com/"
"","freeliveporn","https://www.google.com/"
"","freeliveporno","https://www.google.com/"
"","freelivesex8","https://www.google.com/"
"","free-live-sex","https://www.google.com/"
"","free-livesexcam","https://www.google.com/"
"","freelivesexcam","https://www.google.com/"
"","free-live-sex-cams","https://www.google.com/"
"","freelivesexcams","https://www.google.com/"
"","free-live-sex-chat","https://www.google.com/"
"","freelivesexchat","https://www.google.com/"
"","freelivesexchats","https://www.google.com/"
"","freelivesex","https://www.google.com/"
"","free-livesex","https://www.google.com/"
"","freelivesexfeed","https://www.google.com/"
"","free-live-sex-girls","https://www.google.com/"
"","freelivesexhd","https://www.google.com/"
"","freelivesextv","https://www.google.com/"
"","free-live-sex-webcam","https://www.google.com/"
"","free-live-sex-webcams","https://www.google.com/"
"","freelivesexx","https://www.google.com/"
"","freelivesexxx","https://www.google.com/"
"","freeliveshemales","https://www.google.com/"
"","freelivevideochat","https://www.google.com/"
"","freelivewebcamshows","https://www.google.com/"
"","free-load","https://www.google.com/"
"","freelocalsex","https://www.google.com/"
"","freelolita","https://www.google.com/"
"","freelolitagallery","https://www.google.com/"
"","freelolitas","https://www.google.com/"
"","freelolporn","https://www.google.com/"
"","freelove","https://www.google.com/"
"","free-lover","https://www.google.com/"
"","freelovesex","https://www.google.com/"
"","freelust","https://www.google.com/"
"","freeluv","https://www.google.com/"
"","freelvecams","https://www.google.com/"
"","freemailing","https://www.google.com/"
"","freemalecelebrities","https://www.google.com/"
"","freemalemedicalexam","https://www.google.com/"
"","free-manga-hentai","https://www.google.com/"
"","freemangahentai","https://www.google.com/"
"","free-manga-pics","https://www.google.com/"
"","freemangasex","https://www.google.com/"
"","freemassagesex","https://www.google.com/"
"","freemasturbate","https://www.google.com/"
"","freemasturbationpics","https://www.google.com/"
"","freematchmaking","https://www.google.com/"
"","freematureass","https://www.google.com/"
"","free-mature-babes","https://www.google.com/"
"","freematurebbw","https://www.google.com/"
"","freematureboobs","https://www.google.com/"
"","freematurebutts","https://www.google.com/"
"","freematurecams","https://www.google.com/"
"","freematurefuck","https://www.google.com/"
"","freematurehardcore","https://www.google.com/"
"","freematurehousewives","https://www.google.com/"
"","freematurelovers","https://www.google.com/"
"","freematuremamas","https://www.google.com/"
"","freematurematch","https://www.google.com/"
"","freematuremovies","https://www.google.com/"
"","freemature","https://www.google.com/"
"","free-mature-pics","https://www.google.com/"
"","free-mature-porn","https://www.google.com/"
"","freematureporno","https://www.google.com/"
"","freematurepornpics","https://www.google.com/"
"","free-mature-porn-tube","https://www.google.com/"
"","freematureporn","https://www.google.com/"
