"﻿""id""","read","recommended"
"","hqhottie","https://www.google.com/"
"","hqhugeboobs","https://www.google.com/"
"","hqindiansex","https://www.google.com/"
"","hqindiantube","https://www.google.com/"
"","hq-japan","https://www.google.com/"
"","hqjapanesegirls","https://www.google.com/"
"","hqjapaneseporn","https://www.google.com/"
"","hqjapanesepussy","https://www.google.com/"
"","hqjapanesesex","https://www.google.com/"
"","hqjapanesetube","https://www.google.com/"
"","hqjapantube","https://www.google.com/"
"","hqjapanvideos","https://www.google.com/"
"","hq-jav","https://www.google.com/"
"","hqjizz","https://www.google.com/"
"","hqjpporn","https://www.google.com/"
"","hqkink","https://www.google.com/"
"","hqkit","https://www.google.com/"
"","hqlabporn","https://www.google.com/"
"","hqladies","https://www.google.com/"
"","hqladyboy","https://www.google.com/"
"","hqladyboys","https://www.google.com/"
"","hqlatex","https://www.google.com/"
"","hqlesbianporn","https://www.google.com/"
"","hqlesbiansex","https://www.google.com/"
"","hqlesbiansextube","https://www.google.com/"
"","hq-link","https://www.google.com/"
"","hqlinks","https://www.google.com/"
"","hqlivesex","https://www.google.com/"
"","hqll","https://www.google.com/"
"","hqmatureclips","https://www.google.com/"
"","hqmaturehub","https://www.google.com/"
"","hqmaturemilf","https://www.google.com/"
"","hqmatureporntube","https://www.google.com/"
"","hqmaturepussy","https://www.google.com/"
"","hqmaturesex","https://www.google.com/"
"","hqmaturetube","https://www.google.com/"
"","hqmaturewebcams","https://www.google.com/"
"","hqmaxporn","https://www.google.com/"
"","hqmetart","https://www.google.com/"
"","hqmilf-tube","https://www.google.com/"
"","hqmodelmature","https://www.google.com/"
"","hqmomboy","https://www.google.com/"
"","hqmommy","https://www.google.com/"
"","hqmomtube","https://www.google.com/"
"","hq-movies","https://www.google.com/"
"","hqmovies","https://www.google.com/"
"","hqmovs","https://www.google.com/"
"","hqmpg","https://www.google.com/"
"","hqnaked","https://www.google.com/"
"","hqnakedteen","https://www.google.com/"
"","hqnewporn","https://www.google.com/"
"","hqnudecelebs","https://www.google.com/"
"","hqnude","https://www.google.com/"
"","hqnudegall","https://www.google.com/"
"","hq-nudes","https://www.google.com/"
"","hqoldies","https://www.google.com/"
"","hqonlineporn","https://www.google.com/"
"","hqonlinetube","https://www.google.com/"
"","hqorientaltube","https://www.google.com/"
"","hqpain","https://www.google.com/"
"","hqparty","https://www.google.com/"
"","hqpaysites","https://www.google.com/"
"","hqpicture","https://www.google.com/"
"","hq-pictures-movies","https://www.google.com/"
"","hqpl","https://www.google.com/"
"","hqplumpers","https://www.google.com/"
"","hqpornbox","https://www.google.com/"
"","hqpornclub","https://www.google.com/"
"","hqporncolor","https://www.google.com/"
"","hqporncomics","https://www.google.com/"
"","hqporner","https://www.google.com/"
"","hqpornerx","https://www.google.com/"
"","hqpornfilms","https://www.google.com/"
"","hqpornfinder","https://www.google.com/"
"","hq-pornhub","https://www.google.com/"
"","hqpornhubfree","https://www.google.com/"
"","hqpornisland","https://www.google.com/"
"","hqpornlinks","https://www.google.com/"
"","hqpornlist","https://www.google.com/"
"","hqporn","https://www.google.com/"
"","hq-porno","https://www.google.com/"
"","hqporno","https://www.google.com/"
"","hqpornoland","https://www.google.com/"
"","hqpornovideos","https://www.google.com/"
"","hqpornphotos","https://www.google.com/"
"","hqpornpictures","https://www.google.com/"
"","hqpornsearch","https://www.google.com/"
"","hqpornsex","https://www.google.com/"
"","hqpornsites","https://www.google.com/"
"","hqporns","https://www.google.com/"
"","hqpornspots","https://www.google.com/"
"","hqpornstarnylon","https://www.google.com/"
"","hqpornstars","https://www.google.com/"
"","hqpornstream","https://www.google.com/"
"","hqporntub","https://www.google.com/"
"","hq-porntube","https://www.google.com/"
"","hqpornvideo","https://www.google.com/"
"","hqpornvideos","https://www.google.com/"
"","hqpornvids","https://www.google.com/"
"","hqpornvidz","https://www.google.com/"
