"﻿""id""","read","recommended"
"","deteen","https://www.google.com/"
"","detentiongirls","https://www.google.com/"
"","detios","https://www.google.com/"
"","detis","https://www.google.com/"
"","detlefshomepage","https://www.google.com/"
"","detok","https://www.google.com/"
"","detop50","https://www.google.com/"
"","detour","https://www.google.com/"
"","det","https://www.google.com/"
"","detrekkers","https://www.google.com/"
"","detroit-architectes","https://www.google.com/"
"","detroitgirls","https://www.google.com/"
"","detroitluv","https://www.google.com/"
"","detroitsex","https://www.google.com/"
"","detroit-strippers","https://www.google.com/"
"","detzlist","https://www.google.com/"
"","deugeniet","https://www.google.com/"
"","deu","https://www.google.com/"
"","deuitdaging","https://www.google.com/"
"","deusas","https://www.google.com/"
"","deusex3","https://www.google.com/"
"","deusex","https://www.google.com/"
"","deutchandsex","https://www.google.com/"
"","deutsche-amateure","https://www.google.com/"
"","deutsche-amateurgirls","https://www.google.com/"
"","deutsche-amateur-pornos","https://www.google.com/"
"","deutsche-amateurpornos","https://www.google.com/"
"","deutschebilder","https://www.google.com/"
"","deutsche-cams-livesex","https://www.google.com/"
"","deutschecams","https://www.google.com/"
"","deutsche-domina","https://www.google.com/"
"","deutsche-dominas","https://www.google.com/"
"","deutsche-flirtseiten","https://www.google.com/"
"","deutsche-frauen","https://www.google.com/"
"","deutsche-freepornos","https://www.google.com/"
"","deutschefreepornos","https://www.google.com/"
"","deutsche-girls","https://www.google.com/"
"","deutschegirls","https://www.google.com/"
"","deutsche-kontakte","https://www.google.com/"
"","deutsche-kostenlose-pornos","https://www.google.com/"
"","deutschemaedchen","https://www.google.com/"
"","deutsche-models","https://www.google.com/"
"","deutschemodels","https://www.google.com/"
"","deutsche-peepshow","https://www.google.com/"
"","deutsche-pornoclips","https://www.google.com/"
"","deutsche-porno","https://www.google.com/"
"","deutsche-pornofilme","https://www.google.com/"
"","deutschepornofilme","https://www.google.com/"
"","deutscheporno","https://www.google.com/"
"","deutsche-pornos","https://www.google.com/"
"","deutschepornos","https://www.google.com/"
"","deutsche-pornostars","https://www.google.com/"
"","deutschepornostars","https://www.google.com/"
"","deutsche-pornostars-videos","https://www.google.com/"
"","deutsche-pornotube","https://www.google.com/"
"","deutschepornovideos","https://www.google.com/"
"","deutsche-pornvideos","https://www.google.com/"
"","deutsche-promis","https://www.google.com/"
"","deutscher-amateursex","https://www.google.com/"
"","deutscher-camsex","https://www.google.com/"
"","deutscher-livesex","https://www.google.com/"
"","deutscher-livestrip","https://www.google.com/"
"","deutscherotik","https://www.google.com/"
"","deutscher-porno","https://www.google.com/"
"","deutscher-sexchat","https://www.google.com/"
"","deutschersex","https://www.google.com/"
"","deutscher-telefonsex","https://www.google.com/"
"","deutsche-sexcam","https://www.google.com/"
"","deutschesexcams","https://www.google.com/"
"","deutsche-sexfilme","https://www.google.com/"
"","deutsche-sexkontakte","https://www.google.com/"
"","deutschesexkontakte","https://www.google.com/"
"","deutsche-stars-nackt","https://www.google.com/"
"","deutschestarsnackt","https://www.google.com/"
"","deutsche-stripgirls","https://www.google.com/"
"","deutsche-teens","https://www.google.com/"
"","deutschetube","https://www.google.com/"
"","deutsche-voyeure","https://www.google.com/"
"","deutsche-webcams","https://www.google.com/"
"","deutsche-wollen-sex","https://www.google.com/"
"","deutschland-erotik","https://www.google.com/"
"","deutschland-escort","https://www.google.com/"
"","deutschland-kontaktanzeigen","https://www.google.com/"
"","deutschland-porno","https://www.google.com/"
"","deutschlandporno","https://www.google.com/"
"","deutschland-power","https://www.google.com/"
"","deutschlandreport","https://www.google.com/"
"","deutschland-sex","https://www.google.com/"
"","deutschporno","https://www.google.com/"
"","deutsch-porno","https://www.google.com/"
"","deutsch-pornofilme","https://www.google.com/"
"","deutschsexbilder","https://www.google.com/"
"","deutschsex","https://www.google.com/"
"","deux","https://www.google.com/"
"","deux-mecs","https://www.google.com/"
"","deuxsalopes","https://www.google.com/"
"","devahy","https://www.google.com/"
"","devanilarose","https://www.google.com/"
"","devanilasvegas","https://www.google.com/"
"","devassa","https://www.google.com/"
