"﻿""id""","read","recommended"
"","latex-mistress-janice","https://www.google.com/"
"","latexmodels","https://www.google.com/"
"","latexmovies","https://www.google.com/"
"","latexnemesis","https://www.google.com/"
"","latexnews","https://www.google.com/"
"","latex-norge","https://www.google.com/"
"","latexnrubber","https://www.google.com/"
"","latexophilia","https://www.google.com/"
"","latexorgasm","https://www.google.com/"
"","latex-orgie","https://www.google.com/"
"","latexotica","https://www.google.com/"
"","latexpajamas","https://www.google.com/"
"","latexpeitsche","https://www.google.com/"
"","latexperience","https://www.google.com/"
"","latexpics","https://www.google.com/"
"","latexpicturez","https://www.google.com/"
"","latexpicz","https://www.google.com/"
"","latexplaymate","https://www.google.com/"
"","latexporncollection","https://www.google.com/"
"","latexpornfree","https://www.google.com/"
"","latexporngallery","https://www.google.com/"
"","latexporngirls","https://www.google.com/"
"","latexporntgp","https://www.google.com/"
"","latex-post","https://www.google.com/"
"","latexproject","https://www.google.com/"
"","latex-queens","https://www.google.com/"
"","latexr","https://www.google.com/"
"","latex-rita","https://www.google.com/"
"","latexrubber","https://www.google.com/"
"","latexrules","https://www.google.com/"
"","latex-sex","https://www.google.com/"
"","latexsexgallery","https://www.google.com/"
"","latexsex","https://www.google.com/"
"","latexsextgp","https://www.google.com/"
"","latexsextube","https://www.google.com/"
"","latex-shemales","https://www.google.com/"
"","latex-shop","https://www.google.com/"
"","latexslave","https://www.google.com/"
"","latexslips","https://www.google.com/"
"","latexsluts","https://www.google.com/"
"","latex-slut-show","https://www.google.com/"
"","latexsphere","https://www.google.com/"
"","latexstarlets","https://www.google.com/"
"","latexstories","https://www.google.com/"
"","latexstory","https://www.google.com/"
"","latexstudio","https://www.google.com/"
"","latexsucht","https://www.google.com/"
"","latexsuperbabes","https://www.google.com/"
"","latexteen","https://www.google.com/"
"","latexteens","https://www.google.com/"
"","latex-tgp","https://www.google.com/"
"","latex-top100","https://www.google.com/"
"","latextop100","https://www.google.com/"
"","latextop500","https://www.google.com/"
"","latextop50","https://www.google.com/"
"","latextop","https://www.google.com/"
"","latextranny","https://www.google.com/"
"","latextreme","https://www.google.com/"
"","latextube","https://www.google.com/"
"","latexuniverse","https://www.google.com/"
"","latexus","https://www.google.com/"
"","latexvision","https://www.google.com/"
"","latex-vixens","https://www.google.com/"
"","latexwear","https://www.google.com/"
"","latexwebcam","https://www.google.com/"
"","latexwomen","https://www.google.com/"
"","latexx","https://www.google.com/"
"","latexxx","https://www.google.com/"
"","latexxxgirls","https://www.google.com/"
"","latexxxmovs","https://www.google.com/"
"","latex-xxx","https://www.google.com/"
"","latexxxzone","https://www.google.com/"
"","latexzone","https://www.google.com/"
"","lathetas","https://www.google.com/"
"","laticamaslinda","https://www.google.com/"
"","latigredipadova","https://www.google.com/"
"","latin4skin","https://www.google.com/"
"","latina18","https://www.google.com/"
"","latina21","https://www.google.com/"
"","latina3x","https://www.google.com/"
"","latinaabuse","https://www.google.com/"
"","latinaamateur","https://www.google.com/"
"","latinaangel","https://www.google.com/"
"","latina-ass","https://www.google.com/"
"","latina-asses","https://www.google.com/"
"","latinaassfest","https://www.google.com/"
"","latinaasspics","https://www.google.com/"
"","latinaassporn","https://www.google.com/"
"","latina-babe","https://www.google.com/"
"","latina-babes2","https://www.google.com/"
"","latinababes","https://www.google.com/"
"","latinababesfucking","https://www.google.com/"
"","latina-babes","https://www.google.com/"
"","latinababesxxx","https://www.google.com/"
"","latinabangbang","https://www.google.com/"
"","latinabang","https://www.google.com/"
"","latinabattle","https://www.google.com/"
"","latina","https://www.google.com/"
"","latinabikinis","https://www.google.com/"
"","latinablowjob","https://www.google.com/"
