"﻿""id""","read","recommended"
"","32aa","https://www.google.com/"
"","33b","https://www.google.com/"
"","33girls","https://www.google.com/"
"","33men","https://www.google.com/"
"","33yr","https://www.google.com/"
"","345groep","https://www.google.com/"
"","34c","https://www.google.com/"
"","35-55","https://www.google.com/"
"","35cm","https://www.google.com/"
"","35my","https://www.google.com/"
"","35p-cheap-phone-sex","https://www.google.com/"
"","35p-phone-sex","https://www.google.com/"
"","35pps","https://www.google.com/"
"","35pxxxphonesex","https://www.google.com/"
"","35xxx","https://www.google.com/"
"","3600sex","https://www.google.com/"
"","360clicks","https://www.google.com/"
"","360erotica","https://www.google.com/"
"","360pornmovie","https://www.google.com/"
"","360porno","https://www.google.com/"
"","360pump","https://www.google.com/"
"","360sexshop","https://www.google.com/"
"","360sex-story","https://www.google.com/"
"","360solos","https://www.google.com/"
"","3615cul","https://www.google.com/"
"","3615q","https://www.google.com/"
"","3615sex","https://www.google.com/"
"","3615sexe","https://www.google.com/"
"","3615sodo","https://www.google.com/"
"","3617porno","https://www.google.com/"
"","365daysofcock","https://www.google.com/"
"","365dick","https://www.google.com/"
"","365gay","https://www.google.com/"
"","365indian","https://www.google.com/"
"","365i","https://www.google.com/"
"","365londonescorts","https://www.google.com/"
"","365phone","https://www.google.com/"
"","365pornfree","https://www.google.com/"
"","365pornmovs","https://www.google.com/"
"","365shu","https://www.google.com/"
"","365story","https://www.google.com/"
"","365teens","https://www.google.com/"
"","369x","https://www.google.com/"
"","36b","https://www.google.com/"
"","36eee","https://www.google.com/"
"","36gal","https://www.google.com/"
"","36movs","https://www.google.com/"
"","36pchat","https://www.google.com/"
"","36p-cheap-phone-sex","https://www.google.com/"
"","36p-phone-sex","https://www.google.com/"
"","36pphonesex","https://www.google.com/"
"","36s","https://www.google.com/"
"","36site","https://www.google.com/"
"","36videos","https://www.google.com/"
"","36vids","https://www.google.com/"
"","3-7-ace","https://www.google.com/"
"","380tl","https://www.google.com/"
"","38dd","https://www.google.com/"
"","38dddjuggs","https://www.google.com/"
"","38dds","https://www.google.com/"
"","38girl","https://www.google.com/"
"","38hh","https://www.google.com/"
"","38kk","https://www.google.com/"
"","38plus","https://www.google.com/"
"","39l","https://www.google.com/"
"","3a2","https://www.google.com/"
"","3adult","https://www.google.com/"
"","3am","https://www.google.com/"
"","3angelsvideo","https://www.google.com/"
"","3animalsex","https://www.google.com/"
"","3animalsextube","https://www.google.com/"
"","3arabicporn","https://www.google.com/"
"","3arabporn","https://www.google.com/"
"","3area","https://www.google.com/"
"","3at3ot","https://www.google.com/"
"","3bbw","https://www.google.com/"
"","3biz","https://www.google.com/"
"","3blogger","https://www.google.com/"
"","3bondage","https://www.google.com/"
"","3boobs","https://www.google.com/"
"","3cams","https://www.google.com/"
"","3captive","https://www.google.com/"
"","3-card-poker","https://www.google.com/"
"","3-cities","https://www.google.com/"
"","3cp","https://www.google.com/"
"","3cum","https://www.google.com/"
"","3d-3d","https://www.google.com/"
"","3d6","https://www.google.com/"
"","3dadultart","https://www.google.com/"
"","3dadult","https://www.google.com/"
"","3dadult-comics","https://www.google.com/"
"","3dadultcomics","https://www.google.com/"
"","3d-adult","https://www.google.com/"
"","3d-adult-games","https://www.google.com/"
"","3d-adultgames","https://www.google.com/"
"","3dadultgames","https://www.google.com/"
"","3dadultmovies","https://www.google.com/"
"","3dadultsonly","https://www.google.com/"
"","3dadultvideos","https://www.google.com/"
"","3d-alien","https://www.google.com/"
