"﻿""id""","read","recommended"
"","galleria18","https://www.google.com/"
"","galleriadomain","https://www.google.com/"
"","galleriahd","https://www.google.com/"
"","gallerie","https://www.google.com/"
"","gallerieporno","https://www.google.com/"
"","galleries100","https://www.google.com/"
"","galleriesbondage","https://www.google.com/"
"","galleriescentral","https://www.google.com/"
"","galleriesemilymarilyn","https://www.google.com/"
"","gallerie-sensual","https://www.google.com/"
"","galleriesforfree","https://www.google.com/"
"","galleriesnylon","https://www.google.com/"
"","galleriespanty","https://www.google.com/"
"","galleries-pornstar","https://www.google.com/"
"","galleries","https://www.google.com/"
"","galleriessite","https://www.google.com/"
"","galleriesswingers","https://www.google.com/"
"","galleriesteens","https://www.google.com/"
"","galleriestriplex","https://www.google.com/"
"","galleriesx","https://www.google.com/"
"","galleriesz","https://www.google.com/"
"","gallerieszone","https://www.google.com/"
"","galleriexxx","https://www.google.com/"
"","galleriez","https://www.google.com/"
"","gallerotica","https://www.google.com/"
"","gallery1","https://www.google.com/"
"","galleryarchives","https://www.google.com/"
"","galleryarea","https://www.google.com/"
"","galleryarte","https://www.google.com/"
"","galleryatwhittierranch","https://www.google.com/"
"","galleryboys","https://www.google.com/"
"","gallerycarre","https://www.google.com/"
"","gallerycircle","https://www.google.com/"
"","gallery","https://www.google.com/"
"","gallerydaemon","https://www.google.com/"
"","gallerydollar","https://www.google.com/"
"","gallerydome","https://www.google.com/"
"","gallerydude","https://www.google.com/"
"","gallery-dump","https://www.google.com/"
"","galleryerotica","https://www.google.com/"
"","galleryeroticaxxx","https://www.google.com/"
"","galleryfactory","https://www.google.com/"
"","galleryfolder","https://www.google.com/"
"","gallerygalore","https://www.google.com/"
"","gallerygals","https://www.google.com/"
"","gallerygator","https://www.google.com/"
"","gallerygaytwink","https://www.google.com/"
"","gallerygenerator","https://www.google.com/"
"","gallery-girl","https://www.google.com/"
"","gallerygirls","https://www.google.com/"
"","gallerygod","https://www.google.com/"
"","galleryguides","https://www.google.com/"
"","galleryheaven","https://www.google.com/"
"","galleryhost","https://www.google.com/"
"","galleryincest","https://www.google.com/"
"","galleryjapan","https://www.google.com/"
"","galleryland","https://www.google.com/"
"","gallerylatex","https://www.google.com/"
"","gallerylisting","https://www.google.com/"
"","gallerylog","https://www.google.com/"
"","gallerymagazine","https://www.google.com/"
"","gallerymen","https://www.google.com/"
"","galleryofmen","https://www.google.com/"
"","gallery-of-nudes","https://www.google.com/"
"","galleryofphonesex","https://www.google.com/"
"","galleryofsex","https://www.google.com/"
"","galleryp1mp","https://www.google.com/"
"","gallerypantyhose","https://www.google.com/"
"","galleryplatinum","https://www.google.com/"
"","galleryplugin","https://www.google.com/"
"","gallerypool","https://www.google.com/"
"","galleryporn","https://www.google.com/"
"","galleryporno","https://www.google.com/"
"","gallery-porn","https://www.google.com/"
"","galleryportal","https://www.google.com/"
"","gallerypost","https://www.google.com/"
"","galleryprogram","https://www.google.com/"
"","galleryreviewer","https://www.google.com/"
"","galleryripper","https://www.google.com/"
"","galleryrobot","https://www.google.com/"
"","galleryserver","https://www.google.com/"
"","gallerysex","https://www.google.com/"
"","galleryshack","https://www.google.com/"
"","galleryshare","https://www.google.com/"
"","galleryshop","https://www.google.com/"
"","gallerysluts","https://www.google.com/"
"","gallery-store","https://www.google.com/"
"","gallerysubmitter","https://www.google.com/"
"","gallerysurfer","https://www.google.com/"
"","galleryswoosh","https://www.google.com/"
"","gallerytaboo","https://www.google.com/"
"","galleryteam","https://www.google.com/"
"","gallery-thumbs","https://www.google.com/"
"","gallerytraffic","https://www.google.com/"
"","gallerytrafficservice","https://www.google.com/"
"","gallerywaitress","https://www.google.com/"
"","gallerywhores","https://www.google.com/"
"","gallery-wizard","https://www.google.com/"
"","gallerywoman","https://www.google.com/"
"","gallery-xl","https://www.google.com/"
