"﻿""id""","read","recommended"
"","alphaboys","https://www.google.com/"
"","alphachicks","https://www.google.com/"
"","alphacontent","https://www.google.com/"
"","alpha-cow","https://www.google.com/"
"","alphadominablog","https://www.google.com/"
"","alphaerotic","https://www.google.com/"
"","alpha-escort","https://www.google.com/"
"","alpha-females","https://www.google.com/"
"","alphafemdom","https://www.google.com/"
"","alphafemdomphonesex","https://www.google.com/"
"","alphafreecams","https://www.google.com/"
"","alphagay","https://www.google.com/"
"","alpha-graphics","https://www.google.com/"
"","alphalandsurveying","https://www.google.com/"
"","alphalon","https://www.google.com/"
"","alphamalefuckers","https://www.google.com/"
"","alphamalejerkoffs","https://www.google.com/"
"","alphamalelifestyle","https://www.google.com/"
"","alphamalemedia","https://www.google.com/"
"","alphamales","https://www.google.com/"
"","alphamalesystem","https://www.google.com/"
"","alphamaleundies","https://www.google.com/"
"","alphamoda","https://www.google.com/"
"","alphanexus","https://www.google.com/"
"","alphaonesextoys","https://www.google.com/"
"","alpha","https://www.google.com/"
"","alphaporno","https://www.google.com/"
"","alphaporno-de","https://www.google.com/"
"","alphapornofree","https://www.google.com/"
"","alphapornolive","https://www.google.com/"
"","alphapro","https://www.google.com/"
"","alpharehab","https://www.google.com/"
"","alphaseduction","https://www.google.com/"
"","alphaseek","https://www.google.com/"
"","alphasquad","https://www.google.com/"
"","alphateenies","https://www.google.com/"
"","alphateenporn","https://www.google.com/"
"","alphathumbs","https://www.google.com/"
"","alphatrack","https://www.google.com/"
"","alphawayoflife","https://www.google.com/"
"","alphaxcdn","https://www.google.com/"
"","alpha-x","https://www.google.com/"
"","alphax","https://www.google.com/"
"","alphons","https://www.google.com/"
"","alpol","https://www.google.com/"
"","alrau","https://www.google.com/"
"","alrincon","https://www.google.com/"
"","alrojo","https://www.google.com/"
"","alsangel","https://www.google.com/"
"","alsangels","https://www.google.com/"
"","alsangles","https://www.google.com/"
"","alsasianporn","https://www.google.com/"
"","alsbikinis","https://www.google.com/"
"","alscan","https://www.google.com/"
"","alscash","https://www.google.com/"
"","alscelebs","https://www.google.com/"
"","alsdiamondcabaret","https://www.google.com/"
"","alsdvds","https://www.google.com/"
"","alsgalleries","https://www.google.com/"
"","alsgayporn","https://www.google.com/"
"","alshunter","https://www.google.com/"
"","alsobbwsex","https://www.google.com/"
"","alsohentaitube","https://www.google.com/"
"","alsolesbiantube","https://www.google.com/"
"","alsomawint","https://www.google.com/"
"","alsondemand","https://www.google.com/"
"","alsoporn","https://www.google.com/"
"","alsscanangels","https://www.google.com/"
"","alsscan","https://www.google.com/"
"","alsscanfan","https://www.google.com/"
"","alsscangirls","https://www.google.com/"
"","alsscangirlz","https://www.google.com/"
"","als-scan","https://www.google.com/"
"","alsscanpussy","https://www.google.com/"
"","alsscans","https://www.google.com/"
"","alstermodelle","https://www.google.com/"
"","alsxxxworld","https://www.google.com/"
"","altabena","https://www.google.com/"
"","altabucks","https://www.google.com/"
"","altaca","https://www.google.com/"
"","alt-access","https://www.google.com/"
"","alta-gay-links","https://www.google.com/"
"","altagaylinks","https://www.google.com/"
"","alta-glamour","https://www.google.com/"
"","altaheels","https://www.google.com/"
"","alt-angel","https://www.google.com/"
"","altapendeja","https://www.google.com/"
"","altaporn","https://www.google.com/"
"","altasmoking","https://www.google.com/"
"","altavisex","https://www.google.com/"
"","altbabes","https://www.google.com/"
"","altbdsm","https://www.google.com/"
"","altbdsmpersonals","https://www.google.com/"
"","altbeauties","https://www.google.com/"
"","altbinaries","https://www.google.com/"
"","altbuddies","https://www.google.com/"
"","alt","https://www.google.com/"
"","altcash","https://www.google.com/"
"","altconnect","https://www.google.com/"
"","alt-dating","https://www.google.com/"
