"﻿""id""","read","recommended"
"","badboybondage","https://www.google.com/"
"","badboyfantasies","https://www.google.com/"
"","badboyfuck","https://www.google.com/"
"","badboymovie","https://www.google.com/"
"","badboynews","https://www.google.com/"
"","badboysbondage","https://www.google.com/"
"","badboyscash","https://www.google.com/"
"","badboys","https://www.google.com/"
"","badboysfilms","https://www.google.com/"
"","badboyslive","https://www.google.com/"
"","badboyspoolparty","https://www.google.com/"
"","badboystours","https://www.google.com/"
"","badboyz","https://www.google.com/"
"","bad-boyz","https://www.google.com/"
"","badboyztoyzz","https://www.google.com/"
"","badboyzz","https://www.google.com/"
"","badbritishgirls","https://www.google.com/"
"","badbyte","https://www.google.com/"
"","badcamgirls","https://www.google.com/"
"","badchat","https://www.google.com/"
"","badchix","https://www.google.com/"
"","badclient","https://www.google.com/"
"","badcollegegirls","https://www.google.com/"
"","badcompany","https://www.google.com/"
"","badcontrol","https://www.google.com/"
"","badcowboys","https://www.google.com/"
"","baddaddypov","https://www.google.com/"
"","baddaddytube","https://www.google.com/"
"","baddaughters","https://www.google.com/"
"","badd","https://www.google.com/"
"","baddestlist","https://www.google.com/"
"","baddgrrl","https://www.google.com/"
"","bad-doll","https://www.google.com/"
"","bad-dragon","https://www.google.com/"
"","badenerotik","https://www.google.com/"
"","bade-nixe","https://www.google.com/"
"","badenladies","https://www.google.com/"
"","badexgfs","https://www.google.com/"
"","badfemales","https://www.google.com/"
"","badfishforums","https://www.google.com/"
"","bad-fuck","https://www.google.com/"
"","badfuck","https://www.google.com/"
"","badfun","https://www.google.com/"
"","badgalsclub","https://www.google.com/"
"","badgals","https://www.google.com/"
"","badgeheimen","https://www.google.com/"
"","badgersreviews","https://www.google.com/"
"","badgirl360","https://www.google.com/"
"","badgirlashleigh","https://www.google.com/"
"","badgirlbucks","https://www.google.com/"
"","badgirlcam","https://www.google.com/"
"","badgirlchat","https://www.google.com/"
"","badgirl","https://www.google.com/"
"","badgirlmag","https://www.google.com/"
"","badgirlporn","https://www.google.com/"
"","badgirlpro","https://www.google.com/"
"","badgirlsbible","https://www.google.com/"
"","badgirlsblog","https://www.google.com/"
"","badgirlscam","https://www.google.com/"
"","badgirlsclub","https://www.google.com/"
"","badgirlsclubgifs","https://www.google.com/"
"","badgirls","https://www.google.com/"
"","bad-girls","https://www.google.com/"
"","badgirlsluts","https://www.google.com/"
"","badgirlsnextdoor","https://www.google.com/"
"","badgirlsonly","https://www.google.com/"
"","badgirlsontheweb","https://www.google.com/"
"","badgirlsporn","https://www.google.com/"
"","bad-girls-punished","https://www.google.com/"
"","badgirlsrule","https://www.google.com/"
"","badgirlsusa","https://www.google.com/"
"","bad-girl-xxx","https://www.google.com/"
"","badgirlzz","https://www.google.com/"
"","badgranny","https://www.google.com/"
"","badgrans","https://www.google.com/"
"","badguy","https://www.google.com/"
"","badhoe","https://www.google.com/"
"","badjimmy","https://www.google.com/"
"","badjojo","https://www.google.com/"
"","badjojo-porno","https://www.google.com/"
"","badkat","https://www.google.com/"
"","badkittycam","https://www.google.com/"
"","badkittycams","https://www.google.com/"
"","bad-kitty","https://www.google.com/"
"","badkitty","https://www.google.com/"
"","badkreuznachladies","https://www.google.com/"
"","badlesbiangirls","https://www.google.com/"
"","badlesbianporn","https://www.google.com/"
"","badlive","https://www.google.com/"
"","badly","https://www.google.com/"
"","badman","https://www.google.com/"
"","badmanvideos","https://www.google.com/"
"","badmasti","https://www.google.com/"
"","badmatch","https://www.google.com/"
"","badmaturegirls","https://www.google.com/"
"","bad-matures","https://www.google.com/"
"","badmilfs","https://www.google.com/"
"","badmischief","https://www.google.com/"
"","badmofo","https://www.google.com/"
"","badmofowallets","https://www.google.com/"
