"﻿""id""","read","recommended"
"","amateurnudepicture","https://www.google.com/"
"","amateurnudes69","https://www.google.com/"
"","amateurnudes","https://www.google.com/"
"","amateurnudesex","https://www.google.com/"
"","amateur-nude-teens","https://www.google.com/"
"","amateurnudevideos","https://www.google.com/"
"","amateur-nude-woman","https://www.google.com/"
"","amateurnudism","https://www.google.com/"
"","amateurnudity","https://www.google.com/"
"","amateur-nue","https://www.google.com/"
"","amateurnutte","https://www.google.com/"
"","amateurnympho","https://www.google.com/"
"","amateurofficesex","https://www.google.com/"
"","amateurolders","https://www.google.com/"
"","amateuroldsluts","https://www.google.com/"
"","amateuroma","https://www.google.com/"
"","amateuronlineclub","https://www.google.com/"
"","amateuronly","https://www.google.com/"
"","amateurontvangst","https://www.google.com/"
"","amateurope","https://www.google.com/"
"","amateur-oral-sex","https://www.google.com/"
"","amateur-o-rama","https://www.google.com/"
"","amateurorgie","https://www.google.com/"
"","amateurorgy","https://www.google.com/"
"","amateuros","https://www.google.com/"
"","amateurotkspankingblog","https://www.google.com/"
"","amateurow","https://www.google.com/"
"","amateurpaare","https://www.google.com/"
"","amateurpages","https://www.google.com/"
"","amateurpain","https://www.google.com/"
"","amateurpantiesclub","https://www.google.com/"
"","amateurparenclub","https://www.google.com/"
"","amateurparking","https://www.google.com/"
"","amateur-partner","https://www.google.com/"
"","amateurpartner","https://www.google.com/"
"","amateurpass","https://www.google.com/"
"","amateurpassions","https://www.google.com/"
"","amateurpassword","https://www.google.com/"
"","amateurpasswords","https://www.google.com/"
"","amateur-pay-per-view","https://www.google.com/"
"","amateurpayperview","https://www.google.com/"
"","amateurpearls","https://www.google.com/"
"","amateurpervers","https://www.google.com/"
"","amateur-phone-sex","https://www.google.com/"
"","amateurphoto","https://www.google.com/"
"","amateur-photo","https://www.google.com/"
"","amateurphotos","https://www.google.com/"
"","amateurpic","https://www.google.com/"
"","amateurpicpost","https://www.google.com/"
"","amateur-pics1","https://www.google.com/"
"","amateur-pics","https://www.google.com/"
"","amateurpics","https://www.google.com/"
"","amateurpicsfree","https://www.google.com/"
"","amateurpicslab","https://www.google.com/"
"","amateurpicsvideos","https://www.google.com/"
"","amateurpicsxxx","https://www.google.com/"
"","amateurpicture","https://www.google.com/"
"","amateurpictures","https://www.google.com/"
"","amateurpie","https://www.google.com/"
"","amateurpimps","https://www.google.com/"
"","amateurpink","https://www.google.com/"
"","amateur-pix","https://www.google.com/"
"","amateurpix","https://www.google.com/"
"","amateurpixxx","https://www.google.com/"
"","amateurplaatjes","https://www.google.com/"
"","amateurplace","https://www.google.com/"
"","amateurplaygirls","https://www.google.com/"
"","amateurplayroom","https://www.google.com/"
"","amateurplaythings","https://www.google.com/"
"","amateurplaza","https://www.google.com/"
"","amateurporn4","https://www.google.com/"
"","amateur-porn9","https://www.google.com/"
"","amateurpornaholic","https://www.google.com/"
"","amateurpornandsex","https://www.google.com/"
"","amateurpornauditions","https://www.google.com/"
"","amateurpornbabes","https://www.google.com/"
"","amateurpornbot","https://www.google.com/"
"","amateurpornbox","https://www.google.com/"
"","amateurporncam","https://www.google.com/"
"","amateurporncenter","https://www.google.com/"
"","amateurpornchicks","https://www.google.com/"
"","amateur-porn-clips","https://www.google.com/"
"","amateur-porn","https://www.google.com/"
"","amateurporn","https://www.google.com/"
"","amateur-porn-corner","https://www.google.com/"
"","amateurporndump","https://www.google.com/"
"","amateurpornfest","https://www.google.com/"
"","amateurpornforlife","https://www.google.com/"
"","amateurpornforum","https://www.google.com/"
"","amateurporngirlfriends","https://www.google.com/"
"","amateurporngirls","https://www.google.com/"
"","amateur-porn-hardcore-sex-movies","https://www.google.com/"
"","amateurpornhq","https://www.google.com/"
"","amateurpornhub","https://www.google.com/"
"","amateurpornkings","https://www.google.com/"
"","amateur-porn-links","https://www.google.com/"
"","amateurpornlinks","https://www.google.com/"
"","amateurpornlove","https://www.google.com/"
"","amateurpornmag","https://www.google.com/"
"","amateurpornmovies","https://www.google.com/"
