"﻿""id""","read","recommended"
"","footfetishjoy","https://www.google.com/"
"","footfetishkino","https://www.google.com/"
"","footfetishlesbian","https://www.google.com/"
"","foot-fetish-lesbians","https://www.google.com/"
"","footfetishlinks","https://www.google.com/"
"","footfetishlist","https://www.google.com/"
"","footfetishlivesex","https://www.google.com/"
"","footfetishlove","https://www.google.com/"
"","footfetishmania","https://www.google.com/"
"","footfetishmgp","https://www.google.com/"
"","footfetishmia","https://www.google.com/"
"","footfetishmovs","https://www.google.com/"
"","footfetishnews","https://www.google.com/"
"","footfetish","https://www.google.com/"
"","footfetishonly","https://www.google.com/"
"","footfetishpanel","https://www.google.com/"
"","footfetishpartner","https://www.google.com/"
"","footfetishpartners","https://www.google.com/"
"","footfetishpersonals","https://www.google.com/"
"","footfetishpetite","https://www.google.com/"
"","footfetishphonesex","https://www.google.com/"
"","footfetishphotos","https://www.google.com/"
"","footfetishporn","https://www.google.com/"
"","footfetishporno","https://www.google.com/"
"","footfetishporntube","https://www.google.com/"
"","footfetishpost","https://www.google.com/"
"","footfetishpure","https://www.google.com/"
"","footfetishreview","https://www.google.com/"
"","footfetishsanctuary","https://www.google.com/"
"","footfetishsex","https://www.google.com/"
"","footfetishsites","https://www.google.com/"
"","footfetish-slave","https://www.google.com/"
"","footfetishsluts","https://www.google.com/"
"","footfetishstories","https://www.google.com/"
"","footfetishstoryz","https://www.google.com/"
"","footfetish-tgp","https://www.google.com/"
"","footfetishtgp","https://www.google.com/"
"","footfetishthumbs","https://www.google.com/"
"","footfetishtoejam","https://www.google.com/"
"","foot-fetish-toys","https://www.google.com/"
"","footfetishts","https://www.google.com/"
"","footfetish-tube","https://www.google.com/"
"","footfetishtube","https://www.google.com/"
"","footfetishtvs","https://www.google.com/"
"","footfetishvideo","https://www.google.com/"
"","footfetishvideos","https://www.google.com/"
"","foot-fetish-videos","https://www.google.com/"
"","footfetishvoyeur","https://www.google.com/"
"","footfetishwebcams","https://www.google.com/"
"","foot-fetish-web","https://www.google.com/"
"","footfetishwomen","https://www.google.com/"
"","footfetishworld","https://www.google.com/"
"","footfetishworship","https://www.google.com/"
"","footfetishxxx","https://www.google.com/"
"","footfighters","https://www.google.com/"
"","footfinder","https://www.google.com/"
"","footfisting","https://www.google.com/"
"","footfootage","https://www.google.com/"
"","footfraternity","https://www.google.com/"
"","foot-freaks","https://www.google.com/"
"","footfreeporn","https://www.google.com/"
"","footfrenzy","https://www.google.com/"
"","footfriends","https://www.google.com/"
"","foot-fuck","https://www.google.com/"
"","footfuck","https://www.google.com/"
"","footfucking","https://www.google.com/"
"","footfuckporn","https://www.google.com/"
"","footgalleries","https://www.google.com/"
"","footgirlania","https://www.google.com/"
"","footgirlashley","https://www.google.com/"
"","footgirljenny","https://www.google.com/"
"","footgirls","https://www.google.com/"
"","foot-girls","https://www.google.com/"
"","footgoddess","https://www.google.com/"
"","footgoddessnatalie","https://www.google.com/"
"","footgurl","https://www.google.com/"
"","foot-index","https://www.google.com/"
"","footishes","https://www.google.com/"
"","footiste","https://www.google.com/"
"","foot-jeux","https://www.google.com/"
"","footjob101","https://www.google.com/"
"","footjob-addict","https://www.google.com/"
"","footjobaddict","https://www.google.com/"
"","footjob-amateur","https://www.google.com/"
"","footjob","https://www.google.com/"
"","footjob-blog","https://www.google.com/"
"","footjobblog","https://www.google.com/"
"","footjobcentral","https://www.google.com/"
"","footjobcum","https://www.google.com/"
"","footjobcuties","https://www.google.com/"
"","footjobfiesta","https://www.google.com/"
"","footjobforum","https://www.google.com/"
"","footjobfuck","https://www.google.com/"
"","footjobland","https://www.google.com/"
"","footjoblivecam","https://www.google.com/"
"","footjobmodels1","https://www.google.com/"
"","footjob-movie","https://www.google.com/"
"","footjobmovies","https://www.google.com/"
"","foot-job","https://www.google.com/"
"","footjobonly","https://www.google.com/"
