"﻿""id""","read","recommended"
"","jennysmatureporn","https://www.google.com/"
"","jennysparks","https://www.google.com/"
"","jennysplace","https://www.google.com/"
"","jennyspray","https://www.google.com/"
"","jennys-sexchat","https://www.google.com/"
"","jennystar","https://www.google.com/"
"","jenny-summers","https://www.google.com/"
"","jennyswebcam","https://www.google.com/"
"","jenousaime","https://www.google.com/"
"","jenporno","https://www.google.com/"
"","jenpornuj","https://www.google.com/"
"","jensesamateure","https://www.google.com/"
"","jensex","https://www.google.com/"
"","jenskatja","https://www.google.com/"
"","jens-matthias","https://www.google.com/"
"","jensplace","https://www.google.com/"
"","jenxstudios","https://www.google.com/"
"","jenycam","https://www.google.com/"
"","jeny","https://www.google.com/"
"","jenymccarthy","https://www.google.com/"
"","jenyreid","https://www.google.com/"
"","jenyroy","https://www.google.com/"
"","jenysmith","https://www.google.com/"
"","jeoffory","https://www.google.com/"
"","jepose","https://www.google.com/"
"","jeremstar","https://www.google.com/"
"","jeremstarnu","https://www.google.com/"
"","jeremykost","https://www.google.com/"
"","jerk2it","https://www.google.com/"
"","jerkbandit","https://www.google.com/"
"","jerkcult","https://www.google.com/"
"","jerkdolls","https://www.google.com/"
"","jerked","https://www.google.com/"
"","jerkersworld","https://www.google.com/"
"","jerkhd","https://www.google.com/"
"","jerkhimoff","https://www.google.com/"
"","jerkhour","https://www.google.com/"
"","jerkingboysoncam","https://www.google.com/"
"","jerking","https://www.google.com/"
"","jerkingdwarf","https://www.google.com/"
"","jerkinghotmovies","https://www.google.com/"
"","jerkinginstruction","https://www.google.com/"
"","jerkingmates","https://www.google.com/"
"","jerkingmovies","https://www.google.com/"
"","jerking-off","https://www.google.com/"
"","jerkingresources","https://www.google.com/"
"","jerkitbabe","https://www.google.com/"
"","jerkitbaby","https://www.google.com/"
"","jerkitbitch","https://www.google.com/"
"","jerk-it","https://www.google.com/"
"","jerkit","https://www.google.com/"
"","jerkjunkie","https://www.google.com/"
"","jerklinks","https://www.google.com/"
"","jerkmania","https://www.google.com/"
"","jerkmate","https://www.google.com/"
"","jerkmatelive","https://www.google.com/"
"","jerkmates","https://www.google.com/"
"","jerkmenow3","https://www.google.com/"
"","jerkmenow","https://www.google.com/"
"","jerkmetube","https://www.google.com/"
"","jerkmovs","https://www.google.com/"
"","jerkngo","https://www.google.com/"
"","jerknsquirt","https://www.google.com/"
"","jerknsquirtlive","https://www.google.com/"
"","jerkoffbuds","https://www.google.com/"
"","jerkoffclips","https://www.google.com/"
"","jerkoffclub","https://www.google.com/"
"","jerkoff","https://www.google.com/"
"","jerkoffer","https://www.google.com/"
"","jerkoffgalleries","https://www.google.com/"
"","jerkoffgirlfriends","https://www.google.com/"
"","jerkoffgirls","https://www.google.com/"
"","jerkoffhere","https://www.google.com/"
"","jerkoffinstructionbabes","https://www.google.com/"
"","jerkoffinstructionfan","https://www.google.com/"
"","jerkoffinstructions","https://www.google.com/"
"","jerkoffinstructors","https://www.google.com/"
"","jerkoffjunkies","https://www.google.com/"
"","jerkoffmovies","https://www.google.com/"
"","jerk-offpass","https://www.google.com/"
"","jerk-off-pics","https://www.google.com/"
"","jerkoffson","https://www.google.com/"
"","jerkoffs-teen-pics","https://www.google.com/"
"","jerkoffvideo","https://www.google.com/"
"","jerkoffzone","https://www.google.com/"
"","jerkok","https://www.google.com/"
"","jerkpay","https://www.google.com/"
"","jerkroom","https://www.google.com/"
"","jerkshemale","https://www.google.com/"
"","jerkthatcock1","https://www.google.com/"
"","jerkthatcockbitch","https://www.google.com/"
"","jerkthatcock","https://www.google.com/"
"","jerktime","https://www.google.com/"
"","jerktube","https://www.google.com/"
"","jerkwithme","https://www.google.com/"
"","jerkwithstyle","https://www.google.com/"
"","jerkxxxvideos","https://www.google.com/"
"","jerkyourdick","https://www.google.com/"
"","jerkyourtube","https://www.google.com/"
"","jerkyporn","https://www.google.com/"
