"﻿""id""","read","recommended"
"","adultdatingreviews","https://www.google.com/"
"","adultdatingsite","https://www.google.com/"
"","adult-dating-sites","https://www.google.com/"
"","adultdating-space1","https://www.google.com/"
"","adultdatingtraffic","https://www.google.com/"
"","adultdatingweb","https://www.google.com/"
"","adultdatingxxx","https://www.google.com/"
"","adultdb","https://www.google.com/"
"","adult-dc","https://www.google.com/"
"","adult-deai","https://www.google.com/"
"","adultdeal","https://www.google.com/"
"","adultdeals","https://www.google.com/"
"","adultdeepfakes","https://www.google.com/"
"","adult-delights","https://www.google.com/"
"","adultdelux","https://www.google.com/"
"","adultdesi","https://www.google.com/"
"","adultdesign","https://www.google.com/"
"","adult-design","https://www.google.com/"
"","adultdesigns","https://www.google.com/"
"","adultdestination","https://www.google.com/"
"","adult-desu","https://www.google.com/"
"","adult-detroit","https://www.google.com/"
"","adultdev","https://www.google.com/"
"","adultdevil","https://www.google.com/"
"","adultdex","https://www.google.com/"
"","adultdialersolution","https://www.google.com/"
"","adultdiapersreviews","https://www.google.com/"
"","adult-diaper","https://www.google.com/"
"","adultdiary","https://www.google.com/"
"","adultdigg","https://www.google.com/"
"","adultdigitalsolutions","https://www.google.com/"
"","adultdirect","https://www.google.com/"
"","adultdirectories","https://www.google.com/"
"","adult-directory","https://www.google.com/"
"","adultdirectory","https://www.google.com/"
"","adultdirectoryreview","https://www.google.com/"
"","adultdirectplus","https://www.google.com/"
"","adultdiscreet","https://www.google.com/"
"","adult-disney","https://www.google.com/"
"","adult-doctor","https://www.google.com/"
"","adultdoctor","https://www.google.com/"
"","adult-dolce","https://www.google.com/"
"","adultdolls","https://www.google.com/"
"","adult-domain","https://www.google.com/"
"","adult-domains","https://www.google.com/"
"","adultdomains","https://www.google.com/"
"","adultdoorway","https://www.google.com/"
"","adultdot","https://www.google.com/"
"","adultdough","https://www.google.com/"
"","adultdownload","https://www.google.com/"
"","adultdownloadshop","https://www.google.com/"
"","adultdraft","https://www.google.com/"
"","adultdraw","https://www.google.com/"
"","adultdreamhost","https://www.google.com/"
"","adultdreamlinks","https://www.google.com/"
"","adultdream","https://www.google.com/"
"","adult-dreams","https://www.google.com/"
"","adultdreams","https://www.google.com/"
"","adultdump","https://www.google.com/"
"","adultdumper","https://www.google.com/"
"","adultdungeon","https://www.google.com/"
"","adultdvd69","https://www.google.com/"
"","adultdvdbutik","https://www.google.com/"
"","adultdvdclearance","https://www.google.com/"
"","adultdvd","https://www.google.com/"
"","adult-dvd","https://www.google.com/"
"","adultdvddb","https://www.google.com/"
"","adultdvddirectory","https://www.google.com/"
"","adultdvdemart","https://www.google.com/"
"","adultdvdempire","https://www.google.com/"
"","adultdvdexplorer","https://www.google.com/"
"","adultdvdfilms","https://www.google.com/"
"","adultdvdgold","https://www.google.com/"
"","adultdvdhits","https://www.google.com/"
"","adultdvdland","https://www.google.com/"
"","adultdvdmarketplace","https://www.google.com/"
"","adult-dvdmovie","https://www.google.com/"
"","adultdvdmovie","https://www.google.com/"
"","adult-dvd-movie","https://www.google.com/"
"","adultdvdnow","https://www.google.com/"
"","adultdvdntoys","https://www.google.com/"
"","adultdvdplanet","https://www.google.com/"
"","adultdvdporn","https://www.google.com/"
"","adultdvd-pornstars","https://www.google.com/"
"","adultdvdpornvideo","https://www.google.com/"
"","adultdvdreviews","https://www.google.com/"
"","adultdvdsadultdvds","https://www.google.com/"
"","adult-dvds-and-sex-toys","https://www.google.com/"
"","adultdvdsandtoys","https://www.google.com/"
"","adultdvdscanada","https://www.google.com/"
"","adultdvds","https://www.google.com/"
"","adultdvdserotica","https://www.google.com/"
"","adultdvdsexvideos","https://www.google.com/"
"","adult-dvd-shop","https://www.google.com/"
"","adultdvdshop","https://www.google.com/"
"","adultdvdsite","https://www.google.com/"
"","adult-dvd-store","https://www.google.com/"
"","adultdvdstoreonline","https://www.google.com/"
"","adultdvd-stores","https://www.google.com/"
"","adultdvds-xxx","https://www.google.com/"
