"﻿""id""","read","recommended"
"","galleryxxx","https://www.google.com/"
"","galleryzones","https://www.google.com/"
"","gallfans","https://www.google.com/"
"","gallfree","https://www.google.com/"
"","gallsforpleasure","https://www.google.com/"
"","galls","https://www.google.com/"
"","gallview","https://www.google.com/"
"","gallys","https://www.google.com/"
"","gallyx","https://www.google.com/"
"","galmode","https://www.google.com/"
"","galoos","https://www.google.com/"
"","galoporn","https://www.google.com/"
"","galore","https://www.google.com/"
"","galorefuck","https://www.google.com/"
"","galoremag","https://www.google.com/"
"","galoremature","https://www.google.com/"
"","galoretube","https://www.google.com/"
"","galorexxx","https://www.google.com/"
"","galpark","https://www.google.com/"
"","gals4all","https://www.google.com/"
"","gals4freeblog","https://www.google.com/"
"","gals4free","https://www.google.com/"
"","galsarchive","https://www.google.com/"
"","galscentral","https://www.google.com/"
"","gals","https://www.google.com/"
"","galsforcock","https://www.google.com/"
"","galsformatures","https://www.google.com/"
"","galsforyou","https://www.google.com/"
"","galsgallery","https://www.google.com/"
"","galslist","https://www.google.com/"
"","galsmarket","https://www.google.com/"
"","galsndolls","https://www.google.com/"
"","galsongals","https://www.google.com/"
"","galsonline","https://www.google.com/"
"","galsonly","https://www.google.com/"
"","galspanic","https://www.google.com/"
"","galsparade","https://www.google.com/"
"","galspot","https://www.google.com/"
"","galsroom","https://www.google.com/"
"","galss","https://www.google.com/"
"","galsshot","https://www.google.com/"
"","galsteen","https://www.google.com/"
"","galtop","https://www.google.com/"
"","galttech","https://www.google.com/"
"","galwayescorts","https://www.google.com/"
"","galwayindependentescorts","https://www.google.com/"
"","galwaytours","https://www.google.com/"
"","galzoo","https://www.google.com/"
"","gamaniak","https://www.google.com/"
"","gambleatvegas","https://www.google.com/"
"","gamble","https://www.google.com/"
"","gamblecrazy","https://www.google.com/"
"","gamblehouse","https://www.google.com/"
"","gamble-on","https://www.google.com/"
"","gamble-online-casinos","https://www.google.com/"
"","gambleonline","https://www.google.com/"
"","gambleroad","https://www.google.com/"
"","gamblerslab","https://www.google.com/"
"","gamble-slots","https://www.google.com/"
"","gambling365","https://www.google.com/"
"","gambling-advisor","https://www.google.com/"
"","gamblingbee","https://www.google.com/"
"","gambling-casinos","https://www.google.com/"
"","gambling-casinos-directory","https://www.google.com/"
"","gambling-clicks","https://www.google.com/"
"","gambling-corp","https://www.google.com/"
"","gambling-federation-casinos","https://www.google.com/"
"","gamblingfortunes","https://www.google.com/"
"","gambling-forum","https://www.google.com/"
"","gambling-games","https://www.google.com/"
"","gambling-girl","https://www.google.com/"
"","gamblinggirl","https://www.google.com/"
"","gamblinggourmet","https://www.google.com/"
"","gamblingguide","https://www.google.com/"
"","gambling-info","https://www.google.com/"
"","gamblinginfosites","https://www.google.com/"
"","gamblingjokes","https://www.google.com/"
"","gamblinglists","https://www.google.com/"
"","gambling","https://www.google.com/"
"","gamblingmoney","https://www.google.com/"
"","gamblingoffers","https://www.google.com/"
"","gamblingonlinecasinos","https://www.google.com/"
"","gamblingonline","https://www.google.com/"
"","gambling-portal","https://www.google.com/"
"","gamblingpromotions","https://www.google.com/"
"","gamblingrose","https://www.google.com/"
"","gamblingsearches","https://www.google.com/"
"","gamblingstrategy","https://www.google.com/"
"","gambling-strategy","https://www.google.com/"
"","gambling-systems","https://www.google.com/"
"","gamblingwebring","https://www.google.com/"
"","gambling-win","https://www.google.com/"
"","gamblingwiz","https://www.google.com/"
"","gambling-world","https://www.google.com/"
"","gamblingyes","https://www.google.com/"
"","gamblux","https://www.google.com/"
"","gamcore","https://www.google.com/"
"","gamcoree","https://www.google.com/"
"","game69","https://www.google.com/"
"","gamebabe","https://www.google.com/"
