"﻿""id""","read","recommended"
"","coqine","https://www.google.com/"
"","coqnu","https://www.google.com/"
"","coqporno","https://www.google.com/"
"","coqtube","https://www.google.com/"
"","coquette","https://www.google.com/"
"","coquettes","https://www.google.com/"
"","coquincalin","https://www.google.com/"
"","co-quin","https://www.google.com/"
"","coquincontact","https://www.google.com/"
"","coquincoquine","https://www.google.com/"
"","coquin-coquine","https://www.google.com/"
"","coquineannonce","https://www.google.com/"
"","coquine-attitude","https://www.google.com/"
"","coquine","https://www.google.com/"
"","coquine-club","https://www.google.com/"
"","coquinedefrance","https://www.google.com/"
"","coquine-des-bois","https://www.google.com/"
"","coquinedoudou","https://www.google.com/"
"","coquinedujour","https://www.google.com/"
"","coquine-lingerie","https://www.google.com/"
"","coquine-ludivine","https://www.google.com/"
"","coquinendirect","https://www.google.com/"
"","coquinenligne","https://www.google.com/"
"","coquinenue","https://www.google.com/"
"","coquinerencontre","https://www.google.com/"
"","coquineries","https://www.google.com/"
"","coquines-au-telephone","https://www.google.com/"
"","coquines","https://www.google.com/"
"","coquines-du-net","https://www.google.com/"
"","coquines-en-ligne","https://www.google.com/"
"","coquines-girls","https://www.google.com/"
"","coquineshopping","https://www.google.com/"
"","coquines-lesbiennes","https://www.google.com/"
"","coquinespace","https://www.google.com/"
"","coquinesrencontre","https://www.google.com/"
"","coquinesrencontres","https://www.google.com/"
"","coquines-street","https://www.google.com/"
"","coquinetcoquine","https://www.google.com/"
"","coquine-telephonerose","https://www.google.com/"
"","coquine-tres-sexy","https://www.google.com/"
"","coquinettes","https://www.google.com/"
"","coquinetv","https://www.google.com/"
"","coquinissime","https://www.google.com/"
"","coquin-malin","https://www.google.com/"
"","coquinoo","https://www.google.com/"
"","coquinous","https://www.google.com/"
"","coquins","https://www.google.com/"
"","coquinscoquines","https://www.google.com/"
"","coquins-coquines","https://www.google.com/"
"","coquintop","https://www.google.com/"
"","coralaorta","https://www.google.com/"
"","coralie","https://www.google.com/"
"","corank","https://www.google.com/"
"","coras-telefonsex","https://www.google.com/"
"","corazonpartio","https://www.google.com/"
"","corbettgroup","https://www.google.com/"
"","corbinfisher","https://www.google.com/"
"","cordelero-bondage","https://www.google.com/"
"","cordobagay","https://www.google.com/"
"","cordobasensual","https://www.google.com/"
"","cordobesas","https://www.google.com/"
"","cordobesitas","https://www.google.com/"
"","corebooks","https://www.google.com/"
"","coredumped","https://www.google.com/"
"","corehosting","https://www.google.com/"
"","coremag","https://www.google.com/"
"","coresexual","https://www.google.com/"
"","coresforsenate","https://www.google.com/"
"","coretext","https://www.google.com/"
"","coreyedwards","https://www.google.com/"
"","corinacurves","https://www.google.com/"
"","corinnadubois","https://www.google.com/"
"","corinnemodasexy","https://www.google.com/"
"","corinne-videos","https://www.google.com/"
"","corkindependentescorts","https://www.google.com/"
"","corkyteens","https://www.google.com/"
"","cornbreadasses","https://www.google.com/"
"","cornergirls","https://www.google.com/"
"","cornertimeblog","https://www.google.com/"
"","cornhaulers","https://www.google.com/"
"","cornhole","https://www.google.com/"
"","cornholed","https://www.google.com/"
"","cornolandia","https://www.google.com/"
"","corn-porn","https://www.google.com/"
"","cornsporn","https://www.google.com/"
"","cornsworld","https://www.google.com/"
"","coroas10","https://www.google.com/"
"","coroas40","https://www.google.com/"
"","coroascaseiras","https://www.google.com/"
"","coroas","https://www.google.com/"
"","coroasgostosas","https://www.google.com/"
"","coroasmaduras","https://www.google.com/"
"","coroasnet","https://www.google.com/"
"","coroasporno","https://www.google.com/"
"","corolo","https://www.google.com/"
"","corona","https://www.google.com/"
"","coronaextra","https://www.google.com/"
"","corporal","https://www.google.com/"
"","corporalpunishmentblog","https://www.google.com/"
"","corporalpunishments","https://www.google.com/"
