"﻿""id""","read","recommended"
"","gay2gay","https://www.google.com/"
"","gay2porn","https://www.google.com/"
"","gay2u","https://www.google.com/"
"","gay2zed","https://www.google.com/"
"","gay30","https://www.google.com/"
"","gay-365","https://www.google.com/"
"","gay3","https://www.google.com/"
"","gay-3d-comix","https://www.google.com/"
"","gay3dporno","https://www.google.com/"
"","gay3sex","https://www.google.com/"
"","gay3x","https://www.google.com/"
"","gay404","https://www.google.com/"
"","gay411","https://www.google.com/"
"","gay43","https://www.google.com/"
"","gay44","https://www.google.com/"
"","gay4berlin","https://www.google.com/"
"","gay4free","https://www.google.com/"
"","gay4life","https://www.google.com/"
"","gay4pay","https://www.google.com/"
"","gay4paytube","https://www.google.com/"
"","gay4play","https://www.google.com/"
"","gay4sex","https://www.google.com/"
"","gay4u","https://www.google.com/"
"","gay5","https://www.google.com/"
"","gay69","https://www.google.com/"
"","gay69boy","https://www.google.com/"
"","gay6","https://www.google.com/"
"","gay6tube","https://www.google.com/"
"","gay88","https://www.google.com/"
"","gay8","https://www.google.com/"
"","gay974","https://www.google.com/"
"","gayaccess","https://www.google.com/"
"","gayaccessmobile","https://www.google.com/"
"","gayaces","https://www.google.com/"
"","gayactioncams","https://www.google.com/"
"","gayaday","https://www.google.com/"
"","gayaddress","https://www.google.com/"
"","gayadultblog","https://www.google.com/"
"","gayadult","https://www.google.com/"
"","gayadultdirectory","https://www.google.com/"
"","gayadultempire","https://www.google.com/"
"","gayadultmales","https://www.google.com/"
"","gayadultmovies","https://www.google.com/"
"","gayadultphotos","https://www.google.com/"
"","gayadultshop","https://www.google.com/"
"","gayadultsitereviews","https://www.google.com/"
"","gayadultstars","https://www.google.com/"
"","gayadulttoons","https://www.google.com/"
"","gayadultvideos","https://www.google.com/"
"","gayadultvids","https://www.google.com/"
"","gayadultwebmaster","https://www.google.com/"
"","gayadultwebmasterresources","https://www.google.com/"
"","gayadultxxxporn","https://www.google.com/"
"","gayadventure","https://www.google.com/"
"","gayadventures","https://www.google.com/"
"","gayaffair","https://www.google.com/"
"","gayaffaire","https://www.google.com/"
"","gayaffairs","https://www.google.com/"
"","gayaffiliatereviews","https://www.google.com/"
"","gayagenda","https://www.google.com/"
"","gayaholic","https://www.google.com/"
"","gayalbums","https://www.google.com/"
"","gayalem","https://www.google.com/"
"","gayalizer","https://www.google.com/"
"","gayallholes","https://www.google.com/"
"","gayallurenetwork","https://www.google.com/"
"","gayalmighty","https://www.google.com/"
"","gayalphamales","https://www.google.com/"
"","gayamador","https://www.google.com/"
"","gay-amateur","https://www.google.com/"
"","gayamateur","https://www.google.com/"
"","gayamateure","https://www.google.com/"
"","gayamateurmatch","https://www.google.com/"
"","gayamateursclub","https://www.google.com/"
"","gayamateurs","https://www.google.com/"
"","gayamateursex","https://www.google.com/"
"","gayamateurspayperview","https://www.google.com/"
"","gayamateurvideo","https://www.google.com/"
"","gayamateurvideos","https://www.google.com/"
"","gayamateurwebcam","https://www.google.com/"
"","gayamateurwebcams","https://www.google.com/"
"","gayamateurxxx","https://www.google.com/"
"","gayamatuers","https://www.google.com/"
"","gayamerica","https://www.google.com/"
"","gayamore","https://www.google.com/"
"","gayamsterdam","https://www.google.com/"
"","gayamsterdamlinks","https://www.google.com/"
"","gayanalbareback","https://www.google.com/"
"","gayanalclips","https://www.google.com/"
"","gay-anal","https://www.google.com/"
"","gayanal","https://www.google.com/"
"","gayanalmovs","https://www.google.com/"
"","gayanalpics","https://www.google.com/"
"","gayanalporn","https://www.google.com/"
"","gayanalsex","https://www.google.com/"
"","gay-analsex","https://www.google.com/"
"","gayanalsexfree","https://www.google.com/"
"","gayanalsexlive","https://www.google.com/"
"","gayanalsexmovie","https://www.google.com/"
"","gayanalvids","https://www.google.com/"
