"﻿""id""","read","recommended"
"","just-men","https://www.google.com/"
"","justmen","https://www.google.com/"
"","justmilf","https://www.google.com/"
"","justmilfporn","https://www.google.com/"
"","justmilftube","https://www.google.com/"
"","justmomsex","https://www.google.com/"
"","justmoms","https://www.google.com/"
"","justmoreporn","https://www.google.com/"
"","justmouthfuls","https://www.google.com/"
"","justnakedgirls","https://www.google.com/"
"","justnakedmen","https://www.google.com/"
"","justnakedteens","https://www.google.com/"
"","justnastyphonesex","https://www.google.com/"
"","justnips","https://www.google.com/"
"","just","https://www.google.com/"
"","justnubiles","https://www.google.com/"
"","justnudeamateurs","https://www.google.com/"
"","justnudeart","https://www.google.com/"
"","justnudeasians","https://www.google.com/"
"","justnudeboys","https://www.google.com/"
"","justnudecelebs","https://www.google.com/"
"","just-nude","https://www.google.com/"
"","justnudegals","https://www.google.com/"
"","justnudegays","https://www.google.com/"
"","justnudegirls","https://www.google.com/"
"","justnudeguys","https://www.google.com/"
"","just-nude-models","https://www.google.com/"
"","justnudepic","https://www.google.com/"
"","justnudepics","https://www.google.com/"
"","justnudes","https://www.google.com/"
"","justnudeselfies","https://www.google.com/"
"","justnudeteens","https://www.google.com/"
"","justnudetwinks","https://www.google.com/"
"","justnudewoman","https://www.google.com/"
"","justnudewomen","https://www.google.com/"
"","justnudity","https://www.google.com/"
"","justnylon","https://www.google.com/"
"","justoldpussy","https://www.google.com/"
"","justonebite","https://www.google.com/"
"","justonefix","https://www.google.com/"
"","justorientalporn","https://www.google.com/"
"","justover18","https://www.google.com/"
"","justover18gonzo","https://www.google.com/"
"","justovereighteen","https://www.google.com/"
"","justpicsplease","https://www.google.com/"
"","justplump","https://www.google.com/"
"","justporn","https://www.google.com/"
"","justporno","https://www.google.com/"
"","justpornomobile","https://www.google.com/"
"","justporntube","https://www.google.com/"
"","justpornx","https://www.google.com/"
"","justpornxx","https://www.google.com/"
"","justposing","https://www.google.com/"
"","justpregnant","https://www.google.com/"
"","justpregnantgfs","https://www.google.com/"
"","justpuresex","https://www.google.com/"
"","justreal","https://www.google.com/"
"","justrideme","https://www.google.com/"
"","justrightheight","https://www.google.com/"
"","justsasha","https://www.google.com/"
"","justscat","https://www.google.com/"
"","justschoolgirls","https://www.google.com/"
"","justsexcams","https://www.google.com/"
"","justsexclips","https://www.google.com/"
"","justsex","https://www.google.com/"
"","justsexpictures","https://www.google.com/"
"","justsextube","https://www.google.com/"
"","justsexvideo","https://www.google.com/"
"","justsexxx","https://www.google.com/"
"","justsexydresses","https://www.google.com/"
"","justsexygirls","https://www.google.com/"
"","justsexy","https://www.google.com/"
"","justsexythings","https://www.google.com/"
"","justshemalepics","https://www.google.com/"
"","justshemalesex","https://www.google.com/"
"","justsherlynchopra","https://www.google.com/"
"","justslut","https://www.google.com/"
"","justsobootyful","https://www.google.com/"
"","just-some-pornos","https://www.google.com/"
"","juststockingpictures","https://www.google.com/"
"","juststriptease","https://www.google.com/"
"","justswallows","https://www.google.com/"
"","justsweetgirls","https://www.google.com/"
"","justteaseme","https://www.google.com/"
"","justteenart","https://www.google.com/"
"","justteenbabes","https://www.google.com/"
"","justteennudes","https://www.google.com/"
"","justteenphotos","https://www.google.com/"
"","justteens","https://www.google.com/"
"","justteensex","https://www.google.com/"
"","justteensite","https://www.google.com/"
"","justteensporn","https://www.google.com/"
"","justteenz","https://www.google.com/"
"","just-the-best","https://www.google.com/"
"","justthemannextdoor","https://www.google.com/"
"","justtherightphonegirl","https://www.google.com/"
"","justtoons","https://www.google.com/"
"","justtoplinks","https://www.google.com/"
"","justtranny","https://www.google.com/"
"","justtube","https://www.google.com/"
