"﻿""id""","read","recommended"
"","bound-feet","https://www.google.com/"
"","boundfeet","https://www.google.com/"
"","boundfortrouble","https://www.google.com/"
"","boundforum","https://www.google.com/"
"","boundgangbangs","https://www.google.com/"
"","bound-gangs","https://www.google.com/"
"","bound-girls","https://www.google.com/"
"","boundgods","https://www.google.com/"
"","boundguys","https://www.google.com/"
"","boundheat","https://www.google.com/"
"","boundhoneys","https://www.google.com/"
"","boundhotties","https://www.google.com/"
"","boundhub","https://www.google.com/"
"","boundinpublic","https://www.google.com/"
"","bound-ivy","https://www.google.com/"
"","boundjock","https://www.google.com/"
"","boundjocks","https://www.google.com/"
"","boundlife","https://www.google.com/"
"","boundmilfs","https://www.google.com/"
"","boundmybitch","https://www.google.com/"
"","boundndetermined","https://www.google.com/"
"","bound-neighbor-girl","https://www.google.com/"
"","bound-obsession","https://www.google.com/"
"","boundplay","https://www.google.com/"
"","boundrape","https://www.google.com/"
"","boundredheads","https://www.google.com/"
"","boundslutpics","https://www.google.com/"
"","boundstories","https://www.google.com/"
"","boundstudio","https://www.google.com/"
"","boundstyle","https://www.google.com/"
"","bound-sweethearts","https://www.google.com/"
"","bound-ticklish-girl","https://www.google.com/"
"","boundtobechained","https://www.google.com/"
"","boundtofuck","https://www.google.com/"
"","boundtoloveit","https://www.google.com/"
"","boundtotease","https://www.google.com/"
"","boundtown","https://www.google.com/"
"","boundupboys","https://www.google.com/"
"","boundup","https://www.google.com/"
"","boundville","https://www.google.com/"
"","boundxdressers","https://www.google.com/"
"","bountifulbbw","https://www.google.com/"
"","bountifulbeauty","https://www.google.com/"
"","bountyhunterporn","https://www.google.com/"
"","bountyteens","https://www.google.com/"
"","bouquet-coquin","https://www.google.com/"
"","bourbonstreetaz","https://www.google.com/"
"","bourbontease","https://www.google.com/"
"","bourdela","https://www.google.com/"
"","bourgeoise","https://www.google.com/"
"","bourgeoisenue","https://www.google.com/"
"","bourgeoisesalope","https://www.google.com/"
"","bourgeoises-coquines","https://www.google.com/"
"","bourgeoise-sexe","https://www.google.com/"
"","bourgeoises","https://www.google.com/"
"","bourgeoises-sexy","https://www.google.com/"
"","bourgeoises-sodomie","https://www.google.com/"
"","bourgeoisex","https://www.google.com/"
"","bourgoinjallieu","https://www.google.com/"
"","bourreesaoule","https://www.google.com/"
"","boutaboo","https://www.google.com/"
"","boutfeu","https://www.google.com/"
"","bouticsexy","https://www.google.com/"
"","boutik7","https://www.google.com/"
"","boutikgay","https://www.google.com/"
"","boutique-bdsm","https://www.google.com/"
"","boutique-bijoux","https://www.google.com/"
"","boutique-bizarre","https://www.google.com/"
"","boutiquebondage","https://www.google.com/"
"","boutiqueboutique","https://www.google.com/"
"","boutique-chaussures","https://www.google.com/"
"","boutique-coquine","https://www.google.com/"
"","boutiquecoquine","https://www.google.com/"
"","boutique","https://www.google.com/"
"","boutique-de-charme","https://www.google.com/"
"","boutiquedelingeri","https://www.google.com/"
"","boutique-de-sexe","https://www.google.com/"
"","boutiqueduplaisir","https://www.google.com/"
"","boutiqueduq","https://www.google.com/"
"","boutique-du-sexe","https://www.google.com/"
"","boutiqueenligne","https://www.google.com/"
"","boutique-erotica","https://www.google.com/"
"","boutiqueerotique","https://www.google.com/"
"","boutique-escarpins","https://www.google.com/"
"","boutique-extreme","https://www.google.com/"
"","boutiqueg","https://www.google.com/"
"","boutique-highlights","https://www.google.com/"
"","boutique-homme","https://www.google.com/"
"","boutique-intime","https://www.google.com/"
"","boutiqueintime","https://www.google.com/"
"","boutique-iris","https://www.google.com/"
"","boutique-libertine","https://www.google.com/"
"","boutiquelibertine","https://www.google.com/"
"","boutiquelingerie","https://www.google.com/"
"","boutique-lingerie-coquine","https://www.google.com/"
"","boutiquelingeriefine","https://www.google.com/"
"","boutique-lingerie-sexy","https://www.google.com/"
"","boutiquelingeriesexy","https://www.google.com/"
"","boutique-naturelle","https://www.google.com/"
"","boutiquepatricecatanzaro","https://www.google.com/"
