"﻿""id""","read","recommended"
"","costumerhelp","https://www.google.com/"
"","costumesbyscavenge","https://www.google.com/"
"","costumes-sexy","https://www.google.com/"
"","costumesupercenter","https://www.google.com/"
"","cosxplay","https://www.google.com/"
"","cosyparty","https://www.google.com/"
"","cosysexpage","https://www.google.com/"
"","cosysquare","https://www.google.com/"
"","cotac","https://www.google.com/"
"","cotesex","https://www.google.com/"
"","cots","https://www.google.com/"
"","cottelli","https://www.google.com/"
"","cottonbottomclub","https://www.google.com/"
"","cottoncandixxx","https://www.google.com/"
"","cottoncoeds","https://www.google.com/"
"","cotton-panties","https://www.google.com/"
"","cotton-panty","https://www.google.com/"
"","cottonpanty","https://www.google.com/"
"","cotys","https://www.google.com/"
"","coucheculotte","https://www.google.com/"
"","couchingclub","https://www.google.com/"
"","couchtv","https://www.google.com/"
"","coucou","https://www.google.com/"
"","coucoutoi","https://www.google.com/"
"","coudefoudre","https://www.google.com/"
"","cougar40","https://www.google.com/"
"","cougar4u","https://www.google.com/"
"","cougarautelephone","https://www.google.com/"
"","cougarcandids","https://www.google.com/"
"","cougar","https://www.google.com/"
"","cougarcoquine","https://www.google.com/"
"","cougarencontre","https://www.google.com/"
"","cougar-express","https://www.google.com/"
"","cougarforever","https://www.google.com/"
"","cougarfuck","https://www.google.com/"
"","cougargalleries","https://www.google.com/"
"","cougargay","https://www.google.com/"
"","cougarillo","https://www.google.com/"
"","cougarkingdom","https://www.google.com/"
"","cougarleslie","https://www.google.com/"
"","cougarlife","https://www.google.com/"
"","cougarmessenger","https://www.google.com/"
"","cougarmilf","https://www.google.com/"
"","cougarmilfpics","https://www.google.com/"
"","cougarmilfs","https://www.google.com/"
"","cougarphonesex","https://www.google.com/"
"","cougarplancul","https://www.google.com/"
"","cougarpornclips","https://www.google.com/"
"","cougar-porn","https://www.google.com/"
"","cougar-porno","https://www.google.com/"
"","cougarpussypics","https://www.google.com/"
"","cougarrecruits","https://www.google.com/"
"","cougar-rencontre","https://www.google.com/"
"","cougarsandcream","https://www.google.com/"
"","cougarsarea","https://www.google.com/"
"","cougars-avenue","https://www.google.com/"
"","cougars","https://www.google.com/"
"","cougarscravekittens","https://www.google.com/"
"","cougarseason","https://www.google.com/"
"","cougarsexclub","https://www.google.com/"
"","cougar-sexe","https://www.google.com/"
"","cougar-sexy","https://www.google.com/"
"","cougarsfaciles","https://www.google.com/"
"","cougars-infideles","https://www.google.com/"
"","cougarsneedsex","https://www.google.com/"
"","cougarsplay","https://www.google.com/"
"","cougars-sexy","https://www.google.com/"
"","cougarstakeitdeep","https://www.google.com/"
"","cougarsxrencontres","https://www.google.com/"
"","cougar-tel-rose","https://www.google.com/"
"","cougartop","https://www.google.com/"
"","cougarwomenporno","https://www.google.com/"
"","cougarwomen","https://www.google.com/"
"","cougarxtube","https://www.google.com/"
"","cougarxvideos","https://www.google.com/"
"","cougarz","https://www.google.com/"
"","couille","https://www.google.com/"
"","couk","https://www.google.com/"
"","couldbeus","https://www.google.com/"
"","councildomina","https://www.google.com/"
"","councilestateporn","https://www.google.com/"
"","councilestatesluts","https://www.google.com/"
"","countduhmoney","https://www.google.com/"
"","counter","https://www.google.com/"
"","countessascloset","https://www.google.com/"
"","countrychicks","https://www.google.com/"
"","country-club-luetzow","https://www.google.com/"
"","countrycocktails","https://www.google.com/"
"","countrycuties","https://www.google.com/"
"","country-girls","https://www.google.com/"
"","countrymap","https://www.google.com/"
"","countrymaps","https://www.google.com/"
"","countryrape","https://www.google.com/"
"","countrywesternmusic","https://www.google.com/"
"","countsmutula","https://www.google.com/"
"","countyourselfin","https://www.google.com/"
"","coup2bite","https://www.google.com/"
"","coupdefoudrelingerie","https://www.google.com/"
"","coupe-club","https://www.google.com/"
"","coupe","https://www.google.com/"
