"﻿""id""","read","recommended"
"","conviviocm","https://www.google.com/"
"","conviviox","https://www.google.com/"
"","convoitisellc","https://www.google.com/"
"","convoitise","https://www.google.com/"
"","convulsion","https://www.google.com/"
"","convy","https://www.google.com/"
"","conxtion","https://www.google.com/"
"","conxxx","https://www.google.com/"
"","conyc","https://www.google.com/"
"","conysgirls","https://www.google.com/"
"","conzeptescort","https://www.google.com/"
"","coobid","https://www.google.com/"
"","cooby","https://www.google.com/"
"","coochcams","https://www.google.com/"
"","cooch","https://www.google.com/"
"","coochietube","https://www.google.com/"
"","coochporn","https://www.google.com/"
"","coogirls","https://www.google.com/"
"","cookiekwan","https://www.google.com/"
"","cookiesnmilf","https://www.google.com/"
"","cookiesnmilk","https://www.google.com/"
"","cookietube","https://www.google.com/"
"","cookinglive","https://www.google.com/"
"","cookingwithporn","https://www.google.com/"
"","cool168","https://www.google.com/"
"","cool18","https://www.google.com/"
"","cool3dwallpaper","https://www.google.com/"
"","cool4guys","https://www.google.com/"
"","cool4u","https://www.google.com/"
"","cool4","https://www.google.com/"
"","cooladultlinks","https://www.google.com/"
"","cool","https://www.google.com/"
"","coolamateursite","https://www.google.com/"
"","coolanime-sex","https://www.google.com/"
"","coolasianporn","https://www.google.com/"
"","coolasianpussy","https://www.google.com/"
"","coolbbwporn","https://www.google.com/"
"","coolbbwtube","https://www.google.com/"
"","coolbdsm","https://www.google.com/"
"","coolbegin","https://www.google.com/"
"","coolbitches","https://www.google.com/"
"","coolblondejokes","https://www.google.com/"
"","coolboob","https://www.google.com/"
"","coolbuddy","https://www.google.com/"
"","coolcams","https://www.google.com/"
"","coolcards","https://www.google.com/"
"","coolcasinocontests","https://www.google.com/"
"","coolcasinos","https://www.google.com/"
"","cool-cat","https://www.google.com/"
"","coolcelebs","https://www.google.com/"
"","coolchat","https://www.google.com/"
"","coolchatfriends","https://www.google.com/"
"","coolcity","https://www.google.com/"
"","cool-clip","https://www.google.com/"
"","coolcrew","https://www.google.com/"
"","cooldevices","https://www.google.com/"
"","coole-app","https://www.google.com/"
"","coolepagina","https://www.google.com/"
"","coolerotic","https://www.google.com/"
"","coolescorte","https://www.google.com/"
"","coolestmag","https://www.google.com/"
"","coolestpornreviews","https://www.google.com/"
"","cool-extreme","https://www.google.com/"
"","coolfatgirls","https://www.google.com/"
"","coolfatty","https://www.google.com/"
"","coolfetishsite","https://www.google.com/"
"","coolforum","https://www.google.com/"
"","coolfreehost","https://www.google.com/"
"","cool-free-pics","https://www.google.com/"
"","cool-free-porn","https://www.google.com/"
"","coolfucking","https://www.google.com/"
"","coolfuck","https://www.google.com/"
"","coolfunnies","https://www.google.com/"
"","coolfunnyjokes","https://www.google.com/"
"","coolfx","https://www.google.com/"
"","coolgalaxy","https://www.google.com/"
"","coolgayhub","https://www.google.com/"
"","coolgaymovies","https://www.google.com/"
"","coolgaysites","https://www.google.com/"
"","coolgaytube","https://www.google.com/"
"","cool-genie","https://www.google.com/"
"","coolgirl","https://www.google.com/"
"","coolgirls","https://www.google.com/"
"","coolgrandmasex","https://www.google.com/"
"","cool-group","https://www.google.com/"
"","coolhairypics","https://www.google.com/"
"","coolhardcore","https://www.google.com/"
"","coolhentaisex","https://www.google.com/"
"","coolincest","https://www.google.com/"
"","coolinc","https://www.google.com/"
"","coolindianporn","https://www.google.com/"
"","coolinfo","https://www.google.com/"
"","coolinho","https://www.google.com/"
"","coolinx","https://www.google.com/"
"","cooliobabes","https://www.google.com/"
"","coolios","https://www.google.com/"
"","coolix","https://www.google.com/"
"","cooljizz","https://www.google.com/"
"","cooljpg","https://www.google.com/"
"","cool-legs","https://www.google.com/"
