"﻿""id""","read","recommended"
"","dutchtouch","https://www.google.com/"
"","dutchvoyeur","https://www.google.com/"
"","dutchwebcambabes","https://www.google.com/"
"","dutchwomen","https://www.google.com/"
"","dutch-xxx","https://www.google.com/"
"","dutchzoo","https://www.google.com/"
"","dutersex","https://www.google.com/"
"","dut","https://www.google.com/"
"","dutrashdusexe","https://www.google.com/"
"","dutyhshop","https://www.google.com/"
"","dutytube","https://www.google.com/"
"","duuh","https://www.google.com/"
"","duvelly","https://www.google.com/"
"","duvessa","https://www.google.com/"
"","duvx","https://www.google.com/"
"","duwutz","https://www.google.com/"
"","dux","https://www.google.com/"
"","duxporn","https://www.google.com/"
"","d-v8","https://www.google.com/"
"","dvangels","https://www.google.com/"
"","dvbabes","https://www.google.com/"
"","dvd4rent","https://www.google.com/"
"","dvd520","https://www.google.com/"
"","dvd-adulte","https://www.google.com/"
"","dvdadultshop","https://www.google.com/"
"","dvd-adult","https://www.google.com/"
"","dvd-affaires","https://www.google.com/"
"","dvdaffaires","https://www.google.com/"
"","dvdaffaires-x","https://www.google.com/"
"","dvdalon","https://www.google.com/"
"","dvdanimalsex","https://www.google.com/"
"","dvdasian","https://www.google.com/"
"","dvdbanks","https://www.google.com/"
"","dvdbox","https://www.google.com/"
"","dvdboy","https://www.google.com/"
"","dvdboys","https://www.google.com/"
"","dvdbuymail","https://www.google.com/"
"","dvdcash","https://www.google.com/"
"","dvdclimax","https://www.google.com/"
"","dvdclimaxvod","https://www.google.com/"
"","dvd-colony","https://www.google.com/"
"","dvdcunt","https://www.google.com/"
"","dvddevil","https://www.google.com/"
"","dvddownload","https://www.google.com/"
"","dvd-dv","https://www.google.com/"
"","dvdempire","https://www.google.com/"
"","dvderofilms","https://www.google.com/"
"","dvderotico","https://www.google.com/"
"","dvd-erotik","https://www.google.com/"
"","dvderotik","https://www.google.com/"
"","dvd-erotique","https://www.google.com/"
"","dvd-explorer","https://www.google.com/"
"","dvdexplorer","https://www.google.com/"
"","dvdfilmporno","https://www.google.com/"
"","dvdfin","https://www.google.com/"
"","dvdgay","https://www.google.com/"
"","dvdgayonline","https://www.google.com/"
"","dvdgayporn","https://www.google.com/"
"","dvd-gayshop","https://www.google.com/"
"","dvdgayshop","https://www.google.com/"
"","dvdgayuk","https://www.google.com/"
"","dvdgoo","https://www.google.com/"
"","dvd-harem","https://www.google.com/"
"","dvdhentai","https://www.google.com/"
"","dvdhoelle","https://www.google.com/"
"","dvd-hot","https://www.google.com/"
"","dvdhot","https://www.google.com/"
"","dvd-janjan","https://www.google.com/"
"","dvdlesbian","https://www.google.com/"
"","dvdlib","https://www.google.com/"
"","dvdl","https://www.google.com/"
"","dvd-love","https://www.google.com/"
"","dvdluxe","https://www.google.com/"
"","dvdmarkt","https://www.google.com/"
"","dvdmistress","https://www.google.com/"
"","dvdmoinscher","https://www.google.com/"
"","dvdmovies","https://www.google.com/"
"","dvdmoviesearch","https://www.google.com/"
"","dvdmozi","https://www.google.com/"
"","dvdoralsex","https://www.google.com/"
"","dvdpayperview","https://www.google.com/"
"","dvdpaysite","https://www.google.com/"
"","dvdpeak","https://www.google.com/"
"","dvdpimp","https://www.google.com/"
"","dvdpleasure","https://www.google.com/"
"","dvdporn","https://www.google.com/"
"","dvdporngay","https://www.google.com/"
"","dvdpornondemand","https://www.google.com/"
"","dvd-porno-shop","https://www.google.com/"
"","dvd-pornostar","https://www.google.com/"
"","dvdpornostar","https://www.google.com/"
"","dvdpornotube","https://www.google.com/"
"","dvdpornreviews","https://www.google.com/"
"","dvd-rank","https://www.google.com/"
"","dvdresurrections","https://www.google.com/"
"","dvdrig","https://www.google.com/"
"","dvdsamples","https://www.google.com/"
"","dvdsbondage","https://www.google.com/"
"","dvdsex","https://www.google.com/"
"","dvd-sexfilm","https://www.google.com/"
