"﻿""id""","read","recommended"
"","giantbigboobs","https://www.google.com/"
"","giantbigtits","https://www.google.com/"
"","giantblackhooters","https://www.google.com/"
"","giantboob","https://www.google.com/"
"","giantboobs","https://www.google.com/"
"","giantcheesetaco","https://www.google.com/"
"","giantcock","https://www.google.com/"
"","giantcocks","https://www.google.com/"
"","giantdicks","https://www.google.com/"
"","giant-dildo","https://www.google.com/"
"","giantdildosex","https://www.google.com/"
"","giantdong","https://www.google.com/"
"","giantessandcrush","https://www.google.com/"
"","giantessbooru","https://www.google.com/"
"","giantessclaudia","https://www.google.com/"
"","giantessdirectory","https://www.google.com/"
"","giantess-erodreams2","https://www.google.com/"
"","giantessgirls","https://www.google.com/"
"","giantessisland","https://www.google.com/"
"","giantesskatelyn","https://www.google.com/"
"","giantess","https://www.google.com/"
"","giantesszone","https://www.google.com/"
"","giantexplorer","https://www.google.com/"
"","giantfem","https://www.google.com/"
"","giantfling","https://www.google.com/"
"","giantgaycocks","https://www.google.com/"
"","giantgaytube","https://www.google.com/"
"","giantjugs","https://www.google.com/"
"","giantmonsters3d","https://www.google.com/"
"","giantorgy","https://www.google.com/"
"","giantporntube","https://www.google.com/"
"","giantpussy","https://www.google.com/"
"","giantsblackmeatwhitetreat","https://www.google.com/"
"","giantsex","https://www.google.com/"
"","giantsextube","https://www.google.com/"
"","giantshemalecocks","https://www.google.com/"
"","gianttgp","https://www.google.com/"
"","gianttits4u","https://www.google.com/"
"","gianttits","https://www.google.com/"
"","giant-tits","https://www.google.com/"
"","giant-tits-online","https://www.google.com/"
"","giant-tits-photos","https://www.google.com/"
"","gianttitspics","https://www.google.com/"
"","giant-tits-pictures","https://www.google.com/"
"","gianttube","https://www.google.com/"
"","giantxxxtube","https://www.google.com/"
"","giantxxx","https://www.google.com/"
"","giantz","https://www.google.com/"
"","giapaloma","https://www.google.com/"
"","giaspics","https://www.google.com/"
"","gibey","https://www.google.com/"
"","giddyteens","https://www.google.com/"
"","gideonscorral","https://www.google.com/"
"","gielbabes","https://www.google.com/"
"","gielow","https://www.google.com/"
"","gierigestuten","https://www.google.com/"
"","gif4all","https://www.google.com/"
"","gifbang","https://www.google.com/"
"","gifboom","https://www.google.com/"
"","gifbug","https://www.google.com/"
"","gifdeliverynetwork","https://www.google.com/"
"","gifeye","https://www.google.com/"
"","giffer","https://www.google.com/"
"","giffies","https://www.google.com/"
"","gifgoo","https://www.google.com/"
"","gifhq","https://www.google.com/"
"","gifmeat","https://www.google.com/"
"","gifplaatjes","https://www.google.com/"
"","gif-porn","https://www.google.com/"
"","gifporno","https://www.google.com/"
"","gifporntube","https://www.google.com/"
"","gifsauce","https://www.google.com/"
"","gifscollection","https://www.google.com/"
"","gifs","https://www.google.com/"
"","gifsdesexo","https://www.google.com/"
"","gifsdoporno","https://www.google.com/"
"","gifseroticos","https://www.google.com/"
"","gifsfor","https://www.google.com/"
"","gifshub","https://www.google.com/"
"","gifsources","https://www.google.com/"
"","gifs-porno","https://www.google.com/"
"","gifssex","https://www.google.com/"
"","gifsworld-top99","https://www.google.com/"
"","gifsy","https://www.google.com/"
"","giftedmoments","https://www.google.com/"
"","giftedthings","https://www.google.com/"
"","giftmarket","https://www.google.com/"
"","giftnextday","https://www.google.com/"
"","giftscatalog","https://www.google.com/"
"","giftsexy","https://www.google.com/"
"","giftube","https://www.google.com/"
"","giga6","https://www.google.com/"
"","gigabitadult","https://www.google.com/"
"","gigaboobs","https://www.google.com/"
"","gigaboys","https://www.google.com/"
"","gigacams","https://www.google.com/"
"","gigacul","https://www.google.com/"
"","giga-dns","https://www.google.com/"
"","giga-dvd","https://www.google.com/"
"","gigagalerias","https://www.google.com/"
