"﻿""id""","read","recommended"
"","adultcamplanet","https://www.google.com/"
"","adultcamroom","https://www.google.com/"
"","adultcams","https://www.google.com/"
"","adultcamscript","https://www.google.com/"
"","adultcamsex","https://www.google.com/"
"","adultcamsexposed","https://www.google.com/"
"","adultcamsexxx","https://www.google.com/"
"","adultcamsforsex","https://www.google.com/"
"","adultcamsfree","https://www.google.com/"
"","adult-cams","https://www.google.com/"
"","adultcamsites","https://www.google.com/"
"","adultcamslist","https://www.google.com/"
"","adultcamsreviewed","https://www.google.com/"
"","adultcamsuk","https://www.google.com/"
"","adultcamsworld","https://www.google.com/"
"","adultcamtube","https://www.google.com/"
"","adultcamzlive","https://www.google.com/"
"","adultcamzone","https://www.google.com/"
"","adult-can","https://www.google.com/"
"","adultcandystore","https://www.google.com/"
"","adultcapital","https://www.google.com/"
"","adultcaps","https://www.google.com/"
"","adultcardprocessing","https://www.google.com/"
"","adultcargo","https://www.google.com/"
"","adultcarolina","https://www.google.com/"
"","adultcartel","https://www.google.com/"
"","adultcartoon","https://www.google.com/"
"","adult-cartoon-land","https://www.google.com/"
"","adultcartoonlinks","https://www.google.com/"
"","adult-cartoon-porn","https://www.google.com/"
"","adultcartoons4u","https://www.google.com/"
"","adultcartoons","https://www.google.com/"
"","adultcartoonsex","https://www.google.com/"
"","adult-cartoons","https://www.google.com/"
"","adultcartoonsuk","https://www.google.com/"
"","adultcartoontgp","https://www.google.com/"
"","adultcase","https://www.google.com/"
"","adultcash","https://www.google.com/"
"","adultcashblog","https://www.google.com/"
"","adultcashregister","https://www.google.com/"
"","adultcasinos","https://www.google.com/"
"","adultcasting","https://www.google.com/"
"","adultcastingcenter","https://www.google.com/"
"","adult-casting","https://www.google.com/"
"","adultcatalog","https://www.google.com/"
"","adultcategories","https://www.google.com/"
"","adultcatfinder","https://www.google.com/"
"","adultcds","https://www.google.com/"
"","adultcenter","https://www.google.com/"
"","adultcentro","https://www.google.com/"
"","adultchain","https://www.google.com/"
"","adultchamber","https://www.google.com/"
"","adultchannel24","https://www.google.com/"
"","adultchannelguide","https://www.google.com/"
"","adult-channels","https://www.google.com/"
"","adultcharts","https://www.google.com/"
"","adultchat2100","https://www.google.com/"
"","adultchatadultchat","https://www.google.com/"
"","adultchatboard","https://www.google.com/"
"","adultchatcams","https://www.google.com/"
"","adult-chat-city","https://www.google.com/"
"","adultchat","https://www.google.com/"
"","adult-chat","https://www.google.com/"
"","adultchatdirectory","https://www.google.com/"
"","adultchatguide","https://www.google.com/"
"","adultchatline","https://www.google.com/"
"","adult-chat-lines","https://www.google.com/"
"","adult-chatlines","https://www.google.com/"
"","adultchatnetworks","https://www.google.com/"
"","adultchatonly","https://www.google.com/"
"","adultchatpad","https://www.google.com/"
"","adult-chat-phone-sex","https://www.google.com/"
"","adult-chatroom-network","https://www.google.com/"
"","adultchatrooms","https://www.google.com/"
"","adult-chat-rooms","https://www.google.com/"
"","adult-chatrooms","https://www.google.com/"
"","adultchatsearch","https://www.google.com/"
"","adultchatsexchat","https://www.google.com/"
"","adultchatter","https://www.google.com/"
"","adultchatters","https://www.google.com/"
"","adult-chat-world","https://www.google.com/"
"","adult-chat-zone","https://www.google.com/"
"","adult-check","https://www.google.com/"
"","adultcheck","https://www.google.com/"
"","adult-chicago","https://www.google.com/"
"","adultchickz","https://www.google.com/"
"","adultch","https://www.google.com/"
"","adultchoice","https://www.google.com/"
"","adult-chum","https://www.google.com/"
"","adultcinema","https://www.google.com/"
"","adultcity","https://www.google.com/"
"","adult-classified","https://www.google.com/"
"","adultclassified","https://www.google.com/"
"","adult-classifieds","https://www.google.com/"
"","adult-click","https://www.google.com/"
"","adultclick","https://www.google.com/"
"","adultclicks","https://www.google.com/"
"","adultcliks","https://www.google.com/"
"","adult-clip","https://www.google.com/"
"","adult-clips","https://www.google.com/"
