"﻿""id""","read","recommended"
"","forafters","https://www.google.com/"
"","forallicare","https://www.google.com/"
"","forall","https://www.google.com/"
"","fora","https://www.google.com/"
"","forbiddenaffairs","https://www.google.com/"
"","forbiddenasian","https://www.google.com/"
"","forbiddenbikinis","https://www.google.com/"
"","forbiddencityerotica","https://www.google.com/"
"","forbiddendesires","https://www.google.com/"
"","forbidden-dream","https://www.google.com/"
"","forbidden-dreams","https://www.google.com/"
"","forbiddeneast","https://www.google.com/"
"","forbidden-erotica","https://www.google.com/"
"","forbiddenerotica","https://www.google.com/"
"","forbiddenerotics","https://www.google.com/"
"","forbiddenfruit","https://www.google.com/"
"","forbiddenfruitsfilms","https://www.google.com/"
"","forbiddengalleries","https://www.google.com/"
"","forbiddengayporn","https://www.google.com/"
"","forbiddenhardcore","https://www.google.com/"
"","forbiddenincest","https://www.google.com/"
"","forbidden-love","https://www.google.com/"
"","forbiddenlove","https://www.google.com/"
"","forbiddenlovers","https://www.google.com/"
"","forbiddenmomsarchive","https://www.google.com/"
"","forbidden","https://www.google.com/"
"","forbiddennudistsarchive","https://www.google.com/"
"","forbiddenorgy","https://www.google.com/"
"","forbiddenpalace","https://www.google.com/"
"","forbiddenphone","https://www.google.com/"
"","forbiddenphonesex","https://www.google.com/"
"","forbiddenphotos","https://www.google.com/"
"","forbiddenpics","https://www.google.com/"
"","forbiddenplaygroundxxx","https://www.google.com/"
"","forbiddenporn","https://www.google.com/"
"","forbidden-porn","https://www.google.com/"
"","forbiddenpussy","https://www.google.com/"
"","forbiddensex","https://www.google.com/"
"","forbiddensexresources","https://www.google.com/"
"","forbiddensexuality","https://www.google.com/"
"","forbiddenshemales","https://www.google.com/"
"","forbiddenteensarchive","https://www.google.com/"
"","forbiddenteens","https://www.google.com/"
"","forbiddentokyo","https://www.google.com/"
"","forbiddenvideos","https://www.google.com/"
"","forbiddenvod","https://www.google.com/"
"","forbiddenxxxfantasy","https://www.google.com/"
"","forbiddenyoung","https://www.google.com/"
"","forbiddenzoo","https://www.google.com/"
"","forced2sex","https://www.google.com/"
"","forced6","https://www.google.com/"
"","forcedanalmovies","https://www.google.com/"
"","forcedanalviolation","https://www.google.com/"
"","forcedanime","https://www.google.com/"
"","forcedbdsm","https://www.google.com/"
"","forcedbihusbands","https://www.google.com/"
"","forcedcockmilking","https://www.google.com/"
"","forcedcrossdresserfantasies","https://www.google.com/"
"","forceddb","https://www.google.com/"
"","forcedfantasies","https://www.google.com/"
"","forced-femdom","https://www.google.com/"
"","forcedfemdom","https://www.google.com/"
"","forcedfemdomtgp","https://www.google.com/"
"","forcedfeminization","https://www.google.com/"
"","forcedfuckers","https://www.google.com/"
"","forcedfuck","https://www.google.com/"
"","forcedfucktube","https://www.google.com/"
"","forcedgaysex","https://www.google.com/"
"","forcedgaytube","https://www.google.com/"
"","forcedhubby","https://www.google.com/"
"","forcedincest","https://www.google.com/"
"","forcedlesbians","https://www.google.com/"
"","forcedlesbiantube","https://www.google.com/"
"","forced","https://www.google.com/"
"","forcedmaturemovies","https://www.google.com/"
"","forcedmencfnm","https://www.google.com/"
"","forcedmen","https://www.google.com/"
"","forcedorgasmdomination","https://www.google.com/"
"","forced-orgasms","https://www.google.com/"
"","forcedorgasms","https://www.google.com/"
"","forcedporn","https://www.google.com/"
"","forced-porn","https://www.google.com/"
"","forcedporntube","https://www.google.com/"
"","forced-rape","https://www.google.com/"
"","forcedrapesex","https://www.google.com/"
"","forcedrapevids","https://www.google.com/"
"","forcedsex","https://www.google.com/"
"","forcedsex-db","https://www.google.com/"
"","forcedsexfhgs","https://www.google.com/"
"","forcedsexpic","https://www.google.com/"
"","forcedsexpics","https://www.google.com/"
"","forcedsexpictures","https://www.google.com/"
"","forcedsexporn","https://www.google.com/"
"","forcedsexscenes","https://www.google.com/"
"","forcedsextube","https://www.google.com/"
"","forcedsexvideo","https://www.google.com/"
"","forcedsexvideosites","https://www.google.com/"
"","forcedsexworld","https://www.google.com/"
"","forcedsexx","https://www.google.com/"
"","forcedsexy","https://www.google.com/"
