"﻿""id""","read","recommended"
"","bedfellowgalleries","https://www.google.com/"
"","bedfellows","https://www.google.com/"
"","bedfordshireblonde","https://www.google.com/"
"","bedlesbian","https://www.google.com/"
"","bedpartner","https://www.google.com/"
"","bedriftsguiden","https://www.google.com/"
"","bedrijfsexcursie","https://www.google.com/"
"","bedrijfsexcursies","https://www.google.com/"
"","bedrijvensex","https://www.google.com/"
"","bedroom101","https://www.google.com/"
"","bedroomblackbelt","https://www.google.com/"
"","bedroombondage","https://www.google.com/"
"","bedroom","https://www.google.com/"
"","bedroomfreak","https://www.google.com/"
"","bedroomgear","https://www.google.com/"
"","bedroomgraphics","https://www.google.com/"
"","bedroomjoys","https://www.google.com/"
"","bedroomkandi","https://www.google.com/"
"","bedroomlove","https://www.google.com/"
"","bedroompleasures","https://www.google.com/"
"","bedroomporn","https://www.google.com/"
"","bedroomradio","https://www.google.com/"
"","bedroomshows","https://www.google.com/"
"","bedroomsports","https://www.google.com/"
"","bedroomvibe","https://www.google.com/"
"","bedroom-webcams","https://www.google.com/"
"","bedspycam","https://www.google.com/"
"","bedstegratisporno","https://www.google.com/"
"","bedtimebunnies","https://www.google.com/"
"","bedtimefantasyplaymates","https://www.google.com/"
"","bedtimeflirt","https://www.google.com/"
"","bedtimeheaven","https://www.google.com/"
"","bedtimestories","https://www.google.com/"
"","bedwatch","https://www.google.com/"
"","beeblog","https://www.google.com/"
"","beebz","https://www.google.com/"
"","beefandbananas","https://www.google.com/"
"","beefcakesbabes","https://www.google.com/"
"","beefpiebear","https://www.google.com/"
"","beeftaco","https://www.google.com/"
"","beefybabe","https://www.google.com/"
"","beefybeauties","https://www.google.com/"
"","beefybutts","https://www.google.com/"
"","beefychicks","https://www.google.com/"
"","beefy","https://www.google.com/"
"","beefyporn","https://www.google.com/"
"","beeg0","https://www.google.com/"
"","beeg2porn","https://www.google.com/"
"","beeg2","https://www.google.com/"
"","beegay","https://www.google.com/"
"","beeg","https://www.google.com/"
"","beegcom","https://www.google.com/"
"","beegfree","https://www.google.com/"
"","beeg-free","https://www.google.com/"
"","beegfreeporn","https://www.google.com/"
"","beeghq","https://www.google.com/"
"","beegifs","https://www.google.com/"
"","beeglike","https://www.google.com/"
"","beeg","https://www.google.com/"
"","beeg-movies","https://www.google.com/"
"","beegnow","https://www.google.com/"
"","beegporn2","https://www.google.com/"
"","beeg-porn","https://www.google.com/"
"","beegporn","https://www.google.com/"
"","beegs","https://www.google.com/"
"","beeg-sex","https://www.google.com/"
"","beegsex","https://www.google.com/"
"","beegsexxx","https://www.google.com/"
"","beegsexy","https://www.google.com/"
"","beegteenporn","https://www.google.com/"
"","beeg-teens","https://www.google.com/"
"","beegteensex","https://www.google.com/"
"","beegtub","https://www.google.com/"
"","beegtube","https://www.google.com/"
"","beegvideo","https://www.google.com/"
"","beeg-videos","https://www.google.com/"
"","beegvideoz","https://www.google.com/"
"","beegxvideo","https://www.google.com/"
"","beegxvideos","https://www.google.com/"
"","beehot","https://www.google.com/"
"","beeldig","https://www.google.com/"
"","beemp3","https://www.google.com/"
"","beemtube","https://www.google.com/"
"","beemtubeporn","https://www.google.com/"
"","beeplog","https://www.google.com/"
"","beepollens","https://www.google.com/"
"","beeporn","https://www.google.com/"
"","beepthroatmilf","https://www.google.com/"
"","beerandbollocks","https://www.google.com/"
"","beerandshots","https://www.google.com/"
"","beerbeast","https://www.google.com/"
"","beerect","https://www.google.com/"
"","beerfrog","https://www.google.com/"
"","beerlabels","https://www.google.com/"
"","beerporn","https://www.google.com/"
"","beerteens","https://www.google.com/"
"","beesanalporn","https://www.google.com/"
"","beesbrutaldildos","https://www.google.com/"
"","beesexe","https://www.google.com/"
"","beesmodelling","https://www.google.com/"
