"﻿""id""","read","recommended"
"","777pornotube","https://www.google.com/"
"","777sexcam-live","https://www.google.com/"
"","777sexcams","https://www.google.com/"
"","777shows","https://www.google.com/"
"","777telefoncam","https://www.google.com/"
"","777telefonsex","https://www.google.com/"
"","777webcamsex","https://www.google.com/"
"","777wins","https://www.google.com/"
"","777xporn","https://www.google.com/"
"","777-xxx","https://www.google.com/"
"","777xxx","https://www.google.com/"
"","77gf","https://www.google.com/"
"","77grannys","https://www.google.com/"
"","77miles","https://www.google.com/"
"","77-sex","https://www.google.com/"
"","789mb","https://www.google.com/"
"","7ass","https://www.google.com/"
"","7avenue","https://www.google.com/"
"","7babe","https://www.google.com/"
"","7ball","https://www.google.com/"
"","7bbw","https://www.google.com/"
"","7bx","https://www.google.com/"
"","7by7","https://www.google.com/"
"","7cam","https://www.google.com/"
"","7chan","https://www.google.com/"
"","7ch","https://www.google.com/"
"","7comics","https://www.google.com/"
"","7dating","https://www.google.com/"
"","7dicks","https://www.google.com/"
"","7dog","https://www.google.com/"
"","7dogtube","https://www.google.com/"
"","7e7en","https://www.google.com/"
"","7ef","https://www.google.com/"
"","7eme-ciel","https://www.google.com/"
"","7emeciel","https://www.google.com/"
"","7feel","https://www.google.com/"
"","7floor","https://www.google.com/"
"","7go7","https://www.google.com/"
"","7go","https://www.google.com/"
"","7heaven","https://www.google.com/"
"","7his","https://www.google.com/"
"","7humor","https://www.google.com/"
"","7i24","https://www.google.com/"
"","7icon","https://www.google.com/"
"","7iemeciel","https://www.google.com/"
"","7ix","https://www.google.com/"
"","7jf","https://www.google.com/"
"","7labios","https://www.google.com/"
"","7livesexposed","https://www.google.com/"
"","7mmtv","https://www.google.com/"
"","7movs","https://www.google.com/"
"","7onlinecasino","https://www.google.com/"
"","7ouporn","https://www.google.com/"
"","7p8","https://www.google.com/"
"","7pcam","https://www.google.com/"
"","7p","https://www.google.com/"
"","7peches","https://www.google.com/"
"","7porno","https://www.google.com/"
"","7porntube","https://www.google.com/"
"","7reinastrans","https://www.google.com/"
"","7rm","https://www.google.com/"
"","7ro","https://www.google.com/"
"","7ru","https://www.google.com/"
"","7seri","https://www.google.com/"
"","7sexday","https://www.google.com/"
"","7sexe","https://www.google.com/"
"","7sex","https://www.google.com/"
"","7sexy","https://www.google.com/"
"","7sj","https://www.google.com/"
"","7suc","https://www.google.com/"
"","7teenporn","https://www.google.com/"
"","7teens","https://www.google.com/"
"","7thfloor","https://www.google.com/"
"","7thweb","https://www.google.com/"
"","7urgent","https://www.google.com/"
"","7us","https://www.google.com/"
"","7videos","https://www.google.com/"
"","7vintagetube","https://www.google.com/"
"","7virgin","https://www.google.com/"
"","7wyt","https://www.google.com/"
"","7x24carolinas","https://www.google.com/"
"","7x3","https://www.google.com/"
"","7xxxtube","https://www.google.com/"
"","800900phonesex","https://www.google.com/"
"","800900phonesexnumbers","https://www.google.com/"
"","800amateurphonesex","https://www.google.com/"
"","800asianphonesex","https://www.google.com/"
"","800gayphonesex","https://www.google.com/"
"","800jackoff","https://www.google.com/"
"","800phonesexlines","https://www.google.com/"
"","800phonesexnumbers","https://www.google.com/"
"","800phonesexsearch","https://www.google.com/"
"","800trannyphonesex","https://www.google.com/"
"","800virgins","https://www.google.com/"
"","800wetdick","https://www.google.com/"
"","803telefonoerotico","https://www.google.com/"
"","808sex","https://www.google.com/"
"","80code","https://www.google.com/"
"","80gays","https://www.google.com/"
"","80girl","https://www.google.com/"
