"﻿""id""","read","recommended"
"","club-charleychase","https://www.google.com/"
"","clubcharlie","https://www.google.com/"
"","clubcharlielaine","https://www.google.com/"
"","club-charmanestar","https://www.google.com/"
"","clubchastity","https://www.google.com/"
"","club-chastitylynn","https://www.google.com/"
"","clubchayseevans","https://www.google.com/"
"","clubcherries","https://www.google.com/"
"","clubcherrypoppens","https://www.google.com/"
"","clubchloedior","https://www.google.com/"
"","clubchloemorgan","https://www.google.com/"
"","clubchristinaaguchi","https://www.google.com/"
"","clubchristinealexis","https://www.google.com/"
"","club-christymack","https://www.google.com/"
"","clubcindycupcakes","https://www.google.com/"
"","clubcindystarfall","https://www.google.com/"
"","clubclairedames","https://www.google.com/"
"","clubclassique","https://www.google.com/"
"","clubclaudiabella","https://www.google.com/"
"","clubclaudiarossi","https://www.google.com/"
"","club-claudiavalentine","https://www.google.com/"
"","clubclayra","https://www.google.com/"
"","club-cleopatra","https://www.google.com/"
"","clubcocks","https://www.google.com/"
"","clubcocovelvet","https://www.google.com/"
"","club-codylane","https://www.google.com/"
"","clubcondoms","https://www.google.com/"
"","clubconniecarter","https://www.google.com/"
"","clubcooee","https://www.google.com/"
"","club-coquin","https://www.google.com/"
"","clubcoquin","https://www.google.com/"
"","clubcouplz","https://www.google.com/"
"","club-courtneycummz","https://www.google.com/"
"","clubcourtneyfoxxx","https://www.google.com/"
"","clubcravingcarmen","https://www.google.com/"
"","clubcrissy","https://www.google.com/"
"","club-crissymoon","https://www.google.com/"
"","clubcristamoore","https://www.google.com/"
"","clubcrossdresser","https://www.google.com/"
"","clubcuba","https://www.google.com/"
"","club-cupidon","https://www.google.com/"
"","clubdahliadenyle","https://www.google.com/"
"","clubdaiseylee","https://www.google.com/"
"","clubdaisycruz","https://www.google.com/"
"","club-daisymarie","https://www.google.com/"
"","clubdakotablack","https://www.google.com/"
"","clubdamour","https://www.google.com/"
"","club-danavespoli","https://www.google.com/"
"","club-danicadillan","https://www.google.com/"
"","clubdanidaniels","https://www.google.com/"
"","clubdaniela","https://www.google.com/"
"","clubdanielle","https://www.google.com/"
"","clubdanijensen","https://www.google.com/"
"","clubdaynavendetta","https://www.google.com/"
"","clubdb","https://www.google.com/"
"","clubd-d","https://www.google.com/"
"","clubdean","https://www.google.com/"
"","clubdeliladarling","https://www.google.com/"
"","clubdelporno","https://www.google.com/"
"","clubdelvicio","https://www.google.com/"
"","clubdemidelia","https://www.google.com/"
"","clubderencontres","https://www.google.com/"
"","clubdesade","https://www.google.com/"
"","clubdesechangistes","https://www.google.com/"
"","clubdessens","https://www.google.com/"
"","clubdestinystclaire","https://www.google.com/"
"","clubdestinysummers","https://www.google.com/"
"","clubdevonlee","https://www.google.com/"
"","clubdevonmichaels","https://www.google.com/"
"","clubdezoofilia","https://www.google.com/"
"","club-diamondfoxxx","https://www.google.com/"
"","clubdiamondjackson","https://www.google.com/"
"","clubdiamondkitty","https://www.google.com/"
"","clubdianaprince","https://www.google.com/"
"","clubdiapers","https://www.google.com/"
"","clubdicecasino","https://www.google.com/"
"","clubdiddylicious","https://www.google.com/"
"","clubdillionharper","https://www.google.com/"
"","club-dogu","https://www.google.com/"
"","club-dolcevita","https://www.google.com/"
"","clubdomcash","https://www.google.com/"
"","clubdom","https://www.google.com/"
"","clubdoudi","https://www.google.com/"
"","club-dream","https://www.google.com/"
"","clubdrieangel","https://www.google.com/"
"","clubdrunk","https://www.google.com/"
"","clubduporno","https://www.google.com/"
"","clubdutch","https://www.google.com/"
"","clubdx","https://www.google.com/"
"","clubdylanryder","https://www.google.com/"
"","clubechangiste","https://www.google.com/"
"","club-echangiste","https://www.google.com/"
"","clube","https://www.google.com/"
"","clubedapunheta","https://www.google.com/"
"","clubedaputariabr","https://www.google.com/"
"","clubedaputaria","https://www.google.com/"
"","clubedaseducao","https://www.google.com/"
"","clubedasninfetas","https://www.google.com/"
"","clubeden","https://www.google.com/"
"","clubedoporno","https://www.google.com/"
