"﻿""id""","read","recommended"
"","bestvintagetube","https://www.google.com/"
"","bestvirtualpornsites","https://www.google.com/"
"","bestvoyeurpictures","https://www.google.com/"
"","bestvoyeurporn","https://www.google.com/"
"","bestvoyeurporno","https://www.google.com/"
"","bestvoyeurvideos","https://www.google.com/"
"","bestwallpaper","https://www.google.com/"
"","best-wallpapers","https://www.google.com/"
"","bestwarezsites","https://www.google.com/"
"","bestwebcamporn","https://www.google.com/"
"","bestwebcamsex","https://www.google.com/"
"","bestwebcamsites","https://www.google.com/"
"","bestweblinks","https://www.google.com/"
"","bestwebporn","https://www.google.com/"
"","bestwebstore","https://www.google.com/"
"","bestweekever","https://www.google.com/"
"","bestwestbreast","https://www.google.com/"
"","best-wet-pussy","https://www.google.com/"
"","bestwetsluts","https://www.google.com/"
"","bestwifeporn","https://www.google.com/"
"","bestwomenonly","https://www.google.com/"
"","bestworldescorts","https://www.google.com/"
"","bestworldmovies","https://www.google.com/"
"","bestworld","https://www.google.com/"
"","bestxpornclips","https://www.google.com/"
"","bestxsites","https://www.google.com/"
"","bestxvideos","https://www.google.com/"
"","bestxvids","https://www.google.com/"
"","best-xxx","https://www.google.com/"
"","bestxxx","https://www.google.com/"
"","bestxxxfuck","https://www.google.com/"
"","bestxxxfucksite","https://www.google.com/"
"","bestxxxgay","https://www.google.com/"
"","bestxxxhardcore","https://www.google.com/"
"","bestxxxhot","https://www.google.com/"
"","bestxxxlinks","https://www.google.com/"
"","bestxxxlist","https://www.google.com/"
"","bestxxxmature","https://www.google.com/"
"","bestxxxmedia","https://www.google.com/"
"","bestxxxmilf","https://www.google.com/"
"","best-xxx-movies","https://www.google.com/"
"","bestxxxmovies","https://www.google.com/"
"","bestxxxnudes","https://www.google.com/"
"","bestxxxonthenet","https://www.google.com/"
"","bestxxxpayporn","https://www.google.com/"
"","bestxxxpics","https://www.google.com/"
"","bestxxxporno","https://www.google.com/"
"","bestxxxporn","https://www.google.com/"
"","bestxxxseries","https://www.google.com/"
"","bestxxxsites","https://www.google.com/"
"","bestxxxsmut","https://www.google.com/"
"","bestxxxstar","https://www.google.com/"
"","bestxxxtoons","https://www.google.com/"
"","bestxxxtube","https://www.google.com/"
"","bestxxxtubes","https://www.google.com/"
"","bestxxxvideo","https://www.google.com/"
"","bestxxxvids","https://www.google.com/"
"","bestyoungbabes","https://www.google.com/"
"","bestyoungporn","https://www.google.com/"
"","bestyoungpornsites","https://www.google.com/"
"","bestyoungsex","https://www.google.com/"
"","bestyoungtube","https://www.google.com/"
"","bestzooporn","https://www.google.com/"
"","bestzoosex","https://www.google.com/"
"","besuch24","https://www.google.com/"
"","besucherzahlen","https://www.google.com/"
"","besuconas","https://www.google.com/"
"","beszamolok","https://www.google.com/"
"","betaal-date","https://www.google.com/"
"","betaalde-sex","https://www.google.com/"
"","betaaldesex","https://www.google.com/"
"","betaalsite","https://www.google.com/"
"","betacash","https://www.google.com/"
"","betacash-tools","https://www.google.com/"
"","betafatsex","https://www.google.com/"
"","betamoms","https://www.google.com/"
"","betasex","https://www.google.com/"
"","bet","https://www.google.com/"
"","betawarez","https://www.google.com/"
"","betaxxxporn","https://www.google.com/"
"","betazeta","https://www.google.com/"
"","bete-de-sexe","https://www.google.com/"
"","beterbeeld","https://www.google.com/"
"","beterdansex","https://www.google.com/"
"","beteresex","https://www.google.com/"
"","betersex","https://www.google.com/"
"","betgambling","https://www.google.com/"
"","bethebitch","https://www.google.com/"
"","bethemask","https://www.google.com/"
"","bethtyler","https://www.google.com/"
"","betino","https://www.google.com/"
"","betkaschpitz","https://www.google.com/"
"","bet-me","https://www.google.com/"
"","betonlesbiansex","https://www.google.com/"
"","betonthenet","https://www.google.com/"
"","betrayedgf","https://www.google.com/"
"","betrouwbaredating","https://www.google.com/"
"","betseybosen","https://www.google.com/"
"","betswagger","https://www.google.com/"
"","better18","https://www.google.com/"
