"﻿""id""","read","recommended"
"","bestcute","https://www.google.com/"
"","bestcutesex","https://www.google.com/"
"","bestcybersexpornsites","https://www.google.com/"
"","bestdailymovies","https://www.google.com/"
"","bestdamnnudes","https://www.google.com/"
"","bestdamnpornblogs","https://www.google.com/"
"","bestdamnsexshop","https://www.google.com/"
"","bestdateshere22","https://www.google.com/"
"","best-dating-girls3","https://www.google.com/"
"","bestdatinghighway","https://www.google.com/"
"","bestdatingsite","https://www.google.com/"
"","bestdatingtop","https://www.google.com/"
"","bestdeals","https://www.google.com/"
"","bestdesisex","https://www.google.com/"
"","bestdoctorporn","https://www.google.com/"
"","bestdoctorsex","https://www.google.com/"
"","bestdoggingsite","https://www.google.com/"
"","bestdoggingsites","https://www.google.com/"
"","bestdollmaker","https://www.google.com/"
"","bestdpporn","https://www.google.com/"
"","bestdvdstore","https://www.google.com/"
"","bestdvdx","https://www.google.com/"
"","best-ebony-chicks","https://www.google.com/"
"","bestebonyclips","https://www.google.com/"
"","bestebonytube","https://www.google.com/"
"","bestebonyvideos","https://www.google.com/"
"","besteens","https://www.google.com/"
"","bes-teen-sex","https://www.google.com/"
"","bestelinks","https://www.google.com/"
"","bestel-pornodvd","https://www.google.com/"
"","bestelsexdvd","https://www.google.com/"
"","bestemop","https://www.google.com/"
"","bestemoticon","https://www.google.com/"
"","bestend","https://www.google.com/"
"","besten-pornobilder","https://www.google.com/"
"","bestenpornobilder","https://www.google.com/"
"","besten-sexbilder","https://www.google.com/"
"","best-ero","https://www.google.com/"
"","besteros","https://www.google.com/"
"","best--erotica","https://www.google.com/"
"","besteroticapics","https://www.google.com/"
"","besteroticpics","https://www.google.com/"
"","besteroticstories","https://www.google.com/"
"","best-erotic-teens","https://www.google.com/"
"","besteroticxxx","https://www.google.com/"
"","besterotikfinder","https://www.google.com/"
"","bester-teen-telefonsex","https://www.google.com/"
"","bester-telefonsex","https://www.google.com/"
"","bestescort4u","https://www.google.com/"
"","bestescort","https://www.google.com/"
"","best-escort","https://www.google.com/"
"","bestescortgirl","https://www.google.com/"
"","best-escorts","https://www.google.com/"
"","bestescortsinindia","https://www.google.com/"
"","bestescortsportugal","https://www.google.com/"
"","beste-sexgeschichten","https://www.google.com/"
"","bestesexlinks","https://www.google.com/"
"","bestesex","https://www.google.com/"
"","bestesexseite","https://www.google.com/"
"","besteurobabes","https://www.google.com/"
"","besteuropemodels","https://www.google.com/"
"","bestevanhetnet","https://www.google.com/"
"","besteverblowjob","https://www.google.com/"
"","bestexclusiveporn","https://www.google.com/"
"","bestexhib","https://www.google.com/"
"","bestexotic","https://www.google.com/"
"","bestextremporn","https://www.google.com/"
"","besteyecandy","https://www.google.com/"
"","bestfacefuck","https://www.google.com/"
"","bestfakeceleb","https://www.google.com/"
"","bestfap","https://www.google.com/"
"","bestfatclips","https://www.google.com/"
"","bestfatgirls","https://www.google.com/"
"","bestfatmovies","https://www.google.com/"
"","bestfatporn","https://www.google.com/"
"","bestfeeds","https://www.google.com/"
"","bestfeetboys","https://www.google.com/"
"","best-feet","https://www.google.com/"
"","bestfeet","https://www.google.com/"
"","bestfemdomblog","https://www.google.com/"
"","bestfemdomclips","https://www.google.com/"
"","bestfemdom","https://www.google.com/"
"","bestfemdommovies","https://www.google.com/"
"","bestfemdomporn","https://www.google.com/"
"","bestfemdomtgp","https://www.google.com/"
"","bestfemdomvideo","https://www.google.com/"
"","bestfetishamateurs","https://www.google.com/"
"","bestfetishclips","https://www.google.com/"
"","bestfetish","https://www.google.com/"
"","best-fetish-porn","https://www.google.com/"
"","bestfetishporn","https://www.google.com/"
"","bestfetishsite","https://www.google.com/"
"","bestfetite","https://www.google.com/"
"","bestfirstanal","https://www.google.com/"
"","bestfittingpanty","https://www.google.com/"
"","bestflashingsites","https://www.google.com/"
"","bestfootdomination","https://www.google.com/"
"","best-foot-fetish","https://www.google.com/"
"","bestfootjobs","https://www.google.com/"
"","bestforbabes","https://www.google.com/"
