"﻿""id""","read","recommended"
"","erosearcher","https://www.google.com/"
"","erosearch","https://www.google.com/"
"","erose","https://www.google.com/"
"","ero-seek","https://www.google.com/"
"","eroseeker","https://www.google.com/"
"","eroseit","https://www.google.com/"
"","eroseite","https://www.google.com/"
"","eroseitkontakte","https://www.google.com/"
"","eroservers","https://www.google.com/"
"","eros-escort","https://www.google.com/"
"","erosetcompagnie","https://www.google.com/"
"","erosets","https://www.google.com/"
"","eros-europe","https://www.google.com/"
"","erosex","https://www.google.com/"
"","erosexe","https://www.google.com/"
"","ero-sex","https://www.google.com/"
"","erosexo","https://www.google.com/"
"","erosexotica","https://www.google.com/"
"","erosexoticahd","https://www.google.com/"
"","erosexporn","https://www.google.com/"
"","eros-expo","https://www.google.com/"
"","erosexshop","https://www.google.com/"
"","erosextoys","https://www.google.com/"
"","erosextube","https://www.google.com/"
"","erosexus","https://www.google.com/"
"","erosexy","https://www.google.com/"
"","eros-factory","https://www.google.com/"
"","erosfantasy","https://www.google.com/"
"","erosfarma","https://www.google.com/"
"","erosfera","https://www.google.com/"
"","erosfetishads","https://www.google.com/"
"","erosfetishwear","https://www.google.com/"
"","erosfiles","https://www.google.com/"
"","eros-find","https://www.google.com/"
"","erosfind","https://www.google.com/"
"","erosfinder","https://www.google.com/"
"","erosfolie","https://www.google.com/"
"","erosfrance","https://www.google.com/"
"","erosfree","https://www.google.com/"
"","erosfreeonline","https://www.google.com/"
"","erosfrontiere","https://www.google.com/"
"","erosgal","https://www.google.com/"
"","erosgallery","https://www.google.com/"
"","erosgame","https://www.google.com/"
"","erosgirls24","https://www.google.com/"
"","erosgirls","https://www.google.com/"
"","erosguia","https://www.google.com/"
"","erosguide","https://www.google.com/"
"","eros-guide","https://www.google.com/"
"","erosha","https://www.google.com/"
"","ero-shame","https://www.google.com/"
"","eroshare","https://www.google.com/"
"","eroshause","https://www.google.com/"
"","eroshearts","https://www.google.com/"
"","eroshemales","https://www.google.com/"
"","eroshome","https://www.google.com/"
"","eroshomosexual","https://www.google.com/"
"","eroshop","https://www.google.com/"
"","eroshopnederland","https://www.google.com/"
"","eroshopsite","https://www.google.com/"
"","eroshow","https://www.google.com/"
"","erosio","https://www.google.com/"
"","erosionmovies","https://www.google.com/"
"","erosireland","https://www.google.com/"
"","erosisland","https://www.google.com/"
"","erositalia","https://www.google.com/"
"","erositaly","https://www.google.com/"
"","erosite","https://www.google.com/"
"","erosiv","https://www.google.com/"
"","erosive","https://www.google.com/"
"","eroskaufhaus","https://www.google.com/"
"","erosking","https://www.google.com/"
"","eroskiss","https://www.google.com/"
"","erosklep","https://www.google.com/"
"","eroskop","https://www.google.com/"
"","erosland","https://www.google.com/"
"","eroslane","https://www.google.com/"
"","eroslingerie","https://www.google.com/"
"","eroslink","https://www.google.com/"
"","eroslisten","https://www.google.com/"
"","eroslist","https://www.google.com/"
"","eroslive","https://www.google.com/"
"","erosmall","https://www.google.com/"
"","erosmania","https://www.google.com/"
"","erosmassagelondon","https://www.google.com/"
"","erosmatch","https://www.google.com/"
"","erosmature","https://www.google.com/"
"","erosmedia","https://www.google.com/"
"","eros-members","https://www.google.com/"
"","erosnetz","https://www.google.com/"
"","erosnimki","https://www.google.com/"
"","erosoft","https://www.google.com/"
"","erospaar-video","https://www.google.com/"
"","ero-space","https://www.google.com/"
"","erospa","https://www.google.com/"
"","erospark","https://www.google.com/"
"","erospa-shop","https://www.google.com/"
"","erospeurder","https://www.google.com/"
"","erospholy","https://www.google.com/"
"","erospider","https://www.google.com/"
