"﻿""id""","read","recommended"
"","dreamnude","https://www.google.com/"
"","dreamnudes","https://www.google.com/"
"","dreamofashley","https://www.google.com/"
"","dreamofdani","https://www.google.com/"
"","dreamofkatie","https://www.google.com/"
"","dream-of-mature","https://www.google.com/"
"","dreamonbabes","https://www.google.com/"
"","dreamon","https://www.google.com/"
"","dream-palast","https://www.google.com/"
"","dreampalast","https://www.google.com/"
"","dreampenisguide","https://www.google.com/"
"","dream-pics","https://www.google.com/"
"","dreampics","https://www.google.com/"
"","dream-place","https://www.google.com/"
"","dreamporn","https://www.google.com/"
"","dreampornpictures","https://www.google.com/"
"","dreampornstars","https://www.google.com/"
"","dream-portal","https://www.google.com/"
"","dreampussy","https://www.google.com/"
"","dreams4women","https://www.google.com/"
"","dreamsage","https://www.google.com/"
"","dreamsagency","https://www.google.com/"
"","dreamsanddesires","https://www.google.com/"
"","dreamscasino","https://www.google.com/"
"","dreamscene","https://www.google.com/"
"","dreamsdesign","https://www.google.com/"
"","dreamseries","https://www.google.com/"
"","dreamsex","https://www.google.com/"
"","dreamsexlive","https://www.google.com/"
"","dreamsexshow","https://www.google.com/"
"","dreamsextv","https://www.google.com/"
"","dreamshots","https://www.google.com/"
"","dreamsinjeans","https://www.google.com/"
"","dreamsluts","https://www.google.com/"
"","dreamsofspanking","https://www.google.com/"
"","dreamsoho","https://www.google.com/"
"","dreamsource","https://www.google.com/"
"","dreamsphoto","https://www.google.com/"
"","dreamssex","https://www.google.com/"
"","dreamstarcash","https://www.google.com/"
"","dreamstarlets","https://www.google.com/"
"","dreamstash","https://www.google.com/"
"","dreamstation","https://www.google.com/"
"","dreamstockings","https://www.google.com/"
"","dreamstore","https://www.google.com/"
"","dreamstrike","https://www.google.com/"
"","dreamstudioportal","https://www.google.com/"
"","dreamsubmitter","https://www.google.com/"
"","dreamteam-erotik-events","https://www.google.com/"
"","dreamteen-carolina","https://www.google.com/"
"","dreamteenmovies","https://www.google.com/"
"","dream-teens","https://www.google.com/"
"","dream-teeny","https://www.google.com/"
"","dreamthumb","https://www.google.com/"
"","dreamtits","https://www.google.com/"
"","dreamtranny","https://www.google.com/"
"","dreamtrannytube","https://www.google.com/"
"","dreamtwinks","https://www.google.com/"
"","dreamuniforms","https://www.google.com/"
"","dream-view","https://www.google.com/"
"","dream-visions","https://www.google.com/"
"","dreamwallpaper","https://www.google.com/"
"","dreamwearclub","https://www.google.com/"
"","dreamwebcams","https://www.google.com/"
"","dreamwhores","https://www.google.com/"
"","dreamwiz","https://www.google.com/"
"","dreamworld","https://www.google.com/"
"","dreamworldstudio","https://www.google.com/"
"","dreamx","https://www.google.com/"
"","dreamxxxtube","https://www.google.com/"
"","dreamyamateurs","https://www.google.com/"
"","dreamycams","https://www.google.com/"
"","dreamy","https://www.google.com/"
"","dreamydanica","https://www.google.com/"
"","dreamydreams","https://www.google.com/"
"","dreamygirls","https://www.google.com/"
"","dreamyoung","https://www.google.com/"
"","dreamyporn","https://www.google.com/"
"","dreamyshemales","https://www.google.com/"
"","dreamytransexuals","https://www.google.com/"
"","dream-zone","https://www.google.com/"
"","dreamzotic","https://www.google.com/"
"","dreamz-x","https://www.google.com/"
"","dreckig","https://www.google.com/"
"","drecksau","https://www.google.com/"
"","drecom","https://www.google.com/"
"","dredillard","https://www.google.com/"
"","dre","https://www.google.com/"
"","dreier","https://www.google.com/"
"","dreiersex","https://www.google.com/"
"","dreknek","https://www.google.com/"
"","drerotic","https://www.google.com/"
"","dresden333","https://www.google.com/"
"","dress4play","https://www.google.com/"
"","dressedandnude","https://www.google.com/"
"","dressedstars","https://www.google.com/"
"","dressedtotease","https://www.google.com/"
"","dressed-undressed","https://www.google.com/"
"","dressedundressed","https://www.google.com/"
"","dresseuse","https://www.google.com/"
