"﻿""id""","read","recommended"
"","digitalchamber","https://www.google.com/"
"","digitalchristians","https://www.google.com/"
"","digitalclub","https://www.google.com/"
"","digitalcrack","https://www.google.com/"
"","digitalcunts","https://www.google.com/"
"","digitalcybergirl","https://www.google.com/"
"","digitaldatingguide","https://www.google.com/"
"","digitaldelights","https://www.google.com/"
"","digitaldesire","https://www.google.com/"
"","digitaldesires","https://www.google.com/"
"","digitaldeuce","https://www.google.com/"
"","digital-diaries","https://www.google.com/"
"","digitaldickgirls","https://www.google.com/"
"","digitaldicks","https://www.google.com/"
"","digitaldolls","https://www.google.com/"
"","digitaldreamgirls","https://www.google.com/"
"","digitaldreams3d","https://www.google.com/"
"","digitaldreams","https://www.google.com/"
"","digitalend","https://www.google.com/"
"","digitalero","https://www.google.com/"
"","digitalerotica","https://www.google.com/"
"","digital-evil","https://www.google.com/"
"","digitalfoxes","https://www.google.com/"
"","digitalgirlies","https://www.google.com/"
"","digitalgirly","https://www.google.com/"
"","digital-hardcore","https://www.google.com/"
"","digital-hentai","https://www.google.com/"
"","digitalhideout","https://www.google.com/"
"","digitalhunks","https://www.google.com/"
"","digitalkisses","https://www.google.com/"
"","digitalmistress","https://www.google.com/"
"","digitalmpegs","https://www.google.com/"
"","digitalmuffins","https://www.google.com/"
"","digitalniarchiv","https://www.google.com/"
"","digitalnudeart","https://www.google.com/"
"","digitalnude","https://www.google.com/"
"","digitalnudity","https://www.google.com/"
"","digitaloctanegroup","https://www.google.com/"
"","digitalpay","https://www.google.com/"
"","digitalpimping","https://www.google.com/"
"","digitalpimpsblogs","https://www.google.com/"
"","digitalpink","https://www.google.com/"
"","digitalpixie","https://www.google.com/"
"","digitalplayground","https://www.google.com/"
"","digitalplaygroundnetwork","https://www.google.com/"
"","digitalplaygroundpornstars","https://www.google.com/"
"","digital-porn","https://www.google.com/"
"","digitalprocessor","https://www.google.com/"
"","digitalprozac","https://www.google.com/"
"","digitalradiolive","https://www.google.com/"
"","digitalroof","https://www.google.com/"
"","digitalseductions","https://www.google.com/"
"","digitalsex69","https://www.google.com/"
"","digitalsex","https://www.google.com/"
"","digitalsexe","https://www.google.com/"
"","digitalshemales","https://www.google.com/"
"","digitalshit","https://www.google.com/"
"","digitalsindvd","https://www.google.com/"
"","digitalsinsations","https://www.google.com/"
"","digitalsins","https://www.google.com/"
"","digitalsin-vod","https://www.google.com/"
"","digitalsista","https://www.google.com/"
"","digitalsleaze","https://www.google.com/"
"","digitalstunners","https://www.google.com/"
"","digitalsweeties","https://www.google.com/"
"","digitaltexan","https://www.google.com/"
"","digitaltits","https://www.google.com/"
"","digitalvixens","https://www.google.com/"
"","digital-web","https://www.google.com/"
"","digitalxxxplayground","https://www.google.com/"
"","digitapub","https://www.google.com/"
"","digiteens","https://www.google.com/"
"","digithumbs","https://www.google.com/"
"","digi-tip","https://www.google.com/"
"","digizona","https://www.google.com/"
"","digsporn","https://www.google.com/"
"","digteens","https://www.google.com/"
"","dihitt","https://www.google.com/"
"","diilihiiril","https://www.google.com/"
"","dijon-rencontre","https://www.google.com/"
"","dike","https://www.google.com/"
"","dikepics","https://www.google.com/"
"","dikesonbikes","https://www.google.com/"
"","dikkeborsten","https://www.google.com/"
"","dikkedijen","https://www.google.com/"
"","dikkedozen","https://www.google.com/"
"","dikkehoeren","https://www.google.com/"
"","dikkekut","https://www.google.com/"
"","dikkelul","https://www.google.com/"
"","dikkemeiden","https://www.google.com/"
"","dikkemeisjes","https://www.google.com/"
"","dikkeoma","https://www.google.com/"
"","dikkeomas","https://www.google.com/"
"","dikkepikken","https://www.google.com/"
"","dikkesexdating","https://www.google.com/"
"","dikkesex","https://www.google.com/"
"","dikketetten","https://www.google.com/"
"","dikketienerdating","https://www.google.com/"
"","dikketiet3melk","https://www.google.com/"
"","dikketietencams","https://www.google.com/"
