"﻿""id""","read","recommended"
"","babesglam","https://www.google.com/"
"","babesglamour","https://www.google.com/"
"","babesgo","https://www.google.com/"
"","babesgold","https://www.google.com/"
"","babeshake","https://www.google.com/"
"","babeshaven","https://www.google.com/"
"","babesheels","https://www.google.com/"
"","babeshemale","https://www.google.com/"
"","babeshorny4u","https://www.google.com/"
"","babeshotpics","https://www.google.com/"
"","babeshouse","https://www.google.com/"
"","babeshowbabes","https://www.google.com/"
"","babeshowcams","https://www.google.com/"
"","babeshows","https://www.google.com/"
"","babeshowwebsites","https://www.google.com/"
"","babeshub","https://www.google.com/"
"","babeshunter","https://www.google.com/"
"","babeshustler","https://www.google.com/"
"","babesilike","https://www.google.com/"
"","babesinbed","https://www.google.com/"
"","babesinbondage","https://www.google.com/"
"","babesinbondageland","https://www.google.com/"
"","babes-in-boots","https://www.google.com/"
"","babesindex","https://www.google.com/"
"","babesindiapers","https://www.google.com/"
"","babesinheels","https://www.google.com/"
"","babes-in-lingerie","https://www.google.com/"
"","babes-in-nylons","https://www.google.com/"
"","babesinparadise","https://www.google.com/"
"","babesinporn","https://www.google.com/"
"","babesinsocks","https://www.google.com/"
"","babesinstockings","https://www.google.com/"
"","babesinthongs","https://www.google.com/"
"","babesintoyland","https://www.google.com/"
"","babes-invasion","https://www.google.com/"
"","babesinyourface","https://www.google.com/"
"","babesites","https://www.google.com/"
"","babesjoy","https://www.google.com/"
"","babesking","https://www.google.com/"
"","babes-kingdom","https://www.google.com/"
"","babesladies","https://www.google.com/"
"","babesline","https://www.google.com/"
"","babeslinks","https://www.google.com/"
"","babeslivecam","https://www.google.com/"
"","babeslive","https://www.google.com/"
"","babeslogger","https://www.google.com/"
"","babeslog","https://www.google.com/"
"","babeslonge","https://www.google.com/"
"","babes-lounge","https://www.google.com/"
"","babeslounge","https://www.google.com/"
"","babeslovesex","https://www.google.com/"
"","babeslut","https://www.google.com/"
"","babesmachine","https://www.google.com/"
"","babesmansion","https://www.google.com/"
"","babesmaster","https://www.google.com/"
"","babesmature","https://www.google.com/"
"","babesmobile","https://www.google.com/"
"","babesmoney","https://www.google.com/"
"","babesnaked","https://www.google.com/"
"","babesnation","https://www.google.com/"
"","babesnatural","https://www.google.com/"
"","babesnbikes","https://www.google.com/"
"","babesnetwork","https://www.google.com/"
"","babes-n-horny","https://www.google.com/"
"","babesnsugar","https://www.google.com/"
"","babesnteens","https://www.google.com/"
"","babesnudepics","https://www.google.com/"
"","babesnue","https://www.google.com/"
"","babes-of-glory","https://www.google.com/"
"","babesofglory","https://www.google.com/"
"","babesofindia","https://www.google.com/"
"","babesoflondon","https://www.google.com/"
"","babesofmine","https://www.google.com/"
"","babesofmydreams","https://www.google.com/"
"","babesofoz","https://www.google.com/"
"","babesofporn","https://www.google.com/"
"","babesofprivate","https://www.google.com/"
"","babesofswank","https://www.google.com/"
"","babesoftwistys","https://www.google.com/"
"","babesofvivid","https://www.google.com/"
"","babesofwar","https://www.google.com/"
"","babesoilwrestling","https://www.google.com/"
"","babesolo","https://www.google.com/"
"","babesonbike","https://www.google.com/"
"","babesoncam","https://www.google.com/"
"","babesoncamera","https://www.google.com/"
"","babesoncams","https://www.google.com/"
"","babesones","https://www.google.com/"
"","babes-online","https://www.google.com/"
"","babesonshow","https://www.google.com/"
"","babes-o-rama","https://www.google.com/"
"","babesorama","https://www.google.com/"
"","babesorgies","https://www.google.com/"
"","babesoul","https://www.google.com/"
"","babesourcecams","https://www.google.com/"
"","babesource","https://www.google.com/"
"","babespalace","https://www.google.com/"
"","babespanty","https://www.google.com/"
"","babespecials","https://www.google.com/"
"","babespenthouse","https://www.google.com/"
