"﻿""id""","read","recommended"
"","homenudie","https://www.google.com/"
"","homeofamateurs","https://www.google.com/"
"","homeofboobs","https://www.google.com/"
"","homeofhardcore","https://www.google.com/"
"","homeofsex","https://www.google.com/"
"","homeofteens","https://www.google.com/"
"","homeorgy","https://www.google.com/"
"","homeoutdoorscams","https://www.google.com/"
"","homepage24","https://www.google.com/"
"","homepagebau","https://www.google.com/"
"","homepage-bilder","https://www.google.com/"
"","homepage","https://www.google.com/"
"","homepagemodules","https://www.google.com/"
"","homepex","https://www.google.com/"
"","homeporn4you","https://www.google.com/"
"","homepornalbum","https://www.google.com/"
"","homepornbay","https://www.google.com/"
"","homeporncamera","https://www.google.com/"
"","homepornclub","https://www.google.com/"
"","homeporn","https://www.google.com/"
"","homepornframes","https://www.google.com/"
"","homepornhunter","https://www.google.com/"
"","homepornjpg","https://www.google.com/"
"","homepornking","https://www.google.com/"
"","homepornlibrary","https://www.google.com/"
"","homepornlinks","https://www.google.com/"
"","homepornmovie","https://www.google.com/"
"","homeporno","https://www.google.com/"
"","homepornon","https://www.google.com/"
"","homepornos","https://www.google.com/"
"","homepornotapes","https://www.google.com/"
"","home-porno-video","https://www.google.com/"
"","homepornovideo","https://www.google.com/"
"","homepornreality","https://www.google.com/"
"","homepornsecrets","https://www.google.com/"
"","homepornsextube","https://www.google.com/"
"","homeporntube","https://www.google.com/"
"","home-porn-video","https://www.google.com/"
"","homepornvideo","https://www.google.com/"
"","home-porn-videos","https://www.google.com/"
"","homeporn-vids","https://www.google.com/"
"","homepornzone","https://www.google.com/"
"","homeprivatevids","https://www.google.com/"
"","homerf","https://www.google.com/"
"","homescandal","https://www.google.com/"
"","homesex18","https://www.google.com/"
"","homesexcams","https://www.google.com/"
"","home-sex-clips","https://www.google.com/"
"","homesexdaily","https://www.google.com/"
"","homesexgirls","https://www.google.com/"
"","homesexhome","https://www.google.com/"
"","homesexhostel","https://www.google.com/"
"","homesexland","https://www.google.com/"
"","homesexmade","https://www.google.com/"
"","homesexnetwork","https://www.google.com/"
"","homesexnews","https://www.google.com/"
"","homesex","https://www.google.com/"
"","homesexporn","https://www.google.com/"
"","homesexsecrets","https://www.google.com/"
"","home-sex-tapes","https://www.google.com/"
"","homesextuber","https://www.google.com/"
"","homesex-videos","https://www.google.com/"
"","homesexxx","https://www.google.com/"
"","homesite","https://www.google.com/"
"","homesofpittsburgh","https://www.google.com/"
"","homespyvideo","https://www.google.com/"
"","homestead","https://www.google.com/"
"","homestrip","https://www.google.com/"
"","homeswingerclub","https://www.google.com/"
"","hometechforum","https://www.google.com/"
"","hometeenmovies","https://www.google.com/"
"","hometeenmovs","https://www.google.com/"
"","hometeenorgy","https://www.google.com/"
"","hometeens","https://www.google.com/"
"","hometeensvideo","https://www.google.com/"
"","hometeentube","https://www.google.com/"
"","hometeenvideo","https://www.google.com/"
"","hometeenvids","https://www.google.com/"
"","hometownamateurs","https://www.google.com/"
"","hometownescorts","https://www.google.com/"
"","hometowngirl","https://www.google.com/"
"","hometowngirls","https://www.google.com/"
"","hometownhoneys","https://www.google.com/"
"","hometownmodels","https://www.google.com/"
"","hometownnudes","https://www.google.com/"
"","hometownsingles","https://www.google.com/"
"","hometoyteens","https://www.google.com/"
"","hometubeporn","https://www.google.com/"
"","hometuber","https://www.google.com/"
"","hometwink","https://www.google.com/"
"","hometwinks","https://www.google.com/"
"","homevideo","https://www.google.com/"
"","homevideocollection","https://www.google.com/"
"","homevideonews","https://www.google.com/"
"","homevideoplace","https://www.google.com/"
"","homevideoplus","https://www.google.com/"
"","homevideo-porno","https://www.google.com/"
"","homevideo-sex","https://www.google.com/"
"","homevideos","https://www.google.com/"
"","home-video-tube","https://www.google.com/"
