"﻿""id""","read","recommended"
"","dubaidating","https://www.google.com/"
"","dubai-escort-list","https://www.google.com/"
"","dubaiescortsdirectory","https://www.google.com/"
"","dubaiescorts","https://www.google.com/"
"","dubai-indian-callgirls","https://www.google.com/"
"","dubai-ladies","https://www.google.com/"
"","dubai-mistress-dinah","https://www.google.com/"
"","dubaisex","https://www.google.com/"
"","dubbelepenetratie","https://www.google.com/"
"","dubbelgedekt","https://www.google.com/"
"","dubbies","https://www.google.com/"
"","dubbyalove","https://www.google.com/"
"","dubiobikinis","https://www.google.com/"
"","dubiouscash","https://www.google.com/"
"","dublinbirds","https://www.google.com/"
"","dublinescort","https://www.google.com/"
"","dublin-escort","https://www.google.com/"
"","dublinescorts","https://www.google.com/"
"","dublin-escorts","https://www.google.com/"
"","dublinindependentescorts","https://www.google.com/"
"","du-bon-porno","https://www.google.com/"
"","dubporn","https://www.google.com/"
"","ducatigirl","https://www.google.com/"
"","ducatiproductions","https://www.google.com/"
"","ducatodelporno","https://www.google.com/"
"","ducaustralia","https://www.google.com/"
"","duccai","https://www.google.com/"
"","du-chang","https://www.google.com/"
"","duciszex","https://www.google.com/"
"","duckcats","https://www.google.com/"
"","duckdirectory","https://www.google.com/"
"","duckgay","https://www.google.com/"
"","duckmovie","https://www.google.com/"
"","duckporn","https://www.google.com/"
"","duckshit","https://www.google.com/"
"","duckydoolittle","https://www.google.com/"
"","ducky-games","https://www.google.com/"
"","duckyporn","https://www.google.com/"
"","ductporn","https://www.google.com/"
"","ducucu","https://www.google.com/"
"","ducul","https://www.google.com/"
"","duculgratuit","https://www.google.com/"
"","dude","https://www.google.com/"
"","dudecomedy","https://www.google.com/"
"","dudedare","https://www.google.com/"
"","dudedorm","https://www.google.com/"
"","dudedormpix","https://www.google.com/"
"","dudedump","https://www.google.com/"
"","dudelire","https://www.google.com/"
"","dudelodge","https://www.google.com/"
"","dudelodgevod","https://www.google.com/"
"","dudelookslikealady","https://www.google.com/"
"","duderanchpayperview","https://www.google.com/"
"","dudescam","https://www.google.com/"
"","dudes","https://www.google.com/"
"","dudeshows","https://www.google.com/"
"","dudesiroplaisir","https://www.google.com/"
"","dudeslinks","https://www.google.com/"
"","dudesnude","https://www.google.com/"
"","dudesoffcampus","https://www.google.com/"
"","dudesplace","https://www.google.com/"
"","dudesporn","https://www.google.com/"
"","dudesraw","https://www.google.com/"
"","dudetubeonline","https://www.google.com/"
"","dudeundies","https://www.google.com/"
"","dudevids","https://www.google.com/"
"","dudeyourmomishot","https://www.google.com/"
"","dudliky","https://www.google.com/"
"","dudu-sex","https://www.google.com/"
"","dueslash","https://www.google.com/"
"","dufte-biene","https://www.google.com/"
"","duftende-hoeschen","https://www.google.com/"
"","duftfetisch","https://www.google.com/"
"","dufthoeschenparadies","https://www.google.com/"
"","duft-tangas","https://www.google.com/"
"","duga","https://www.google.com/"
"","duganbrothers","https://www.google.com/"
"","dugangbang","https://www.google.com/"
"","duguri","https://www.google.com/"
"","duh-duh","https://www.google.com/"
"","duivelsespelletjes","https://www.google.com/"
"","dujamaisvu","https://www.google.com/"
"","dujav","https://www.google.com/"
"","du-jour","https://www.google.com/"
"","duke2000","https://www.google.com/"
"","dukedollars","https://www.google.com/"
"","dukeofporn","https://www.google.com/"
"","dukeofxxx","https://www.google.com/"
"","dukeporn","https://www.google.com/"
"","dukesboots","https://www.google.com/"
"","dukeskywalker","https://www.google.com/"
"","dukommst","https://www.google.com/"
"","dulcebabes","https://www.google.com/"
"","dulcedeojo","https://www.google.com/"
"","dulceecuador","https://www.google.com/"
"","dulce","https://www.google.com/"
"","dullteens","https://www.google.com/"
"","dumatin","https://www.google.com/"
"","dumb1","https://www.google.com/"
"","dumbamateurs","https://www.google.com/"
