"﻿""id""","read","recommended"
"","bigbuttcity","https://www.google.com/"
"","big-butt","https://www.google.com/"
"","bigbutt","https://www.google.com/"
"","bigbuttfans","https://www.google.com/"
"","bigbuttfemales","https://www.google.com/"
"","bigbuttfetish","https://www.google.com/"
"","bigbuttgirl","https://www.google.com/"
"","bigbuttgirlspics","https://www.google.com/"
"","bigbuttheaven","https://www.google.com/"
"","bigbutthunt","https://www.google.com/"
"","bigbuttlatinas","https://www.google.com/"
"","bigbuttlinks","https://www.google.com/"
"","bigbuttlovers","https://www.google.com/"
"","bigbuttmag","https://www.google.com/"
"","bigbuttmania","https://www.google.com/"
"","bigbuttmature","https://www.google.com/"
"","bigbuttmodel","https://www.google.com/"
"","bigbuttmodels","https://www.google.com/"
"","bigbuttmovieclub","https://www.google.com/"
"","bigbuttnetwork","https://www.google.com/"
"","bigbuttocks","https://www.google.com/"
"","bigbuttporn","https://www.google.com/"
"","bigbuttsbigtits","https://www.google.com/"
"","bigbutts","https://www.google.com/"
"","bigbuttsexdates","https://www.google.com/"
"","bigbuttsfree","https://www.google.com/"
"","bigbuttslikeitbig","https://www.google.com/"
"","bigbuttsluts","https://www.google.com/"
"","big-butts","https://www.google.com/"
"","bigbuttteensluts","https://www.google.com/"
"","bigbuttwhitegirls","https://www.google.com/"
"","bigbuttzone","https://www.google.com/"
"","bigcamlist","https://www.google.com/"
"","bigcamtube","https://www.google.com/"
"","bigcartel","https://www.google.com/"
"","bigcdn","https://www.google.com/"
"","bigcelebritynews","https://www.google.com/"
"","bigcentral","https://www.google.com/"
"","bigchestedbabes","https://www.google.com/"
"","bigchestedgirls","https://www.google.com/"
"","bigchestedmodels","https://www.google.com/"
"","bigchillin","https://www.google.com/"
"","big-choice","https://www.google.com/"
"","bigchubbytube","https://www.google.com/"
"","bigchurch","https://www.google.com/"
"","bigcityslut","https://www.google.com/"
"","bigcitysluts","https://www.google.com/"
"","big-cleavage","https://www.google.com/"
"","bigclitbabes","https://www.google.com/"
"","bigclitsbiglips","https://www.google.com/"
"","big-clits","https://www.google.com/"
"","bigclits","https://www.google.com/"
"","bigclitswet","https://www.google.com/"
"","bigclosetr","https://www.google.com/"
"","bigcockaddiction","https://www.google.com/"
"","bigcockagency","https://www.google.com/"
"","bigcockblog","https://www.google.com/"
"","bigcockblowjob","https://www.google.com/"
"","bigcockblowjobs","https://www.google.com/"
"","bigcockblowout","https://www.google.com/"
"","bigcockboys","https://www.google.com/"
"","bigcockcity","https://www.google.com/"
"","bigcock","https://www.google.com/"
"","bigcockcompetitions","https://www.google.com/"
"","bigcockdaddy","https://www.google.com/"
"","bigcockdaily","https://www.google.com/"
"","bigcocker","https://www.google.com/"
"","bigcockfirst","https://www.google.com/"
"","bigcockfuck","https://www.google.com/"
"","bigcockfucked","https://www.google.com/"
"","big-cock-fucking","https://www.google.com/"
"","bigcockgay","https://www.google.com/"
"","bigcockgaytube","https://www.google.com/"
"","bigcockgirls","https://www.google.com/"
"","bigcockhub","https://www.google.com/"
"","bigcocklovers","https://www.google.com/"
"","bigcocklovingteens","https://www.google.com/"
"","big-cock-movies1","https://www.google.com/"
"","bigcockmovies1","https://www.google.com/"
"","bigcocknymphos","https://www.google.com/"
"","bigcockphotoblog","https://www.google.com/"
"","bigcockplus","https://www.google.com/"
"","big-cock-porn","https://www.google.com/"
"","bigcocksbrokenteens","https://www.google.com/"
"","bigcockscentral","https://www.google.com/"
"","big-cocks","https://www.google.com/"
"","bigcocks","https://www.google.com/"
"","bigcocksex1","https://www.google.com/"
"","big-cock-sex2","https://www.google.com/"
"","bigcocksex","https://www.google.com/"
"","bigcocksgay","https://www.google.com/"
"","bigcocksgaytube","https://www.google.com/"
"","bigcockshemalebareback","https://www.google.com/"
"","big-cock-shemale","https://www.google.com/"
"","bigcockshemalegangbang","https://www.google.com/"
"","bigcockshemalemovies","https://www.google.com/"
"","bigcockshemalesex","https://www.google.com/"
"","bigcockslam","https://www.google.com/"
"","bigcocksluts","https://www.google.com/"
"","bigcocksmassive","https://www.google.com/"
