"﻿""id""","read","recommended"
"","erotiksparschwein","https://www.google.com/"
"","erotikspezialist","https://www.google.com/"
"","erotik-spiel","https://www.google.com/"
"","erotikspiel","https://www.google.com/"
"","erotikspiele-3d","https://www.google.com/"
"","erotik-spiele","https://www.google.com/"
"","erotikspielzeug","https://www.google.com/"
"","erotikspil","https://www.google.com/"
"","erotiksponsor","https://www.google.com/"
"","erotikspot","https://www.google.com/"
"","erotiks","https://www.google.com/"
"","erotik-stadt","https://www.google.com/"
"","erotik-stadtplan","https://www.google.com/"
"","erotikstadtplan","https://www.google.com/"
"","erotikstar-exklusiv","https://www.google.com/"
"","erotikstar","https://www.google.com/"
"","erotikstart","https://www.google.com/"
"","erotikstartseite","https://www.google.com/"
"","erotikstore","https://www.google.com/"
"","erotik-store","https://www.google.com/"
"","erotikstories","https://www.google.com/"
"","erotik-storys","https://www.google.com/"
"","erotikstorys","https://www.google.com/"
"","erotik-stream","https://www.google.com/"
"","erotik-stripshow","https://www.google.com/"
"","erotikstube","https://www.google.com/"
"","erotikstudio","https://www.google.com/"
"","erotikstudios","https://www.google.com/"
"","erotik-suche24","https://www.google.com/"
"","erotik-suche","https://www.google.com/"
"","erotiksuche","https://www.google.com/"
"","erotiksucher","https://www.google.com/"
"","erotiksuchmaschiene","https://www.google.com/"
"","erotiksuchmaschine-24","https://www.google.com/"
"","erotiksuchmaschine","https://www.google.com/"
"","erotiksuchmaschinen","https://www.google.com/"
"","erotik-suchmaschine","https://www.google.com/"
"","erotik-supermarkt","https://www.google.com/"
"","erotik-surftipps","https://www.google.com/"
"","erotik-system","https://www.google.com/"
"","erotiksystem","https://www.google.com/"
"","erotiktagebuch","https://www.google.com/"
"","erotiktalk","https://www.google.com/"
"","erotikteens","https://www.google.com/"
"","erotik-telefon","https://www.google.com/"
"","erotiktelefon","https://www.google.com/"
"","erotiktelefone","https://www.google.com/"
"","erotik-telefonsex","https://www.google.com/"
"","erotiktempel","https://www.google.com/"
"","erotiktip","https://www.google.com/"
"","erotiktoday","https://www.google.com/"
"","erotik-top100","https://www.google.com/"
"","erotiktop","https://www.google.com/"
"","erotiktoplist","https://www.google.com/"
"","erotik-topliste","https://www.google.com/"
"","erotiktopliste","https://www.google.com/"
"","erotik-toplisten","https://www.google.com/"
"","erotiktoplisten","https://www.google.com/"
"","erotiktoplistindex","https://www.google.com/"
"","erotik-top-shop","https://www.google.com/"
"","erotik-town","https://www.google.com/"
"","erotiktoy","https://www.google.com/"
"","erotik-toys","https://www.google.com/"
"","erotiktoys","https://www.google.com/"
"","erotiktraeume","https://www.google.com/"
"","erotiktraffic","https://www.google.com/"
"","erotiktrailer","https://www.google.com/"
"","erotiktraum","https://www.google.com/"
"","erotik-traumfrauen","https://www.google.com/"
"","erotiktreff-angelika","https://www.google.com/"
"","erotik-treff","https://www.google.com/"
"","erotiktreff","https://www.google.com/"
"","erotik-treffen","https://www.google.com/"
"","erotiktreffpunkt","https://www.google.com/"
"","erotiktreffs","https://www.google.com/"
"","erotiktrend","https://www.google.com/"
"","erotik-tube","https://www.google.com/"
"","erotik-tv-blog","https://www.google.com/"
"","erotikum","https://www.google.com/"
"","erotik-und-sex","https://www.google.com/"
"","erotikundsex","https://www.google.com/"
"","erotikunion","https://www.google.com/"
"","erotikuniversum","https://www.google.com/"
"","erotikusfehernemu","https://www.google.com/"
"","erotikusfoto","https://www.google.com/"
"","erotikushirdetesek","https://www.google.com/"
"","erotikusmasszazs","https://www.google.com/"
"","erotikus-masszazs","https://www.google.com/"
"","erotikusoldalak","https://www.google.com/"
"","erotikusvideo","https://www.google.com/"
"","erotikvaruhuset","https://www.google.com/"
"","erotikverden","https://www.google.com/"
"","erotikversand-discount","https://www.google.com/"
"","erotikversandhandel","https://www.google.com/"
"","erotikversand-orion","https://www.google.com/"
"","erotikversand-store","https://www.google.com/"
"","erotikverweise","https://www.google.com/"
"","erotikverzeichnis","https://www.google.com/"
"","erotik-verzeichnis","https://www.google.com/"
"","erotikverzeichnisse","https://www.google.com/"
