"﻿""id""","read","recommended"
"","kikki","https://www.google.com/"
"","kikook","https://www.google.com/"
"","kikooo","https://www.google.com/"
"","kikowu","https://www.google.com/"
"","kiksexting","https://www.google.com/"
"","kikster","https://www.google.com/"
"","kikusers","https://www.google.com/"
"","killahcash","https://www.google.com/"
"","killah","https://www.google.com/"
"","killahporn","https://www.google.com/"
"","killallenwrench","https://www.google.com/"
"","killarneyescorts","https://www.google.com/"
"","killbunnie23","https://www.google.com/"
"","killer4hirephonesex","https://www.google.com/"
"","killerblowjob","https://www.google.com/"
"","killercams","https://www.google.com/"
"","killercunt","https://www.google.com/"
"","killerflix","https://www.google.com/"
"","killergram-babes","https://www.google.com/"
"","killergram","https://www.google.com/"
"","killergram-girls","https://www.google.com/"
"","killerlivesex","https://www.google.com/"
"","killer","https://www.google.com/"
"","killerpornpics","https://www.google.com/"
"","killmilf","https://www.google.com/"
"","killmylink","https://www.google.com/"
"","killsometime","https://www.google.com/"
"","killtheinternet","https://www.google.com/"
"","kilogirls","https://www.google.com/"
"","kilolesbians","https://www.google.com/"
"","kilomatures","https://www.google.com/"
"","kilopanties","https://www.google.com/"
"","kilopantyhose","https://www.google.com/"
"","kilopics","https://www.google.com/"
"","kilopills","https://www.google.com/"
"","kiloporn","https://www.google.com/"
"","kiloporno","https://www.google.com/"
"","kilosex","https://www.google.com/"
"","kilosexe","https://www.google.com/"
"","kiloshemales","https://www.google.com/"
"","kiloteens","https://www.google.com/"
"","kilotop","https://www.google.com/"
"","kilotube","https://www.google.com/"
"","kilovideo","https://www.google.com/"
"","kilovideos","https://www.google.com/"
"","kilu","https://www.google.com/"
"","kimansulo","https://www.google.com/"
"","kimaradas","https://www.google.com/"
"","kim-b","https://www.google.com/"
"","kimberjamesblog","https://www.google.com/"
"","kimberkira","https://www.google.com/"
"","kimberleecline","https://www.google.com/"
"","kimberleelive","https://www.google.com/"
"","kimberlycarson","https://www.google.com/"
"","kimberly-escort","https://www.google.com/"
"","kimberlyfisher","https://www.google.com/"
"","kimberlykummings","https://www.google.com/"
"","kimberlykupps","https://www.google.com/"
"","kimberlymodel","https://www.google.com/"
"","kimberlyscott","https://www.google.com/"
"","kimberlytrans","https://www.google.com/"
"","kimberlywild","https://www.google.com/"
"","kimchambers","https://www.google.com/"
"","kimcums","https://www.google.com/"
"","kimeternity","https://www.google.com/"
"","kimferrell","https://www.google.com/"
"","kimhollandanaal","https://www.google.com/"
"","kimhollandbijdeburen","https://www.google.com/"
"","kimhollandbuiten","https://www.google.com/"
"","kimhollandcash","https://www.google.com/"
"","kimhollandcastings","https://www.google.com/"
"","kimholland","https://www.google.com/"
"","kimhollanddownloads","https://www.google.com/"
"","kimhollandfilms","https://www.google.com/"
"","kimhollandgangbangs","https://www.google.com/"
"","kimhollandingepalmd","https://www.google.com/"
"","kimhollandlive","https://www.google.com/"
"","kimhollandmeiden","https://www.google.com/"
"","kimhollandmobiel","https://www.google.com/"
"","kimhollandonderweg","https://www.google.com/"
"","kimhollandopgepikt","https://www.google.com/"
"","kimhollandpartners","https://www.google.com/"
"","kimhollandseks","https://www.google.com/"
"","kimhollandsenieuwe","https://www.google.com/"
"","kimhollandsites","https://www.google.com/"
"","kimhollandtieners","https://www.google.com/"
"","kimi-escort","https://www.google.com/"
"","kimiglinsky","https://www.google.com/"
"","kimiko-dreams","https://www.google.com/"
"","kiminholland","https://www.google.com/"
"","kimkardashianontape","https://www.google.com/"
"","kimkardashianrayjtape","https://www.google.com/"
"","kimkardashiansextape","https://www.google.com/"
"","kimksuperstar","https://www.google.com/"
"","kimksuperstarpart2","https://www.google.com/"
"","kimmery","https://www.google.com/"
"","kimmiecream","https://www.google.com/"
"","kimmy4phone","https://www.google.com/"
"","kimmykahn","https://www.google.com/"
"","kimmyteen","https://www.google.com/"
