"﻿""id""","read","recommended"
"","facesitting-top100","https://www.google.com/"
"","facesitting-tube","https://www.google.com/"
"","facesittingupdates","https://www.google.com/"
"","facesitting-video","https://www.google.com/"
"","facesittingvideo","https://www.google.com/"
"","facesitting-videos","https://www.google.com/"
"","facesittingvod","https://www.google.com/"
"","facesittingworks","https://www.google.com/"
"","facesittnig","https://www.google.com/"
"","facesittube","https://www.google.com/"
"","facesitvideos","https://www.google.com/"
"","facesloaded","https://www.google.com/"
"","facethejury","https://www.google.com/"
"","facetoface","https://www.google.com/"
"","facetporn","https://www.google.com/"
"","face-trampling","https://www.google.com/"
"","faceyourface","https://www.google.com/"
"","facial18","https://www.google.com/"
"","facial4u","https://www.google.com/"
"","facialabuse1","https://www.google.com/"
"","facialabusearianajollee","https://www.google.com/"
"","facial-abuse","https://www.google.com/"
"","facialabuse","https://www.google.com/"
"","facialabuse-pics","https://www.google.com/"
"","facialabuser","https://www.google.com/"
"","facialabusesluts","https://www.google.com/"
"","facialaddict","https://www.google.com/"
"","facialadventure","https://www.google.com/"
"","facial-amateur","https://www.google.com/"
"","facialamateurs","https://www.google.com/"
"","facialarea","https://www.google.com/"
"","facialbabes","https://www.google.com/"
"","facialbuffet","https://www.google.com/"
"","facialbuffets","https://www.google.com/"
"","facialcash","https://www.google.com/"
"","facialclub","https://www.google.com/"
"","facialcollege","https://www.google.com/"
"","facialcontest","https://www.google.com/"
"","facialcumshot","https://www.google.com/"
"","facial-cumshot","https://www.google.com/"
"","facialcumshots","https://www.google.com/"
"","facial-cum-shots","https://www.google.com/"
"","facialcumtube","https://www.google.com/"
"","facial","https://www.google.com/"
"","facialdream","https://www.google.com/"
"","faciale","https://www.google.com/"
"","facialerotica","https://www.google.com/"
"","faciales","https://www.google.com/"
"","facialex","https://www.google.com/"
"","facialfans","https://www.google.com/"
"","facialfest1","https://www.google.com/"
"","facialfest","https://www.google.com/"
"","facialfesttour","https://www.google.com/"
"","facialfilth","https://www.google.com/"
"","facialflavor","https://www.google.com/"
"","facialforum","https://www.google.com/"
"","facial-foundry","https://www.google.com/"
"","facialfoundry","https://www.google.com/"
"","facialfriends","https://www.google.com/"
"","facialfucking","https://www.google.com/"
"","facialgals","https://www.google.com/"
"","facialgaycum","https://www.google.com/"
"","facialgirl","https://www.google.com/"
"","facialgirlsonline","https://www.google.com/"
"","facialhotmovies","https://www.google.com/"
"","facialised","https://www.google.com/"
"","facialization","https://www.google.com/"
"","facialize","https://www.google.com/"
"","facialjunkie","https://www.google.com/"
"","facialland","https://www.google.com/"
"","faciallovers","https://www.google.com/"
"","faciallust","https://www.google.com/"
"","facialmag","https://www.google.com/"
"","facialmasters","https://www.google.com/"
"","facialme","https://www.google.com/"
"","facialnetwork","https://www.google.com/"
"","facialon","https://www.google.com/"
"","facialparties","https://www.google.com/"
"","facialphoto","https://www.google.com/"
"","facialphotos","https://www.google.com/"
"","facialpic","https://www.google.com/"
"","facialpics","https://www.google.com/"
"","facialpicture","https://www.google.com/"
"","facialpix","https://www.google.com/"
"","facialpornos","https://www.google.com/"
"","facialrama","https://www.google.com/"
"","facialrape","https://www.google.com/"
"","facialregistry","https://www.google.com/"
"","facials","https://www.google.com/"
"","facialsblowjobs","https://www.google.com/"
"","facialscumshots","https://www.google.com/"
"","facialsfever","https://www.google.com/"
"","facialsforever","https://www.google.com/"
"","facialsgalleries","https://www.google.com/"
"","facialslam","https://www.google.com/"
"","facials-land","https://www.google.com/"
"","facialsmut","https://www.google.com/"
"","facialspecial","https://www.google.com/"
"","facials-pictures","https://www.google.com/"
"","facialspray","https://www.google.com/"
