"﻿""id""","read","recommended"
"","bigpussylips","https://www.google.com/"
"","bigrags","https://www.google.com/"
"","bigrawtube","https://www.google.com/"
"","bigrealbdsm","https://www.google.com/"
"","big-real-boobs","https://www.google.com/"
"","bigreal","https://www.google.com/"
"","big-real-tits","https://www.google.com/"
"","bigredpage","https://www.google.com/"
"","bigretroporn","https://www.google.com/"
"","bigretrotube","https://www.google.com/"
"","bigrob","https://www.google.com/"
"","bigrock","https://www.google.com/"
"","bigroundasses","https://www.google.com/"
"","bigsaggytits","https://www.google.com/"
"","bigsaggytitspics","https://www.google.com/"
"","bigsausagepizza","https://www.google.com/"
"","bigs","https://www.google.com/"
"","bigsex","https://www.google.com/"
"","bigsexclips","https://www.google.com/"
"","big-sexe","https://www.google.com/"
"","bigsexfun","https://www.google.com/"
"","bigsexhotel","https://www.google.com/"
"","bigsexhub","https://www.google.com/"
"","bigsexlist","https://www.google.com/"
"","bigsexmom","https://www.google.com/"
"","bigsexparty","https://www.google.com/"
"","bigsexplanet","https://www.google.com/"
"","bigsexporn","https://www.google.com/"
"","bigsexshok","https://www.google.com/"
"","bigsexsite","https://www.google.com/"
"","bigsextits","https://www.google.com/"
"","bigsextoys","https://www.google.com/"
"","bigsextoystore","https://www.google.com/"
"","bigsextubes","https://www.google.com/"
"","bigsextv","https://www.google.com/"
"","bigsexworld","https://www.google.com/"
"","big-sexy-ass","https://www.google.com/"
"","bigsexyass","https://www.google.com/"
"","bigsexyboobs","https://www.google.com/"
"","bigsexy","https://www.google.com/"
"","bigsexyfatgirls","https://www.google.com/"
"","bigsexygirls","https://www.google.com/"
"","bigsexyland","https://www.google.com/"
"","bigsexymama","https://www.google.com/"
"","bigsexyplush","https://www.google.com/"
"","bigsexytitsx","https://www.google.com/"
"","bigsexytoons","https://www.google.com/"
"","bigsexytown","https://www.google.com/"
"","bigsexywear","https://www.google.com/"
"","bigsexywomen","https://www.google.com/"
"","bigshemaledicks","https://www.google.com/"
"","big-shemale","https://www.google.com/"
"","bigshoesandboots","https://www.google.com/"
"","bigshotporn","https://www.google.com/"
"","bigsisterlive","https://www.google.com/"
"","bigsisterlivesex","https://www.google.com/"
"","bigsister","https://www.google.com/"
"","bigsizedwoman","https://www.google.com/"
"","bigslutdoggy","https://www.google.com/"
"","bigsluts","https://www.google.com/"
"","bigsmudge","https://www.google.com/"
"","bigsmut","https://www.google.com/"
"","bigsnatural","https://www.google.com/"
"","bigstar","https://www.google.com/"
"","bigstorm","https://www.google.com/"
"","bigstudcocks","https://www.google.com/"
"","bigstudsearch","https://www.google.com/"
"","bigsucker","https://www.google.com/"
"","bigtattas","https://www.google.com/"
"","bigteam","https://www.google.com/"
"","big-teen-boobs","https://www.google.com/"
"","bigteenbutts","https://www.google.com/"
"","bigteenporn","https://www.google.com/"
"","bigteens","https://www.google.com/"
"","bigteensex","https://www.google.com/"
"","bigteensxxx","https://www.google.com/"
"","big-teen-tits","https://www.google.com/"
"","bigteentits","https://www.google.com/"
"","bigthickdicks","https://www.google.com/"
"","bigtimebookmarks","https://www.google.com/"
"","bigtimegals","https://www.google.com/"
"","bigtimehollywood","https://www.google.com/"
"","bigtimestar","https://www.google.com/"
"","bigtimexxx","https://www.google.com/"
"","bigtitadventures","https://www.google.com/"
"","bigtitandass","https://www.google.com/"
"","bigtitangelawhite","https://www.google.com/"
"","bigtitangels","https://www.google.com/"
"","bigtitatschools","https://www.google.com/"
"","bigtitavenue","https://www.google.com/"
"","bigtitbabes","https://www.google.com/"
"","big-tit-babes","https://www.google.com/"
"","bigtitbangers","https://www.google.com/"
"","bigtitbeanpoles","https://www.google.com/"
"","bigtitblowout","https://www.google.com/"
"","bigtitbonanza","https://www.google.com/"
"","bigtitboob","https://www.google.com/"
"","bigtitchaz","https://www.google.com/"
"","big-tit-club","https://www.google.com/"
"","bigtit","https://www.google.com/"
