"﻿""id""","read","recommended"
"","crissysspace","https://www.google.com/"
"","crissywild","https://www.google.com/"
"","cristabel","https://www.google.com/"
"","cristalbabe","https://www.google.com/"
"","cristalcoed","https://www.google.com/"
"","cristalcortez","https://www.google.com/"
"","cris-taliana","https://www.google.com/"
"","cristalvoyance","https://www.google.com/"
"","cristalynn69","https://www.google.com/"
"","cristiannlive","https://www.google.com/"
"","cristinabellaxxx","https://www.google.com/"
"","cristoforos","https://www.google.com/"
"","cristovision","https://www.google.com/"
"","critasex","https://www.google.com/"
"","crit","https://www.google.com/"
"","criticallyinsane","https://www.google.com/"
"","crittersdominion","https://www.google.com/"
"","croccams","https://www.google.com/"
"","crochet-bikini","https://www.google.com/"
"","crocjokes","https://www.google.com/"
"","crocmovies","https://www.google.com/"
"","crocobabes","https://www.google.com/"
"","crococams","https://www.google.com/"
"","crocodick","https://www.google.com/"
"","crocofetish","https://www.google.com/"
"","crocogays","https://www.google.com/"
"","crocogirls","https://www.google.com/"
"","crocoguide","https://www.google.com/"
"","crocolist","https://www.google.com/"
"","crocopo","https://www.google.com/"
"","crocoporn","https://www.google.com/"
"","crocoporno","https://www.google.com/"
"","crocopost","https://www.google.com/"
"","crocostars","https://www.google.com/"
"","crocotube","https://www.google.com/"
"","crocporn","https://www.google.com/"
"","crocreview","https://www.google.com/"
"","croescort","https://www.google.com/"
"","crogay","https://www.google.com/"
"","croisieres-plongee","https://www.google.com/"
"","cromas","https://www.google.com/"
"","cronicaseroticas","https://www.google.com/"
"","crookedhalos","https://www.google.com/"
"","crookedmoon","https://www.google.com/"
"","cropbase","https://www.google.com/"
"","croporn","https://www.google.com/"
"","cropporn","https://www.google.com/"
"","croquantes","https://www.google.com/"
"","crosexcam","https://www.google.com/"
"","crosex","https://www.google.com/"
"","crosscross","https://www.google.com/"
"","crosscuntry","https://www.google.com/"
"","crossdress1","https://www.google.com/"
"","crossdress3","https://www.google.com/"
"","crossdress9","https://www.google.com/"
"","crossdressblog","https://www.google.com/"
"","cross-dress","https://www.google.com/"
"","crossdressedsissies","https://www.google.com/"
"","crossdresser3","https://www.google.com/"
"","crossdresser9","https://www.google.com/"
"","crossdresser-bisexual","https://www.google.com/"
"","crossdresser","https://www.google.com/"
"","crossdresserhub","https://www.google.com/"
"","crossdresserplayground","https://www.google.com/"
"","crossdresserporn","https://www.google.com/"
"","crossdresserpornsex","https://www.google.com/"
"","crossdresserportfolio","https://www.google.com/"
"","crossdresserscorner","https://www.google.com/"
"","crossdressers-forum","https://www.google.com/"
"","crossdressershow","https://www.google.com/"
"","crossdresserstube","https://www.google.com/"
"","crossdressertubex","https://www.google.com/"
"","crossdressingclips","https://www.google.com/"
"","crossdressing","https://www.google.com/"
"","crossdressing-cuckolds","https://www.google.com/"
"","crossdressingdating","https://www.google.com/"
"","crossdressingdirectory","https://www.google.com/"
"","crossdressinglist","https://www.google.com/"
"","crossdressingmenpics","https://www.google.com/"
"","crossdressingsissies","https://www.google.com/"
"","crossdressingsissy","https://www.google.com/"
"","crossdressingsites","https://www.google.com/"
"","crossdressingtheater","https://www.google.com/"
"","crossdressingworld","https://www.google.com/"
"","crossdress","https://www.google.com/"
"","crossdressparties","https://www.google.com/"
"","crossdressphonesex","https://www.google.com/"
"","crossdresspictures","https://www.google.com/"
"","crossdressporn","https://www.google.com/"
"","crossdresssexparty","https://www.google.com/"
"","crossdress-tgp","https://www.google.com/"
"","crossdresstgp","https://www.google.com/"
"","crossdressusa","https://www.google.com/"
"","crossdressvirgins","https://www.google.com/"
"","crossdressworld","https://www.google.com/"
"","crossdressxxxfun","https://www.google.com/"
"","crosseyedninja","https://www.google.com/"
"","crossreference","https://www.google.com/"
"","crossroadsedge","https://www.google.com/"
"","crot69","https://www.google.com/"
