"﻿""id""","read","recommended"
"","18-old-pussy","https://www.google.com/"
"","18oncam","https://www.google.com/"
"","18onlybabes","https://www.google.com/"
"","18onlygirls","https://www.google.com/"
"","18onlygirlsdiscount","https://www.google.com/"
"","18only","https://www.google.com/"
"","18onlyteengirlz","https://www.google.com/"
"","18onlytube","https://www.google.com/"
"","18paradise","https://www.google.com/"
"","18passport","https://www.google.com/"
"","18pervers","https://www.google.com/"
"","18petite","https://www.google.com/"
"","18phd","https://www.google.com/"
"","18photos","https://www.google.com/"
"","18pictures","https://www.google.com/"
"","18pixels","https://www.google.com/"
"","18pl","https://www.google.com/"
"","18plusbegin","https://www.google.com/"
"","18plusclub","https://www.google.com/"
"","18plus","https://www.google.com/"
"","18plusdate","https://www.google.com/"
"","18plusfilmpjes","https://www.google.com/"
"","18plusfilms","https://www.google.com/"
"","18plusgalleries","https://www.google.com/"
"","18plusgames","https://www.google.com/"
"","18plushumor","https://www.google.com/"
"","18pluskoopjes","https://www.google.com/"
"","18pluslinks","https://www.google.com/"
"","18plusmovies","https://www.google.com/"
"","18-plus","https://www.google.com/"
"","18plussexcams","https://www.google.com/"
"","18plussex","https://www.google.com/"
"","18plusstream","https://www.google.com/"
"","18plusteens","https://www.google.com/"
"","18plusverhalen","https://www.google.com/"
"","18-plusvideo","https://www.google.com/"
"","18pluswebcamsex","https://www.google.com/"
"","18pluswebcams","https://www.google.com/"
"","18pluswinkel","https://www.google.com/"
"","18plusworld","https://www.google.com/"
"","18pornhd","https://www.google.com/"
"","18porn","https://www.google.com/"
"","18-porn","https://www.google.com/"
"","18porno","https://www.google.com/"
"","18pornotv","https://www.google.com/"
"","18pornsex","https://www.google.com/"
"","18pornshow","https://www.google.com/"
"","18pornvideos","https://www.google.com/"
"","18pov","https://www.google.com/"
"","18privat","https://www.google.com/"
"","18pt","https://www.google.com/"
"","18pussyclub","https://www.google.com/"
"","18pussy","https://www.google.com/"
"","18pussysex","https://www.google.com/"
"","18qt","https://www.google.com/"
"","18real","https://www.google.com/"
"","18-schoolgirlz","https://www.google.com/"
"","18school-girlz","https://www.google.com/"
"","18schoolgirlz","https://www.google.com/"
"","18secrets","https://www.google.com/"
"","18sexcam","https://www.google.com/"
"","18sexcams","https://www.google.com/"
"","18sexchat","https://www.google.com/"
"","18sexdate","https://www.google.com/"
"","18sexmovies","https://www.google.com/"
"","18sex","https://www.google.com/"
"","18sexo","https://www.google.com/"
"","18sextime","https://www.google.com/"
"","18sex-tube","https://www.google.com/"
"","18sextube","https://www.google.com/"
"","18-sex","https://www.google.com/"
"","18sexvod","https://www.google.com/"
"","18sexyasians","https://www.google.com/"
"","18sexyteengirls","https://www.google.com/"
"","18shame","https://www.google.com/"
"","18shu","https://www.google.com/"
"","18sister","https://www.google.com/"
"","18sluts","https://www.google.com/"
"","18s","https://www.google.com/"
"","18stream","https://www.google.com/"
"","18sweetteens","https://www.google.com/"
"","18taiwan","https://www.google.com/"
"","18teenbigtits","https://www.google.com/"
"","18teenblowjob","https://www.google.com/"
"","18teenblowjobs","https://www.google.com/"
"","18teenboysex","https://www.google.com/"
"","18teenboys","https://www.google.com/"
"","18teencore","https://www.google.com/"
"","18teencutie","https://www.google.com/"
"","18teenerotic","https://www.google.com/"
"","18teenfuck","https://www.google.com/"
"","18teenfuckmovie","https://www.google.com/"
"","18teengirlporn","https://www.google.com/"
"","18teen-girls","https://www.google.com/"
"","18teengirls","https://www.google.com/"
"","18teengirlsporn","https://www.google.com/"
"","18teenieshub","https://www.google.com/"
"","18teenland","https://www.google.com/"
"","18teenlive","https://www.google.com/"
"","18teenmasturbation","https://www.google.com/"
