"﻿""id""","read","recommended"
"","frayerblogpost","https://www.google.com/"
"","fr-bb","https://www.google.com/"
"","fr-be","https://www.google.com/"
"","frcams","https://www.google.com/"
"","fr-ca","https://www.google.com/"
"","fr-ch","https://www.google.com/"
"","fr-cul","https://www.google.com/"
"","freakaid","https://www.google.com/"
"","freakbucks","https://www.google.com/"
"","freakbukkake","https://www.google.com/"
"","freakclub","https://www.google.com/"
"","freakclubwear","https://www.google.com/"
"","freakdaddyforum","https://www.google.com/"
"","freakdaddys","https://www.google.com/"
"","freakden","https://www.google.com/"
"","freakers","https://www.google.com/"
"","freakgals","https://www.google.com/"
"","freakgrannyporn","https://www.google.com/"
"","freakhole","https://www.google.com/"
"","freakiness","https://www.google.com/"
"","freakin","https://www.google.com/"
"","freakishcocks","https://www.google.com/"
"","freakjunction","https://www.google.com/"
"","freakmommas","https://www.google.com/"
"","freakmonstercocks","https://www.google.com/"
"","freaknfunny","https://www.google.com/"
"","freakofboobs","https://www.google.com/"
"","freakofcocks","https://www.google.com/"
"","freakolla","https://www.google.com/"
"","freaks","https://www.google.com/"
"","freaksex","https://www.google.com/"
"","freakshare","https://www.google.com/"
"","freakshow","https://www.google.com/"
"","freaks-inside","https://www.google.com/"
"","freaksinside","https://www.google.com/"
"","freaksofboobs","https://www.google.com/"
"","freaksofboobstgp","https://www.google.com/"
"","freaksofcock1","https://www.google.com/"
"","freaksofcock6","https://www.google.com/"
"","freaksofcock","https://www.google.com/"
"","freaksofcockcum","https://www.google.com/"
"","freaksofnature","https://www.google.com/"
"","freaksofphonesex","https://www.google.com/"
"","freaksofporn","https://www.google.com/"
"","freaksoncam","https://www.google.com/"
"","freakspankings","https://www.google.com/"
"","freaksupport","https://www.google.com/"
"","freakthumbs","https://www.google.com/"
"","freakush","https://www.google.com/"
"","freakwire","https://www.google.com/"
"","freakyasians","https://www.google.com/"
"","freakybitches","https://www.google.com/"
"","freakybooty","https://www.google.com/"
"","freakybuddy","https://www.google.com/"
"","freakycelebs","https://www.google.com/"
"","freakydeak","https://www.google.com/"
"","freakydeakygifs","https://www.google.com/"
"","freakydink","https://www.google.com/"
"","freakydoctor","https://www.google.com/"
"","freakyds","https://www.google.com/"
"","freakyebony","https://www.google.com/"
"","freakyfetishphonesex","https://www.google.com/"
"","freakyfiona","https://www.google.com/"
"","freakyfridayfuckfest","https://www.google.com/"
"","freakygayporn","https://www.google.com/"
"","freakygranny","https://www.google.com/"
"","freakyguru","https://www.google.com/"
"","freakyhardcore","https://www.google.com/"
"","freakyjapan","https://www.google.com/"
"","freakykinky","https://www.google.com/"
"","freakyland","https://www.google.com/"
"","freakylove","https://www.google.com/"
"","freakymidgets","https://www.google.com/"
"","freakymilfs","https://www.google.com/"
"","freakymoney","https://www.google.com/"
"","freakymovies","https://www.google.com/"
"","freakynasty","https://www.google.com/"
"","freakynylons","https://www.google.com/"
"","freakypanty","https://www.google.com/"
"","freakyphonesex","https://www.google.com/"
"","freakyphonesexgirls","https://www.google.com/"
"","freakyporn","https://www.google.com/"
"","freakypunkass","https://www.google.com/"
"","freakyslutsmovies","https://www.google.com/"
"","freakysteve","https://www.google.com/"
"","freakytranny","https://www.google.com/"
"","freakytube","https://www.google.com/"
"","freakywhores","https://www.google.com/"
"","freakyyoung","https://www.google.com/"
"","freakzofcock","https://www.google.com/"
"","frechdachs-bondage","https://www.google.com/"
"","frecheladys","https://www.google.com/"
"","freckledporn","https://www.google.com/"
"","fred-art","https://www.google.com/"
"","fredd38","https://www.google.com/"
"","freddy18","https://www.google.com/"
"","freddyandeddy","https://www.google.com/"
"","frederique","https://www.google.com/"
"","fredscampingshack","https://www.google.com/"
"","fredsoftwares","https://www.google.com/"
