"﻿""id""","read","recommended"
"","bustybaby","https://www.google.com/"
"","bustybabydolls","https://www.google.com/"
"","bustybabydollsvideos","https://www.google.com/"
"","bustybabysitters","https://www.google.com/"
"","bustybadgirls","https://www.google.com/"
"","bustyballoonbabes","https://www.google.com/"
"","bustybangkokescorts","https://www.google.com/"
"","bustybarbi","https://www.google.com/"
"","bustybarn","https://www.google.com/"
"","bustybartenders","https://www.google.com/"
"","bustybay","https://www.google.com/"
"","bustybbw","https://www.google.com/"
"","bustybbwmonique","https://www.google.com/"
"","bustybbws","https://www.google.com/"
"","busty","https://www.google.com/"
"","bustybeautie","https://www.google.com/"
"","busty-beauties","https://www.google.com/"
"","bustybeauties","https://www.google.com/"
"","bustybeauty","https://www.google.com/"
"","bustybeautys","https://www.google.com/"
"","bustybelle","https://www.google.com/"
"","bustybigtitescorts","https://www.google.com/"
"","bustybigtits8","https://www.google.com/"
"","bustybitch","https://www.google.com/"
"","bustybitches","https://www.google.com/"
"","busty-bitch","https://www.google.com/"
"","bustyblack","https://www.google.com/"
"","bustyblacks","https://www.google.com/"
"","bustyblackwoman","https://www.google.com/"
"","bustyblackwomen","https://www.google.com/"
"","bustyblake","https://www.google.com/"
"","bustyblisss","https://www.google.com/"
"","bustyblog","https://www.google.com/"
"","bustyblogger","https://www.google.com/"
"","bustyblondemilf","https://www.google.com/"
"","bustyblondes1","https://www.google.com/"
"","bustyblondes","https://www.google.com/"
"","bustyblondes","https://www.google.com/"
"","bustyblondewhores","https://www.google.com/"
"","bustyblonds","https://www.google.com/"
"","bustybloom","https://www.google.com/"
"","bustyboard","https://www.google.com/"
"","bustybombshell","https://www.google.com/"
"","bustybra","https://www.google.com/"
"","bustybreasts","https://www.google.com/"
"","bustybrianna","https://www.google.com/"
"","bustybri","https://www.google.com/"
"","bustybride","https://www.google.com/"
"","busty-britain","https://www.google.com/"
"","bustybritain","https://www.google.com/"
"","bustybritishwomen","https://www.google.com/"
"","bustybritney","https://www.google.com/"
"","bustybrits","https://www.google.com/"
"","bustybroads","https://www.google.com/"
"","bustybrunettes-1","https://www.google.com/"
"","bustybryci","https://www.google.com/"
"","bustybucks","https://www.google.com/"
"","bustybuffy","https://www.google.com/"
"","bustybunch","https://www.google.com/"
"","bustybunny","https://www.google.com/"
"","busty-cafe","https://www.google.com/"
"","bustycafe","https://www.google.com/"
"","bustycam2cam","https://www.google.com/"
"","bustycamgirl","https://www.google.com/"
"","bustycams","https://www.google.com/"
"","bustycandy","https://www.google.com/"
"","busty-carly-parker","https://www.google.com/"
"","bustycasey","https://www.google.com/"
"","bustycats2","https://www.google.com/"
"","bustycats","https://www.google.com/"
"","bustycelebrities","https://www.google.com/"
"","bustycheerleaders","https://www.google.com/"
"","bustychicas","https://www.google.com/"
"","bustychic","https://www.google.com/"
"","bustychick","https://www.google.com/"
"","busty-chicks","https://www.google.com/"
"","bustychocolate","https://www.google.com/"
"","bustychristy","https://www.google.com/"
"","bustycity","https://www.google.com/"
"","bustyclassics","https://www.google.com/"
"","bustyclub","https://www.google.com/"
"","bustycock","https://www.google.com/"
"","bustycocksuckers","https://www.google.com/"
"","bustycoeds","https://www.google.com/"
"","bustycoedsnude","https://www.google.com/"
"","bustycollegecoeds","https://www.google.com/"
"","bustycollegegirls","https://www.google.com/"
"","bustycollegevideos","https://www.google.com/"
"","bustycookie","https://www.google.com/"
"","bustycops","https://www.google.com/"
"","bustycumshots","https://www.google.com/"
"","bustycurves","https://www.google.com/"
"","bustycuties","https://www.google.com/"
"","bustydaily","https://www.google.com/"
"","bustydakotalondon","https://www.google.com/"
"","bustydanniashe","https://www.google.com/"
"","bustydaphne","https://www.google.com/"
"","busty-date","https://www.google.com/"
"","bustydates","https://www.google.com/"
"","bustydating","https://www.google.com/"
