"﻿""id""","read","recommended"
"","clubedosdesocupados","https://www.google.com/"
"","clubedosexo","https://www.google.com/"
"","clubedospauzudos","https://www.google.com/"
"","clubedosvideos","https://www.google.com/"
"","clubegames","https://www.google.com/"
"","clubeighteen","https://www.google.com/"
"","clubeighteens","https://www.google.com/"
"","clubelainaraye","https://www.google.com/"
"","clubelegantangel","https://www.google.com/"
"","clubelena","https://www.google.com/"
"","clubelenaheiress","https://www.google.com/"
"","clubelenarivera","https://www.google.com/"
"","clubellamilano","https://www.google.com/"
"","clubellealexandra","https://www.google.com/"
"","club-emilyaddison","https://www.google.com/"
"","clubemilyparker","https://www.google.com/"
"","clubemmamae","https://www.google.com/"
"","club-emmanuelle","https://www.google.com/"
"","clubemmanuellelondon","https://www.google.com/"
"","clubemmared","https://www.google.com/"
"","clubemmastarr","https://www.google.com/"
"","clubemyreyes","https://www.google.com/"
"","clubeporno","https://www.google.com/"
"","cluberica","https://www.google.com/"
"","clubericafontes","https://www.google.com/"
"","cluberinavery","https://www.google.com/"
"","cluberinchase","https://www.google.com/"
"","cluberinstone","https://www.google.com/"
"","club-erotica","https://www.google.com/"
"","cluberotica","https://www.google.com/"
"","cluberotico","https://www.google.com/"
"","club-erotik-24h","https://www.google.com/"
"","cluberotika","https://www.google.com/"
"","cluberotique","https://www.google.com/"
"","club-escort","https://www.google.com/"
"","clubesmilee","https://www.google.com/"
"","clubesperanzagomez","https://www.google.com/"
"","clubest","https://www.google.com/"
"","clubeurocasino","https://www.google.com/"
"","club-evaangelina","https://www.google.com/"
"","clubeva","https://www.google.com/"
"","clubevaellington","https://www.google.com/"
"","clubevakarera","https://www.google.com/"
"","clubeveangel","https://www.google.com/"
"","club-eve","https://www.google.com/"
"","club-evelaurence","https://www.google.com/"
"","clubevelynlin","https://www.google.com/"
"","clubevemadison","https://www.google.com/"
"","clubeviedellatossa","https://www.google.com/"
"","clubevilynfierce","https://www.google.com/"
"","club-excellent","https://www.google.com/"
"","clubexcuseme","https://www.google.com/"
"","club-express","https://www.google.com/"
"","clubextacy","https://www.google.com/"
"","club-extasia","https://www.google.com/"
"","clubfaithleon","https://www.google.com/"
"","clubfantasies","https://www.google.com/"
"","club-fantasy","https://www.google.com/"
"","clubfayereagan","https://www.google.com/"
"","clubfayerunaway","https://www.google.com/"
"","clubfelicityfey","https://www.google.com/"
"","club-fellation","https://www.google.com/"
"","clubfem","https://www.google.com/"
"","clubfemdomfetish","https://www.google.com/"
"","clubfemmesmatures","https://www.google.com/"
"","clubfessee","https://www.google.com/"
"","clubfetich","https://www.google.com/"
"","clubfetish","https://www.google.com/"
"","club-fetish","https://www.google.com/"
"","clubflashers","https://www.google.com/"
"","club-flirtline","https://www.google.com/"
"","club","https://www.google.com/"
"","clubfrancescale","https://www.google.com/"
"","clubfranceskajaimes","https://www.google.com/"
"","clubfranziskafacella","https://www.google.com/"
"","clubfree","https://www.google.com/"
"","clubfreshmen","https://www.google.com/"
"","club-froehlich","https://www.google.com/"
"","clubfruitdelapassion","https://www.google.com/"
"","clubfuehrer","https://www.google.com/"
"","clubgabriellapaltrova","https://www.google.com/"
"","clubgalleries","https://www.google.com/"
"","clubgangbang","https://www.google.com/"
"","club-gay","https://www.google.com/"
"","club-geheimtipp","https://www.google.com/"
"","clubgemini","https://www.google.com/"
"","clubgeorgiajones","https://www.google.com/"
"","clubgiadimarco","https://www.google.com/"
"","clubgiannafoxxx","https://www.google.com/"
"","clubgiannalynn","https://www.google.com/"
"","club-giannamichaels","https://www.google.com/"
"","clubgiasteel","https://www.google.com/"
"","clubgigirivera","https://www.google.com/"
"","clubginajolie","https://www.google.com/"
"","club-ginalynn","https://www.google.com/"
"","clubgingerblaze","https://www.google.com/"
"","club-girls","https://www.google.com/"
"","clubgisellemonet","https://www.google.com/"
"","clubgisselle","https://www.google.com/"
"","clubglamour","https://www.google.com/"
