"﻿""id""","read","recommended"
"","jake","https://www.google.com/"
"","jakemalone","https://www.google.com/"
"","jakemaloneonline","https://www.google.com/"
"","jakemovies","https://www.google.com/"
"","jakepays","https://www.google.com/"
"","jakesjokes","https://www.google.com/"
"","jakesporn","https://www.google.com/"
"","jakessneaks","https://www.google.com/"
"","jakesxxx","https://www.google.com/"
"","jakez","https://www.google.com/"
"","jak","https://www.google.com/"
"","jakporn","https://www.google.com/"
"","jalbum","https://www.google.com/"
"","jalf","https://www.google.com/"
"","jalifstudio","https://www.google.com/"
"","jallu","https://www.google.com/"
"","jaltoid","https://www.google.com/"
"","jamaicanthrob","https://www.google.com/"
"","jamaicavids","https://www.google.com/"
"","jamais-trop-gros","https://www.google.com/"
"","jamaistropgros","https://www.google.com/"
"","jambababes","https://www.google.com/"
"","jamba","https://www.google.com/"
"","jamboroo","https://www.google.com/"
"","jambotube","https://www.google.com/"
"","jamen","https://www.google.com/"
"","jamesanime","https://www.google.com/"
"","jamesbertonivideos","https://www.google.com/"
"","jamesbondmm","https://www.google.com/"
"","jamesdeenblog","https://www.google.com/"
"","jamesdeen","https://www.google.com/"
"","jamesdeenstore","https://www.google.com/"
"","jamesdot","https://www.google.com/"
"","jameselliott","https://www.google.com/"
"","jameslightbown","https://www.google.com/"
"","jamesmacko","https://www.google.com/"
"","jamestaylorgallery","https://www.google.com/"
"","jamforlife","https://www.google.com/"
"","jamhole","https://www.google.com/"
"","jam-hot","https://www.google.com/"
"","jamiecoxx","https://www.google.com/"
"","jamie-hammer","https://www.google.com/"
"","jamiemichellelive","https://www.google.com/"
"","jamiesax","https://www.google.com/"
"","jamiesfetish","https://www.google.com/"
"","jamies-galleries","https://www.google.com/"
"","jamieshotlegs","https://www.google.com/"
"","jamiesummersxxx","https://www.google.com/"
"","jamiesxxxworld","https://www.google.com/"
"","jamievalentine","https://www.google.com/"
"","jamie-young","https://www.google.com/"
"","jamjam","https://www.google.com/"
"","jammproductionsbondage","https://www.google.com/"
"","jammyporn","https://www.google.com/"
"","jammysex","https://www.google.com/"
"","jammysfreelinks","https://www.google.com/"
"","jam","https://www.google.com/"
"","jamonas","https://www.google.com/"
"","jamonudas","https://www.google.com/"
"","jamo","https://www.google.com/"
"","jamyewaxman","https://www.google.com/"
"","janabach","https://www.google.com/"
"","janacam","https://www.google.com/"
"","jana-cova","https://www.google.com/"
"","janacovanude","https://www.google.com/"
"","janaescort","https://www.google.com/"
"","janafeet","https://www.google.com/"
"","janalinks","https://www.google.com/"
"","janamiartusova","https://www.google.com/"
"","janarocks","https://www.google.com/"
"","janasupermodel","https://www.google.com/"
"","janb","https://www.google.com/"
"","janbik","https://www.google.com/"
"","janburton","https://www.google.com/"
"","jandmstars","https://www.google.com/"
"","janeanddanny","https://www.google.com/"
"","janeburgess","https://www.google.com/"
"","janedarlingxxx","https://www.google.com/"
"","janedoelatex","https://www.google.com/"
"","janehunt","https://www.google.com/"
"","janeinar","https://www.google.com/"
"","jane-janebond","https://www.google.com/"
"","janemarie","https://www.google.com/"
"","janenet","https://www.google.com/"
"","janesblonde","https://www.google.com/"
"","janescam","https://www.google.com/"
"","janesgallery","https://www.google.com/"
"","janesguide","https://www.google.com/"
"","janessajordan","https://www.google.com/"
"","janesstockingsandfeet","https://www.google.com/"
"","janesthumbs","https://www.google.com/"
"","janetcharlton","https://www.google.com/"
"","janetcharltonshollywood","https://www.google.com/"
"","janet-exposed","https://www.google.com/"
"","janetlupo","https://www.google.com/"
"","janetmasonmilf","https://www.google.com/"
"","janette","https://www.google.com/"
"","janettube","https://www.google.com/"
"","jane","https://www.google.com/"
"","janey","https://www.google.com/"
