"﻿""id""","read","recommended"
"","free-tugjobs","https://www.google.com/"
"","freeturkishporntube","https://www.google.com/"
"","freetwat","https://www.google.com/"
"","freetwinkporn","https://www.google.com/"
"","freetwinkspass","https://www.google.com/"
"","freetwinksphoto","https://www.google.com/"
"","freetwinksworld","https://www.google.com/"
"","freetwinktube","https://www.google.com/"
"","freetzi","https://www.google.com/"
"","freeuk","https://www.google.com/"
"","freeukdatingsites","https://www.google.com/"
"","free-uk-doggers","https://www.google.com/"
"","free-uk-sex-contacts","https://www.google.com/"
"","free-uk-swingers","https://www.google.com/"
"","freeunixhost","https://www.google.com/"
"","freeup","https://www.google.com/"
"","freeupskirt","https://www.google.com/"
"","freeupskirttgp","https://www.google.com/"
"","freeupskirtvoyeur","https://www.google.com/"
"","freeusefantasy","https://www.google.com/"
"","free-usenet","https://www.google.com/"
"","freeuseporn","https://www.google.com/"
"","free-vide0","https://www.google.com/"
"","freevidea","https://www.google.com/"
"","freevideo247","https://www.google.com/"
"","freevideoarchiv","https://www.google.com/"
"","freevideobase","https://www.google.com/"
"","freevideocams","https://www.google.com/"
"","freevideochat","https://www.google.com/"
"","freevideochatlive","https://www.google.com/"
"","freevideo","https://www.google.com/"
"","freevideo-foto","https://www.google.com/"
"","freevideofucking","https://www.google.com/"
"","freevideogay","https://www.google.com/"
"","freevideopoker","https://www.google.com/"
"","freevideoporn","https://www.google.com/"
"","free-video-porn","https://www.google.com/"
"","free-video-porno","https://www.google.com/"
"","freevideopornxxx","https://www.google.com/"
"","freevideos","https://www.google.com/"
"","freevideosexchat","https://www.google.com/"
"","freevideosex","https://www.google.com/"
"","freevideoshere","https://www.google.com/"
"","freevideosporno","https://www.google.com/"
"","freevideostube","https://www.google.com/"
"","free-videos","https://www.google.com/"
"","freevideotube","https://www.google.com/"
"","freevideox","https://www.google.com/"
"","free-video","https://www.google.com/"
"","freevidgals","https://www.google.com/"
"","free-vids","https://www.google.com/"
"","freevidsporn","https://www.google.com/"
"","freeview-bdsm","https://www.google.com/"
"","freeview-femdom","https://www.google.com/"
"","freeviewmovies","https://www.google.com/"
"","free-vintage","https://www.google.com/"
"","free-vintage-erotica","https://www.google.com/"
"","freevintagegallery","https://www.google.com/"
"","freevintageporn","https://www.google.com/"
"","free-vintage-sex","https://www.google.com/"
"","free-vintage-xxx","https://www.google.com/"
"","freevintagexxx","https://www.google.com/"
"","freevipporn","https://www.google.com/"
"","free-vms","https://www.google.com/"
"","freevoyeurcam","https://www.google.com/"
"","freevoyeurfilm","https://www.google.com/"
"","freevoyeurism","https://www.google.com/"
"","freevoyeurnude","https://www.google.com/"
"","freevoyeuronline","https://www.google.com/"
"","freevoyeursexcam","https://www.google.com/"
"","freevoyeursexcamera","https://www.google.com/"
"","freevoyeursex","https://www.google.com/"
"","freevoyeursexphoto","https://www.google.com/"
"","freevoyeursexpics","https://www.google.com/"
"","freevoyeursexpictures","https://www.google.com/"
"","freevoyeurtube","https://www.google.com/"
"","freevoyeurxxx","https://www.google.com/"
"","free-wallpaper-download","https://www.google.com/"
"","freewallpapers","https://www.google.com/"
"","free-wap-tube","https://www.google.com/"
"","freewarechannel","https://www.google.com/"
"","freewatchcams","https://www.google.com/"
"","freewebcambabes","https://www.google.com/"
"","freewebcam","https://www.google.com/"
"","free-webcam-girls","https://www.google.com/"
"","free-webcam-live","https://www.google.com/"
"","freewebcampasswords","https://www.google.com/"
"","freewebcamporn","https://www.google.com/"
"","freewebcampornvideos","https://www.google.com/"
"","free-webcams","https://www.google.com/"
"","freewebcams","https://www.google.com/"
"","free-webcamsex","https://www.google.com/"
"","freewebcamsex","https://www.google.com/"
"","free-web-cam-sex","https://www.google.com/"
"","freewebcamsfan","https://www.google.com/"
"","free-webcams-live","https://www.google.com/"
"","free-web-cams","https://www.google.com/"
"","freewebcamsonline","https://www.google.com/"
"","freewebcamspot","https://www.google.com/"
"","freewebcamtube","https://www.google.com/"
