"﻿""id""","read","recommended"
"","animal-porno","https://www.google.com/"
"","animalpornos","https://www.google.com/"
"","animalpornotube","https://www.google.com/"
"","animalpornstudio","https://www.google.com/"
"","animalporn","https://www.google.com/"
"","animal-porn-tube","https://www.google.com/"
"","animal-porntube","https://www.google.com/"
"","animalporntube","https://www.google.com/"
"","animalpornvideos","https://www.google.com/"
"","animal-porn-xxx","https://www.google.com/"
"","animalpornxxx","https://www.google.com/"
"","animalpost","https://www.google.com/"
"","animalpussy","https://www.google.com/"
"","animalrank","https://www.google.com/"
"","animalrating","https://www.google.com/"
"","animalrippers","https://www.google.com/"
"","animalseks","https://www.google.com/"
"","animalsex1","https://www.google.com/"
"","animalsex365","https://www.google.com/"
"","animalsex4u","https://www.google.com/"
"","animalsex","https://www.google.com/"
"","animalsexbrazil","https://www.google.com/"
"","animal-sex-clips","https://www.google.com/"
"","animalsex-clips","https://www.google.com/"
"","animalsexclips","https://www.google.com/"
"","animalsexdb","https://www.google.com/"
"","animalsexfilms","https://www.google.com/"
"","animalsexfree","https://www.google.com/"
"","animalsexgay","https://www.google.com/"
"","animalsexhere","https://www.google.com/"
"","animalsexhost","https://www.google.com/"
"","animal-sex","https://www.google.com/"
"","animalsexlist","https://www.google.com/"
"","animalsexlovers","https://www.google.com/"
"","animalsexmania","https://www.google.com/"
"","animal-sex-movie","https://www.google.com/"
"","animalsexnews","https://www.google.com/"
"","animalsexporn","https://www.google.com/"
"","animal-sex-porno","https://www.google.com/"
"","animalsexporntube","https://www.google.com/"
"","animalsexpornxxxmovies","https://www.google.com/"
"","animalsexscene","https://www.google.com/"
"","animal-sex-stories","https://www.google.com/"
"","animalsextaboo","https://www.google.com/"
"","animalsex-top","https://www.google.com/"
"","animalsextoy","https://www.google.com/"
"","animalsextremesex","https://www.google.com/"
"","animalsex-tube","https://www.google.com/"
"","animalsextube","https://www.google.com/"
"","animalsextv","https://www.google.com/"
"","animalsexverhaal","https://www.google.com/"
"","animalsexvideo","https://www.google.com/"
"","animal-sex-videos","https://www.google.com/"
"","animal-sex-web","https://www.google.com/"
"","animalsexxx","https://www.google.com/"
"","animalsfree","https://www.google.com/"
"","animalshavingsex","https://www.google.com/"
"","animal-sluts","https://www.google.com/"
"","animalsporn","https://www.google.com/"
"","animals-sperm","https://www.google.com/"
"","animal-taboo","https://www.google.com/"
"","animaltaboo","https://www.google.com/"
"","animaltailbuttplugs","https://www.google.com/"
"","animaltoplist","https://www.google.com/"
"","animaltour","https://www.google.com/"
"","animaltraffic","https://www.google.com/"
"","animaltubevideo","https://www.google.com/"
"","animalxnxx","https://www.google.com/"
"","animalxvideos","https://www.google.com/"
"","animalxxxporn","https://www.google.com/"
"","animalxxxsexmovies","https://www.google.com/"
"","animalyouporn","https://www.google.com/"
"","animal-zilla","https://www.google.com/"
"","animalzoo","https://www.google.com/"
"","animalzoofrance","https://www.google.com/"
"","animalzooporn","https://www.google.com/"
"","animalzoosex","https://www.google.com/"
"","animanga","https://www.google.com/"
"","animanganetgate","https://www.google.com/"
"","animate","https://www.google.com/"
"","animatedkamasutra","https://www.google.com/"
"","animatedkink","https://www.google.com/"
"","animatedpornblog","https://www.google.com/"
"","animatedpornpics","https://www.google.com/"
"","animatedvids","https://www.google.com/"
"","animateit","https://www.google.com/"
"","animationhouse","https://www.google.com/"
"","animationporn","https://www.google.com/"
"","animationsimade","https://www.google.com/"
"","animationx","https://www.google.com/"
"","animatriceporno","https://www.google.com/"
"","animaxxx","https://www.google.com/"
"","anime100","https://www.google.com/"
"","anime18","https://www.google.com/"
"","anime2006","https://www.google.com/"
"","anime4adults","https://www.google.com/"
"","anime789","https://www.google.com/"
"","animeaction","https://www.google.com/"
"","anime-adult-pics","https://www.google.com/"
"","animeadventurers","https://www.google.com/"
