"﻿""id""","read","recommended"
"","extrait2porno","https://www.google.com/"
"","extrait-amateur","https://www.google.com/"
"","extrait-amateurs","https://www.google.com/"
"","extrait-de-films-x","https://www.google.com/"
"","extrait-de-salope","https://www.google.com/"
"","extraitgay","https://www.google.com/"
"","extrait-gros-seins","https://www.google.com/"
"","extrait-porno","https://www.google.com/"
"","extraits-amateurs","https://www.google.com/"
"","extraitsdefilmdecul","https://www.google.com/"
"","extraitsdefilmporno","https://www.google.com/"
"","extraitsdevideos","https://www.google.com/"
"","extrait-sexe-hard","https://www.google.com/"
"","extraits-gratuits","https://www.google.com/"
"","extraits-gratuits-porno","https://www.google.com/"
"","extraitshard","https://www.google.com/"
"","extraits-hards","https://www.google.com/"
"","extraits","https://www.google.com/"
"","extraits-porno","https://www.google.com/"
"","extraitssexe","https://www.google.com/"
"","extraits-sexy","https://www.google.com/"
"","extraits-videos-gays","https://www.google.com/"
"","extraits-xgratuit","https://www.google.com/"
"","extraitvideo","https://www.google.com/"
"","extrait-videos-gratuit","https://www.google.com/"
"","extrait-video-x","https://www.google.com/"
"","extraitx","https://www.google.com/"
"","extraitxhard","https://www.google.com/"
"","extrajapaneseporn","https://www.google.com/"
"","extraklick","https://www.google.com/"
"","extralargebabes","https://www.google.com/"
"","extralargeloving","https://www.google.com/"
"","extralargenipples","https://www.google.com/"
"","extralunchmoney","https://www.google.com/"
"","extrama","https://www.google.com/"
"","extramilf","https://www.google.com/"
"","extranasty","https://www.google.com/"
"","extrapain","https://www.google.com/"
"","extraparty","https://www.google.com/"
"","extrapics","https://www.google.com/"
"","extrapissing","https://www.google.com/"
"","extraporn","https://www.google.com/"
"","extraporntube","https://www.google.com/"
"","extrapost","https://www.google.com/"
"","extrarape","https://www.google.com/"
"","extrasex","https://www.google.com/"
"","extrasexshop","https://www.google.com/"
"","extrasexy","https://www.google.com/"
"","extrasia","https://www.google.com/"
"","extrasmallbigdicks","https://www.google.com/"
"","extrateenporn","https://www.google.com/"
"","extrathumbs","https://www.google.com/"
"","extratorrent","https://www.google.com/"
"","extratorrents-cc","https://www.google.com/"
"","extra-traffic","https://www.google.com/"
"","extravaganza","https://www.google.com/"
"","extravaganza-escort","https://www.google.com/"
"","extravaganze","https://www.google.com/"
"","extra-videos","https://www.google.com/"
"","extravids","https://www.google.com/"
"","extra-x","https://www.google.com/"
"","extraxporn","https://www.google.com/"
"","extraxtra","https://www.google.com/"
"","extraxxx","https://www.google.com/"
"","extra-xxx","https://www.google.com/"
"","extreamebooty","https://www.google.com/"
"","extreembb","https://www.google.com/"
"","extreemfilms","https://www.google.com/"
"","extreemgeil","https://www.google.com/"
"","extreemgrotelullen","https://www.google.com/"
"","extreemlive","https://www.google.com/"
"","extreemneuken","https://www.google.com/"
"","extreem","https://www.google.com/"
"","extreempervers","https://www.google.com/"
"","extreemplaza","https://www.google.com/"
"","extreemseks","https://www.google.com/"
"","extreemsex","https://www.google.com/"
"","extremal-asians","https://www.google.com/"
"","extremal-board","https://www.google.com/"
"","extremals","https://www.google.com/"
"","extrem-anal-fisting","https://www.google.com/"
"","extremanal","https://www.google.com/"
"","extrem-anal-sex","https://www.google.com/"
"","extremarrogant","https://www.google.com/"
"","extrembdsm","https://www.google.com/"
"","extrembehaart","https://www.google.com/"
"","extrem-behaart","https://www.google.com/"
"","extrem-bizarr","https://www.google.com/"
"","extremblasen","https://www.google.com/"
"","extrem-bondage","https://www.google.com/"
"","extrembondage","https://www.google.com/"
"","extremcams","https://www.google.com/"
"","extrem-casting","https://www.google.com/"
"","extrem-cumshot","https://www.google.com/"
"","extrem-domina","https://www.google.com/"
"","extreme-18xxx","https://www.google.com/"
"","extreme-3d","https://www.google.com/"
"","extreme3d","https://www.google.com/"
"","extreme66","https://www.google.com/"
"","extremealex","https://www.google.com/"
