"﻿""id""","read","recommended"
"","devonlee","https://www.google.com/"
"","devonmovies","https://www.google.com/"
"","devon-pornstars","https://www.google.com/"
"","devonsbodyshop","https://www.google.com/"
"","devonshirefilms","https://www.google.com/"
"","devonshireproductions","https://www.google.com/"
"","devonshouse","https://www.google.com/"
"","devonsworld","https://www.google.com/"
"","devonxxx","https://www.google.com/"
"","de-vorst","https://www.google.com/"
"","devorst","https://www.google.com/"
"","devosexo","https://www.google.com/"
"","devote","https://www.google.com/"
"","devotedpics","https://www.google.com/"
"","devotedworship","https://www.google.com/"
"","devoteedelites","https://www.google.com/"
"","devote-frau","https://www.google.com/"
"","devote-huren","https://www.google.com/"
"","devote-nutten","https://www.google.com/"
"","devoteschlampe","https://www.google.com/"
"","devote-sexsklavin","https://www.google.com/"
"","devote-sklavin","https://www.google.com/"
"","devote-sklavin-sina","https://www.google.com/"
"","devotionalsex","https://www.google.com/"
"","devot","https://www.google.com/"
"","devour","https://www.google.com/"
"","devporn","https://www.google.com/"
"","devstvenici","https://www.google.com/"
"","devus","https://www.google.com/"
"","devyndevine-38ddd","https://www.google.com/"
"","dewayneinsd","https://www.google.com/"
"","dewo4ek","https://www.google.com/"
"","dewpnt","https://www.google.com/"
"","dexeypaige","https://www.google.com/"
"","dexporn","https://www.google.com/"
"","dexsin","https://www.google.com/"
"","dexterhorn","https://www.google.com/"
"","dextersporn","https://www.google.com/"
"","dezinfo","https://www.google.com/"
"","dezirelingerie","https://www.google.com/"
"","dezyred","https://www.google.com/"
"","df5","https://www.google.com/"
"","dfaf","https://www.google.com/"
"","dfbnetwork","https://www.google.com/"
"","dfilles","https://www.google.com/"
"","dflinks","https://www.google.com/"
"","dfporn","https://www.google.com/"
"","df","https://www.google.com/"
"","dfteens","https://www.google.com/"
"","dfwcams","https://www.google.com/"
"","dfwcards","https://www.google.com/"
"","dfwknight","https://www.google.com/"
"","dgayporn","https://www.google.com/"
"","dgaysex","https://www.google.com/"
"","dgbondage","https://www.google.com/"
"","dgdental","https://www.google.com/"
"","dgdvideo","https://www.google.com/"
"","dgerotik","https://www.google.com/"
"","dgnr8","https://www.google.com/"
"","dg-photos","https://www.google.com/"
"","dgporn","https://www.google.com/"
"","dg-trade","https://www.google.com/"
"","dgtv","https://www.google.com/"
"","dgyouxiang","https://www.google.com/"
"","dh119","https://www.google.com/"
"","dha","https://www.google.com/"
"","dh-adult","https://www.google.com/"
"","dhakacourier","https://www.google.com/"
"","dhblogs","https://www.google.com/"
"","dhdmedia","https://www.google.com/"
"","dh-jiten","https://www.google.com/"
"","dh-park","https://www.google.com/"
"","dhs","https://www.google.com/"
"","dhsphoto","https://www.google.com/"
"","dhtt","https://www.google.com/"
"","di90","https://www.google.com/"
"","diabinhas","https://www.google.com/"
"","diablateen","https://www.google.com/"
"","diablesse","https://www.google.com/"
"","diablesses","https://www.google.com/"
"","diablice","https://www.google.com/"
"","diablix","https://www.google.com/"
"","diabloadult","https://www.google.com/"
"","diabloasians","https://www.google.com/"
"","diablobabes","https://www.google.com/"
"","diablo","https://www.google.com/"
"","diabloporn","https://www.google.com/"
"","diabloporno","https://www.google.com/"
"","diablosinkd","https://www.google.com/"
"","diablosundevils","https://www.google.com/"
"","diabloteen","https://www.google.com/"
"","diablo-trans","https://www.google.com/"
"","diabloxporn","https://www.google.com/"
"","diabolicaldomme","https://www.google.com/"
"","diabolic","https://www.google.com/"
"","diabolicgalleries","https://www.google.com/"
"","diabolicvideo","https://www.google.com/"
"","diabolicweb","https://www.google.com/"
"","diabolosexe","https://www.google.com/"
"","diabpont","https://www.google.com/"
