"﻿""id""","read","recommended"
"","bukkake-movie","https://www.google.com/"
"","bukkakemovie","https://www.google.com/"
"","bukkakemovies","https://www.google.com/"
"","bukkake-mpegs","https://www.google.com/"
"","bukkakenation","https://www.google.com/"
"","bukkakenow","https://www.google.com/"
"","bukkakeorgien","https://www.google.com/"
"","bukkakeorgy","https://www.google.com/"
"","bukkakepages","https://www.google.com/"
"","bukkakeparadise","https://www.google.com/"
"","bukkake-party","https://www.google.com/"
"","bukkakeparty","https://www.google.com/"
"","bukkakepass","https://www.google.com/"
"","bukkakepee","https://www.google.com/"
"","bukkakephotos","https://www.google.com/"
"","bukkake-pictures","https://www.google.com/"
"","bukkakepit","https://www.google.com/"
"","bukkakeplace","https://www.google.com/"
"","bukkake-porn","https://www.google.com/"
"","bukkakeporn","https://www.google.com/"
"","bukkake-porno","https://www.google.com/"
"","bukkakepornsites","https://www.google.com/"
"","bukkakereport","https://www.google.com/"
"","bukkake-sex","https://www.google.com/"
"","bukkake-sexmania","https://www.google.com/"
"","bukkakesexmania","https://www.google.com/"
"","bukkakesex","https://www.google.com/"
"","bukkake-sex-pornos","https://www.google.com/"
"","bukkakeshop","https://www.google.com/"
"","bukkake-site","https://www.google.com/"
"","bukkakesluts","https://www.google.com/"
"","bukkakesquad","https://www.google.com/"
"","bukkaketales","https://www.google.com/"
"","bukkaketampa","https://www.google.com/"
"","bukkaketeens","https://www.google.com/"
"","bukkaketrinity","https://www.google.com/"
"","bukkakeura","https://www.google.com/"
"","bukkake-video","https://www.google.com/"
"","bukkake-videos","https://www.google.com/"
"","bukkakevideos","https://www.google.com/"
"","bukkakevids","https://www.google.com/"
"","bukkakeville","https://www.google.com/"
"","bukkakeweb","https://www.google.com/"
"","bukkakewhores","https://www.google.com/"
"","bukkake-wichsvorlagen","https://www.google.com/"
"","bukkakewomen","https://www.google.com/"
"","bukkakex","https://www.google.com/"
"","bukkake-x","https://www.google.com/"
"","bukkakexxx","https://www.google.com/"
"","bukkakezone","https://www.google.com/"
"","bukkakke","https://www.google.com/"
"","bukumodels","https://www.google.com/"
"","bukutogel","https://www.google.com/"
"","bulaohu","https://www.google.com/"
"","buldiscans","https://www.google.com/"
"","buldogclub","https://www.google.com/"
"","buldog","https://www.google.com/"
"","bulgariamodels","https://www.google.com/"
"","bulgarianbrides","https://www.google.com/"
"","bulgariandating","https://www.google.com/"
"","bulgarian-girl","https://www.google.com/"
"","bulgariasex","https://www.google.com/"
"","bulgayria","https://www.google.com/"
"","bulgereport","https://www.google.com/"
"","bulging-speedos-galleries","https://www.google.com/"
"","bulgy","https://www.google.com/"
"","buliblikk","https://www.google.com/"
"","bulimicas","https://www.google.com/"
"","bulkanalsex","https://www.google.com/"
"","bulkbbw","https://www.google.com/"
"","bulkblacksex","https://www.google.com/"
"","bulkcams","https://www.google.com/"
"","bulkcj","https://www.google.com/"
"","bulkfeet","https://www.google.com/"
"","bulkgals","https://www.google.com/"
"","bulkgays","https://www.google.com/"
"","bulkhardcore","https://www.google.com/"
"","bulkjerk","https://www.google.com/"
"","bulklatinas","https://www.google.com/"
"","bulklesbians","https://www.google.com/"
"","bulkmale","https://www.google.com/"
"","bulk","https://www.google.com/"
"","bulkporn","https://www.google.com/"
"","bulkporntube","https://www.google.com/"
"","bulkshemales","https://www.google.com/"
"","bulksluts","https://www.google.com/"
"","bulkstockings","https://www.google.com/"
"","bulktube","https://www.google.com/"
"","bulkupskirts","https://www.google.com/"
"","bulkvideos","https://www.google.com/"
"","bulkvids","https://www.google.com/"
"","bulkvoyeurs","https://www.google.com/"
"","bulkytube","https://www.google.com/"
"","bulkyweb","https://www.google.com/"
"","bull9","https://www.google.com/"
"","bullaz","https://www.google.com/"
"","bullcam","https://www.google.com/"
"","bullchat","https://www.google.com/"
"","bulldad","https://www.google.com/"
"","bulldogclips","https://www.google.com/"
