"﻿""id""","read","recommended"
"","cum-shots-sites","https://www.google.com/"
"","cumshotstars","https://www.google.com/"
"","cumshotstube247","https://www.google.com/"
"","cumshotsunlimited","https://www.google.com/"
"","cumshotsurprise","https://www.google.com/"
"","cumshotsurprises","https://www.google.com/"
"","cumshotsurprisetgp","https://www.google.com/"
"","cum-shots-video","https://www.google.com/"
"","cumshotswallow","https://www.google.com/"
"","cumshotteen","https://www.google.com/"
"","cumshottgp","https://www.google.com/"
"","cumshotthumbs","https://www.google.com/"
"","cumshotti","https://www.google.com/"
"","cumshottry","https://www.google.com/"
"","cumshottube","https://www.google.com/"
"","cumshotvideos","https://www.google.com/"
"","cumshotvids","https://www.google.com/"
"","cumshotwebcams","https://www.google.com/"
"","cumshotworld","https://www.google.com/"
"","cumshot-x","https://www.google.com/"
"","cumshotx","https://www.google.com/"
"","cumshotxxxdownload","https://www.google.com/"
"","cumshotxxxmag","https://www.google.com/"
"","cumshower","https://www.google.com/"
"","cumshowers","https://www.google.com/"
"","cumshows","https://www.google.com/"
"","cum-shows","https://www.google.com/"
"","cumshow","https://www.google.com/"
"","cumslave","https://www.google.com/"
"","cumslut","https://www.google.com/"
"","cumslutgirls","https://www.google.com/"
"","cumslutkylie","https://www.google.com/"
"","cumslutparty","https://www.google.com/"
"","cumsluts","https://www.google.com/"
"","cumslutworld","https://www.google.com/"
"","cumsmack","https://www.google.com/"
"","cumsoda","https://www.google.com/"
"","cumsohard","https://www.google.com/"
"","cumsoon","https://www.google.com/"
"","cumspace","https://www.google.com/"
"","cumspattered","https://www.google.com/"
"","cumsperm","https://www.google.com/"
"","cumsplashed","https://www.google.com/"
"","cumsquad","https://www.google.com/"
"","cumsquads","https://www.google.com/"
"","cum-squirt","https://www.google.com/"
"","cumsquirter","https://www.google.com/"
"","cumsquirters","https://www.google.com/"
"","cumstars","https://www.google.com/"
"","cumstarvedshemales","https://www.google.com/"
"","cumstation","https://www.google.com/"
"","cumstudz","https://www.google.com/"
"","cumsuck","https://www.google.com/"
"","cumsucker","https://www.google.com/"
"","cumsuckers","https://www.google.com/"
"","cumsuckingbitches","https://www.google.com/"
"","cum-sucking-sluts","https://www.google.com/"
"","cumsuckingsluts","https://www.google.com/"
"","cumsuckingteen","https://www.google.com/"
"","cumsumptioncocktail","https://www.google.com/"
"","cumswallowbabes","https://www.google.com/"
"","cumswallowclips","https://www.google.com/"
"","cumswallow","https://www.google.com/"
"","cumswallower","https://www.google.com/"
"","cumswallowingbabes","https://www.google.com/"
"","cumswallowing","https://www.google.com/"
"","cumswallowinglessons","https://www.google.com/"
"","cumswallowingmovies","https://www.google.com/"
"","cumswallowingsluts","https://www.google.com/"
"","cumswallowteens","https://www.google.com/"
"","cumswap","https://www.google.com/"
"","cumswapguys","https://www.google.com/"
"","cumswaplovers","https://www.google.com/"
"","cumswappers","https://www.google.com/"
"","cum-swap-pics","https://www.google.com/"
"","cumswappingbitches","https://www.google.com/"
"","cumswappingcathy","https://www.google.com/"
"","cumswappingcheerleaders","https://www.google.com/"
"","cumswapping","https://www.google.com/"
"","cumswappingcuties","https://www.google.com/"
"","cumswappingporn","https://www.google.com/"
"","cumswappingtwinks","https://www.google.com/"
"","cumswapsluts","https://www.google.com/"
"","cumsy","https://www.google.com/"
"","cumtasters","https://www.google.com/"
"","cumtax","https://www.google.com/"
"","cumtease","https://www.google.com/"
"","cum-teen","https://www.google.com/"
"","cumthirsty","https://www.google.com/"
"","cumthirstycougars","https://www.google.com/"
"","cum-thirsty-girls","https://www.google.com/"
"","cumtit","https://www.google.com/"
"","cumtobun","https://www.google.com/"
"","cumtomyass","https://www.google.com/"
"","cumtomymouth","https://www.google.com/"
"","cumtonight","https://www.google.com/"
"","cumtoons","https://www.google.com/"
"","cumtoporn","https://www.google.com/"
"","cumtoys","https://www.google.com/"
"","cumtrainer","https://www.google.com/"
