"﻿""id""","read","recommended"
"","gaywargames","https://www.google.com/"
"","gaywatch","https://www.google.com/"
"","gaywave","https://www.google.com/"
"","gay-way","https://www.google.com/"
"","gaywayuser","https://www.google.com/"
"","gaywebcam","https://www.google.com/"
"","gay-webcams","https://www.google.com/"
"","gaywebcams","https://www.google.com/"
"","gaywebcamseks","https://www.google.com/"
"","gaywebcamsexchat","https://www.google.com/"
"","gay-webcam-sex","https://www.google.com/"
"","gaywebcamsexlive","https://www.google.com/"
"","gay-webcamsex","https://www.google.com/"
"","gaywebcamsx","https://www.google.com/"
"","gay-webcam","https://www.google.com/"
"","gaywebcamz","https://www.google.com/"
"","gayweb","https://www.google.com/"
"","gay-web","https://www.google.com/"
"","gaywebmaster","https://www.google.com/"
"","gaywebpages","https://www.google.com/"
"","gaywebsearch","https://www.google.com/"
"","gaywebsite","https://www.google.com/"
"","gaywebsitereviews","https://www.google.com/"
"","gayweekly","https://www.google.com/"
"","gayweiner","https://www.google.com/"
"","gaywelt","https://www.google.com/"
"","gaywhoswho","https://www.google.com/"
"","gaywidewebmasters","https://www.google.com/"
"","gaywinkel","https://www.google.com/"
"","gaywinners","https://www.google.com/"
"","gaywirecash","https://www.google.com/"
"","gaywolftube","https://www.google.com/"
"","gay-women","https://www.google.com/"
"","gayworld","https://www.google.com/"
"","gay-world","https://www.google.com/"
"","gayworldtgp","https://www.google.com/"
"","gayworthy","https://www.google.com/"
"","gaywow","https://www.google.com/"
"","gay-wrestling","https://www.google.com/"
"","gayxcite","https://www.google.com/"
"","gay-xclusive","https://www.google.com/"
"","gayx","https://www.google.com/"
"","gayxjw","https://www.google.com/"
"","gayxl","https://www.google.com/"
"","gayxlive","https://www.google.com/"
"","gayxloadz","https://www.google.com/"
"","gayxmovies","https://www.google.com/"
"","gayxnxx","https://www.google.com/"
"","gayxnxxvideos","https://www.google.com/"
"","gayxperience","https://www.google.com/"
"","gayxpert","https://www.google.com/"
"","gayxporntube","https://www.google.com/"
"","gayxrated","https://www.google.com/"
"","gayxtrem","https://www.google.com/"
"","gay-xtreme","https://www.google.com/"
"","gayxvideos","https://www.google.com/"
"","gayxvod","https://www.google.com/"
"","gayxxnxx","https://www.google.com/"
"","gayxxxass","https://www.google.com/"
"","gayxxx","https://www.google.com/st"
"","gayxxxblog","https://www.google.com/"
"","gayxxxblogs","https://www.google.com/"
"","gayxxxclips","https://www.google.com/"
"","gayxxxclub","https://www.google.com/"
"","gay-xxx","https://www.google.com/"
"","gayxxx","https://www.google.com/"
"","gayxxxdick","https://www.google.com/"
"","gayxxxdirectory","https://www.google.com/"
"","gayxxxdreams","https://www.google.com/"
"","gay-xxx-fetish","https://www.google.com/"
"","gayxxxfuck","https://www.google.com/"
"","gayxxxgay","https://www.google.com/"
"","gayxxxhd","https://www.google.com/"
"","gayxxxhub","https://www.google.com/"
"","gayxxxlist","https://www.google.com/"
"","gayxxxlive","https://www.google.com/"
"","gayxxxmag","https://www.google.com/"
"","gayxxxman","https://www.google.com/"
"","gayxxxmovies","https://www.google.com/"
"","gayxxxmovs","https://www.google.com/"
"","gayxxxorgy","https://www.google.com/"
"","gayxxxpassword","https://www.google.com/"
"","gayxxxperv","https://www.google.com/"
"","gay-xxx-pics","https://www.google.com/"
"","gayxxxpics","https://www.google.com/"
"","gayxxxporn","https://www.google.com/"
"","gayxxxporno","https://www.google.com/"
"","gayxxxporns","https://www.google.com/"
"","gayxxxrated","https://www.google.com/"
"","gayxxxreview","https://www.google.com/"
"","gay-xxx-sex","https://www.google.com/"
"","gayxxxsex","https://www.google.com/"
"","gayxxxsexpics","https://www.google.com/"
"","gayxxxspot","https://www.google.com/"
"","gayxxxtube","https://www.google.com/"
"","gayxxxtv","https://www.google.com/"
"","gayxxxvideo","https://www.google.com/"
"","gayxxxvids","https://www.google.com/"
"","gayxxxx","https://www.google.com/"
"","gayxxxzone","https://www.google.com/"
