"﻿""id""","read","recommended"
"","carola-cott","https://www.google.com/"
"","carolane","https://www.google.com/"
"","carolcox","https://www.google.com/"
"","caroletemetlagaule","https://www.google.com/"
"","carolfoxxx","https://www.google.com/"
"","carol-goldnerova","https://www.google.com/"
"","carolgoldnerova","https://www.google.com/"
"","carolinabdsm","https://www.google.com/"
"","carolinabeauty","https://www.google.com/"
"","carolinabelle","https://www.google.com/"
"","carolinaboatworks","https://www.google.com/"
"","carolinacatfights","https://www.google.com/"
"","carolinaescorts","https://www.google.com/"
"","carolinafox","https://www.google.com/"
"","carolinafriends","https://www.google.com/"
"","carolinagirlwatcher","https://www.google.com/"
"","carolinamistress","https://www.google.com/"
"","carolinasexposed","https://www.google.com/"
"","carolinaswinger","https://www.google.com/"
"","carolinaswingers","https://www.google.com/"
"","caroline-b","https://www.google.com/"
"","carolinecage","https://www.google.com/"
"","caroline-french","https://www.google.com/"
"","carolinemurphy","https://www.google.com/"
"","carolineoncrack","https://www.google.com/"
"","carolineose","https://www.google.com/"
"","caroline-sexe-telephone","https://www.google.com/"
"","carolinexxx","https://www.google.com/"
"","carolin","https://www.google.com/"
"","carol-jones","https://www.google.com/"
"","carolkisses","https://www.google.com/"
"","carolqueen","https://www.google.com/"
"","carolsims","https://www.google.com/"
"","carolslinks","https://www.google.com/"
"","carolvitale","https://www.google.com/"
"","carolynfaulkner","https://www.google.com/"
"","carolynrichards","https://www.google.com/"
"","carookee","https://www.google.com/"
"","carosexy","https://www.google.com/"
"","carparkcumsluts","https://www.google.com/"
"","carpediaime","https://www.google.com/"
"","carpediem","https://www.google.com/"
"","carpepenem","https://www.google.com/"
"","carpetburns","https://www.google.com/"
"","carpetlickers","https://www.google.com/"
"","carpetmunch","https://www.google.com/"
"","carpoolsex","https://www.google.com/"
"","carramel","https://www.google.com/"
"","carrara-designs","https://www.google.com/"
"","carraronan","https://www.google.com/"
"","carreck","https://www.google.com/"
"","carrefoune","https://www.google.com/"
"","carrefourdusexe","https://www.google.com/"
"","carrefourpro","https://www.google.com/"
"","carrelibertin","https://www.google.com/"
"","carre-rose","https://www.google.com/"
"","carrevip","https://www.google.com/"
"","carrieann","https://www.google.com/"
"","carriedoff","https://www.google.com/"
"","carrie-j","https://www.google.com/"
"","carrieland","https://www.google.com/"
"","carrielloyd","https://www.google.com/"
"","carriere","https://www.google.com/"
"","carriesdiary","https://www.google.com/"
"","carriesplayhouse","https://www.google.com/"
"","carriestarr","https://www.google.com/"
"","carriestevens","https://www.google.com/"
"","carrieunderwood","https://www.google.com/"
"","carri-lee","https://www.google.com/"
"","carrinse","https://www.google.com/"
"","carrotfucking","https://www.google.com/"
"","carrotgfs","https://www.google.com/"
"","carrotstick","https://www.google.com/"
"","carrottop","https://www.google.com/"
"","carruxel","https://www.google.com/"
"","carsandsex","https://www.google.com/"
"","carsex","https://www.google.com/"
"","car-sex-positions","https://www.google.com/"
"","carshowcuties","https://www.google.com/"
"","carsmodified","https://www.google.com/"
"","carsnbabes","https://www.google.com/"
"","carsoescort","https://www.google.com/"
"","carsonzullinger","https://www.google.com/"
"","carssuck","https://www.google.com/"
"","carstuckgirls","https://www.google.com/"
"","carte-humour","https://www.google.com/"
"","cartelcash","https://www.google.com/"
"","carteltraffic","https://www.google.com/"
"","carterire","https://www.google.com/"
"","carte-web","https://www.google.com/"
"","cartiergirls","https://www.google.com/"
"","cartoni-animati","https://www.google.com/"
"","cartonihentai","https://www.google.com/"
"","cartonimanga","https://www.google.com/"
"","cartoniporno","https://www.google.com/"
"","cartoon-3d","https://www.google.com/"
"","cartoon3d","https://www.google.com/"
"","cartoon3dporn","https://www.google.com/"
"","cartoon3thumbs","https://www.google.com/"
"","cartoon69","https://www.google.com/"
