"﻿""id""","read","recommended"
"","hotvideowarehouse","https://www.google.com/"
"","hotvideo-x","https://www.google.com/"
"","hotvideox","https://www.google.com/"
"","hotvideo-xxx","https://www.google.com/"
"","hotvideozone","https://www.google.com/"
"","hot-view","https://www.google.com/"
"","hotview","https://www.google.com/"
"","hotvintagefuck","https://www.google.com/"
"","hotvintagenudes","https://www.google.com/"
"","hotvintagepictures","https://www.google.com/"
"","hotvintagetube","https://www.google.com/"
"","hotviolations","https://www.google.com/"
"","hotvirgin","https://www.google.com/"
"","hotvirginnextdoor","https://www.google.com/"
"","hotvirgins","https://www.google.com/"
"","hotvision","https://www.google.com/"
"","hotvixenchixxx","https://www.google.com/"
"","hot-vixens","https://www.google.com/"
"","hotv","https://www.google.com/"
"","hotvod","https://www.google.com/"
"","hotvolleyball","https://www.google.com/"
"","hotvoyeurcams","https://www.google.com/"
"","hotvoyeurism","https://www.google.com/"
"","hotvoyeurmovs","https://www.google.com/"
"","hotvoyeurmpegs","https://www.google.com/"
"","hotvoyeur","https://www.google.com/"
"","hotvoyeurporn","https://www.google.com/"
"","hotvoyeurporno","https://www.google.com/"
"","hot-voyeurs","https://www.google.com/"
"","hotvoyeursex","https://www.google.com/"
"","hotvoyeurtube","https://www.google.com/"
"","hotvulvatube","https://www.google.com/"
"","hotwallpaperworld","https://www.google.com/"
"","hotwap","https://www.google.com/"
"","hotwebamateurs","https://www.google.com/"
"","hotwebcambabes","https://www.google.com/"
"","hotwebcamboys","https://www.google.com/"
"","hotwebcamgirls","https://www.google.com/"
"","hotwebcam","https://www.google.com/"
"","hotwebcamsblog","https://www.google.com/"
"","hot-web-cams","https://www.google.com/"
"","hot-webcams","https://www.google.com/"
"","hotwebcamsex","https://www.google.com/"
"","hotwebcams","https://www.google.com/"
"","hotweek","https://www.google.com/"
"","hotweirdporn","https://www.google.com/"
"","hotwench","https://www.google.com/"
"","hotwendywilliams","https://www.google.com/"
"","hotwetamateurs","https://www.google.com/"
"","hotwetbabes","https://www.google.com/"
"","hotwetbeaver","https://www.google.com/"
"","hotwetdildos","https://www.google.com/"
"","hotwetgirls","https://www.google.com/"
"","hotwetmilfs","https://www.google.com/"
"","hotwetpussy","https://www.google.com/"
"","hotwetpussypics","https://www.google.com/"
"","hotwetsex","https://www.google.com/"
"","hotwetsluts","https://www.google.com/"
"","hotwetstuds","https://www.google.com/"
"","hotwettube","https://www.google.com/"
"","hotwettwat","https://www.google.com/"
"","hotwhores","https://www.google.com/"
"","hotwhoresxxx","https://www.google.com/"
"","hotwife4mfm","https://www.google.com/"
"","hotwifeblog","https://www.google.com/"
"","hot-wife","https://www.google.com/"
"","hotwife","https://www.google.com/"
"","hot-wife-comics","https://www.google.com/"
"","hotwifecomics","https://www.google.com/"
"","hotwifecompendium","https://www.google.com/"
"","hotwifediary","https://www.google.com/"
"","hotwifehotel","https://www.google.com/"
"","hotwifehouse","https://www.google.com/"
"","hotwifejewelry","https://www.google.com/"
"","hotwifeklare","https://www.google.com/"
"","hotwifelocator","https://www.google.com/"
"","hot-wife-lover","https://www.google.com/"
"","hotwifemovies","https://www.google.com/"
"","hotwifephonesex","https://www.google.com/"
"","hotwifepics","https://www.google.com/"
"","hotwifepussy","https://www.google.com/"
"","hotwiferio","https://www.google.com/"
"","hotwiferiostore","https://www.google.com/"
"","hotwifery","https://www.google.com/"
"","hotwifes","https://www.google.com/"
"","hotwifesecrets","https://www.google.com/"
"","hotwifesluts","https://www.google.com/"
"","hot-wife-swapping","https://www.google.com/"
"","hotwifeswinger","https://www.google.com/"
"","hotwifevideos","https://www.google.com/"
"","hotwifexxx","https://www.google.com/"
"","hotwifezone","https://www.google.com/"
"","hotwildcheerleaders","https://www.google.com/"
"","hotwirednet","https://www.google.com/"
"","hotwivesandgirlfriends","https://www.google.com/"
"","hotwivesblackguys","https://www.google.com/"
"","hotwives","https://www.google.com/"
"","hotwivesonline","https://www.google.com/"
"","hot-woman","https://www.google.com/"
"","hotwomen","https://www.google.com/"
