"﻿""id""","read","recommended"
"","fuckflixx","https://www.google.com/"
"","fuckfm","https://www.google.com/"
"","fuckfoot","https://www.google.com/"
"","fuckforcash","https://www.google.com/"
"","fuckforces","https://www.google.com/"
"","fuckfordollars","https://www.google.com/"
"","fuckforforest","https://www.google.com/"
"","fuckforfree","https://www.google.com/"
"","fuckforfun","https://www.google.com/"
"","fuckformoney","https://www.google.com/"
"","fuckfreak","https://www.google.com/"
"","fuckfree","https://www.google.com/"
"","fuckfriendfinder","https://www.google.com/"
"","fuckfriends","https://www.google.com/"
"","fuckfuckfuckfuck","https://www.google.com/"
"","fuckfuckfuck","https://www.google.com/"
"","fuckfun","https://www.google.com/"
"","fuckfunny","https://www.google.com/"
"","fuckfuq","https://www.google.com/"
"","fuckgamer","https://www.google.com/"
"","fuck-games","https://www.google.com/"
"","fuckgames","https://www.google.com/"
"","fuckgangbang","https://www.google.com/"
"","fuckgayass","https://www.google.com/"
"","fuckgaybears","https://www.google.com/"
"","fuckgaycock","https://www.google.com/"
"","fuckgayhard","https://www.google.com/"
"","fuckgaymen","https://www.google.com/"
"","fuckgayporn","https://www.google.com/"
"","fuckgaysex","https://www.google.com/"
"","fuckgaytwink","https://www.google.com/"
"","fuckgirl","https://www.google.com/"
"","fuckgirlmovies","https://www.google.com/"
"","fuckgirls","https://www.google.com/"
"","fuckgirlz","https://www.google.com/"
"","fuckglove","https://www.google.com/"
"","fuckgod","https://www.google.com/"
"","fuckgonzo","https://www.google.com/"
"","fuckgranny","https://www.google.com/"
"","fuckgrated","https://www.google.com/"
"","fuckguide","https://www.google.com/"
"","fuckhadopi","https://www.google.com/"
"","fuck-hairy","https://www.google.com/"
"","fuckhairypussy","https://www.google.com/"
"","fuckhappiness","https://www.google.com/"
"","fuckhard18","https://www.google.com/"
"","fuckhardchick","https://www.google.com/"
"","fuckhardclips","https://www.google.com/"
"","fuckhard","https://www.google.com/"
"","fuckhardcore","https://www.google.com/"
"","fuckhardgirl","https://www.google.com/"
"","fuckh","https://www.google.com/"
"","fuckhd","https://www.google.com/"
"","fuckhdtube","https://www.google.com/"
"","fuckhead","https://www.google.com/"
"","fuckhedz","https://www.google.com/"
"","fuckherbigass","https://www.google.com/"
"","fuckherboobs","https://www.google.com/"
"","fuckherdude","https://www.google.com/"
"","fuckhigh","https://www.google.com/"
"","fuckhis","https://www.google.com/"
"","fuckhole","https://www.google.com/"
"","fuckhooker","https://www.google.com/"
"","fuckhorny","https://www.google.com/"
"","fuckhotboys","https://www.google.com/"
"","fuckhotel","https://www.google.com/"
"","fuckhotmilfs","https://www.google.com/"
"","fuckhound","https://www.google.com/"
"","fuckhouse","https://www.google.com/"
"","fuckhugetits","https://www.google.com/"
"","fuckhut","https://www.google.com/"
"","fuckill","https://www.google.com/"
"","fuckimba","https://www.google.com/"
"","fuckinanus","https://www.google.com/"
"","fuckincool","https://www.google.com/"
"","fuckincunt","https://www.google.com/"
"","fuckindianporn","https://www.google.com/"
"","fuckindian","https://www.google.com/"
"","fuckinfo","https://www.google.com/"
"","fucking1","https://www.google.com/"
"","fucking2","https://www.google.com/"
"","fucking-abuse","https://www.google.com/"
"","fuckingabuse","https://www.google.com/"
"","fuckingadult","https://www.google.com/"
"","fuckingadults","https://www.google.com/"
"","fucking-amal","https://www.google.com/"
"","fuckingangels","https://www.google.com/"
"","fuckingaround","https://www.google.com/"
"","fuckingasia","https://www.google.com/"
"","fuckingasian","https://www.google.com/"
"","fuckingasiansblog","https://www.google.com/"
"","fuckingasshole","https://www.google.com/"
"","fuckingawesome","https://www.google.com/"
"","fuckingawesomenetwork","https://www.google.com/"
"","fuckingbabespics","https://www.google.com/"
"","fuckingbeach","https://www.google.com/"
"","fuckingbeautiful","https://www.google.com/"
"","fuckingbeaver","https://www.google.com/"
"","fuckingbigboobs","https://www.google.com/"
"","fuckingbigtits","https://www.google.com/"
