"﻿""id""","read","recommended"
"","homosexdating","https://www.google.com/"
"","homosexfilmpjes","https://www.google.com/"
"","homosexfilms","https://www.google.com/"
"","homo-sexfilms","https://www.google.com/"
"","homosexinfo","https://www.google.com/"
"","homosexlinks","https://www.google.com/"
"","homosexoverzicht","https://www.google.com/"
"","homosexpagina","https://www.google.com/"
"","homosexpics","https://www.google.com/"
"","homosexplaatjes","https://www.google.com/"
"","homosexshop","https://www.google.com/"
"","homosexsite","https://www.google.com/"
"","homosexslaaf","https://www.google.com/"
"","homosexual","https://www.google.com/"
"","homosexuales","https://www.google.com/"
"","homosexualfun","https://www.google.com/"
"","homosexualiteit","https://www.google.com/"
"","homosexualmarriage","https://www.google.com/"
"","homosexuals","https://www.google.com/"
"","homosexualsex","https://www.google.com/"
"","homosexualsvideo","https://www.google.com/"
"","homosexualtube","https://www.google.com/"
"","homosexualvideos","https://www.google.com/"
"","homosexuapiens","https://www.google.com/"
"","homosexueel","https://www.google.com/"
"","homosexuele","https://www.google.com/"
"","homosexuell","https://www.google.com/"
"","homosexuelle","https://www.google.com/"
"","homosexuelles","https://www.google.com/"
"","homosexuels","https://www.google.com/"
"","homosexz","https://www.google.com/"
"","homoshop","https://www.google.com/"
"","homosite","https://www.google.com/"
"","homosland","https://www.google.com/"
"","homoslet","https://www.google.com/"
"","homosmut","https://www.google.com/"
"","homosrus","https://www.google.com/"
"","homostrip","https://www.google.com/"
"","homostuds","https://www.google.com/"
"","homosuperiorblog","https://www.google.com/"
"","homoteens","https://www.google.com/"
"","homotoys","https://www.google.com/"
"","homotrophy","https://www.google.com/"
"","homotwinks","https://www.google.com/"
"","homoverhaal","https://www.google.com/"
"","homovids","https://www.google.com/"
"","homoviel","https://www.google.com/"
"","homovoice","https://www.google.com/"
"","homoware","https://www.google.com/"
"","homowebcamboys","https://www.google.com/"
"","homowebcam","https://www.google.com/"
"","homoxxx","https://www.google.com/"
"","homsmother","https://www.google.com/"
"","honba-adult","https://www.google.com/"
"","honba","https://www.google.com/"
"","honchomag","https://www.google.com/"
"","hondavids","https://www.google.com/"
"","honda-wgp","https://www.google.com/"
"","hondelul","https://www.google.com/"
"","hondensex","https://www.google.com/"
"","honderdduizend","https://www.google.com/"
"","hondurasgay","https://www.google.com/"
"","honelynn","https://www.google.com/"
"","hones","https://www.google.com/"
"","honestadultreviews","https://www.google.com/"
"","honesterotica","https://www.google.com/"
"","honestpornreviews","https://www.google.com/"
"","honestsex","https://www.google.com/"
"","honestvids","https://www.google.com/"
"","honestwife","https://www.google.com/"
"","honesty","https://www.google.com/"
"","honey18","https://www.google.com/"
"","honey21","https://www.google.com/"
"","honeyapple","https://www.google.com/"
"","honeyasians","https://www.google.com/"
"","honeyass","https://www.google.com/"
"","honeybbw","https://www.google.com/"
"","honeybeehideout","https://www.google.com/"
"","honeybeemanor","https://www.google.com/"
"","honeyblake","https://www.google.com/"
"","honeyboobs","https://www.google.com/"
"","honeybox","https://www.google.com/"
"","honeybunny","https://www.google.com/"
"","honeybunsusa","https://www.google.com/"
"","honeybutts","https://www.google.com/"
"","honeycall","https://www.google.com/"
"","honey","https://www.google.com/"
"","honey-chest","https://www.google.com/"
"","honeychest","https://www.google.com/"
"","honeycompanion","https://www.google.com/"
"","honey-cream","https://www.google.com/"
"","honeycum","https://www.google.com/"
"","honeydip","https://www.google.com/"
"","honeydolls","https://www.google.com/"
"","honeydreams","https://www.google.com/"
"","honeyfree","https://www.google.com/"
"","honeygifts","https://www.google.com/"
"","honeyhair","https://www.google.com/"
"","honeyheidi","https://www.google.com/"
"","honeyholes","https://www.google.com/"
