"﻿""id""","read","recommended"
"","clubleporn","https://www.google.com/"
"","clublesbian","https://www.google.com/"
"","clublesbo","https://www.google.com/"
"","clublexibelle","https://www.google.com/"
"","clublexibloom","https://www.google.com/"
"","clublexibrooks","https://www.google.com/"
"","club-lexidiamond","https://www.google.com/"
"","clublexistone","https://www.google.com/"
"","club-lexiswallow","https://www.google.com/"
"","clublexxityler","https://www.google.com/"
"","clublez","https://www.google.com/"
"","clublezleyzen","https://www.google.com/"
"","clublibertinage","https://www.google.com/"
"","club-libertin-bretagne","https://www.google.com/"
"","club-libertin","https://www.google.com/"
"","clublibertin","https://www.google.com/"
"","clublichellemarie","https://www.google.com/"
"","clublick","https://www.google.com/"
"","club-life","https://www.google.com/"
"","club-lilycarter","https://www.google.com/"
"","clublilythai","https://www.google.com/"
"","clublindsaymarie","https://www.google.com/"
"","club-lingerie","https://www.google.com/"
"","clublisaadaniels","https://www.google.com/"
"","club-lisaann","https://www.google.com/"
"","clublisabelize","https://www.google.com/"
"","club-lisa","https://www.google.com/"
"","clublisa","https://www.google.com/"
"","club-live","https://www.google.com/"
"","clublivegirls","https://www.google.com/"
"","clublivexxx","https://www.google.com/"
"","clublizadelsierra","https://www.google.com/"
"","club-lizzylondon","https://www.google.com/"
"","clublondonkeys","https://www.google.com/"
"","clublonievans","https://www.google.com/"
"","clublorenasanchez","https://www.google.com/"
"","clublove","https://www.google.com/"
"","clubluciatovar","https://www.google.com/"
"","clubluciouslopez","https://www.google.com/"
"","clublu","https://www.google.com/"
"","clublupefuentes","https://www.google.com/"
"","club-lustkick","https://www.google.com/"
"","clubluxkassidy","https://www.google.com/"
"","club-lv","https://www.google.com/"
"","clublylithlavey","https://www.google.com/"
"","clublynnlove","https://www.google.com/"
"","clubmackenzeepierce","https://www.google.com/"
"","clubmackenziemiles","https://www.google.com/"
"","club-maddyoreilly","https://www.google.com/"
"","clubmadelynmarie","https://www.google.com/"
"","clubmadelynmonroe","https://www.google.com/"
"","clubmadisonivy","https://www.google.com/"
"","clubmadisonparker","https://www.google.com/"
"","club-madisonscott","https://www.google.com/"
"","clubmadonna","https://www.google.com/"
"","clubmaelynn","https://www.google.com/"
"","clubmagazine","https://www.google.com/"
"","clubmahinazaltana","https://www.google.com/"
"","clubmahliamilian","https://www.google.com/"
"","clubmalenamorgan","https://www.google.com/"
"","clubmandyhaze","https://www.google.com/"
"","clubmandysky","https://www.google.com/"
"","club-maria","https://www.google.com/"
"","clubmariahmadysinn","https://www.google.com/"
"","clubmariahmilano","https://www.google.com/"
"","clubmaricahase","https://www.google.com/"
"","club-marieluv","https://www.google.com/"
"","clubmariemccray","https://www.google.com/"
"","club-marliemoore","https://www.google.com/"
"","clubmarryqueen","https://www.google.com/"
"","clubmarycarey","https://www.google.com/"
"","clubmaryjanejohnson","https://www.google.com/"
"","clubmaseratixxx","https://www.google.com/"
"","clubmasonmoore","https://www.google.com/"
"","clubmasque","https://www.google.com/"
"","club-mateurs","https://www.google.com/"
"","clubmateurs","https://www.google.com/"
"","clubmature","https://www.google.com/"
"","club-matures","https://www.google.com/"
"","clubmaxmikita","https://www.google.com/"
"","club-mayagates","https://www.google.com/"
"","club-mckenzielee","https://www.google.com/"
"","clubmeganjones","https://www.google.com/"
"","clubmeganmonroe","https://www.google.com/"
"","clubmegasex","https://www.google.com/"
"","clubmelaniejane","https://www.google.com/"
"","clubmelaniememphis","https://www.google.com/"
"","clubmelissajacobs","https://www.google.com/"
"","clubmelissalauren","https://www.google.com/"
"","clubmelodynakai","https://www.google.com/"
"","club-memphismonroe","https://www.google.com/"
"","clubmialelani","https://www.google.com/"
"","clubmialina","https://www.google.com/"
"","clubmiamalkova","https://www.google.com/"
"","clubmiapresley","https://www.google.com/"
"","clubmiarider","https://www.google.com/"
"","club-miarose","https://www.google.com/"
"","club-micahmoore","https://www.google.com/"
"","clubmichellemaylene","https://www.google.com/"
"","clubmichellemyers","https://www.google.com/"
