"﻿""id""","read","recommended"
"","janeyking","https://www.google.com/"
"","janeyrobbins","https://www.google.com/"
"","janeyweb","https://www.google.com/"
"","jan-groen","https://www.google.com/"
"","jangsun","https://www.google.com/"
"","janiegirl","https://www.google.com/"
"","janinas","https://www.google.com/"
"","janineashbless","https://www.google.com/"
"","janine-may","https://www.google.com/"
"","janinemaytinsley","https://www.google.com/"
"","janineprivat","https://www.google.com/"
"","janinescort","https://www.google.com/"
"","janis-world","https://www.google.com/"
"","jankas","https://www.google.com/"
"","janlul","https://www.google.com/"
"","jannudes","https://www.google.com/"
"","janroberts","https://www.google.com/"
"","jansfreeporn","https://www.google.com/"
"","jansgalleries","https://www.google.com/"
"","jansnylonsex","https://www.google.com/"
"","janssenbooks","https://www.google.com/"
"","janssen-s1","https://www.google.com/"
"","jans-web","https://www.google.com/"
"","jansweb","https://www.google.com/"
"","janswebring","https://www.google.com/"
"","jante","https://www.google.com/"
"","janus1","https://www.google.com/"
"","janusphoto","https://www.google.com/"
"","janusworldwide","https://www.google.com/"
"","jap2u","https://www.google.com/"
"","japamateurs","https://www.google.com/"
"","japan18","https://www.google.com/"
"","japan18movies","https://www.google.com/"
"","japan18tube","https://www.google.com/"
"","japanadalt","https://www.google.com/"
"","japan-adult","https://www.google.com/"
"","japanadult","https://www.google.com/"
"","japanafterhours","https://www.google.com/"
"","japananal","https://www.google.com/"
"","japanangels","https://www.google.com/"
"","japan-asian","https://www.google.com/"
"","japanasianporn","https://www.google.com/"
"","japanass","https://www.google.com/"
"","japanation","https://www.google.com/"
"","japanav18","https://www.google.com/"
"","japan-av","https://www.google.com/"
"","japanavidols","https://www.google.com/"
"","japanavstore","https://www.google.com/"
"","japanavtube","https://www.google.com/"
"","japanbdsm","https://www.google.com/"
"","japanbeast","https://www.google.com/"
"","japanblowjobs","https://www.google.com/"
"","japanbondage","https://www.google.com/"
"","japanboyz","https://www.google.com/"
"","japan-bukkake","https://www.google.com/"
"","japanbukkake","https://www.google.com/"
"","japancoeds","https://www.google.com/"
"","j-a-p-a-n","https://www.google.com/"
"","japancool","https://www.google.com/"
"","japancreampies","https://www.google.com/"
"","japancupid","https://www.google.com/"
"","japandeep","https://www.google.com/"
"","japandesire","https://www.google.com/"
"","japan-dreams-1","https://www.google.com/"
"","japandreams","https://www.google.com/"
"","japanese1adult","https://www.google.com/"
"","japanese2018","https://www.google.com/"
"","japanese6","https://www.google.com/"
"","japanese-adult","https://www.google.com/"
"","japaneseadultentertainment","https://www.google.com/"
"","japaneseadultpics","https://www.google.com/"
"","japaneseallure","https://www.google.com/"
"","japaneseamateur","https://www.google.com/"
"","japanese-anal","https://www.google.com/"
"","japaneseanime","https://www.google.com/"
"","japaneseanimeporn","https://www.google.com/"
"","japaneseasianporn","https://www.google.com/"
"","japaneseasstube","https://www.google.com/"
"","japanese-babes","https://www.google.com/"
"","japanesebeauties","https://www.google.com/"
"","japanese-beauties","https://www.google.com/"
"","japanesebitches","https://www.google.com/"
"","japaneseblowjob","https://www.google.com/"
"","japaneseblowjobmovies","https://www.google.com/"
"","japanesebondage","https://www.google.com/"
"","japanesebound","https://www.google.com/"
"","japaneseboyz","https://www.google.com/"
"","japanese-bukkake-movies","https://www.google.com/"
"","japanese-bukkake","https://www.google.com/"
"","japanesebukkakeorgy","https://www.google.com/"
"","japanesebukkaketube","https://www.google.com/"
"","japanesebukkake-videos","https://www.google.com/"
"","japanesecamsex","https://www.google.com/"
"","japanesecamsxxx","https://www.google.com/"
"","japanesecenterfolds","https://www.google.com/"
"","japanesechicks","https://www.google.com/"
"","japanesechikan","https://www.google.com/"
"","japanese-college","https://www.google.com/"
"","japanesecosplaysex","https://www.google.com/"
"","japanesecreampieporn","https://www.google.com/"
