"﻿""id""","read","recommended"
"","freehornysexpics","https://www.google.com/"
"","freehornyslut","https://www.google.com/"
"","freehost4adult","https://www.google.com/"
"","freehost4you","https://www.google.com/"
"","freehostedcash","https://www.google.com/"
"","freehostedgalleries","https://www.google.com/"
"","freehostedgals","https://www.google.com/"
"","freehostedpics","https://www.google.com/"
"","freehostempire","https://www.google.com/"
"","freehostfinder","https://www.google.com/"
"","freehostia","https://www.google.com/"
"","freehosting4u","https://www.google.com/"
"","freehosting","https://www.google.com/"
"","freehostpage","https://www.google.com/"
"","freehost","https://www.google.com/"
"","freehosts","https://www.google.com/"
"","freehostyou","https://www.google.com/"
"","freehotadultsites","https://www.google.com/"
"","freehotamateurs","https://www.google.com/"
"","freehotasian","https://www.google.com/"
"","freehotbabes","https://www.google.com/"
"","freehotcelebs","https://www.google.com/"
"","freehotgay","https://www.google.com/"
"","freehotgayporn","https://www.google.com/"
"","freehotgirls","https://www.google.com/"
"","freehotgranny","https://www.google.com/"
"","freehotmilf","https://www.google.com/"
"","freehotmilfs","https://www.google.com/"
"","freehotmoms","https://www.google.com/"
"","free-hot-movies","https://www.google.com/"
"","freehotnudeteens","https://www.google.com/"
"","freehotpanties","https://www.google.com/"
"","freehotporn","https://www.google.com/"
"","free-hot-porn-movies","https://www.google.com/"
"","freehotpornpics","https://www.google.com/"
"","freehotporntubes","https://www.google.com/"
"","freehotpussy","https://www.google.com/"
"","freehotpussypics","https://www.google.com/"
"","freehotsex","https://www.google.com/"
"","freehotsluts","https://www.google.com/"
"","freehotstuds","https://www.google.com/"
"","freehotthings","https://www.google.com/"
"","freehottube","https://www.google.com/"
"","freehotvidz","https://www.google.com/"
"","freehotxxxbabes","https://www.google.com/"
"","free-hot-xxx","https://www.google.com/"
"","free-housewife-porn","https://www.google.com/"
"","freehoxt","https://www.google.com/"
"","freehqpornlinks","https://www.google.com/"
"","freehqpornmovies","https://www.google.com/"
"","freehqporn","https://www.google.com/"
"","freehqsex","https://www.google.com/"
"","freehugemovies","https://www.google.com/"
"","free-huge-tits","https://www.google.com/"
"","freehumor","https://www.google.com/"
"","freehunks","https://www.google.com/"
"","free-hunter","https://www.google.com/"
"","freehustlers","https://www.google.com/"
"","free-image","https://www.google.com/"
"","freeimagefap","https://www.google.com/"
"","freeimage","https://www.google.com/"
"","free-incest-galleries","https://www.google.com/"
"","freeincestpic","https://www.google.com/"
"","free-incest-pics","https://www.google.com/"
"","freeincestpicture","https://www.google.com/"
"","freeincestsites","https://www.google.com/"
"","free-incest-stories","https://www.google.com/"
"","free-incest-videos","https://www.google.com/"
"","freeindiangals","https://www.google.com/"
"","freeindianporn2","https://www.google.com/"
"","freeindianpornfilms","https://www.google.com/"
"","free-indian-porn","https://www.google.com/"
"","freeindianporn","https://www.google.com/"
"","free-indian-sex","https://www.google.com/"
"","freeindiansexmovies","https://www.google.com/"
"","freeindiansex","https://www.google.com/"
"","freeindiansexscandals","https://www.google.com/"
"","freeindiansexstories","https://www.google.com/"
"","freeindiansextube","https://www.google.com/"
"","freeindiansexxx","https://www.google.com/"
"","freeindiasex","https://www.google.com/"
"","freeinstantporn","https://www.google.com/"
"","freeinternetsex","https://www.google.com/"
"","freeinterracialclips","https://www.google.com/"
"","free-interracial-dogfart-black-blondes-sex-pics","https://www.google.com/"
"","free-interracial-links","https://www.google.com/"
"","free-interracial-movie","https://www.google.com/"
"","freeinterracialmovies","https://www.google.com/"
"","freeinterracialpic","https://www.google.com/"
"","free-interracial-pics-xxx","https://www.google.com/"
"","freeinterracialpictures","https://www.google.com/"
"","free-interracial-porn123","https://www.google.com/"
"","freeinterracialpornsite","https://www.google.com/"
"","freeinterracialpornvideo","https://www.google.com/"
"","free-interracial-sex-pics","https://www.google.com/"
"","freeinterracialtgp","https://www.google.com/"
"","freeinterracialtoons","https://www.google.com/"
"","freeinterracialtube","https://www.google.com/"
"","free-inthevip","https://www.google.com/"
"","freeintimatechat","https://www.google.com/"
