"﻿""id""","read","recommended"
"","casinogamblingweb","https://www.google.com/"
"","casinogameblog","https://www.google.com/"
"","casino-games-and-bonuses","https://www.google.com/"
"","casinogames","https://www.google.com/"
"","casino-games-directory","https://www.google.com/"
"","casino-gamesdirectory","https://www.google.com/"
"","casinogameshq","https://www.google.com/"
"","casino-games","https://www.google.com/"
"","casinogamesreview","https://www.google.com/"
"","casinogirl","https://www.google.com/"
"","casinoglamour","https://www.google.com/"
"","casinogoldbook","https://www.google.com/"
"","casino-goldengames","https://www.google.com/"
"","casino-golden-riviera-poker","https://www.google.com/"
"","casino-gpalace","https://www.google.com/"
"","casinogrande","https://www.google.com/"
"","casinoguide","https://www.google.com/"
"","casinogypsy","https://www.google.com/"
"","casinoheadliners","https://www.google.com/"
"","casinohosting","https://www.google.com/"
"","casino-information","https://www.google.com/"
"","casinoink","https://www.google.com/"
"","casinoinsight","https://www.google.com/"
"","casino-internationaal","https://www.google.com/"
"","casinojackpots","https://www.google.com/"
"","casinojokes","https://www.google.com/"
"","casinolane","https://www.google.com/"
"","casinolaunchpad","https://www.google.com/"
"","casinolinkdirectory","https://www.google.com/"
"","casinolisting","https://www.google.com/"
"","casinolotteries","https://www.google.com/"
"","casinolounge","https://www.google.com/"
"","casinolove","https://www.google.com/"
"","casino-lovers","https://www.google.com/"
"","casinoman","https://www.google.com/"
"","casinomb","https://www.google.com/"
"","casinomeister","https://www.google.com/"
"","casinomiamiparadise","https://www.google.com/"
"","casinomoms","https://www.google.com/"
"","casinomondo","https://www.google.com/"
"","casinomonitor","https://www.google.com/"
"","casinomontecarlo","https://www.google.com/"
"","casinomundo","https://www.google.com/"
"","casinonline","https://www.google.com/"
"","casinonut","https://www.google.com/"
"","casino-ocean","https://www.google.com/"
"","casino-odds","https://www.google.com/"
"","casinooflasvegas","https://www.google.com/"
"","casinoonair","https://www.google.com/"
"","casino-online888","https://www.google.com/"
"","casino-online","https://www.google.com/"
"","casino-on-line","https://www.google.com/"
"","casinoonline","https://www.google.com/"
"","casino-online-","https://www.google.com/"
"","casinoonline-gambling","https://www.google.com/"
"","casinoon","https://www.google.com/"
"","casino-on-net","https://www.google.com/"
"","casinoontour","https://www.google.com/"
"","casino-pair-a-dice","https://www.google.com/"
"","casino-palace","https://www.google.com/"
"","casinopalace","https://www.google.com/"
"","casino-partenaire","https://www.google.com/"
"","casinoparty","https://www.google.com/"
"","casinopays","https://www.google.com/"
"","casino-poker","https://www.google.com/"
"","casinopokerlasvegas","https://www.google.com/"
"","casinoportaldirectory","https://www.google.com/"
"","casinoportals","https://www.google.com/"
"","casino-ppp","https://www.google.com/"
"","casinoquality","https://www.google.com/"
"","casinoquotes","https://www.google.com/"
"","casinoradar","https://www.google.com/"
"","casino-rag","https://www.google.com/"
"","casinoraiting","https://www.google.com/"
"","casinoratingcenter","https://www.google.com/"
"","casino-ratings-guide","https://www.google.com/"
"","casino-research","https://www.google.com/"
"","casinoreviewcenter","https://www.google.com/"
"","casinoring","https://www.google.com/"
"","casinoroom","https://www.google.com/"
"","casino-roulette","https://www.google.com/"
"","casinorouletteinfo","https://www.google.com/"
"","casinorx","https://www.google.com/"
"","casinos-21","https://www.google.com/"
"","casinos-777","https://www.google.com/"
"","casinosafelist","https://www.google.com/"
"","casinos-casino","https://www.google.com/"
"","casinoschool","https://www.google.com/"
"","casinoscompared","https://www.google.com/"
"","casinoscrazy","https://www.google.com/"
"","casinoscrutiny","https://www.google.com/"
"","casinosduweb","https://www.google.com/"
"","casinoseeker","https://www.google.com/"
"","casinoseekers","https://www.google.com/"
"","casino-sex","https://www.google.com/"
"","casinosex","https://www.google.com/"
"","casino-sexy","https://www.google.com/"
"","casinos-","https://www.google.com/"
"","casinos-games","https://www.google.com/"
"","casinosgratuits","https://www.google.com/"
