"﻿""id""","read","recommended"
"","gaysnboys","https://www.google.com/"
"","gaysniffer","https://www.google.com/"
"","gaysnooper","https://www.google.com/"
"","gaysnowballers","https://www.google.com/"
"","gaysnowballs","https://www.google.com/"
"","gays-nrw","https://www.google.com/"
"","gaysnudity","https://www.google.com/"
"","gaysoft","https://www.google.com/"
"","gaysoldiers","https://www.google.com/"
"","gaysolina","https://www.google.com/"
"","gaysolo","https://www.google.com/"
"","gay-solo-hd","https://www.google.com/"
"","gaysolomovies","https://www.google.com/"
"","gaysolosblog","https://www.google.com/"
"","gaysolos","https://www.google.com/"
"","gaysome","https://www.google.com/"
"","gaysoncam","https://www.google.com/"
"","gaysonic","https://www.google.com/"
"","gays-online","https://www.google.com/"
"","gaysonline","https://www.google.com/"
"","gaysonly","https://www.google.com/"
"","gayspace","https://www.google.com/"
"","gay-space","https://www.google.com/"
"","gayspa","https://www.google.com/"
"","gayspank","https://www.google.com/"
"","gayspanking","https://www.google.com/"
"","gayspankingmovies","https://www.google.com/"
"","gayspankingtube","https://www.google.com/"
"","gayspankingvideos","https://www.google.com/"
"","gayspankslaves","https://www.google.com/"
"","gayspavideos","https://www.google.com/"
"","gayspeak","https://www.google.com/"
"","gaysperm","https://www.google.com/"
"","gayspetters","https://www.google.com/"
"","gaysphoto","https://www.google.com/"
"","gayspictures","https://www.google.com/"
"","gayspirit","https://www.google.com/"
"","gays-porn","https://www.google.com/"
"","gaysporn","https://www.google.com/"
"","gayspornpics","https://www.google.com/"
"","gaysporns","https://www.google.com/"
"","gayspornsex","https://www.google.com/"
"","gaysports","https://www.google.com/"
"","gay-spot","https://www.google.com/"
"","gayspower","https://www.google.com/"
"","gayspv","https://www.google.com/"
"","gayspycams","https://www.google.com/"
"","gayspy","https://www.google.com/"
"","gaysquefollan","https://www.google.com/"
"","gaysquirrel","https://www.google.com/"
"","gaysrbija","https://www.google.com/"
"","gaysru","https://www.google.com/"
"","gays-sex","https://www.google.com/"
"","gayssex","https://www.google.com/"
"","gayssucking","https://www.google.com/"
"","gaystack","https://www.google.com/"
"","gaystage","https://www.google.com/"
"","gaystaped","https://www.google.com/"
"","gay-star","https://www.google.com/"
"","gaystarfish","https://www.google.com/"
"","gaystarnetwork","https://www.google.com/"
"","gaystarnews","https://www.google.com/"
"","gay-stars","https://www.google.com/"
"","gaystart","https://www.google.com/"
"","gay-station","https://www.google.com/"
"","gaystation","https://www.google.com/"
"","gaysteensvideo","https://www.google.com/"
"","gays-tgp","https://www.google.com/"
"","gaysthouse","https://www.google.com/"
"","gaysticky","https://www.google.com/"
"","gaystimes","https://www.google.com/"
"","gaystlouis","https://www.google.com/"
"","gaystockroom","https://www.google.com/"
"","gaystop","https://www.google.com/"
"","gaystoptube","https://www.google.com/"
"","gaystore","https://www.google.com/"
"","gay-stories","https://www.google.com/"
"","gaystoriespost","https://www.google.com/"
"","gay-story","https://www.google.com/"
"","gaystorycontent","https://www.google.com/"
"","gaystoryland","https://www.google.com/"
"","gaystoryman","https://www.google.com/"
"","gaystreaming","https://www.google.com/"
"","gay-streaming-vod","https://www.google.com/"
"","gaystream","https://www.google.com/"
"","gaystreams","https://www.google.com/"
"","gaystreamsex","https://www.google.com/"
"","gay-street","https://www.google.com/"
"","gaystrip24","https://www.google.com/"
"","gaystripcam","https://www.google.com/"
"","gaystripper","https://www.google.com/"
"","gaysttbm","https://www.google.com/"
"","gaystube1","https://www.google.com/"
"","gaystubeporn","https://www.google.com/"
"","gaystubes","https://www.google.com/"
"","gaystudcity","https://www.google.com/"
"","gaystud","https://www.google.com/"
"","gaystudlymales","https://www.google.com/"
"","gaystudlymen","https://www.google.com/"
"","gay-studs-cocks","https://www.google.com/"
