"﻿""id""","read","recommended"
"","doraupload","https://www.google.com/"
"","dorazhang","https://www.google.com/"
"","dorcelblog","https://www.google.com/"
"","dorcelcash","https://www.google.com/"
"","dorcelclub","https://www.google.com/"
"","dorcel","https://www.google.com/"
"","dorcelgirls","https://www.google.com/"
"","dorcelle","https://www.google.com/"
"","dorcelmag","https://www.google.com/"
"","dorcelshop","https://www.google.com/"
"","dorcelstore","https://www.google.com/"
"","dorceltv","https://www.google.com/"
"","dorcelvision","https://www.google.com/"
"","dordoz","https://www.google.com/"
"","doreanporno","https://www.google.com/"
"","doretdelumiere","https://www.google.com/"
"","dorian-morales","https://www.google.com/"
"","doris67","https://www.google.com/"
"","dorks","https://www.google.com/"
"","dorkwebcam","https://www.google.com/"
"","dormangels","https://www.google.com/"
"","dormclips","https://www.google.com/"
"","dormdare","https://www.google.com/"
"","dormfuck","https://www.google.com/"
"","dormgirlcams","https://www.google.com/"
"","dormgirls","https://www.google.com/"
"","dormhiddencams","https://www.google.com/"
"","dormlesbians","https://www.google.com/"
"","dormporno","https://www.google.com/"
"","dormroomdating","https://www.google.com/"
"","dormroomphoneplay","https://www.google.com/"
"","dormroomphonesex","https://www.google.com/"
"","dormroomporn","https://www.google.com/"
"","dormroomsluts","https://www.google.com/"
"","dormspunk","https://www.google.com/"
"","dormtour","https://www.google.com/"
"","dormu","https://www.google.com/"
"","dorm","https://www.google.com/"
"","dorothylaine","https://www.google.com/"
"","dorothylemay","https://www.google.com/"
"","dorothylemayonline","https://www.google.com/"
"","dorothylemayxxx","https://www.google.com/"
"","dorothys-cum-city","https://www.google.com/"
"","doroti","https://www.google.com/"
"","dorporn","https://www.google.com/"
"","dorriseatonschool","https://www.google.com/"
"","dorsfeline","https://www.google.com/"
"","dortoirgay","https://www.google.com/"
"","dose2q","https://www.google.com/"
"","dose2sexe","https://www.google.com/"
"","dose2x","https://www.google.com/"
"","doseofgay","https://www.google.com/"
"","doseofporn","https://www.google.com/"
"","doserver","https://www.google.com/"
"","dosexe","https://www.google.com/"
"","dosextube","https://www.google.com/"
"","dosexybabes","https://www.google.com/"
"","doshemalesex","https://www.google.com/"
"","dossieradulte","https://www.google.com/"
"","dossiers-x","https://www.google.com/"
"","dossier-x","https://www.google.com/"
"","dossierxxx","https://www.google.com/"
"","dostchat","https://www.google.com/"
"","dostetas","https://www.google.com/"
"","dosug-38","https://www.google.com/"
"","dosug","https://www.google.com/"
"","dosugvip","https://www.google.com/"
"","dosugxxx","https://www.google.com/"
"","dot21rts","https://www.google.com/"
"","dotallfreepornopics","https://www.google.com/"
"","dotallfreepornxxxpics","https://www.google.com/"
"","dotallfreepussypics","https://www.google.com/"
"","dotarchitect","https://www.google.com/"
"","dotbabes","https://www.google.com/"
"","dot","https://www.google.com/"
"","dotdragon","https://www.google.com/"
"","dotfarming","https://www.google.com/"
"","dotforce","https://www.google.com/"
"","dotfreesex","https://www.google.com/"
"","dotfreexxx","https://www.google.com/"
"","dotgporn","https://www.google.com/"
"","dothatgirl","https://www.google.com/"
"","dothelovetest","https://www.google.com/"
"","dothewife","https://www.google.com/"
"","dotits","https://www.google.com/"
"","dot-mac","https://www.google.com/"
"","dotmac","https://www.google.com/"
"","dotmanga","https://www.google.com/"
"","dotnotch","https://www.google.com/"
"","dotporn","https://www.google.com/"
"","dotporno","https://www.google.com/"
"","dot-sexcam","https://www.google.com/"
"","dotsextv","https://www.google.com/"
"","dottorporno","https://www.google.com/"
"","dottorsesso","https://www.google.com/"
"","dotwav","https://www.google.com/"
"","dotwinks","https://www.google.com/"
"","dotzona","https://www.google.com/"
"","doubleagent","https://www.google.com/"
"","doubleairbags","https://www.google.com/"
