"﻿""id""","read","recommended"
"","analpornvideos","https://www.google.com/"
"","analpornxxxtube","https://www.google.com/"
"","analpornz","https://www.google.com/"
"","analprobe","https://www.google.com/"
"","analprobes","https://www.google.com/"
"","analprobing","https://www.google.com/"
"","analpros","https://www.google.com/"
"","analpunishment","https://www.google.com/"
"","analqueenalysa","https://www.google.com/"
"","analqueen","https://www.google.com/"
"","analquest","https://www.google.com/"
"","analradar","https://www.google.com/"
"","analrampage","https://www.google.com/"
"","anal-rape","https://www.google.com/"
"","analrapevideo","https://www.google.com/"
"","analream","https://www.google.com/"
"","analrecruiters","https://www.google.com/"
"","analrepublic","https://www.google.com/"
"","analretentive","https://www.google.com/"
"","analreviewer","https://www.google.com/"
"","anal-rimming","https://www.google.com/"
"","analrimming","https://www.google.com/"
"","analringtoss","https://www.google.com/"
"","analroad","https://www.google.com/"
"","analrookies","https://www.google.com/"
"","analrooters","https://www.google.com/"
"","analrush","https://www.google.com/"
"","analrussian","https://www.google.com/"
"","analsaga","https://www.google.com/"
"","anal-saga","https://www.google.com/"
"","analsau","https://www.google.com/"
"","anal-schlampen","https://www.google.com/"
"","analschool","https://www.google.com/"
"","anals","https://www.google.com/"
"","analscream","https://www.google.com/"
"","analscreen","https://www.google.com/"
"","analsecret","https://www.google.com/"
"","analseduction","https://www.google.com/"
"","analsee","https://www.google.com/"
"","anal-sensei","https://www.google.com/"
"","analsex2k","https://www.google.com/"
"","anal-sex-3","https://www.google.com/"
"","analsex4","https://www.google.com/"
"","analsex591","https://www.google.com/"
"","anal-sex-amateurs","https://www.google.com/"
"","analsexanalporn","https://www.google.com/"
"","analsexangelsphotos","https://www.google.com/"
"","analsexarchiv","https://www.google.com/"
"","analsex-babes","https://www.google.com/"
"","analsex","https://www.google.com/"
"","analsexbeginners","https://www.google.com/"
"","analsex-bilder","https://www.google.com/"
"","anal-sex-bilder","https://www.google.com/"
"","anal-sex-blog","https://www.google.com/"
"","analsexblog","https://www.google.com/"
"","analsexcam","https://www.google.com/"
"","analsexcamgirls","https://www.google.com/"
"","analsexcams","https://www.google.com/"
"","analsexcentral","https://www.google.com/"
"","anal-sex","https://www.google.com/"
"","analsexcinema","https://www.google.com/"
"","analsexclips","https://www.google.com/"
"","analsexclub","https://www.google.com/"
"","analsexdorm","https://www.google.com/"
"","analsexe","https://www.google.com/"
"","analsexed","https://www.google.com/"
"","analsexextrem","https://www.google.com/"
"","analsex-extreme","https://www.google.com/"
"","analsexfest","https://www.google.com/"
"","analsexfetish","https://www.google.com/"
"","analsexfire","https://www.google.com/"
"","analsexfotos","https://www.google.com/"
"","analsexfreaks","https://www.google.com/"
"","anal-sex-free","https://www.google.com/"
"","analsexfree","https://www.google.com/"
"","anal-sex-free-pics","https://www.google.com/"
"","analsexfreepicture","https://www.google.com/"
"","anal-sex-free-pictures","https://www.google.com/"
"","analsexfreesitepass","https://www.google.com/"
"","analsexgalleries","https://www.google.com/"
"","analsexgallery","https://www.google.com/"
"","analsexgay","https://www.google.com/"
"","analsexgifs","https://www.google.com/"
"","analsexgirls","https://www.google.com/"
"","analsexgo","https://www.google.com/"
"","analsexgroup","https://www.google.com/"
"","analsexguide","https://www.google.com/"
"","analsex-guide","https://www.google.com/"
"","analsexhardcore","https://www.google.com/"
"","analsex-hardcorexxx","https://www.google.com/"
"","analsexhdv","https://www.google.com/"
"","analsexhookups","https://www.google.com/"
"","analsexhub","https://www.google.com/"
"","analsexhunters","https://www.google.com/"
"","analseximages","https://www.google.com/"
"","analsexinfo","https://www.google.com/"
"","anal-sex-information","https://www.google.com/"
"","analsexkitten","https://www.google.com/"
"","analsexlessons","https://www.google.com/"
"","analsexlook","https://www.google.com/"
