"﻿""id""","read","recommended"
"","acheterlingeriesexy","https://www.google.com/"
"","achetermoinscher","https://www.google.com/"
"","acheter-sexy","https://www.google.com/"
"","achetervibro","https://www.google.com/"
"","achetez-ici","https://www.google.com/"
"","achichar","https://www.google.com/"
"","achilleshost","https://www.google.com/"
"","achselhaare","https://www.google.com/"
"","achterbuurtsex","https://www.google.com/"
"","achterdekerk","https://www.google.com/"
"","achterlangs","https://www.google.com/"
"","achterop","https://www.google.com/"
"","achttien","https://www.google.com/"
"","achtung-anal","https://www.google.com/"
"","achtungbaby","https://www.google.com/"
"","achtungfetish","https://www.google.com/"
"","achtung-gay","https://www.google.com/"
"","achtung-hot","https://www.google.com/"
"","achtung","https://www.google.com/"
"","achtung-sex","https://www.google.com/"
"","achtung-sexy","https://www.google.com/"
"","achtzehn","https://www.google.com/"
"","achubbyporn","https://www.google.com/"
"","acidcow","https://www.google.com/"
"","acidgay","https://www.google.com/"
"","acid-girls","https://www.google.com/"
"","acidporn","https://www.google.com/"
"","acidtrip","https://www.google.com/"
"","acidtwinks","https://www.google.com/"
"","acindex","https://www.google.com/"
"","acityboy","https://www.google.com/"
"","ack","https://www.google.com/"
"","ackingdom","https://www.google.com/"
"","ackto","https://www.google.com/"
"","acl2004","https://www.google.com/"
"","aclass-asian-escorts","https://www.google.com/"
"","acme-atlanta","https://www.google.com/"
"","acmebondage","https://www.google.com/"
"","acmeboy","https://www.google.com/"
"","acmegirls","https://www.google.com/"
"","acmelove","https://www.google.com/"
"","acmephonesex","https://www.google.com/"
"","acmevintage","https://www.google.com/"
"","acme-xxx","https://www.google.com/"
"","acmexxx","https://www.google.com/"
"","acomerselas","https://www.google.com/"
"","acompanhantes61","https://www.google.com/"
"","acompanhantesbrasil","https://www.google.com/"
"","acompanhantesbr","https://www.google.com/"
"","acompanhantes","https://www.google.com/"
"","acompanhantesdebrasilia","https://www.google.com/"
"","acompanhantesdeluxo","https://www.google.com/"
"","acompanhantesdemoc","https://www.google.com/"
"","acompanhantesdoprazerevora","https://www.google.com/"
"","acompanhantesgatas","https://www.google.com/"
"","acompanhantesluxo","https://www.google.com/"
"","acompanhantesmadeira","https://www.google.com/"
"","acompanhantesmanaus","https://www.google.com/"
"","acompanhantespaulistanas","https://www.google.com/"
"","acompanhantesrs","https://www.google.com/"
"","acompanhantesuniversitaria","https://www.google.com/"
"","acompanhantesvipbrasilia","https://www.google.com/"
"","acompanhantez","https://www.google.com/"
"","aconit","https://www.google.com/"
"","aconmedia","https://www.google.com/"
"","aconnection","https://www.google.com/"
"","ac-pink","https://www.google.com/"
"","acpj","https://www.google.com/"
"","ac-porn","https://www.google.com/"
"","acprime","https://www.google.com/"
"","acrossmyknee","https://www.google.com/"
"","acsex","https://www.google.com/"
"","acsextoys","https://www.google.com/"
"","acsstriptease","https://www.google.com/"
"","act1host","https://www.google.com/"
"","actad","https://www.google.com/"
"","actalaska","https://www.google.com/"
"","actanal","https://www.google.com/"
"","act-defloration","https://www.google.com/"
"","acteros","https://www.google.com/"
"","acteurpornogay","https://www.google.com/"
"","acteursporno","https://www.google.com/"
"","actforlove","https://www.google.com/"
"","action36","https://www.google.com/"
"","actionagencyla","https://www.google.com/"
"","action-art","https://www.google.com/"
"","action-attraction","https://www.google.com/"
"","action-babes","https://www.google.com/"
"","actionbabes","https://www.google.com/"
"","actioncy","https://www.google.com/"
"","actiondesk","https://www.google.com/"
"","actiongalleries","https://www.google.com/"
"","actiongirls","https://www.google.com/"
"","actiongirlsrecruits","https://www.google.com/"
"","actiongirlsxxx","https://www.google.com/"
"","actionjav","https://www.google.com/"
"","actionlove","https://www.google.com/"
"","actionmatures","https://www.google.com/"
"","action","https://www.google.com/"
"","actionseeker","https://www.google.com/"
