"﻿""id""","read","recommended"
"","hotcum","https://www.google.com/"
"","hotcumparty","https://www.google.com/"
"","hotcumporn","https://www.google.com/"
"","hotcumshotporn","https://www.google.com/"
"","hotcumshots","https://www.google.com/"
"","hotcurves","https://www.google.com/"
"","hotcutebabes","https://www.google.com/"
"","hotcybernews","https://www.google.com/"
"","hotdada","https://www.google.com/"
"","hotdadshotlads","https://www.google.com/"
"","hotdamnbabes","https://www.google.com/"
"","hotdamnmamas","https://www.google.com/"
"","hotdamnsam","https://www.google.com/"
"","hotdamsel","https://www.google.com/"
"","hotdamsels","https://www.google.com/"
"","hotdanidaniels","https://www.google.com/"
"","hot-date","https://www.google.com/"
"","hotdateescorts","https://www.google.com/"
"","hotdating","https://www.google.com/"
"","hotdatingnederland","https://www.google.com/"
"","hot-dating","https://www.google.com/"
"","hotdating-sexdating","https://www.google.com/"
"","hotdatingwomen","https://www.google.com/"
"","hot-day","https://www.google.com/"
"","hotday","https://www.google.com/"
"","hotdeluxe","https://www.google.com/"
"","hotdesertknights","https://www.google.com/"
"","hotdesertknightsvod","https://www.google.com/"
"","hotdesigirlsfuck","https://www.google.com/"
"","hotdesipics","https://www.google.com/"
"","hot-desire","https://www.google.com/"
"","hotdesires","https://www.google.com/"
"","hotdesisexmovies","https://www.google.com/"
"","hotdeskbabes","https://www.google.com/"
"","hotdesktopstrippers","https://www.google.com/"
"","hotdessertknights","https://www.google.com/"
"","hotdevils","https://www.google.com/"
"","hotdhentai","https://www.google.com/"
"","hotdick","https://www.google.com/"
"","hotdickhouse","https://www.google.com/"
"","hotdicks","https://www.google.com/"
"","hotdildo","https://www.google.com/"
"","hotdirtybabes","https://www.google.com/"
"","hotdish","https://www.google.com/"
"","hotdivines","https://www.google.com/"
"","hotdoggy","https://www.google.com/"
"","hotdolls","https://www.google.com/"
"","hotdomai","https://www.google.com/"
"","hotdoms","https://www.google.com/"
"","hotdownbousepics","https://www.google.com/"
"","hotdreambabes","https://www.google.com/"
"","hotdreamgalleries","https://www.google.com/"
"","hotdreams","https://www.google.com/"
"","hotdreamsxxx","https://www.google.com/"
"","hotdreamteen","https://www.google.com/"
"","hotdudesnude","https://www.google.com/"
"","hotdudestube","https://www.google.com/"
"","hotdutchporn","https://www.google.com/"
"","hotdvdshop","https://www.google.com/"
"","hotdx","https://www.google.com/"
"","hotdyke","https://www.google.com/"
"","hotebonybooty","https://www.google.com/"
"","hotebonycamgirls","https://www.google.com/"
"","hotebonyclips","https://www.google.com/"
"","hotebonyfuck","https://www.google.com/"
"","hot-ebony","https://www.google.com/"
"","hotebonypussy","https://www.google.com/"
"","hotebonytgirls","https://www.google.com/"
"","hotebonythumbs","https://www.google.com/"
"","hotebonytube","https://www.google.com/"
"","hoteenpanties","https://www.google.com/"
"","hoteens","https://www.google.com/"
"","hotekey","https://www.google.com/"
"","hotel69","https://www.google.com/"
"","hotelboobs","https://www.google.com/"
"","hotelconnaught","https://www.google.com/"
"","hoteldelsexo","https://www.google.com/"
"","hoteldocarmomadeira","https://www.google.com/"
"","hotel-du-charme","https://www.google.com/"
"","hotelerotica","https://www.google.com/"
"","hotelescort-amsterdam","https://www.google.com/"
"","hotel-fetish","https://www.google.com/"
"","hotelfuck","https://www.google.com/"
"","hotelheiress","https://www.google.com/"
"","hotel-kruiz","https://www.google.com/"
"","hotel-lg","https://www.google.com/"
"","hotel-live","https://www.google.com/"
"","hotelmaryvicenza","https://www.google.com/"
"","hotelmatures","https://www.google.com/"
"","hotelmgp","https://www.google.com/"
"","hotelmodels","https://www.google.com/"
"","hotelporn","https://www.google.com/"
"","hotelpro","https://www.google.com/"
"","hotelscenter","https://www.google.com/"
"","hotelschlampen","https://www.google.com/"
"","hotelsexe","https://www.google.com/"
"","hotel-sluts","https://www.google.com/"
"","hoteltoys","https://www.google.com/"
"","hot-empire","https://www.google.com/"
"","hotencounters","https://www.google.com/"
