"﻿""id""","read","recommended"
"","hentaigirlz","https://www.google.com/"
"","hentaigo","https://www.google.com/"
"","hentaigods","https://www.google.com/"
"","hentai-gold","https://www.google.com/"
"","hentaigonzo","https://www.google.com/"
"","hentaigratuit","https://www.google.com/"
"","hentaigroupsex","https://www.google.com/"
"","hentaigts","https://www.google.com/"
"","hentaiguess","https://www.google.com/"
"","hentaiguru","https://www.google.com/"
"","hentaihabits","https://www.google.com/"
"","hentaihand","https://www.google.com/"
"","hentaihard","https://www.google.com/"
"","hentaihardcore","https://www.google.com/"
"","hentaiharlots","https://www.google.com/"
"","hentaihaven","https://www.google.com/"
"","hentai-haven","https://www.google.com/"
"","hentai-hd","https://www.google.com/"
"","hentaihd","https://www.google.com/"
"","hentaiheadlines","https://www.google.com/"
"","hentai-heaven","https://www.google.com/"
"","hentaiheaven","https://www.google.com/"
"","hentaiheights","https://www.google.com/"
"","hentaihentai","https://www.google.com/"
"","hentaihere","https://www.google.com/"
"","hentaiheroes","https://www.google.com/"
"","hentai-high","https://www.google.com/"
"","hentai-high-school","https://www.google.com/"
"","hentaihint","https://www.google.com/"
"","hentaihooked","https://www.google.com/"
"","hentaihorror","https://www.google.com/"
"","hentai-host","https://www.google.com/"
"","hentai-hot","https://www.google.com/"
"","hentaihot","https://www.google.com/"
"","hentaihotel","https://www.google.com/"
"","hentaihotspot","https://www.google.com/"
"","hentaihound","https://www.google.com/"
"","hentaihouse","https://www.google.com/"
"","hentaihqmanga","https://www.google.com/"
"","hentaihqvids","https://www.google.com/"
"","hentaihub","https://www.google.com/"
"","hentaihun","https://www.google.com/"
"","hentaihunt","https://www.google.com/"
"","hentaihype","https://www.google.com/"
"","hentaiid","https://www.google.com/"
"","hentaiii","https://www.google.com/"
"","hentai-image","https://www.google.com/"
"","hentai-img","https://www.google.com/"
"","hentaiin3d","https://www.google.com/"
"","hentaiincest","https://www.google.com/"
"","hentaiincesttube","https://www.google.com/"
"","hentaiinstitute","https://www.google.com/"
"","hentai-ita","https://www.google.com/"
"","hentai-japan","https://www.google.com/"
"","hentaijap","https://www.google.com/"
"","hentaijedi","https://www.google.com/"
"","hentaijet","https://www.google.com/"
"","hentaijoe","https://www.google.com/"
"","hentaijourney","https://www.google.com/"
"","hentaijp","https://www.google.com/"
"","hentaijuggs","https://www.google.com/"
"","hentaijuice","https://www.google.com/"
"","hentaijump","https://www.google.com/"
"","hentaijunkie","https://www.google.com/"
"","hentaikeeper","https://www.google.com/"
"","hentaikey","https://www.google.com/"
"","hentaikeygt","https://www.google.com/"
"","hentaikid","https://www.google.com/"
"","hentaikita","https://www.google.com/"
"","hentaikitty","https://www.google.com/"
"","hentaiknight","https://www.google.com/"
"","hentaiko","https://www.google.com/"
"","hentaila","https://www.google.com/"
"","hentailand","https://www.google.com/"
"","hentailesbiansex","https://www.google.com/"
"","hentail","https://www.google.com/"
"","hentail-gratuit","https://www.google.com/"
"","hentailgratuit","https://www.google.com/"
"","hentailife","https://www.google.com/"
"","hentailines","https://www.google.com/"
"","hentailisting","https://www.google.com/"
"","hentaility","https://www.google.com/"
"","hentailog","https://www.google.com/"
"","hentailolico","https://www.google.com/"
"","hentailollipop","https://www.google.com/"
"","hentailord","https://www.google.com/"
"","hentailovely","https://www.google.com/"
"","hentailovers","https://www.google.com/"
"","hentailove","https://www.google.com/"
"","hentai-lust","https://www.google.com/"
"","hentailust","https://www.google.com/"
"","hentaimama","https://www.google.com/"
"","hentaimangaly","https://www.google.com/"
"","hentaimanga","https://www.google.com/"
"","hentai-manga","https://www.google.com/"
"","hentaimangaonline","https://www.google.com/"
"","hentaimangas","https://www.google.com/"
"","hentaimangasex","https://www.google.com/"
"","hentai-mangas","https://www.google.com/"
"","hentaimangatube","https://www.google.com/"
