"﻿""id""","read","recommended"
"","charmehn","https://www.google.com/"
"","charmeland","https://www.google.com/"
"","charme-lingerie","https://www.google.com/"
"","charmelingerie","https://www.google.com/"
"","charme-mature","https://www.google.com/"
"","charmemature","https://www.google.com/"
"","charmentoi","https://www.google.com/"
"","charme-online","https://www.google.com/"
"","charmeplus","https://www.google.com/"
"","charmes","https://www.google.com/"
"","charmesdamour","https://www.google.com/"
"","charme-sexe","https://www.google.com/"
"","charme-sexe-porno","https://www.google.com/"
"","charmeuses","https://www.google.com/"
"","charmian","https://www.google.com/"
"","charmie","https://www.google.com/"
"","charming-angels","https://www.google.com/"
"","charmingbabes","https://www.google.com/"
"","charmingboobs","https://www.google.com/"
"","charmingcuties","https://www.google.com/"
"","charming-girls","https://www.google.com/"
"","charmingjourney","https://www.google.com/"
"","charminglesbians","https://www.google.com/"
"","charmingmatures","https://www.google.com/"
"","charmingmilfs","https://www.google.com/"
"","charming-models","https://www.google.com/"
"","charmingnubiles","https://www.google.com/"
"","charmingporn","https://www.google.com/"
"","charmingrose","https://www.google.com/"
"","charming","https://www.google.com/"
"","charmingstockings","https://www.google.com/"
"","charmingtits","https://www.google.com/"
"","charmingtranny","https://www.google.com/"
"","charmingu","https://www.google.com/"
"","charmissimo","https://www.google.com/"
"","charmix","https://www.google.com/"
"","charmmodels","https://www.google.com/"
"","charm-school","https://www.google.com/"
"","charm-sports","https://www.google.com/"
"","charmvideo","https://www.google.com/"
"","charnelle-attitude","https://www.google.com/"
"","charnelleattitude","https://www.google.com/"
"","charon1","https://www.google.com/"
"","charschateau","https://www.google.com/"
"","chartescorts","https://www.google.com/"
"","chase-enterprise","https://www.google.com/"
"","chaselove","https://www.google.com/"
"","chaseme","https://www.google.com/"
"","chasemen","https://www.google.com/"
"","chasemoor","https://www.google.com/"
"","chaseporn","https://www.google.com/"
"","chaserlive","https://www.google.com/"
"","chasermag","https://www.google.com/"
"","chaserscharlotte","https://www.google.com/"
"","chasethehottie","https://www.google.com/"
"","chaseylain","https://www.google.com/"
"","chasey-lain","https://www.google.com/"
"","chasingbooty","https://www.google.com/"
"","chasingirls","https://www.google.com/"
"","chasingsuperman","https://www.google.com/"
"","chasingtail","https://www.google.com/"
"","chastease","https://www.google.com/"
"","chastenwood","https://www.google.com/"
"","chastete","https://www.google.com/"
"","chastitybabes","https://www.google.com/"
"","chastitybelt","https://www.google.com/"
"","chastitybelts","https://www.google.com/"
"","chastitybound","https://www.google.com/"
"","chastitycraze","https://www.google.com/"
"","chastitydesires","https://www.google.com/"
"","chastityheaven","https://www.google.com/"
"","chastityhell","https://www.google.com/"
"","chastitylife","https://www.google.com/"
"","chastitylifestyle","https://www.google.com/"
"","chastitymansion","https://www.google.com/"
"","chastity-mistress","https://www.google.com/"
"","chastitymistress","https://www.google.com/"
"","chastity-princess","https://www.google.com/"
"","chastityproducts","https://www.google.com/"
"","chastitytrainer","https://www.google.com/"
"","chastitytube","https://www.google.com/"
"","chastity-uk","https://www.google.com/"
"","chastyti","https://www.google.com/"
"","chat121","https://www.google.com/"
"","chat18","https://www.google.com/"
"","chat1on1","https://www.google.com/"
"","chat1to1","https://www.google.com/"
"","chat2girls","https://www.google.com/"
"","chat2sexy","https://www.google.com/"
"","chat3000","https://www.google.com/"
"","chat4adult","https://www.google.com/"
"","chat4flirt","https://www.google.com/"
"","chat4free-erotik","https://www.google.com/"
"","chat4gay","https://www.google.com/"
"","chat4girl","https://www.google.com/"
"","chat4girls","https://www.google.com/"
"","chat4love","https://www.google.com/"
"","chat4sex","https://www.google.com/"
"","chat4swingers","https://www.google.com/"
"","chat6","https://www.google.com/"
