"﻿""id""","read","recommended"
"","eroticinfo","https://www.google.com/"
"","eroticinhale","https://www.google.com/"
"","eroticinlingerie","https://www.google.com/"
"","eroticinn","https://www.google.com/"
"","eroticinnylon","https://www.google.com/"
"","eroticinsider","https://www.google.com/"
"","eroticintentions","https://www.google.com/"
"","eroticinteracial","https://www.google.com/"
"","eroticinteractive","https://www.google.com/"
"","eroticinventions","https://www.google.com/"
"","eroticis","https://www.google.com/"
"","erotic-island","https://www.google.com/"
"","eroticism","https://www.google.com/"
"","eroticissimo","https://www.google.com/"
"","eroticist","https://www.google.com/"
"","eroticitybound","https://www.google.com/"
"","eroticity","https://www.google.com/"
"","eroticjapan","https://www.google.com/"
"","eroticjapanese","https://www.google.com/"
"","eroticjapanesegirls","https://www.google.com/"
"","eroticjoy","https://www.google.com/"
"","eroticjuggs","https://www.google.com/"
"","eroticjunkie","https://www.google.com/"
"","eroticka-seznamka","https://www.google.com/"
"","eroticka-videa-zdarma","https://www.google.com/"
"","eroticke-linky","https://www.google.com/"
"","eroticke-sluzby","https://www.google.com/"
"","erotickestranky","https://www.google.com/"
"","erotickevidea","https://www.google.com/"
"","eroticknots","https://www.google.com/"
"","erotic-kontakt","https://www.google.com/"
"","erotic-lactation","https://www.google.com/"
"","erotic-laden","https://www.google.com/"
"","eroticladen","https://www.google.com/"
"","erotic-ladies","https://www.google.com/"
"","eroticlady","https://www.google.com/"
"","eroticlagoon","https://www.google.com/"
"","eroticland","https://www.google.com/"
"","eroticlane","https://www.google.com/"
"","eroticlatexporn","https://www.google.com/"
"","eroticlatina","https://www.google.com/"
"","eroticlatinas","https://www.google.com/"
"","eroticlatin","https://www.google.com/"
"","eroticlatins","https://www.google.com/"
"","eroticlesbian","https://www.google.com/"
"","eroticlesbians","https://www.google.com/"
"","eroticlesbo","https://www.google.com/"
"","eroticletter","https://www.google.com/"
"","eroticlex","https://www.google.com/"
"","erotic-lifestyle","https://www.google.com/"
"","erotic-line","https://www.google.com/"
"","erotic-lingerie","https://www.google.com/"
"","eroticlingerie","https://www.google.com/"
"","eroticlingeriephotos","https://www.google.com/"
"","eroticlingeriestore","https://www.google.com/"
"","eroticlink","https://www.google.com/"
"","eroticlinks","https://www.google.com/"
"","eroticlit","https://www.google.com/"
"","eroticliveasians","https://www.google.com/"
"","erotic-livecam","https://www.google.com/"
"","eroticlive","https://www.google.com/"
"","erotic-lives","https://www.google.com/"
"","eroticlivesex","https://www.google.com/"
"","eroticlounge","https://www.google.com/"
"","erotic-lounge","https://www.google.com/"
"","erotic-love","https://www.google.com/"
"","eroticlove","https://www.google.com/"
"","erotic-lovers","https://www.google.com/"
"","eroti","https://www.google.com/"
"","eroticmadscience","https://www.google.com/"
"","eroticmags","https://www.google.com/"
"","eroticmaidens","https://www.google.com/"
"","eroticmalaysianescorts","https://www.google.com/"
"","eroticmale","https://www.google.com/"
"","erotic-mall","https://www.google.com/"
"","eroticmall","https://www.google.com/"
"","eroticmap","https://www.google.com/"
"","erotic-markt","https://www.google.com/"
"","eroticmarkt","https://www.google.com/"
"","eroticmassageblog","https://www.google.com/"
"","eroticmassagebudapest","https://www.google.com/"
"","eroticmassage","https://www.google.com/"
"","erotic-massage-erotique","https://www.google.com/"
"","erotic-massage-guide","https://www.google.com/"
"","erotic-massage","https://www.google.com/"
"","erotic-massage-japan","https://www.google.com/"
"","erotic-massagen","https://www.google.com/"
"","eroticmassagestudio","https://www.google.com/"
"","eroticmassagetube","https://www.google.com/"
"","eroticmass","https://www.google.com/"
"","eroticmatch","https://www.google.com/"
"","eroticmatchlive","https://www.google.com/"
"","eroticmate","https://www.google.com/"
"","eroticmatureporn","https://www.google.com/"
"","eroticmedia","https://www.google.com/"
"","eroticmeetingclub","https://www.google.com/"
"","erotic-meeting","https://www.google.com/"
"","eroticmemory","https://www.google.com/"
"","eroticmen","https://www.google.com/"
"","eroticmessages","https://www.google.com/"
