"﻿""id""","read","recommended"
"","itsjustchocolate","https://www.google.com/"
"","itsjustsex","https://www.google.com/"
"","its-just-sex","https://www.google.com/"
"","itslive","https://www.google.com/"
"","itsmagic-trier","https://www.google.com/"
"","it-smells","https://www.google.com/"
"","itsmellslikefish","https://www.google.com/"
"","itsmen","https://www.google.com/"
"","itsmy","https://www.google.com/"
"","itsmyfirsttime","https://www.google.com/"
"","its-nano","https://www.google.com/"
"","itsogay","https://www.google.com/"
"","itsourcrazylife","https://www.google.com/"
"","its","https://www.google.com/"
"","itsporn","https://www.google.com/"
"","itsporntube","https://www.google.com/"
"","itsrawmayhem","https://www.google.com/"
"","itsreal","https://www.google.com/"
"","itssarahtime","https://www.google.com/"
"","itssex","https://www.google.com/"
"","itsshowtime","https://www.google.com/"
"","it-stellenmarkt","https://www.google.com/"
"","itsvery","https://www.google.com/"
"","itsyourbitch","https://www.google.com/"
"","itsyourporn","https://www.google.com/"
"","itsyoursexlife","https://www.google.com/"
"","ittybittyteentitties","https://www.google.com/"
"","ittybittythong","https://www.google.com/"
"","ittybittytittycommittee","https://www.google.com/"
"","itubexxx","https://www.google.com/"
"","itugit","https://www.google.com/"
"","itu","https://www.google.com/"
"","itunisie","https://www.google.com/"
"","itwink","https://www.google.com/"
"","it-wyvern","https://www.google.com/"
"","itzablackthang","https://www.google.com/"
"","itzmx","https://www.google.com/"
"","itzone","https://www.google.com/"
"","iubita","https://www.google.com/"
"","iundress","https://www.google.com/"
"","iusers","https://www.google.com/"
"","iusw","https://www.google.com/"
"","iuvip","https://www.google.com/"
"","iuwa","https://www.google.com/"
"","iuzy","https://www.google.com/"
"","ivagina","https://www.google.com/"
"","ivan1973","https://www.google.com/"
"","ivana-fukalot","https://www.google.com/"
"","ivanafukalot","https://www.google.com/"
"","ivanasdreams","https://www.google.com/"
"","ivan","https://www.google.com/"
"","ivanet","https://www.google.com/"
"","ivanja","https://www.google.com/"
"","ivannadicarlo","https://www.google.com/"
"","ivasexo","https://www.google.com/"
"","ivebeenabadboy","https://www.google.com/"
"","iverge","https://www.google.com/"
"","ivhunter","https://www.google.com/"
"","ivideochat","https://www.google.com/"
"","ivideo","https://www.google.com/"
"","ivideopoker","https://www.google.com/"
"","ivideos","https://www.google.com/"
"","ivideosporno","https://www.google.com/"
"","ivideoworld","https://www.google.com/"
"","iville","https://www.google.com/"
"","ivintageporn","https://www.google.com/"
"","ivirtualgirls","https://www.google.com/"
"","ivisit","https://www.google.com/"
"","ivisite","https://www.google.com/"
"","ivolt","https://www.google.com/"
"","ivoryandebonylove","https://www.google.com/"
"","ivoryblack","https://www.google.com/"
"","ivorycane","https://www.google.com/"
"","ivorytowers","https://www.google.com/"
"","ivoyeur","https://www.google.com/"
"","ivsex","https://www.google.com/"
"","ivtcscs","https://www.google.com/"
"","ivyblack","https://www.google.com/"
"","ivy-flower","https://www.google.com/"
"","ivyjean","https://www.google.com/"
"","ivyrc","https://www.google.com/"
"","ivyrosexxx","https://www.google.com/"
"","ivysnow","https://www.google.com/"
"","ivysummer","https://www.google.com/"
"","ivy-winters","https://www.google.com/"
"","iwamateur","https://www.google.com/"
"","iwamateurgirls","https://www.google.com/"
"","iwam","https://www.google.com/"
"","iwangf","https://www.google.com/"
"","iwangmedia","https://www.google.com/"
"","iwankgay","https://www.google.com/"
"","iwank","https://www.google.com/"
"","iwankwank","https://www.google.com/"
"","iwannadoporn","https://www.google.com/"
"","iwannafuckit","https://www.google.com/"
"","iwannafuckyou","https://www.google.com/"
"","iwant18","https://www.google.com/"
"","iwant2cum","https://www.google.com/"
"","iwantacamgirl","https://www.google.com/"
"","iwantamassage","https://www.google.com/"
