"﻿""id""","read","recommended"
"","indianfuckingvideos","https://www.google.com/"
"","indianfucklovers","https://www.google.com/"
"","indian-fuck","https://www.google.com/"
"","indianfuck","https://www.google.com/"
"","indiangaypornvideos","https://www.google.com/"
"","indiangaysite","https://www.google.com/"
"","indiangfvideos","https://www.google.com/"
"","indiangilma","https://www.google.com/"
"","indiangirlfuckaround","https://www.google.com/"
"","indiangirlnude","https://www.google.com/"
"","indiangirlsblog","https://www.google.com/"
"","indiangirlsclub","https://www.google.com/"
"","indiangirls","https://www.google.com/"
"","indiangirlsfucking","https://www.google.com/"
"","indian-girls","https://www.google.com/"
"","indian-girls-porn","https://www.google.com/"
"","indiangirlsporn","https://www.google.com/"
"","indian-girl-uk","https://www.google.com/"
"","indiangoddess","https://www.google.com/"
"","indiangoddesses","https://www.google.com/"
"","indianhamster","https://www.google.com/"
"","indian-hardcore","https://www.google.com/"
"","indianhardcore","https://www.google.com/"
"","indianhdporn","https://www.google.com/"
"","indianhiddencams","https://www.google.com/"
"","indianhomemadeuncensored","https://www.google.com/"
"","indianhomevideo","https://www.google.com/"
"","indianhooker","https://www.google.com/"
"","indianhostesses","https://www.google.com/"
"","indianhousewife","https://www.google.com/"
"","indianhousewifes","https://www.google.com/"
"","indianisle","https://www.google.com/"
"","indianking","https://www.google.com/"
"","indiankinkygirls","https://www.google.com/"
"","indianlesbolickers","https://www.google.com/"
"","indian-links","https://www.google.com/"
"","indianlivexxx","https://www.google.com/"
"","indianlonelygirls","https://www.google.com/"
"","indianlust","https://www.google.com/"
"","indian-magic","https://www.google.com/"
"","indianmalvina","https://www.google.com/"
"","indianmasala","https://www.google.com/"
"","indianmasalasex","https://www.google.com/"
"","indianmasalavideos","https://www.google.com/"
"","indianmatrix","https://www.google.com/"
"","indianmeena","https://www.google.com/"
"","indianmen","https://www.google.com/"
"","indianmilf","https://www.google.com/"
"","indianmoviemall","https://www.google.com/"
"","indianmovs","https://www.google.com/"
"","indian-nude","https://www.google.com/"
"","indiannudes","https://www.google.com/"
"","indiannudetube","https://www.google.com/"
"","indian-pakistani-girls","https://www.google.com/"
"","indianparadise","https://www.google.com/"
"","indianpari","https://www.google.com/"
"","indianpaysites","https://www.google.com/"
"","indianpharma","https://www.google.com/"
"","indianpichunter","https://www.google.com/"
"","indianpleasure","https://www.google.com/"
"","indianporn360","https://www.google.com/"
"","indianporn365","https://www.google.com/"
"","indianpornbabe","https://www.google.com/"
"","indianpornblog","https://www.google.com/"
"","indianporncinema","https://www.google.com/"
"","indianporncloud","https://www.google.com/"
"","indian-porn","https://www.google.com/"
"","indianporn","https://www.google.com/"
"","indianpornfans","https://www.google.com/"
"","indianpornfast","https://www.google.com/"
"","indianpornfuck","https://www.google.com/"
"","indian-porn-galleries","https://www.google.com/"
"","indianporngirl","https://www.google.com/"
"","indianporngirls","https://www.google.com/"
"","indianpornlist","https://www.google.com/"
"","indianpornlive","https://www.google.com/"
"","indianpornlovers","https://www.google.com/"
"","indianpornmaster","https://www.google.com/"
"","indianpornmodels","https://www.google.com/"
"","indian-porn-movies","https://www.google.com/"
"","indianpornmovies","https://www.google.com/"
"","indianpornnetwork","https://www.google.com/"
"","indianpornnext","https://www.google.com/"
"","indianporno","https://www.google.com/"
"","indian-porno","https://www.google.com/"
"","indianpornonline","https://www.google.com/"
"","indianpornotube","https://www.google.com/"
"","indian-porno-videos","https://www.google.com/"
"","indianpornpass","https://www.google.com/"
"","indianpornpics","https://www.google.com/"
"","indianpornpictures","https://www.google.com/"
"","indianpornprana","https://www.google.com/"
"","indianpornqueens","https://www.google.com/"
"","indian-porn-sex","https://www.google.com/"
"","indianpornsex","https://www.google.com/"
"","indianpornsites","https://www.google.com/"
"","indian-porn-tube","https://www.google.com/"
"","indianporntube","https://www.google.com/"
"","indianporntv","https://www.google.com/"
"","indian-porn-video","https://www.google.com/"
