"﻿""id""","read","recommended"
"","alte-damen","https://www.google.com/"
"","alte-fotzen","https://www.google.com/"
"","altefotzen","https://www.google.com/"
"","altefrau","https://www.google.com/"
"","altefrauen","https://www.google.com/"
"","altefrauenficken","https://www.google.com/"
"","altefrauensex","https://www.google.com/"
"","altegeilefrauen","https://www.google.com/"
"","altehuren","https://www.google.com/"
"","altemuschis","https://www.google.com/"
"","altenacktefrauen","https://www.google.com/"
"","alteomaschlampen","https://www.google.com/"
"","alterculture","https://www.google.com/"
"","alteredaperture","https://www.google.com/"
"","alterfoto","https://www.google.com/"
"","alternadudes","https://www.google.com/"
"","alterna-erotica","https://www.google.com/"
"","alternagirls","https://www.google.com/"
"","alternate","https://www.google.com/"
"","alternativagay","https://www.google.com/"
"","alternative-ads","https://www.google.com/"
"","alternativeauviagra","https://www.google.com/"
"","alternativeconnections","https://www.google.com/"
"","alternativedatelink","https://www.google.com/"
"","alternativedates","https://www.google.com/"
"","alternative-dating","https://www.google.com/"
"","alternative-dating-personals-singles-alt-online","https://www.google.com/"
"","alternativeencounters","https://www.google.com/"
"","alternative-erotica","https://www.google.com/"
"","alternative-footwear","https://www.google.com/"
"","alternativegirlporn","https://www.google.com/"
"","alternativegirlshardpics","https://www.google.com/"
"","alternative-lifestyles-4u","https://www.google.com/"
"","alternativelovers","https://www.google.com/"
"","alternativephuket","https://www.google.com/"
"","alternativesex","https://www.google.com/"
"","alternativesexy","https://www.google.com/"
"","alternativesin","https://www.google.com/"
"","alternativeswingers","https://www.google.com/"
"","alterotica","https://www.google.com/"
"","alteroticcams","https://www.google.com/"
"","alterotic","https://www.google.com/"
"","alterpic","https://www.google.com/"
"","altersheimsex","https://www.google.com/"
"","alterskontrolle","https://www.google.com/"
"","alter-zone","https://www.google.com/"
"","alte-schlampe","https://www.google.com/"
"","alte-schlampen","https://www.google.com/"
"","alte-weiber","https://www.google.com/"
"","alteweiber","https://www.google.com/"
"","alteweiberficken","https://www.google.com/"
"","altexclusive","https://www.google.com/"
"","altfem","https://www.google.com/"
"","altfetish","https://www.google.com/"
"","altfit","https://www.google.com/"
"","altfling","https://www.google.com/"
"","alt-free","https://www.google.com/"
"","altgeil","https://www.google.com/"
"","altgirls","https://www.google.com/"
"","altgirltweet","https://www.google.com/"
"","altheacompanion","https://www.google.com/"
"","althimprom","https://www.google.com/"
"","altijdgeil","https://www.google.com/"
"","altijdlivesex","https://www.google.com/"
"","altingramfiyati","https://www.google.com/"
"","altlesbians","https://www.google.com/"
"","altlifestyle","https://www.google.com/"
"","alt-lifestyles","https://www.google.com/"
"","alt-links","https://www.google.com/"
"","altlinkx","https://www.google.com/"
"","altlit","https://www.google.com/"
"","altmasters","https://www.google.com/"
"","altmatchfinder","https://www.google.com/"
"","altmatch-transgender","https://www.google.com/"
"","alt-models","https://www.google.com/"
"","altmtl","https://www.google.com/"
"","alt-nude","https://www.google.com/"
"","altocelebs","https://www.google.com/"
"","altomarmen","https://www.google.com/"
"","altosex","https://www.google.com/"
"","altpenis","https://www.google.com/"
"","altplayground","https://www.google.com/"
"","altplay","https://www.google.com/"
"","altporn","https://www.google.com/"
"","altporno","https://www.google.com/"
"","altpornstars","https://www.google.com/"
"","altsexbdsm","https://www.google.com/"
"","altsexclub","https://www.google.com/"
"","altsexcolumn","https://www.google.com/"
"","altsex","https://www.google.com/"
"","altsexlife","https://www.google.com/"
"","alt-sex","https://www.google.com/"
"","alt-sex-stories","https://www.google.com/"
"","altsextoys","https://www.google.com/"
"","alt-shiny-binaries","https://www.google.com/"
"","altsights","https://www.google.com/"
"","altsubmission","https://www.google.com/"
"","altteengirl","https://www.google.com/"
"","alttop","https://www.google.com/"
"","alt-und-geil","https://www.google.com/"
