"﻿""id""","read","recommended"
"","laurenlittle","https://www.google.com/"
"","lauren-louise","https://www.google.com/"
"","laurenphillips","https://www.google.com/"
"","laurenpowers","https://www.google.com/"
"","laurenrules","https://www.google.com/"
"","laurensands","https://www.google.com/"
"","laurensweet","https://www.google.com/"
"","laurentbenaim","https://www.google.com/"
"","lautre","https://www.google.com/"
"","lautresexe","https://www.google.com/"
"","lauwebut","https://www.google.com/"
"","lauxanh","https://www.google.com/"
"","lavacherouge","https://www.google.com/"
"","lavenderlounge","https://www.google.com/"
"","lavenderrayne","https://www.google.com/"
"","lavendertabby","https://www.google.com/"
"","laviata","https://www.google.com/"
"","lavideodujourjetm","https://www.google.com/"
"","la-video-x","https://www.google.com/"
"","lavie2couple","https://www.google.com/"
"","lavieenrose57","https://www.google.com/"
"","lavieenrose","https://www.google.com/"
"","la-vieille-cochonne","https://www.google.com/"
"","lavieillesalope","https://www.google.com/"
"","lavienrose","https://www.google.com/"
"","lavillalibertine","https://www.google.com/"
"","lavinialingerie","https://www.google.com/"
"","lavishcash","https://www.google.com/"
"","lavishcity","https://www.google.com/"
"","lavisio","https://www.google.com/"
"","lavoixdux","https://www.google.com/"
"","law4k","https://www.google.com/"
"","lawaloca","https://www.google.com/"
"","lawama","https://www.google.com/"
"","lawebcamporno","https://www.google.com/"
"","lawebcamsexy","https://www.google.com/"
"","lawebera","https://www.google.com/"
"","lawebgay","https://www.google.com/"
"","lawebjoven","https://www.google.com/"
"","lawebporno","https://www.google.com/"
"","laweo-dessous","https://www.google.com/"
"","laweon","https://www.google.com/"
"","laweo-sexspielzeug","https://www.google.com/"
"","lawinanet","https://www.google.com/"
"","lawsex","https://www.google.com/"
"","laxe","https://www.google.com/"
"","laxliquid","https://www.google.com/"
"","laxmiblowers","https://www.google.com/"
"","lax","https://www.google.com/"
"","laxtimebabes","https://www.google.com/"
"","laxtime","https://www.google.com/"
"","la-xxx","https://www.google.com/"
"","layerednylon","https://www.google.com/"
"","layered-nylons","https://www.google.com/"
"","laylaharvestroberts","https://www.google.com/"
"","laylahroberts","https://www.google.com/"
"","laylaj","https://www.google.com/"
"","laylalove","https://www.google.com/"
"","layla","https://www.google.com/"
"","laylareddxxx","https://www.google.com/"
"","layoutsparks","https://www.google.com/"
"","laythekat","https://www.google.com/"
"","laywathes","https://www.google.com/"
"","lazertube","https://www.google.com/"
"","lazlo-photo","https://www.google.com/"
"","lazonaentertainment","https://www.google.com/"
"","lazonamodelos","https://www.google.com/"
"","la-zone","https://www.google.com/"
"","lazonemanga","https://www.google.com/"
"","lazoneporno","https://www.google.com/"
"","lazonesexe","https://www.google.com/"
"","lazurio","https://www.google.com/"
"","lazydavid","https://www.google.com/"
"","lazyfuck","https://www.google.com/"
"","lazygay","https://www.google.com/"
"","lazygirls","https://www.google.com/"
"","lazygranny","https://www.google.com/"
"","lazyguylinks","https://www.google.com/"
"","lazymike","https://www.google.com/"
"","lazyporn","https://www.google.com/"
"","lazyporntube","https://www.google.com/"
"","lazytubeporn","https://www.google.com/"
"","lb-69","https://www.google.com/"
"","lb-bar","https://www.google.com/"
"","lb","https://www.google.com/"
"","lbdp","https://www.google.com/"
"","lbfmaddiction","https://www.google.com/"
"","lbfm-asia","https://www.google.com/"
"","lbfmasia","https://www.google.com/"
"","lbfmcams","https://www.google.com/"
"","lbfm-lover","https://www.google.com/"
"","lbfm","https://www.google.com/"
"","lbfuck","https://www.google.com/"
"","lbgalleries","https://www.google.com/"
"","lbgasm","https://www.google.com/"
"","lbgfs","https://www.google.com/"
"","lbgirlfriends","https://www.google.com/"
"","lbguns","https://www.google.com/"
"","lbhardcore","https://www.google.com/"
"","lbhunter","https://www.google.com/"
