"﻿""id""","read","recommended"
"","bisexlist","https://www.google.com/"
"","bisex-lovers","https://www.google.com/"
"","bisexmeiden","https://www.google.com/"
"","bisexonline","https://www.google.com/"
"","bisexpix","https://www.google.com/"
"","bisexplanet","https://www.google.com/"
"","bisexporno","https://www.google.com/"
"","bisex-pornos","https://www.google.com/"
"","bisexsite","https://www.google.com/"
"","bisexspiele","https://www.google.com/"
"","bisexstraponfuckers","https://www.google.com/"
"","bisexstuds","https://www.google.com/"
"","bisextasy","https://www.google.com/"
"","bisextoys","https://www.google.com/"
"","bisextubes","https://www.google.com/"
"","bisextv","https://www.google.com/"
"","bisexualaffairs","https://www.google.com/"
"","bisexualaustralia","https://www.google.com/"
"","bisexualbangers","https://www.google.com/"
"","bisexualbeauty","https://www.google.com/"
"","bisexualbedroom","https://www.google.com/"
"","bisexualblog","https://www.google.com/"
"","bisexual-boys","https://www.google.com/"
"","bisexualboys","https://www.google.com/"
"","bisexualbritni","https://www.google.com/"
"","bisexualbro","https://www.google.com/"
"","bisexualcam","https://www.google.com/"
"","bisexualcelebs","https://www.google.com/"
"","bisexualcenter","https://www.google.com/"
"","bisexualchat","https://www.google.com/"
"","bisexualchatline","https://www.google.com/"
"","bisexualchatnetwork","https://www.google.com/"
"","bisexualcocks","https://www.google.com/"
"","bi-sexual","https://www.google.com/"
"","bisexual","https://www.google.com/"
"","bisexual-couples","https://www.google.com/"
"","bisexual-cum","https://www.google.com/"
"","bisexualdatelink","https://www.google.com/"
"","bisexualdatinggroup","https://www.google.com/"
"","bisexualdatingresources","https://www.google.com/"
"","bisexualdatingsites","https://www.google.com/"
"","bisexualdave","https://www.google.com/"
"","bisexual-domination","https://www.google.com/"
"","bisexualfemdom","https://www.google.com/"
"","bisexualfilms","https://www.google.com/"
"","bisexualfriendfinder","https://www.google.com/"
"","bisexual-fuckers","https://www.google.com/"
"","bisexualgals","https://www.google.com/"
"","bisexualgf","https://www.google.com/"
"","bisexualgirls","https://www.google.com/"
"","bisexual-guys","https://www.google.com/"
"","bisexual-hardcore","https://www.google.com/"
"","bisexuality","https://www.google.com/"
"","bisexualityporn","https://www.google.com/"
"","bisexuallib","https://www.google.com/"
"","bisexual-links","https://www.google.com/"
"","bisexuallist","https://www.google.com/"
"","bisexuallovers","https://www.google.com/"
"","bisexualmale","https://www.google.com/"
"","bisexualmantube","https://www.google.com/"
"","bisexualmarriedmen","https://www.google.com/"
"","bisexualmatch","https://www.google.com/"
"","bi-sexualmen","https://www.google.com/"
"","bisexual-men","https://www.google.com/"
"","bisexual-mmf","https://www.google.com/"
"","bisexualmobileporn","https://www.google.com/"
"","bisexualmoviegalleries","https://www.google.com/"
"","bisexual-mpeg","https://www.google.com/"
"","bisexual-orgies","https://www.google.com/"
"","bisexualorgy","https://www.google.com/"
"","bisexualpayperview","https://www.google.com/"
"","bi-sexualphonesex","https://www.google.com/"
"","bisexualphonesex","https://www.google.com/"
"","bisexual-pics","https://www.google.com/"
"","bisexualpictures","https://www.google.com/"
"","bisexualplayground","https://www.google.com/"
"","bisexualporn","https://www.google.com/"
"","bisexualpornhdtube","https://www.google.com/"
"","bisexual-porn","https://www.google.com/"
"","bisexualpornography","https://www.google.com/"
"","bisexualpornpics","https://www.google.com/"
"","bisexual-porn-sex","https://www.google.com/"
"","bisexualpornsex","https://www.google.com/"
"","bisexuals","https://www.google.com/"
"","bisexualsex","https://www.google.com/"
"","bisexualsexdemon","https://www.google.com/"
"","bisexualsexmen","https://www.google.com/"
"","bisexual-sex","https://www.google.com/"
"","bisexualsexposed","https://www.google.com/"
"","bisexualshardcore","https://www.google.com/"
"","bisexualsluts","https://www.google.com/"
"","bisexualsmovies","https://www.google.com/"
"","bisexualstation","https://www.google.com/"
"","bisexual-stories","https://www.google.com/"
"","bisexualswingers","https://www.google.com/"
"","bisexualteen","https://www.google.com/"
"","bisexual-tgp","https://www.google.com/"
"","bisexual-threesomes","https://www.google.com/"
"","bisexualtrainer","https://www.google.com/"
"","bisexualvideos","https://www.google.com/"
