"﻿""id""","read","recommended"
"","blackchubbyporn","https://www.google.com/"
"","blackcircle","https://www.google.com/"
"","blackclits","https://www.google.com/"
"","blackclubs","https://www.google.com/"
"","black-cochone","https://www.google.com/"
"","blackcockadventure","https://www.google.com/"
"","blackcockchurch","https://www.google.com/"
"","blackcock","https://www.google.com/"
"","blackcockcult","https://www.google.com/"
"","blackcockdown","https://www.google.com/"
"","blackcockgallery","https://www.google.com/"
"","blackcockhunger","https://www.google.com/"
"","blackcockkings","https://www.google.com/"
"","blackcockonly","https://www.google.com/"
"","blackcockparty","https://www.google.com/"
"","black-cock-queen","https://www.google.com/"
"","blackcocks","https://www.google.com/"
"","blackcocksinteens","https://www.google.com/"
"","blackcocksmokers","https://www.google.com/"
"","blackcocksmovie","https://www.google.com/"
"","blackcocksociety","https://www.google.com/"
"","blackcocksonly","https://www.google.com/"
"","blackcocksucking","https://www.google.com/"
"","blackcocksvideo","https://www.google.com/"
"","black-cocks-white-sluts-1","https://www.google.com/"
"","blackcockswhitesluts1","https://www.google.com/"
"","blackcockswhitesluts","https://www.google.com/"
"","blackcockswhiteslutsportal","https://www.google.com/"
"","blackcockswhiteteens","https://www.google.com/"
"","blackcockswhitetwats","https://www.google.com/"
"","blackcocksxl","https://www.google.com/"
"","blackcocktrainer","https://www.google.com/"
"","blackcockvideos","https://www.google.com/"
"","black-cock-white-cuckold","https://www.google.com/"
"","blackcockwhore","https://www.google.com/"
"","blackcockzilla","https://www.google.com/"
"","black-company","https://www.google.com/"
"","blackcoochie","https://www.google.com/"
"","blackcougars","https://www.google.com/"
"","blackcravings","https://www.google.com/"
"","blackcream","https://www.google.com/"
"","blackcreampiebabes","https://www.google.com/"
"","blackcreamypies","https://www.google.com/"
"","blackcrossbow","https://www.google.com/"
"","blackcrow","https://www.google.com/"
"","blackcrush","https://www.google.com/"
"","blackcuckolding","https://www.google.com/"
"","blackcumblog","https://www.google.com/"
"","black-cumshots","https://www.google.com/"
"","blackcumshots","https://www.google.com/"
"","blackcumsluts","https://www.google.com/"
"","blackcunt","https://www.google.com/"
"","blackcuntsclips","https://www.google.com/"
"","blackcunts","https://www.google.com/"
"","blackdancer","https://www.google.com/"
"","blackdarkx","https://www.google.com/"
"","blackdarlings","https://www.google.com/"
"","blackdatehookup","https://www.google.com/"
"","blackdatelink","https://www.google.com/"
"","blackdates","https://www.google.com/"
"","blackdatingplanet","https://www.google.com/"
"","blackdemonstories","https://www.google.com/"
"","blackdesire","https://www.google.com/"
"","blackdesires","https://www.google.com/"
"","blackdiamoond","https://www.google.com/"
"","blackdick","https://www.google.com/"
"","blackdickmychick","https://www.google.com/"
"","blackdicks","https://www.google.com/"
"","blackdicksinblondechicks","https://www.google.com/"
"","blackdickslatinchicks","https://www.google.com/"
"","blackdickssweetchicks","https://www.google.com/"
"","blackdickvideos","https://www.google.com/"
"","blackdickwhiteboys","https://www.google.com/"
"","black-dildo","https://www.google.com/"
"","blackdimepiece","https://www.google.com/"
"","blackdirtysluts","https://www.google.com/"
"","blackdogue","https://www.google.com/"
"","black-dream","https://www.google.com/"
"","blackdream","https://www.google.com/"
"","blackdreams","https://www.google.com/"
"","blackdressclub","https://www.google.com/"
"","blackdrill","https://www.google.com/"
"","blackdrilling","https://www.google.com/"
"","blackdvdz","https://www.google.com/"
"","blackdykes","https://www.google.com/"
"","blackeagletoronto","https://www.google.com/"
"","blackebony","https://www.google.com/"
"","blackebonyescort","https://www.google.com/"
"","blackebonygfs","https://www.google.com/"
"","blackebonygirl","https://www.google.com/"
"","blackebonyporn","https://www.google.com/"
"","blackebonyporno","https://www.google.com/"
"","blackebonypornstar","https://www.google.com/"
"","blackebonypussy","https://www.google.com/"
"","blackebonyteens","https://www.google.com/"
"","blackedbabes","https://www.google.com/"
"","blacked","https://www.google.com/"
"","blackedgirls","https://www.google.com/"
"","blackedjav","https://www.google.com/"
"","blackedraw","https://www.google.com/"
