"﻿""id""","read","recommended"
"","allshylastylez","https://www.google.com/"
"","allsinglerussiangirls","https://www.google.com/"
"","all-singles","https://www.google.com/"
"","allsiteaccess","https://www.google.com/"
"","allsitesaccess","https://www.google.com/"
"","allslots","https://www.google.com/"
"","allsmut","https://www.google.com/"
"","allsologirls","https://www.google.com/"
"","allsortsofgirls","https://www.google.com/"
"","allspanishgirls","https://www.google.com/"
"","allspank","https://www.google.com/"
"","allspankingblogs","https://www.google.com/"
"","allspankingvideos","https://www.google.com/"
"","allspyclips","https://www.google.com/"
"","allstarasians","https://www.google.com/"
"","allstarass","https://www.google.com/"
"","allstarbondage","https://www.google.com/"
"","allstarcams","https://www.google.com/"
"","allstarcasinos","https://www.google.com/"
"","allstarcelebrity","https://www.google.com/"
"","allstardominas","https://www.google.com/"
"","allstarfemdoms","https://www.google.com/"
"","allstarpics","https://www.google.com/"
"","allstarporngirls","https://www.google.com/"
"","allstarporngirlslinks","https://www.google.com/"
"","allstarrealityporn","https://www.google.com/"
"","all-stars","https://www.google.com/"
"","allstarsex","https://www.google.com/"
"","allstarshemales","https://www.google.com/"
"","allstarsluts","https://www.google.com/"
"","allstarsporn","https://www.google.com/"
"","allstarsportsbook","https://www.google.com/"
"","allstarstuds","https://www.google.com/"
"","allstarz","https://www.google.com/"
"","allstr8boys","https://www.google.com/"
"","allstraponlesbians","https://www.google.com/"
"","allstuff","https://www.google.com/"
"","allstupidjokes","https://www.google.com/"
"","allsunnyleone","https://www.google.com/"
"","allsweetbabes","https://www.google.com/"
"","allsweetcartoons","https://www.google.com/"
"","allsweetgirls","https://www.google.com/"
"","allsweethearts","https://www.google.com/"
"","allswinger","https://www.google.com/"
"","all-swingers-clubs","https://www.google.com/"
"","allswingersclubs","https://www.google.com/"
"","allteeens","https://www.google.com/"
"","allteenamateurs","https://www.google.com/"
"","allteenanal","https://www.google.com/"
"","allteenart","https://www.google.com/"
"","allteenass","https://www.google.com/"
"","allteenblog","https://www.google.com/"
"","all-teen-galleries","https://www.google.com/"
"","allteenhardcore","https://www.google.com/"
"","allteenholes","https://www.google.com/"
"","allteenmodel","https://www.google.com/"
"","allteenmovies","https://www.google.com/"
"","allteennudes","https://www.google.com/"
"","allteen","https://www.google.com/"
"","allteenphonesex","https://www.google.com/"
"","allteenporn","https://www.google.com/"
"","allteenpussy","https://www.google.com/"
"","allteenrevpass","https://www.google.com/"
"","allteens","https://www.google.com/"
"","allteensex","https://www.google.com/"
"","allteensite","https://www.google.com/"
"","allteensnude","https://www.google.com/"
"","allteenspics","https://www.google.com/"
"","allteenstars","https://www.google.com/"
"","allteenstgp","https://www.google.com/"
"","allteensworld","https://www.google.com/"
"","allteentits","https://www.google.com/"
"","allteenvids","https://www.google.com/"
"","allteenwebcams","https://www.google.com/"
"","allthatbeauty","https://www.google.com/"
"","allthatpussy","https://www.google.com/"
"","allthatssexy","https://www.google.com/"
"","allthebeauty","https://www.google.com/"
"","allthebestporn","https://www.google.com/"
"","allthecelebs","https://www.google.com/"
"","allthechicks","https://www.google.com/"
"","allthefallen","https://www.google.com/"
"","allthefun","https://www.google.com/"
"","allthepink","https://www.google.com/"
"","allthepornstars","https://www.google.com/"
"","allthetoons","https://www.google.com/"
"","allthewaygay","https://www.google.com/"
"","allthick","https://www.google.com/"
"","allthingsamateur","https://www.google.com/"
"","allthingscfnm","https://www.google.com/"
"","allthingsspanking","https://www.google.com/"
"","allthoseboobs","https://www.google.com/"
"","allthoseforpantyhose","https://www.google.com/"
"","allthumbshost","https://www.google.com/"
"","allthumbspost","https://www.google.com/"
"","alltimefacials","https://www.google.com/"
"","alltimesexcomics","https://www.google.com/"
"","all-tiny-titties","https://www.google.com/"
"","alltitpics","https://www.google.com/"
"","alltitspics","https://www.google.com/"
