"﻿""id""","read","recommended"
"","annuaire-gay-gratuit","https://www.google.com/"
"","annuairegay","https://www.google.com/"
"","annuaire-generaliste","https://www.google.com/"
"","annuaire-globe","https://www.google.com/"
"","annuaire-gratuit","https://www.google.com/"
"","annuaire-hardcore","https://www.google.com/"
"","annuairehentai","https://www.google.com/"
"","annuaire-histoire-erotique","https://www.google.com/"
"","annuairehot","https://www.google.com/"
"","annuaire-hotsexe","https://www.google.com/"
"","annuaire-intime","https://www.google.com/"
"","annuaire-jeux-argent","https://www.google.com/"
"","annuaire-libertin","https://www.google.com/"
"","annuaire-liens-dur","https://www.google.com/"
"","annuaire-liens-x","https://www.google.com/"
"","annuairelingerie","https://www.google.com/"
"","annuaire-lingerie","https://www.google.com/"
"","annuaire-mariage","https://www.google.com/"
"","annuaire-mars","https://www.google.com/"
"","annuairemature","https://www.google.com/"
"","annuaire-matures","https://www.google.com/"
"","annuaire-mondial","https://www.google.com/"
"","annuaire-people","https://www.google.com/"
"","annuaireporno","https://www.google.com/"
"","annuaire-porno","https://www.google.com/"
"","annuaire-porno-gay","https://www.google.com/"
"","annuairepornogratuit","https://www.google.com/"
"","annuaire-porno-gratuit","https://www.google.com/"
"","annuaire-porno-hard","https://www.google.com/"
"","annuaire-rencontres","https://www.google.com/"
"","annuaire-rencontrex","https://www.google.com/"
"","annuaire-rose-sexy","https://www.google.com/"
"","annuaires-charme","https://www.google.com/"
"","annuaires-du-gratuit","https://www.google.com/"
"","annuaire-sexe-amateur","https://www.google.com/"
"","annuaire-sexe","https://www.google.com/"
"","annuairesexe","https://www.google.com/"
"","annuaire-sexe-","https://www.google.com/"
"","annuaire-sexe-gratuit","https://www.google.com/"
"","annuairesexehard","https://www.google.com/"
"","annuairesexeporno","https://www.google.com/"
"","annuaire-sexe-porno-gratuit","https://www.google.com/"
"","annuaire-sexe-porno","https://www.google.com/"
"","annuaire-sex-gratuit","https://www.google.com/"
"","annuairesexshop","https://www.google.com/"
"","annuaire-sexy","https://www.google.com/"
"","annuaire-sites-gay","https://www.google.com/"
"","annuaire-sites-mature","https://www.google.com/"
"","annuaire-sm","https://www.google.com/"
"","annuaire-teens","https://www.google.com/"
"","annuaire-telephone-rose","https://www.google.com/"
"","annuaire-tendresse","https://www.google.com/"
"","annuaire-transexuelle","https://www.google.com/"
"","annuaire-transsexuelle","https://www.google.com/"
"","annuairevideohard","https://www.google.com/"
"","annuairevideoporno","https://www.google.com/"
"","annuaire-video-sexe","https://www.google.com/"
"","annuaire-videos-x","https://www.google.com/"
"","annuaire-webcam-sexe","https://www.google.com/"
"","annuaire-web","https://www.google.com/"
"","annuairex","https://www.google.com/"
"","annuaire-x","https://www.google.com/"
"","annuaire-x-def","https://www.google.com/"
"","annuaire-xxx","https://www.google.com/"
"","annubel","https://www.google.com/"
"","annududial","https://www.google.com/"
"","annufrance","https://www.google.com/"
"","annugratuit","https://www.google.com/"
"","annuix","https://www.google.com/"
"","annulibertin","https://www.google.com/"
"","annulove","https://www.google.com/"
"","annumeet","https://www.google.com/"
"","annunci69","https://www.google.com/"
"","annunci-adulti","https://www.google.com/"
"","annuncicaldi","https://www.google.com/"
"","annunci-e-incontri","https://www.google.com/"
"","annuncierotici","https://www.google.com/"
"","annuncieroticigratis","https://www.google.com/"
"","annunciescort","https://www.google.com/"
"","annuncigay","https://www.google.com/"
"","annuncigirls","https://www.google.com/"
"","annuncimistress","https://www.google.com/"
"","annunciporno","https://www.google.com/"
"","annunciragazze","https://www.google.com/"
"","annunci-sesso","https://www.google.com/"
"","annuncisessuali","https://www.google.com/"
"","annuncisexy","https://www.google.com/"
"","annuncitrans","https://www.google.com/"
"","annur-web","https://www.google.com/"
"","annu-sexe","https://www.google.com/"
"","annusexe","https://www.google.com/"
"","annusexy","https://www.google.com/"
"","annu-x","https://www.google.com/"
"","annux","https://www.google.com/"
"","annys-footpage","https://www.google.com/"
"","annysxxx","https://www.google.com/"
"","anoek","https://www.google.com/"
"","anolagay","https://www.google.com/"
"","anoncams","https://www.google.com/"
"","anonce","https://www.google.com/"
