"﻿""id""","read","recommended"
"","hollyjhart","https://www.google.com/"
"","hollykiss","https://www.google.com/"
"","hollymccall","https://www.google.com/"
"","holly-model","https://www.google.com/"
"","hollymoss","https://www.google.com/"
"","hollynude","https://www.google.com/"
"","hollyoaksbabes","https://www.google.com/"
"","hollyrandall","https://www.google.com/"
"","hollyrude","https://www.google.com/"
"","hollysampsonblog","https://www.google.com/"
"","hollysaunders","https://www.google.com/"
"","hollysheltonracing","https://www.google.com/"
"","hollysweetxxx","https://www.google.com/"
"","hollytits","https://www.google.com/"
"","hollywellinxxx","https://www.google.com/"
"","hollywestfucked","https://www.google.com/"
"","hollywire","https://www.google.com/"
"","hollywoodadventure","https://www.google.com/"
"","hollywoodalist","https://www.google.com/"
"","hollywoodbabe","https://www.google.com/"
"","hollywoodbackwash","https://www.google.com/"
"","hollywoodbedroom","https://www.google.com/"
"","hollywoodboys","https://www.google.com/"
"","hollywoodcelebrities","https://www.google.com/"
"","hollywood-celebrity-pictures","https://www.google.com/"
"","hollywood","https://www.google.com/"
"","hollywoodchaos","https://www.google.com/"
"","hollywood-exposed","https://www.google.com/"
"","hollywoodfetishwear","https://www.google.com/"
"","hollywoodflesh","https://www.google.com/"
"","hollywoodfuck","https://www.google.com/"
"","hollywoodfucking","https://www.google.com/"
"","hollywoodgfs","https://www.google.com/"
"","hollywoodgossips","https://www.google.com/"
"","hollywoodhustler","https://www.google.com/"
"","hollywoodjizz","https://www.google.com/"
"","hollywoodlesbians","https://www.google.com/"
"","hollywoodlife","https://www.google.com/"
"","hollywoodmen","https://www.google.com/"
"","hollywoodmenexposed","https://www.google.com/"
"","hollywood-naked","https://www.google.com/"
"","hollywoodnude","https://www.google.com/"
"","hollywoodnudity","https://www.google.com/"
"","hollywoodoops","https://www.google.com/"
"","hollywoodpinup","https://www.google.com/"
"","hollywoodpornstars","https://www.google.com/"
"","hollywoodschandalen","https://www.google.com/"
"","hollywood-sex","https://www.google.com/"
"","hollywoodsexscandals","https://www.google.com/"
"","hollywoodsextapes","https://www.google.com/"
"","hollywoodshowgirls","https://www.google.com/"
"","hollywoodsluts","https://www.google.com/"
"","hollywoodstars","https://www.google.com/"
"","hollywoodswingersclub","https://www.google.com/"
"","hollywoodtake","https://www.google.com/"
"","hollywoodthing","https://www.google.com/"
"","hollywoodtraffic","https://www.google.com/"
"","hollywoodtransexuals","https://www.google.com/"
"","hollywoodtuna","https://www.google.com/"
"","hollywoodwhores","https://www.google.com/"
"","hollywoodwomen","https://www.google.com/"
"","hollywoodx","https://www.google.com/"
"","hollywood-xposed","https://www.google.com/"
"","hollywoodxposed","https://www.google.com/"
"","hollywouldproductions","https://www.google.com/"
"","holmaatjes","https://www.google.com/"
"","holm","https://www.google.com/"
"","holoboard","https://www.google.com/"
"","holocashvr","https://www.google.com/"
"","holodex","https://www.google.com/"
"","holodexxx","https://www.google.com/"
"","holodisk","https://www.google.com/"
"","hologirlsvr","https://www.google.com/"
"","holonut","https://www.google.com/"
"","holoporno","https://www.google.com/"
"","holosex","https://www.google.com/"
"","holoteens","https://www.google.com/"
"","holowww","https://www.google.com/"
"","holyasshole","https://www.google.com/"
"","holybang","https://www.google.com/"
"","holybigtits","https://www.google.com/"
"","holy-divas","https://www.google.com/"
"","holyfuck","https://www.google.com/"
"","holyjugs","https://www.google.com/"
"","holynature","https://www.google.com/"
"","holyporno","https://www.google.com/"
"","holypuss","https://www.google.com/"
"","holysex","https://www.google.com/"
"","holysexy","https://www.google.com/"
"","holyshit","https://www.google.com/"
"","holytaco","https://www.google.com/"
"","holyteens","https://www.google.com/"
"","holytrinitync","https://www.google.com/"
"","holywebcams","https://www.google.com/"
"","holzbein","https://www.google.com/"
"","homactu","https://www.google.com/"
"","hombres","https://www.google.com/"
"","hombres-desnudos","https://www.google.com/"
"","hombresdesnudos","https://www.google.com/"
"","hombresgay","https://www.google.com/"
