"﻿""id""","read","recommended"
"","contactos-abc","https://www.google.com/"
"","contactosadultos","https://www.google.com/"
"","contactosbdsm","https://www.google.com/"
"","contactosconfoto","https://www.google.com/"
"","contactosdesexo","https://www.google.com/"
"","contactosenmadrid","https://www.google.com/"
"","contactos-eroticos","https://www.google.com/"
"","contactosexo","https://www.google.com/"
"","contactosexual","https://www.google.com/"
"","contactos-gay","https://www.google.com/"
"","contactosgays","https://www.google.com/"
"","contactosgratis","https://www.google.com/"
"","contactosmadrid","https://www.google.com/"
"","contactos-online","https://www.google.com/"
"","contactosonline","https://www.google.com/"
"","contactosprivados","https://www.google.com/"
"","contactosreales","https://www.google.com/"
"","contactossex","https://www.google.com/"
"","contactossexo","https://www.google.com/"
"","contactos-sexuales","https://www.google.com/"
"","contactos","https://www.google.com/"
"","contactoswinger","https://www.google.com/"
"","contactosx","https://www.google.com/"
"","contactosyrelaciones","https://www.google.com/"
"","contactotransexuales","https://www.google.com/"
"","contactpornstars","https://www.google.com/"
"","contactq","https://www.google.com/"
"","contactreel","https://www.google.com/"
"","contact-rencontre","https://www.google.com/"
"","contacts","https://www.google.com/"
"","contactsenior","https://www.google.com/"
"","contact-sex","https://www.google.com/"
"","contactsingles","https://www.google.com/"
"","contactsoncam","https://www.google.com/"
"","contacts-uk","https://www.google.com/"
"","contact-usa","https://www.google.com/"
"","contact-xxx","https://www.google.com/"
"","contactzone","https://www.google.com/"
"","contagiousmedia","https://www.google.com/"
"","contattireali","https://www.google.com/"
"","contegrasystems","https://www.google.com/"
"","contenidosdigitales","https://www.google.com/"
"","contenidospc","https://www.google.com/"
"","contenidoz","https://www.google.com/"
"","contentabc","https://www.google.com/"
"","contentadult","https://www.google.com/"
"","contentareas","https://www.google.com/"
"","contentdef","https://www.google.com/"
"","contentfederation","https://www.google.com/"
"","contentpackage","https://www.google.com/"
"","contentparty","https://www.google.com/"
"","contentpinup","https://www.google.com/"
"","contentsales","https://www.google.com/"
"","contentshack","https://www.google.com/"
"","contentsmagazine","https://www.google.com/"
"","contenu-adulte","https://www.google.com/"
"","contenu-porno","https://www.google.com/"
"","contessa","https://www.google.com/"
"","contessa-barbara-calucci","https://www.google.com/"
"","contessa-escort","https://www.google.com/"
"","contessinaselvaggia","https://www.google.com/"
"","contetashayparaiso","https://www.google.com/"
"","conteudoxxx","https://www.google.com/"
"","contexxt","https://www.google.com/"
"","contigocontact","https://www.google.com/"
"","contilnetnoticias","https://www.google.com/"
"","continentalagency","https://www.google.com/"
"","contoerotico","https://www.google.com/"
"","conto","https://www.google.com/"
"","contortionist","https://www.google.com/"
"","contortionistporn","https://www.google.com/"
"","contortion","https://www.google.com/"
"","contosbdsm","https://www.google.com/"
"","contoseroticosbr","https://www.google.com/"
"","contoseroticos","https://www.google.com/"
"","contos-eroticos","https://www.google.com/"
"","contoseroticosvip","https://www.google.com/"
"","contosfemininos","https://www.google.com/"
"","contosgay","https://www.google.com/"
"","contospicantes","https://www.google.com/"
"","contosquentes","https://www.google.com/"
"","contossecretos","https://www.google.com/"
"","contpro","https://www.google.com/"
"","contrasting","https://www.google.com/"
"","contrastporn","https://www.google.com/"
"","contrib-amateurs","https://www.google.com/"
"","contributions-amateur","https://www.google.com/"
"","contributions-amateurs","https://www.google.com/"
"","contribution-x","https://www.google.com/"
"","control2000","https://www.google.com/"
"","controlher","https://www.google.com/"
"","controlhertoy","https://www.google.com/"
"","controllingschnoff","https://www.google.com/"
"","convergentus","https://www.google.com/"
"","conversation-erotique","https://www.google.com/"
"","conversationpiece","https://www.google.com/"
"","conversations-chaudes","https://www.google.com/"
"","conversations-erotiques","https://www.google.com/"
"","conversation-sexe","https://www.google.com/"
"","conversations-sm","https://www.google.com/"
