"﻿""id""","read","recommended"
"","ebonypussytube","https://www.google.com/"
"","ebonypussyxxx","https://www.google.com/"
"","ebonyqueen","https://www.google.com/"
"","ebonyqueendom","https://www.google.com/"
"","ebonyqueer","https://www.google.com/"
"","ebonyrabbits","https://www.google.com/"
"","ebonyrapture","https://www.google.com/"
"","ebonyraw","https://www.google.com/"
"","ebonyreviewer","https://www.google.com/"
"","ebony-reviews","https://www.google.com/"
"","ebonyromance","https://www.google.com/"
"","ebonys","https://www.google.com/"
"","ebonyscatprincess","https://www.google.com/"
"","ebonysecret","https://www.google.com/"
"","ebonyselfies","https://www.google.com/"
"","ebonysexcam","https://www.google.com/"
"","ebony-sex-cams","https://www.google.com/"
"","ebonysexcams","https://www.google.com/"
"","ebonysexcandy","https://www.google.com/"
"","ebonysex","https://www.google.com/"
"","ebonysexcontact","https://www.google.com/"
"","ebonysexdates","https://www.google.com/"
"","ebonysexdating","https://www.google.com/"
"","ebonysexfinder","https://www.google.com/"
"","ebony-sex-free","https://www.google.com/"
"","ebonysexhookup","https://www.google.com/"
"","ebonysexi","https://www.google.com/"
"","ebonysexonline","https://www.google.com/"
"","ebony-sex-porn","https://www.google.com/"
"","ebonysexporn","https://www.google.com/"
"","ebonysextube","https://www.google.com/"
"","ebonysextubes","https://www.google.com/"
"","ebonysextv","https://www.google.com/"
"","ebonysexvideos","https://www.google.com/"
"","ebonysexypussy","https://www.google.com/"
"","ebonysexzone","https://www.google.com/"
"","ebonyshaft","https://www.google.com/"
"","ebonyshemale","https://www.google.com/"
"","ebonyshemaleporn","https://www.google.com/"
"","ebonyshemalesex","https://www.google.com/"
"","ebonyshemalevideos","https://www.google.com/"
"","ebonyshock","https://www.google.com/"
"","ebonyshowtime","https://www.google.com/"
"","ebonysin","https://www.google.com/"
"","ebonysista","https://www.google.com/"
"","ebonysisters","https://www.google.com/"
"","ebonysites","https://www.google.com/"
"","ebonysizzle","https://www.google.com/"
"","ebonyslut","https://www.google.com/"
"","ebony-sluts","https://www.google.com/"
"","ebonysociety","https://www.google.com/"
"","ebony-stars","https://www.google.com/"
"","ebonystories","https://www.google.com/"
"","ebonystory","https://www.google.com/"
"","ebonystreethooker","https://www.google.com/"
"","ebonystud","https://www.google.com/"
"","ebonysugar","https://www.google.com/"
"","ebonysuper","https://www.google.com/"
"","ebonysweets","https://www.google.com/"
"","ebonytears","https://www.google.com/"
"","ebonytease","https://www.google.com/"
"","ebonyteenagers","https://www.google.com/"
"","ebonyteen","https://www.google.com/"
"","ebony-teen","https://www.google.com/"
"","ebonyteenpictureclub","https://www.google.com/"
"","ebonyteenpictures","https://www.google.com/"
"","ebonyteens","https://www.google.com/"
"","ebonyteen","https://www.google.com/"
"","ebony-teen-tube","https://www.google.com/"
"","ebonytgp","https://www.google.com/"
"","ebonythroatgaggers","https://www.google.com/"
"","ebonyticklers","https://www.google.com/"
"","ebonytits","https://www.google.com/"
"","ebonytitspics","https://www.google.com/"
"","ebonytraffic","https://www.google.com/"
"","ebonytraffictrade","https://www.google.com/"
"","ebony-trannies","https://www.google.com/"
"","ebonytuba","https://www.google.com/"
"","ebonytube101","https://www.google.com/"
"","ebonytube","https://www.google.com/"
"","ebonytubegirls","https://www.google.com/"
"","ebonytubehd","https://www.google.com/"
"","ebonytuber","https://www.google.com/"
"","ebony-tubes","https://www.google.com/"
"","ebonytubesex","https://www.google.com/"
"","ebonytubetv","https://www.google.com/"
"","ebonytugs","https://www.google.com/"
"","ebonytwat","https://www.google.com/"
"","ebonytwinks","https://www.google.com/"
"","ebonyunderground","https://www.google.com/"
"","ebonyvideoplanet","https://www.google.com/"
"","ebonyvideos","https://www.google.com/"
"","ebonyvilla","https://www.google.com/"
"","ebonyvoyeur","https://www.google.com/"
"","ebony-webcam","https://www.google.com/"
"","ebonywebcam","https://www.google.com/"
"","ebony-webcam-sex","https://www.google.com/"
"","ebonywebcamsex","https://www.google.com/"
"","ebonywetpussy","https://www.google.com/"
"","ebonywhores","https://www.google.com/"
