"﻿""id""","read","recommended"
"","amateurxxx","https://www.google.com/"
"","amateurxxxempire","https://www.google.com/"
"","amateurxxxfilms","https://www.google.com/"
"","amateurxxxgay","https://www.google.com/"
"","amateurxxxhub","https://www.google.com/"
"","amateurxxxmag","https://www.google.com/"
"","amateurxxxmovies","https://www.google.com/"
"","amateur-xxx","https://www.google.com/"
"","amateurxxxphotos","https://www.google.com/"
"","amateurxxxpics","https://www.google.com/"
"","amateurxxxpornclips","https://www.google.com/"
"","amateurxxxporn","https://www.google.com/"
"","amateurxxxsex","https://www.google.com/"
"","amateurxxxsites","https://www.google.com/"
"","amateurxxxstories","https://www.google.com/"
"","amateurxxxtube247","https://www.google.com/"
"","amateur-xxx-tube","https://www.google.com/"
"","amateurxxxtubes","https://www.google.com/"
"","amateurxxxvideo","https://www.google.com/"
"","amateurxxxvideos","https://www.google.com/"
"","amateurxxxvids","https://www.google.com/"
"","amateuryoungpics","https://www.google.com/"
"","amateuryoungporn","https://www.google.com/"
"","amateuryouporn","https://www.google.com/"
"","amateuryouth","https://www.google.com/"
"","amateurzentrale","https://www.google.com/"
"","amateurz","https://www.google.com/"
"","amateurzoosex","https://www.google.com/"
"","amateurzootube","https://www.google.com/"
"","amateurzx","https://www.google.com/"
"","amatgp","https://www.google.com/"
"","amatheure","https://www.google.com/"
"","amatipix","https://www.google.com/"
"","amatoersex","https://www.google.com/"
"","amato-escort","https://www.google.com/"
"","amator6","https://www.google.com/"
"","amatoralbum","https://www.google.com/"
"","amatorfotografen","https://www.google.com/"
"","amatoriale","https://www.google.com/"
"","amatorialesesso","https://www.google.com/"
"","amatoriali69","https://www.google.com/"
"","amatorixxx","https://www.google.com/"
"","amatorki","https://www.google.com/"
"","amator","https://www.google.com/"
"","amatororgiak","https://www.google.com/"
"","amatorporno","https://www.google.com/"
"","amatorporr","https://www.google.com/"
"","amator-sex","https://www.google.com/"
"","amatorsexporr","https://www.google.com/"
"","amatorskie","https://www.google.com/"
"","amatorskieporno","https://www.google.com/"
"","amatorsvenskporr","https://www.google.com/"
"","amator-szex","https://www.google.com/"
"","amatorszexvideo","https://www.google.com/"
"","amatours","https://www.google.com/"
"","amatpictures","https://www.google.com/"
"","amatporn","https://www.google.com/"
"","amatrice2france","https://www.google.com/"
"","amatrice-bamboo","https://www.google.com/"
"","amatrice-blog","https://www.google.com/"
"","amatrice-caline","https://www.google.com/"
"","amatrice","https://www.google.com/"
"","amatrice-coquine","https://www.google.com/"
"","amatricedebutante","https://www.google.com/"
"","amatrice-eva","https://www.google.com/"
"","amatrice-gangbang","https://www.google.com/"
"","amatrice-libertine","https://www.google.com/"
"","amatrice-liveshow","https://www.google.com/"
"","amatrice-mature","https://www.google.com/"
"","amatrice-perso","https://www.google.com/"
"","amatrice-porno","https://www.google.com/"
"","amatriceronde","https://www.google.com/"
"","amatricerose","https://www.google.com/"
"","amatricesalope","https://www.google.com/"
"","amatrices-chaudes","https://www.google.com/"
"","amatrices-coquines","https://www.google.com/"
"","amatricesexhib","https://www.google.com/"
"","amatrices-","https://www.google.com/"
"","amatriceshot","https://www.google.com/"
"","amatrices","https://www.google.com/"
"","amatrice-sonia","https://www.google.com/"
"","amatrices-sexe","https://www.google.com/"
"","amatricesx","https://www.google.com/"
"","amatrice-webcam","https://www.google.com/"
"","amatrice-x","https://www.google.com/"
"","amatriq","https://www.google.com/"
"","amatrix","https://www.google.com/"
"","amatrys","https://www.google.com/"
"","amatsexe","https://www.google.com/"
"","amatuerasianpics","https://www.google.com/"
"","amatuercam","https://www.google.com/"
"","amatuer-canada","https://www.google.com/"
"","amatuer","https://www.google.com/"
"","amatuerdirectory","https://www.google.com/"
"","amatuerdreams","https://www.google.com/"
"","amatuerfuck","https://www.google.com/"
"","amatuerindex","https://www.google.com/"
"","amatuerland","https://www.google.com/"
"","amatuermodels","https://www.google.com/"
"","amatuermovies","https://www.google.com/"
