"﻿""id""","read","recommended"
"","heissesexbilder","https://www.google.com/"
"","heisse-sexcams","https://www.google.com/"
"","heisse-sexgeschichten","https://www.google.com/"
"","heisse-sexkontakte","https://www.google.com/"
"","heisse-sextreffs","https://www.google.com/"
"","heisse-shows","https://www.google.com/"
"","heisse-tipps","https://www.google.com/"
"","heisse-videos","https://www.google.com/"
"","heissevideos","https://www.google.com/"
"","heissevotzen","https://www.google.com/"
"","heisse-weiber","https://www.google.com/"
"","heiss-und-feucht","https://www.google.com/"
"","heitink","https://www.google.com/"
"","hejarklacks-tjejer","https://www.google.com/"
"","heladyboy","https://www.google.com/"
"","helderbergblacksmith","https://www.google.com/"
"","helegrotetieten","https://www.google.com/"
"","helejongetieners","https://www.google.com/"
"","helemaalbloot","https://www.google.com/"
"","helenaantonaccio","https://www.google.com/"
"","helenakarel","https://www.google.com/"
"","helena-massage","https://www.google.com/"
"","helenasfeet","https://www.google.com/"
"","helenas-massagen","https://www.google.com/"
"","helenavelena","https://www.google.com/"
"","helenelechevalier","https://www.google.com/"
"","helenhuntnude","https://www.google.com/"
"","helen-jameson","https://www.google.com/"
"","helen","https://www.google.com/"
"","helenscollection","https://www.google.com/"
"","helenvolga","https://www.google.com/"
"","helgasvenxxx","https://www.google.com/"
"","heliosproject","https://www.google.com/"
"","helius","https://www.google.com/"
"","helixboys","https://www.google.com/"
"","helixcash","https://www.google.com/"
"","helixgays","https://www.google.com/"
"","helixstudios","https://www.google.com/"
"","helixthumbs","https://www.google.com/"
"","helixtour","https://www.google.com/"
"","helixxx","https://www.google.com/"
"","hellagood","https://www.google.com/"
"","hellahoes","https://www.google.com/"
"","hell-angel","https://www.google.com/"
"","hellapussy","https://www.google.com/"
"","hellasladies","https://www.google.com/"
"","hellatits","https://www.google.com/"
"","hellblowjob","https://www.google.com/"
"","hellcams","https://www.google.com/"
"","hellcdn","https://www.google.com/"
"","hellddl","https://www.google.com/"
"","hellenielsen","https://www.google.com/"
"","hellenroxx","https://www.google.com/"
"","hellenx","https://www.google.com/"
"","heller-studio","https://www.google.com/"
"","hellfireclub","https://www.google.com/"
"","hellfiresex6","https://www.google.com/"
"","hellgaytube","https://www.google.com/"
"","hell-heaven","https://www.google.com/"
"","hellhot","https://www.google.com/"
"","hellishtoons","https://www.google.com/"
"","hellizabethqueen","https://www.google.com/"
"","hellkatlair","https://www.google.com/"
"","hell-kitten","https://www.google.com/"
"","hellmoms","https://www.google.com/"
"","helloanal","https://www.google.com/"
"","hellobox","https://www.google.com/"
"","hello-caribbean","https://www.google.com/"
"","hello","https://www.google.com/"
"","hellofbdsm","https://www.google.com/"
"","hellogranny","https://www.google.com/"
"","helloladyboy","https://www.google.com/"
"","hellomisshunter","https://www.google.com/"
"","hellopenis","https://www.google.com/"
"","hellopussy","https://www.google.com/"
"","hellosex","https://www.google.com/"
"","hellosexe","https://www.google.com/"
"","hellosextoys","https://www.google.com/"
"","hellosexygirl","https://www.google.com/"
"","hellosexyman","https://www.google.com/"
"","helloshemale","https://www.google.com/"
"","hellostar","https://www.google.com/"
"","hello-teen","https://www.google.com/"
"","hellotoons","https://www.google.com/"
"","hellotranny","https://www.google.com/"
"","helloxd","https://www.google.com/"
"","hellpass","https://www.google.com/"
"","hellporn","https://www.google.com/"
"","hell-porno","https://www.google.com/"
"","hellporno","https://www.google.com/"
"","hellpuppy","https://www.google.com/"
"","hellrestraint","https://www.google.com/"
"","hells-belles","https://www.google.com/"
"","hellscafe","https://www.google.com/"
"","hellsdungeon","https://www.google.com/"
"","hellsgoddess","https://www.google.com/"
"","hellsinferno","https://www.google.com/"
"","helltraffic","https://www.google.com/"
"","hellxx","https://www.google.com/"
"","hellxxx","https://www.google.com/"
