"﻿""id""","read","recommended"
"","eliterelatos","https://www.google.com/"
"","eliteromanianescorts","https://www.google.com/"
"","eliterotica","https://www.google.com/"
"","elitesavers","https://www.google.com/"
"","elitescort","https://www.google.com/"
"","elitesense","https://www.google.com/"
"","elitesexchat","https://www.google.com/"
"","elite-sex-sites","https://www.google.com/"
"","elitesexstars","https://www.google.com/"
"","eliteshemaleporn","https://www.google.com/"
"","elitesingles","https://www.google.com/"
"","elitesmothering","https://www.google.com/"
"","elitesmut","https://www.google.com/"
"","elitespanking","https://www.google.com/"
"","elitestar","https://www.google.com/"
"","elitesubmit","https://www.google.com/"
"","eliteteen","https://www.google.com/"
"","elite-teens","https://www.google.com/"
"","elitetgirls","https://www.google.com/"
"","elitetoplist","https://www.google.com/"
"","elitetransexual","https://www.google.com/"
"","elite-vip-escort","https://www.google.com/"
"","elitewhores","https://www.google.com/"
"","elitewomen","https://www.google.com/"
"","eliteworldescort","https://www.google.com/"
"","elitexcam","https://www.google.com/"
"","elitsex","https://www.google.com/"
"","elitx","https://www.google.com/"
"","elixe","https://www.google.com/"
"","elixyre","https://www.google.com/"
"","elixyr","https://www.google.com/"
"","elizabethburns","https://www.google.com/"
"","elizabethburnsdd","https://www.google.com/"
"","elizabethdelmar","https://www.google.com/"
"","elizabeth-escort","https://www.google.com/"
"","elizabeth-of-london","https://www.google.com/"
"","elizabethrollings","https://www.google.com/"
"","elizabethstarr","https://www.google.com/"
"","elizatube","https://www.google.com/"
"","elke","https://www.google.com/"
"","elkej","https://www.google.com/"
"","elkejeinsen","https://www.google.com/"
"","elkhatib-lawfirm","https://www.google.com/"
"","elkiki","https://www.google.com/"
"","elkingroup","https://www.google.com/"
"","el-ladies","https://www.google.com/"
"","elladies","https://www.google.com/"
"","el-ladrillo","https://www.google.com/"
"","ellahughesofficial","https://www.google.com/"
"","ellakross","https://www.google.com/"
"","ellasjuegan","https://www.google.com/"
"","ellass","https://www.google.com/"
"","ellatha","https://www.google.com/"
"","ellatube","https://www.google.com/"
"","ellayn","https://www.google.com/"
"","ellcanior","https://www.google.com/"
"","elle","https://www.google.com/"
"","ellecams","https://www.google.com/"
"","elle-escorts","https://www.google.com/"
"","elle-et-lui","https://www.google.com/"
"","ellegallery","https://www.google.com/"
"","ellen-companion","https://www.google.com/"
"","ellenk","https://www.google.com/"
"","ellesedevoile","https://www.google.com/"
"","elleselache","https://www.google.com/"
"","ellesemasturbe","https://www.google.com/"
"","elles-se-mettent-nues-pour-nous","https://www.google.com/"
"","ellessontbelles","https://www.google.com/"
"","ellestclaire","https://www.google.com/"
"","ellestockingworld","https://www.google.com/"
"","ellf","https://www.google.com/"
"","ellict","https://www.google.com/"
"","ellie18","https://www.google.com/"
"","elliejay","https://www.google.com/"
"","ellieluv","https://www.google.com/"
"","ellince","https://www.google.com/"
"","ellington-photo","https://www.google.com/"
"","elli-nude","https://www.google.com/"
"","ellinude","https://www.google.com/"
"","elliotcartoons","https://www.google.com/"
"","elliottback","https://www.google.com/"
"","elliterio","https://www.google.com/"
"","ellygirl","https://www.google.com/"
"","elmaslindo","https://www.google.com/"
"","elmejorocio","https://www.google.com/"
"","elmejorporno","https://www.google.com/"
"","elmiron","https://www.google.com/"
"","elmocitofeliz","https://www.google.com/"
"","el-money","https://www.google.com/"
"","elmonomario","https://www.google.com/"
"","elmovilsexy","https://www.google.com/"
"","elmundodelplacer","https://www.google.com/"
"","elmundodelsexo","https://www.google.com/"
"","elmurodelporno","https://www.google.com/"
"","el","https://www.google.com/"
"","elnl","https://www.google.com/"
"","elnocturno","https://www.google.com/"
"","elnudes","https://www.google.com/"
"","elnuevovenezolano","https://www.google.com/"
"","elog-ch","https://www.google.com/"
