"﻿""id""","read","recommended"
"","fetishemale","https://www.google.com/"
"","fetish-emotions","https://www.google.com/"
"","fetishemotions","https://www.google.com/"
"","fetish-empress","https://www.google.com/"
"","fetishentertainment","https://www.google.com/"
"","fetisheros","https://www.google.com/"
"","fetish-erotica","https://www.google.com/"
"","fetisherotic","https://www.google.com/"
"","fetisherotichypnosis","https://www.google.com/"
"","fetisheroticism","https://www.google.com/"
"","fetisherotique","https://www.google.com/"
"","fetishesbellybuttons","https://www.google.com/"
"","fetishesboutique","https://www.google.com/"
"","fetishesbras","https://www.google.com/"
"","fetishes","https://www.google.com/"
"","fetisheshighheels","https://www.google.com/"
"","fetishespantyhose","https://www.google.com/"
"","fetishesrus","https://www.google.com/"
"","fetishestickling","https://www.google.com/"
"","fetisheswetmessy","https://www.google.com/"
"","fetishes-x","https://www.google.com/"
"","fetisheurope","https://www.google.com/"
"","fetish-europe","https://www.google.com/"
"","fetishevolution","https://www.google.com/"
"","fetishexchange","https://www.google.com/"
"","fetish-exclusiv","https://www.google.com/"
"","fetishex","https://www.google.com/"
"","fetishexperts","https://www.google.com/"
"","fetishexpo","https://www.google.com/"
"","fetishexposures","https://www.google.com/"
"","fetish-extreme","https://www.google.com/"
"","fetishextreme","https://www.google.com/"
"","fetisheyes","https://www.google.com/"
"","fetishez","https://www.google.com/"
"","fetishfactor","https://www.google.com/"
"","fetish-factory-bordeaux","https://www.google.com/"
"","fetish-factory","https://www.google.com/"
"","fetishfactory","https://www.google.com/"
"","fetishfad","https://www.google.com/"
"","fetishfair","https://www.google.com/"
"","fetishfairfleamarket","https://www.google.com/"
"","fetishfanatics","https://www.google.com/"
"","fetish-fantasien","https://www.google.com/"
"","fetish-fantasy","https://www.google.com/"
"","fetishfantasy","https://www.google.com/"
"","fetishfantasystudios","https://www.google.com/"
"","fetishfarm","https://www.google.com/"
"","fetishfashioncanada","https://www.google.com/"
"","fetish-fashion","https://www.google.com/"
"","fetishfashion","https://www.google.com/"
"","fetishfavorite","https://www.google.com/"
"","fetish-femdom","https://www.google.com/"
"","fetishfemdom","https://www.google.com/"
"","fetishfemdompics","https://www.google.com/"
"","fetishfemdomtube","https://www.google.com/"
"","fetishfergus","https://www.google.com/"
"","fetishfergusworld","https://www.google.com/"
"","fetishfestival","https://www.google.com/"
"","fetishfetishfetish","https://www.google.com/"
"","fetishfiction","https://www.google.com/"
"","fetishfiends","https://www.google.com/"
"","fetishfiesta","https://www.google.com/"
"","fetish-files","https://www.google.com/"
"","fetish-film","https://www.google.com/"
"","fetishfilm","https://www.google.com/"
"","fetishfilms","https://www.google.com/"
"","fetish-finca","https://www.google.com/"
"","fetish-find","https://www.google.com/"
"","fetishfind","https://www.google.com/"
"","fetishfinder","https://www.google.com/"
"","fetishfire","https://www.google.com/"
"","fetish-fish","https://www.google.com/"
"","fetishfish","https://www.google.com/"
"","fetishfist","https://www.google.com/"
"","fetishfitnessbabes","https://www.google.com/"
"","fetish-fix","https://www.google.com/"
"","fetishfling","https://www.google.com/"
"","fetishflixx","https://www.google.com/"
"","fetishfolders","https://www.google.com/"
"","fetish-fone","https://www.google.com/"
"","fetishfootporn","https://www.google.com/"
"","fetishforbbw","https://www.google.com/"
"","fetishforce","https://www.google.com/"
"","fetishforfeet","https://www.google.com/"
"","fetishforte","https://www.google.com/"
"","fetishforum","https://www.google.com/"
"","fetish-forums","https://www.google.com/"
"","fetishforwomen","https://www.google.com/"
"","fetishforyou","https://www.google.com/"
"","fetishfoto","https://www.google.com/"
"","fetish-fotos","https://www.google.com/"
"","fetishfox","https://www.google.com/"
"","fetishfoxxx","https://www.google.com/"
"","fetish-freak","https://www.google.com/"
"","fetishfreak","https://www.google.com/"
"","fetishfreakshow","https://www.google.com/"
"","fetishfreaks","https://www.google.com/"
"","fetishfreakwebcams","https://www.google.com/"
"","fetish-free","https://www.google.com/"
"","fetishfreesex","https://www.google.com/"
