"﻿""id""","read","recommended"
"","femmezoophile","https://www.google.com/"
"","femmixvspro","https://www.google.com/"
"","femmixwrestling","https://www.google.com/"
"","femorg","https://www.google.com/"
"","femorgvids","https://www.google.com/"
"","femoutsex","https://www.google.com/"
"","femphone","https://www.google.com/"
"","femphysiques","https://www.google.com/"
"","femplay","https://www.google.com/"
"","fempower","https://www.google.com/"
"","femrace","https://www.google.com/"
"","femsexyjoy","https://www.google.com/"
"","femsissy","https://www.google.com/"
"","femskin","https://www.google.com/"
"","femsluts","https://www.google.com/"
"","femsoum","https://www.google.com/"
"","femsubart","https://www.google.com/"
"","femsupremacy","https://www.google.com/"
"","femsupreme","https://www.google.com/"
"","femtraining","https://www.google.com/"
"","femwin","https://www.google.com/"
"","femworship","https://www.google.com/"
"","femwrestle","https://www.google.com/"
"","femwrestlingrooms","https://www.google.com/"
"","fenntarthatokozossegek","https://www.google.com/"
"","fenoxo","https://www.google.com/"
"","fente","https://www.google.com/"
"","fenzl-schwab","https://www.google.com/"
"","feola","https://www.google.com/"
"","fep","https://www.google.com/"
"","feps-algae","https://www.google.com/"
"","feralamateurs","https://www.google.com/"
"","feralsex","https://www.google.com/"
"","feralteens","https://www.google.com/"
"","ferame","https://www.google.com/"
"","feranod","https://www.google.com/"
"","ferfimagazin","https://www.google.com/"
"","ferienschweden","https://www.google.com/"
"","feriensex","https://www.google.com/"
"","ferienwohnung-oberstdorf","https://www.google.com/"
"","ferkelchen","https://www.google.com/"
"","fernande","https://www.google.com/"
"","fernseh-domina","https://www.google.com/"
"","fern-sehen","https://www.google.com/"
"","ferola","https://www.google.com/"
"","feromona","https://www.google.com/"
"","feromons","https://www.google.com/"
"","feronetwork","https://www.google.com/"
"","ferresart","https://www.google.com/"
"","ferrisdigital","https://www.google.com/"
"","ferrit","https://www.google.com/"
"","ferrocash","https://www.google.com/"
"","ferro-network","https://www.google.com/"
"","ferronetwork","https://www.google.com/"
"","ferronetworks","https://www.google.com/"
"","ferroporn","https://www.google.com/"
"","fersum","https://www.google.com/"
"","fervidnylonkittens","https://www.google.com/"
"","fesrouge","https://www.google.com/"
"","fessebook","https://www.google.com/"
"","fessee","https://www.google.com/"
"","fesseeo","https://www.google.com/"
"","fessees","https://www.google.com/"
"","fesse","https://www.google.com/"
"","fesselmich","https://www.google.com/"
"","fesseln","https://www.google.com/"
"","fesselnde-freiheit","https://www.google.com/"
"","fesse-lover","https://www.google.com/"
"","fessel-spiel","https://www.google.com/"
"","fesselstudio","https://www.google.com/"
"","fessel","https://www.google.com/"
"","fesses","https://www.google.com/"
"","fesses-rouge","https://www.google.com/"
"","fessestivites","https://www.google.com/"
"","festagay","https://www.google.com/"
"","festelle","https://www.google.com/"
"","festelletv","https://www.google.com/"
"","festigays","https://www.google.com/"
"","festinhasvip","https://www.google.com/"
"","festivalporno","https://www.google.com/"
"","festiville","https://www.google.com/"
"","festnetztelefon","https://www.google.com/"
"","festnetz-telefonsex","https://www.google.com/"
"","fest","https://www.google.com/"
"","fetatjejer","https://www.google.com/"
"","fetblogger","https://www.google.com/"
"","fetbot","https://www.google.com/"
"","fetcat","https://www.google.com/"
"","fetch18","https://www.google.com/"
"","fete-debridee","https://www.google.com/"
"","fetesduvin","https://www.google.com/"
"","fete","https://www.google.com/"
"","fetesexy","https://www.google.com/"
"","feti072","https://www.google.com/"
"","feticams","https://www.google.com/"
"","fetic","https://www.google.com/"
"","fetichclub","https://www.google.com/"
"","fetichearmada","https://www.google.com/"
"","fetiche-blog","https://www.google.com/"
"","feticheclub","https://www.google.com/"
