"﻿""id""","read","recommended"
"","1wildtube","https://www.google.com/"
"","1wp","https://www.google.com/"
"","1x0","https://www.google.com/"
"","1x1love","https://www.google.com/"
"","1x2x1","https://www.google.com/"
"","1x2x3x","https://www.google.com/"
"","1-x","https://www.google.com/"
"","1x","https://www.google.com/"
"","1xpimp","https://www.google.com/"
"","1xxx","https://www.google.com/"
"","1xxxpics","https://www.google.com/"
"","1xxxsex","https://www.google.com/"
"","1xxxtgp","https://www.google.com/"
"","1xxxvideos","https://www.google.com/"
"","1y9","https://www.google.com/"
"","1youngporn","https://www.google.com/"
"","1-zu-1","https://www.google.com/"
"","2000blowjobs","https://www.google.com/"
"","2000escorts","https://www.google.com/"
"","2000free","https://www.google.com/"
"","2000-hr","https://www.google.com/"
"","2000porn","https://www.google.com/"
"","2000-teen-chat","https://www.google.com/"
"","2000teenchat","https://www.google.com/"
"","2000teen","https://www.google.com/"
"","2000tube","https://www.google.com/"
"","2001blagues","https://www.google.com/"
"","2001chat","https://www.google.com/"
"","2001nude","https://www.google.com/"
"","2001photo","https://www.google.com/"
"","2001positions","https://www.google.com/"
"","2001sex","https://www.google.com/"
"","2009x","https://www.google.com/"
"","200directoare","https://www.google.com/"
"","200galleries","https://www.google.com/"
"","2012mature","https://www.google.com/"
"","2013xxx","https://www.google.com/"
"","2016porno","https://www.google.com/"
"","2017porn","https://www.google.com/"
"","2017tube","https://www.google.com/"
"","2018porn","https://www.google.com/"
"","2018tube","https://www.google.com/"
"","2019sexvideos","https://www.google.com/"
"","2023porn","https://www.google.com/"
"","20centimes","https://www.google.com/"
"","20centuryporn","https://www.google.com/"
"","20den","https://www.google.com/"
"","20dollarhoes","https://www.google.com/"
"","20dollarwhores","https://www.google.com/"
"","20felezyab","https://www.google.com/"
"","20hotcelebs","https://www.google.com/"
"","20hotmodels","https://www.google.com/"
"","20jack","https://www.google.com/"
"","20megsfree","https://www.google.com/"
"","20men","https://www.google.com/"
"","20minutes-blogs","https://www.google.com/"
"","20minutestokill","https://www.google.com/"
"","20plus","https://www.google.com/"
"","20sex","https://www.google.com/"
"","20shots","https://www.google.com/"
"","20six","https://www.google.com/"
"","20teentube","https://www.google.com/"
"","20th-century-sex","https://www.google.com/"
"","20yotube","https://www.google.com/"
"","210x","https://www.google.com/"
"","2121sc","https://www.google.com/"
"","21best","https://www.google.com/"
"","21cams","https://www.google.com/"
"","21cash","https://www.google.com/"
"","21centurypenthousepets","https://www.google.com/"
"","21centurytube","https://www.google.com/"
"","21chats","https://www.google.com/"
"","21eroticanal","https://www.google.com/"
"","21erotic","https://www.google.com/"
"","21footart","https://www.google.com/"
"","21hoo","https://www.google.com/"
"","21hub","https://www.google.com/"
"","21kpussy","https://www.google.com/"
"","21leadershipmen","https://www.google.com/"
"","21lux","https://www.google.com/"
"","21members","https://www.google.com/"
"","21m","https://www.google.com/"
"","21naturals","https://www.google.com/"
"","21naturalsfan","https://www.google.com/"
"","21nude-celebs","https://www.google.com/"
"","21onlinecasinos","https://www.google.com/"
"","21orover","https://www.google.com/"
"","21padultpics","https://www.google.com/"
"","21porn","https://www.google.com/"
"","21porno","https://www.google.com/"
"","21porntube","https://www.google.com/"
"","21pron","https://www.google.com/"
"","21sai","https://www.google.com/"
"","21sextreme","https://www.google.com/"
"","21sexturycash","https://www.google.com/"
"","21sextury","https://www.google.com/"
"","21sexturylink","https://www.google.com/"
"","21-sextury","https://www.google.com/"
"","21sexturyphoto","https://www.google.com/"
"","21sexturyporn","https://www.google.com/"
