"﻿""id""","read","recommended"
"","exgf","https://www.google.com/"
"","exgfcumshots","https://www.google.com/"
"","exgfdating","https://www.google.com/"
"","exgfgonebad","https://www.google.com/"
"","exgfhardcore","https://www.google.com/"
"","exgfhunters","https://www.google.com/"
"","exgflab","https://www.google.com/"
"","exgflife","https://www.google.com/"
"","exgflist","https://www.google.com/"
"","exgfmagic","https://www.google.com/"
"","exgfmobile","https://www.google.com/"
"","exgfpass","https://www.google.com/"
"","exgfp","https://www.google.com/"
"","exgfphotos","https://www.google.com/"
"","exgfpics","https://www.google.com/"
"","exgfpins","https://www.google.com/"
"","ex-gf","https://www.google.com/"
"","exgfporn","https://www.google.com/"
"","exgf-porn","https://www.google.com/"
"","exgfpunished","https://www.google.com/"
"","ex-gfrevenge","https://www.google.com/"
"","ex-gfs","https://www.google.com/"
"","exgfsexxx","https://www.google.com/"
"","exgfsheaven","https://www.google.com/"
"","exgfs","https://www.google.com/"
"","exgfteens","https://www.google.com/"
"","exgftube","https://www.google.com/"
"","exgfuncovered","https://www.google.com/"
"","exgfuploads","https://www.google.com/"
"","exgfvid","https://www.google.com/"
"","exgfvideos","https://www.google.com/"
"","exgfwhores","https://www.google.com/"
"","exgirlfriendalbum","https://www.google.com/"
"","exgirlfriendcams","https://www.google.com/"
"","ex-girlfriend","https://www.google.com/"
"","ex-girlfriend-gallery","https://www.google.com/"
"","exgirlfriendhere","https://www.google.com/"
"","exgirlfriendmarket","https://www.google.com/"
"","exgirlfriendpass","https://www.google.com/"
"","ex-girlfriend-pics","https://www.google.com/"
"","exgirlfriendpicsnude","https://www.google.com/"
"","ex-girlfriend-pictures","https://www.google.com/"
"","exgirlfriendporntube","https://www.google.com/"
"","exgirlfriendrevenge","https://www.google.com/"
"","ex-girlfriends","https://www.google.com/"
"","exgirlfriendsexting","https://www.google.com/"
"","exgirlfriendsforfun","https://www.google.com/"
"","exgirlfriendsluts","https://www.google.com/"
"","exgirlfriendsonly","https://www.google.com/"
"","exgirlfriends","https://www.google.com/"
"","exgirlfriendspost","https://www.google.com/"
"","exgirlfriendsvids","https://www.google.com/"
"","exgirlfriendtribute","https://www.google.com/"
"","exgirlfriendtube","https://www.google.com/"
"","ex-girlfriend-videos","https://www.google.com/"
"","exgirlfriendworld","https://www.google.com/"
"","exgirlfriendz","https://www.google.com/"
"","exgirl","https://www.google.com/"
"","exgirlnude","https://www.google.com/"
"","ex-girl","https://www.google.com/"
"","exgirlsporn","https://www.google.com/"
"","exgirlsx","https://www.google.com/"
"","exgo","https://www.google.com/"
"","exgranny","https://www.google.com/"
"","exhacked","https://www.google.com/"
"","exhentai","https://www.google.com/"
"","exhib18","https://www.google.com/"
"","exhibamateur","https://www.google.com/"
"","exhib-amateurs","https://www.google.com/"
"","exhibcity","https://www.google.com/"
"","exhib-club","https://www.google.com/"
"","exhibdecouple","https://www.google.com/"
"","exhib-de-star","https://www.google.com/"
"","exhibee","https://www.google.com/"
"","exhibelle","https://www.google.com/"
"","exhibenfrance","https://www.google.com/"
"","exhibertin","https://www.google.com/"
"","exhibesexe","https://www.google.com/"
"","exhibes","https://www.google.com/"
"","exhib-et-voyeur","https://www.google.com/"
"","exhibgals","https://www.google.com/"
"","exhibit5a","https://www.google.com/"
"","exhibitionisme","https://www.google.com/"
"","exhibitionistamateurs","https://www.google.com/"
"","exhibitionist","https://www.google.com/"
"","exhibitionistcams","https://www.google.com/"
"","exhibitionistcommunity","https://www.google.com/"
"","exhibitionist-paradise","https://www.google.com/"
"","exhibitionistreview","https://www.google.com/"
"","exhibitionists","https://www.google.com/"
"","exhibitioniststrangers","https://www.google.com/"
"","exhibitionists-uk","https://www.google.com/"
"","exhibitionistworld","https://www.google.com/"
"","exhibition-perso","https://www.google.com/"
"","exhibitionsex","https://www.google.com/"
"","exhibitions","https://www.google.com/"
"","exhibitionstage","https://www.google.com/"
"","exhibitions-tv","https://www.google.com/"
"","exhibitionx","https://www.google.com/"
"","exhibitionxxxmag","https://www.google.com/"
