"﻿""id""","read","recommended"
"","irishescorts","https://www.google.com/"
"","irishindependentescorts","https://www.google.com/"
"","irish-phonesex","https://www.google.com/"
"","irishpunters","https://www.google.com/"
"","irishstrippers","https://www.google.com/"
"","irishswingers","https://www.google.com/"
"","iris-massage","https://www.google.com/"
"","irissilks","https://www.google.com/"
"","iris-von-hayden","https://www.google.com/"
"","irkutsk","https://www.google.com/"
"","irlarchive","https://www.google.com/"
"","irlexposed","https://www.google.com/"
"","irlocator","https://www.google.com/"
"","irobis","https://www.google.com/"
"","iromance","https://www.google.com/"
"","ironbamboo","https://www.google.com/"
"","ironbelles","https://www.google.com/"
"","ironbellesfantasytheatre","https://www.google.com/"
"","ironbellesofatlanta","https://www.google.com/"
"","ironbellesvideo","https://www.google.com/"
"","ironcages","https://www.google.com/"
"","irondong","https://www.google.com/"
"","iron-girls","https://www.google.com/"
"","irongirls","https://www.google.com/"
"","ironhymen","https://www.google.com/"
"","iron-jawed-angels","https://www.google.com/"
"","ironkitty","https://www.google.com/"
"","iron-rose","https://www.google.com/"
"","irontoons","https://www.google.com/"
"","irontube","https://www.google.com/"
"","ir-orgy","https://www.google.com/"
"","iroveri","https://www.google.com/"
"","ir-porn","https://www.google.com/"
"","irregeil","https://www.google.com/"
"","irstories","https://www.google.com/"
"","irswap","https://www.google.com/"
"","irtoons","https://www.google.com/"
"","irtya","https://www.google.com/"
"","irtye","https://www.google.com/"
"","irtyf","https://www.google.com/"
"","irvid","https://www.google.com/"
"","irv","https://www.google.com/"
"","irwifeblog","https://www.google.com/"
"","irxclip","https://www.google.com/"
"","ir-x","https://www.google.com/"
"","is2u","https://www.google.com/"
"","is3x","https://www.google.com/"
"","isaadultfirst","https://www.google.com/"
"","isabella18","https://www.google.com/"
"","isabellacam","https://www.google.com/"
"","isabellaclarkxxx","https://www.google.com/"
"","isabella-escort","https://www.google.com/"
"","isabellaesthermariarose","https://www.google.com/"
"","isabellajordan","https://www.google.com/"
"","isabellasinclaire","https://www.google.com/"
"","isabellaspassion","https://www.google.com/"
"","isabellasrecordings","https://www.google.com/"
"","isabellasstockings","https://www.google.com/"
"","isabellavalentine","https://www.google.com/"
"","isabellawoods","https://www.google.com/"
"","isabellechevalier","https://www.google.com/"
"","isabelledrake","https://www.google.com/"
"","isabelle-extreme","https://www.google.com/"
"","isabelle-model","https://www.google.com/"
"","isabellemorel","https://www.google.com/"
"","isac6plus","https://www.google.com/"
"","isadism","https://www.google.com/"
"","isageek","https://www.google.com/"
"","isaleshorticq","https://www.google.com/"
"","isaliens","https://www.google.com/"
"","isanyoneup","https://www.google.com/"
"","isapornblog","https://www.google.com/"
"","isawcameltoe","https://www.google.com/"
"","isaweblog","https://www.google.com/"
"","isbc2001","https://www.google.com/"
"","is-best","https://www.google.com/"
"","isbij1","https://www.google.com/"
"","iscool","https://www.google.com/"
"","iscorepod","https://www.google.com/"
"","i-scribe","https://www.google.com/"
"","isdaman","https://www.google.com/"
"","isdannietsmeerheilig","https://www.google.com/"
"","i-sd","https://www.google.com/"
"","isdit","https://www.google.com/"
"","isdivorced","https://www.google.com/"
"","isea2016","https://www.google.com/"
"","isearch","https://www.google.com/"
"","isec2017","https://www.google.com/"
"","isecretarylegs","https://www.google.com/"
"","isedar","https://www.google.com/"
"","iseecams","https://www.google.com/"
"","iseek4","https://www.google.com/"
"","iseekass","https://www.google.com/"
"","iseekbabes","https://www.google.com/"
"","iseekfeet","https://www.google.com/"
"","iseekgirls","https://www.google.com/"
"","iseeknewteens","https://www.google.com/"
"","i-seek-sex","https://www.google.com/"
"","iseekyoung","https://www.google.com/"
"","iseenudes","https://www.google.com/"
