"﻿""id""","read","recommended"
"","6celebs9","https://www.google.com/"
"","6chat","https://www.google.com/"
"","6-chats","https://www.google.com/"
"","6chatx","https://www.google.com/"
"","6club","https://www.google.com/"
"","6comics9","https://www.google.com/"
"","6counter","https://www.google.com/"
"","6date","https://www.google.com/"
"","6degreesmusic","https://www.google.com/"
"","6de","https://www.google.com/"
"","6disco","https://www.google.com/"
"","6domo","https://www.google.com/"
"","6-dreams","https://www.google.com/"
"","6eks","https://www.google.com/"
"","6elf","https://www.google.com/"
"","6escort","https://www.google.com/"
"","6esel","https://www.google.com/"
"","6ex","https://www.google.com/"
"","6-express","https://www.google.com/"
"","6f9","https://www.google.com/"
"","6fat9","https://www.google.com/"
"","6fee","https://www.google.com/"
"","6fetisch","https://www.google.com/"
"","6fetish9","https://www.google.com/"
"","6flix","https://www.google.com/"
"","6-forum","https://www.google.com/"
"","6-fun","https://www.google.com/"
"","6fun","https://www.google.com/"
"","6gay9","https://www.google.com/"
"","6gayporn","https://www.google.com/"
"","6-girls","https://www.google.com/"
"","6-guide","https://www.google.com/"
"","6guide","https://www.google.com/"
"","6haus","https://www.google.com/"
"","6hentai9","https://www.google.com/"
"","6historier","https://www.google.com/"
"","6hits","https://www.google.com/"
"","6host","https://www.google.com/"
"","6imnetz","https://www.google.com/"
"","6index","https://www.google.com/"
"","6indianporn","https://www.google.com/"
"","6inserat","https://www.google.com/"
"","6inserate","https://www.google.com/"
"","6ist","https://www.google.com/"
"","6kea","https://www.google.com/"
"","6km","https://www.google.com/"
"","6kontakte","https://www.google.com/"
"","6-land","https://www.google.com/"
"","6leksaker","https://www.google.com/"
"","6lesbianporn","https://www.google.com/"
"","6links","https://www.google.com/"
"","6listan","https://www.google.com/"
"","6list","https://www.google.com/"
"","6listen","https://www.google.com/"
"","6livecam","https://www.google.com/"
"","6-live","https://www.google.com/"
"","6live","https://www.google.com/"
"","6love","https://www.google.com/"
"","6lustportal","https://www.google.com/"
"","6lust","https://www.google.com/"
"","6mablog","https://www.google.com/"
"","6magazin","https://www.google.com/"
"","6-markt","https://www.google.com/"
"","6mature9","https://www.google.com/"
"","6mature","https://www.google.com/"
"","6meile","https://www.google.com/"
"","6momporn","https://www.google.com/"
"","6monkey","https://www.google.com/"
"","6-movies","https://www.google.com/"
"","6mycams","https://www.google.com/"
"","6navi","https://www.google.com/"
"","6netz","https://www.google.com/"
"","6now","https://www.google.com/"
"","6nu","https://www.google.com/"
"","6nude","https://www.google.com/"
"","6nutte","https://www.google.com/"
"","6o9","https://www.google.com/"
"","6-of-the-best","https://www.google.com/"
"","6oldyoung9","https://www.google.com/"
"","6on","https://www.google.com/"
"","6orc","https://www.google.com/"
"","6ox","https://www.google.com/"
"","6partner","https://www.google.com/"
"","6party","https://www.google.com/"
"","6phone24","https://www.google.com/"
"","6phone","https://www.google.com/"
"","6pics","https://www.google.com/"
"","6picx","https://www.google.com/"
"","6pk","https://www.google.com/"
"","6porn9","https://www.google.com/"
"","6porn","https://www.google.com/"
"","6press","https://www.google.com/"
"","6privat","https://www.google.com/"
"","6profi","https://www.google.com/"
"","6public9","https://www.google.com/"
"","6qc","https://www.google.com/"
"","6quick","https://www.google.com/"
"","6relax","https://www.google.com/"
"","6retro9","https://www.google.com/"
"","6review","https://www.google.com/"
