"﻿""id""","read","recommended"
"","collegegreatest","https://www.google.com/"
"","collegehdsex","https://www.google.com/"
"","collegehomevideos","https://www.google.com/"
"","collegehumor","https://www.google.com/"
"","collegeinterracial","https://www.google.com/"
"","collegeinvasion","https://www.google.com/"
"","collegelaws","https://www.google.com/"
"","collegelesbians","https://www.google.com/"
"","collegemen","https://www.google.com/"
"","college-movies","https://www.google.com/"
"","collegenude","https://www.google.com/"
"","collegenudes","https://www.google.com/"
"","collegenymphos","https://www.google.com/"
"","collegeonline","https://www.google.com/"
"","collegepartydates","https://www.google.com/"
"","collegepartygirls","https://www.google.com/"
"","collegepartyhouse","https://www.google.com/"
"","collegepartytime","https://www.google.com/"
"","collegeporn","https://www.google.com/"
"","collegepornfree","https://www.google.com/"
"","collegepornhd","https://www.google.com/"
"","collegepornmovie","https://www.google.com/"
"","collegepornmovies","https://www.google.com/"
"","collegeporno","https://www.google.com/"
"","college-porn-parties","https://www.google.com/"
"","collegepornparties","https://www.google.com/"
"","collegepornstar","https://www.google.com/"
"","collegepornvideos","https://www.google.com/"
"","college-privat","https://www.google.com/"
"","collegeregrets","https://www.google.com/"
"","collegerools","https://www.google.com/"
"","collegerules","https://www.google.com/"
"","college-rules","https://www.google.com/"
"","collegerulesvideo","https://www.google.com/"
"","collegerulesvideos","https://www.google.com/"
"","collegesexadvice","https://www.google.com/"
"","collegesexcam","https://www.google.com/"
"","collegesexdates","https://www.google.com/"
"","collegesexpartyvideos","https://www.google.com/"
"","collegesexrules","https://www.google.com/"
"","collegesextalk","https://www.google.com/"
"","collegesexvideos","https://www.google.com/"
"","collegesexxx","https://www.google.com/"
"","collegesins","https://www.google.com/"
"","collegeslutfest","https://www.google.com/"
"","collegesluts","https://www.google.com/"
"","collegestories","https://www.google.com/"
"","collegesucks","https://www.google.com/"
"","collegesugarbabes","https://www.google.com/"
"","collegeteencam","https://www.google.com/"
"","college-teen","https://www.google.com/"
"","collegeteensbookbang","https://www.google.com/"
"","collegeteens","https://www.google.com/"
"","college-teen-sex","https://www.google.com/"
"","collegeteensex","https://www.google.com/"
"","collegeteensnude","https://www.google.com/"
"","college-teens-sex","https://www.google.com/"
"","collegeteenstube","https://www.google.com/"
"","collegeteentube","https://www.google.com/"
"","collegeteenys","https://www.google.com/"
"","college-tits","https://www.google.com/"
"","collegetubeporn","https://www.google.com/"
"","collegeu","https://www.google.com/"
"","college-uniform","https://www.google.com/"
"","collegevids","https://www.google.com/"
"","collegevirgins","https://www.google.com/"
"","collegewebcam","https://www.google.com/"
"","college-webcams","https://www.google.com/"
"","collegewhores","https://www.google.com/"
"","collegewildparties1","https://www.google.com/"
"","collegewildparties","https://www.google.com/"
"","collegexxxtube","https://www.google.com/"
"","colliderporn","https://www.google.com/"
"","colliernudes","https://www.google.com/"
"","collinstud","https://www.google.com/"
"","colly","https://www.google.com/"
"","colmax","https://www.google.com/"
"","colmaxtv","https://www.google.com/"
"","colocadas","https://www.google.com/"
"","colocation-adulte","https://www.google.com/"
"","colocs-lesbiennes","https://www.google.com/"
"","cologne-decadence","https://www.google.com/"
"","cologneladies","https://www.google.com/"
"","cologne-playgirls","https://www.google.com/"
"","colombiabride","https://www.google.com/"
"","colombiaerotica","https://www.google.com/"
"","colombiaescortsguide","https://www.google.com/"
"","colombianas-desnudas","https://www.google.com/"
"","colombianasdesnudas","https://www.google.com/"
"","colombianitasbellas","https://www.google.com/"
"","colombianwebcams","https://www.google.com/"
"","colombian-women","https://www.google.com/"
"","colombiaxxx","https://www.google.com/"
"","colonialsalesinc","https://www.google.com/"
"","coloradobdsm","https://www.google.com/"
"","coloradodominatrix","https://www.google.com/"
"","coloradogamblingforum","https://www.google.com/"
"","coloradosexdating","https://www.google.com/"
"","coloradosingles","https://www.google.com/"
"","colorado-strippers","https://www.google.com/"
