"﻿""id""","read","recommended"
"","bondagedomination","https://www.google.com/"
"","bondagedominationspain","https://www.google.com/"
"","bondagedominatrix","https://www.google.com/"
"","bondagedownsouth","https://www.google.com/"
"","bondagedreamscaptured","https://www.google.com/"
"","bondagedsex","https://www.google.com/"
"","bondage-dungeon","https://www.google.com/"
"","bondagedungeon","https://www.google.com/"
"","bondagedvds","https://www.google.com/"
"","bondage-education","https://www.google.com/"
"","bondage-erotic","https://www.google.com/"
"","bondage-erotique","https://www.google.com/"
"","bondagees","https://www.google.com/"
"","bondageexpert","https://www.google.com/"
"","bondageexperts","https://www.google.com/"
"","bondage-exquis","https://www.google.com/"
"","bondagefacial","https://www.google.com/"
"","bondagefair","https://www.google.com/"
"","bondagefan","https://www.google.com/"
"","bondage-fan","https://www.google.com/"
"","bondagefantasia","https://www.google.com/"
"","bondagefederation","https://www.google.com/"
"","bondagefemales","https://www.google.com/"
"","bondage-fesselspiele","https://www.google.com/"
"","bondage-fetiche","https://www.google.com/"
"","bondage-fetisch","https://www.google.com/"
"","bondagefetischsex","https://www.google.com/"
"","bondagefetish","https://www.google.com/"
"","bondagefetishgearsextoys","https://www.google.com/"
"","bondagefetishstore","https://www.google.com/"
"","bondagefhg","https://www.google.com/"
"","bondage-fiction","https://www.google.com/"
"","bondage-files","https://www.google.com/"
"","bondagefiles","https://www.google.com/"
"","bondagefilm","https://www.google.com/"
"","bondagefilms","https://www.google.com/"
"","bondagefinder","https://www.google.com/"
"","bondageflix","https://www.google.com/"
"","bondageforfree","https://www.google.com/"
"","bondage-for-me","https://www.google.com/"
"","bondageforsexguide","https://www.google.com/"
"","bondageforte","https://www.google.com/"
"","bondage-for-you","https://www.google.com/"
"","bondagefotos","https://www.google.com/"
"","bondagefreak","https://www.google.com/"
"","bondagefree","https://www.google.com/"
"","bondagefreunde","https://www.google.com/"
"","bondagefuck","https://www.google.com/"
"","bondage-fucking","https://www.google.com/"
"","bondagefuckingtube","https://www.google.com/"
"","bondagefurniture","https://www.google.com/"
"","bondagefusion","https://www.google.com/"
"","bondagefux","https://www.google.com/"
"","bondagegalleries","https://www.google.com/"
"","bondagegallery","https://www.google.com/"
"","bondagegame","https://www.google.com/"
"","bondagegames","https://www.google.com/"
"","bondagegate","https://www.google.com/"
"","bondagegay","https://www.google.com/"
"","bondage-gay","https://www.google.com/"
"","bondagegazette","https://www.google.com/"
"","bondage-gear","https://www.google.com/"
"","bondagegear","https://www.google.com/"
"","bondagegefesselt","https://www.google.com/"
"","bondagegeschichten","https://www.google.com/"
"","bondagegirl","https://www.google.com/"
"","bondage-girl","https://www.google.com/"
"","bondage-girlfriend","https://www.google.com/"
"","bondagegirlfriend","https://www.google.com/"
"","bondagegirls","https://www.google.com/"
"","bondagegirlz","https://www.google.com/"
"","bondagegods","https://www.google.com/"
"","bondage-gratuit","https://www.google.com/"
"","bondagegrrl","https://www.google.com/"
"","bondage-guru","https://www.google.com/"
"","bondage-guy","https://www.google.com/"
"","bondageguy","https://www.google.com/"
"","bondageharem","https://www.google.com/"
"","bondagehdtube","https://www.google.com/"
"","bondageheaven","https://www.google.com/"
"","bondageheel","https://www.google.com/"
"","bondagehell","https://www.google.com/"
"","bondagehelp","https://www.google.com/"
"","bondagehentai","https://www.google.com/"
"","bondage-here","https://www.google.com/"
"","bondagehere","https://www.google.com/"
"","bondagehighschool","https://www.google.com/"
"","bondagehollywood","https://www.google.com/"
"","bondagehookups","https://www.google.com/"
"","bondagehostel","https://www.google.com/"
"","bondageinpublic","https://www.google.com/"
"","bondageinsex","https://www.google.com/"
"","bondageitemsonsale","https://www.google.com/"
"","bondagejeopardy","https://www.google.com/"
"","bondagejobs","https://www.google.com/"
"","bondagejournal","https://www.google.com/"
"","bondagejpeg","https://www.google.com/"
"","bondagejpegs","https://www.google.com/"
"","bondagejpg","https://www.google.com/"
"","bondagejpgs","https://www.google.com/"
