"﻿""id""","read","recommended"
"","fuck-videos","https://www.google.com/"
"","fuckvid","https://www.google.com/"
"","fuck-vids","https://www.google.com/"
"","fuckvids","https://www.google.com/"
"","fuckview","https://www.google.com/"
"","fuckvintageporn","https://www.google.com/"
"","fuckvirgins","https://www.google.com/"
"","fuckvoyeur","https://www.google.com/"
"","fuckwaste","https://www.google.com/"
"","fuck-webcam","https://www.google.com/"
"","fuckwhore","https://www.google.com/"
"","fuckwhores","https://www.google.com/"
"","fuckwhoretoons","https://www.google.com/"
"","fuckwifeass","https://www.google.com/"
"","fuck-wife","https://www.google.com/"
"","fuckwifetube","https://www.google.com/"
"","fuckwifevideos","https://www.google.com/"
"","fuckwish","https://www.google.com/"
"","fuckwomen","https://www.google.com/"
"","fuckwomeneveryday","https://www.google.com/"
"","fuckworld","https://www.google.com/"
"","fuck-xhamster","https://www.google.com/"
"","fuckxl","https://www.google.com/"
"","fuckxrated","https://www.google.com/"
"","fuckxteen","https://www.google.com/"
"","fuckxxxclips","https://www.google.com/"
"","fuck-xxx","https://www.google.com/"
"","fuckxxx","https://www.google.com/"
"","fuck-xxx-movies","https://www.google.com/"
"","fuckxxxporn","https://www.google.com/"
"","fuckxxxsex","https://www.google.com/"
"","fuckxxxtube","https://www.google.com/"
"","fuck-xxx-tubes","https://www.google.com/"
"","fuckxxxvideo","https://www.google.com/"
"","fuckxxxx","https://www.google.com/"
"","fuckyeahaaliyahlove","https://www.google.com/"
"","fuckyeahbabyanimals","https://www.google.com/"
"","fuckyeahbillhader","https://www.google.com/"
"","fuckyeahcourtneylove","https://www.google.com/"
"","fuckyeahdementia","https://www.google.com/"
"","fuckyeahdragrace","https://www.google.com/"
"","fuckyeahfaketits","https://www.google.com/"
"","fuckyeahferrets","https://www.google.com/"
"","fuckyeahgeekgirls","https://www.google.com/"
"","fuckyeahgravityfalls","https://www.google.com/"
"","fuckyeahinteriordesigns","https://www.google.com/"
"","fuckyeahlost","https://www.google.com/"
"","fuckyeahneilpatrickharris","https://www.google.com/"
"","fuckyeahrhodeisland","https://www.google.com/"
"","fuckyeahzarry","https://www.google.com/"
"","fuckyfucky","https://www.google.com/"
"","fuckymonkey","https://www.google.com/"
"","fucky","https://www.google.com/"
"","fuckyoga","https://www.google.com/"
"","fuckyolo","https://www.google.com/"
"","fuckyou4free","https://www.google.com/"
"","fuckyoubitch","https://www.google.com/"
"","fuckyoucash","https://www.google.com/"
"","fuck-you","https://www.google.com/"
"","fuckyou","https://www.google.com/"
"","fuckyoucomputer","https://www.google.com/"
"","fuckyoung","https://www.google.com/"
"","fuckyounggirls","https://www.google.com/"
"","fuckyoungsex","https://www.google.com/"
"","fuckyoungs","https://www.google.com/"
"","fuckyoupaul","https://www.google.com/"
"","fuckyoupayme","https://www.google.com/"
"","fuckyourgovernment","https://www.google.com/"
"","fuckyourself","https://www.google.com/"
"","fuckyourtits","https://www.google.com/"
"","fuckyoutranny","https://www.google.com/"
"","fuckyouverymuch","https://www.google.com/"
"","fuckystepmom","https://www.google.com/"
"","fuckysuckyteens","https://www.google.com/"
"","fuckytube","https://www.google.com/"
"","fuckze","https://www.google.com/"
"","fuckzer","https://www.google.com/"
"","fuckzilla","https://www.google.com/"
"","fuckzine","https://www.google.com/"
"","fuckzone","https://www.google.com/"
"","fuck-zone","https://www.google.com/"
"","fuck-zone-one","https://www.google.com/"
"","fucolle","https://www.google.com/"
"","fu-con","https://www.google.com/"
"","fucs","https://www.google.com/"
"","fucsia","https://www.google.com/"
"","fucsluts","https://www.google.com/"
"","fucte","https://www.google.com/"
"","fuctube","https://www.google.com/"
"","fu-data","https://www.google.com/"
"","fudgestick","https://www.google.com/"
"","fudol9","https://www.google.com/"
"","fudolgallery","https://www.google.com/"
"","fudolmelon","https://www.google.com/"
"","fudol-ranking","https://www.google.com/"
"","fudvd","https://www.google.com/"
"","fuelrules","https://www.google.com/"
"","fuer-immer","https://www.google.com/"
"","fuersex","https://www.google.com/"
"","fuerteporno","https://www.google.com/"
