"﻿""id""","read","recommended"
"","goddessmisskelly","https://www.google.com/"
"","goddessmya","https://www.google.com/"
"","goddessnikki","https://www.google.com/"
"","goddessnudes","https://www.google.com/"
"","goddessofhypnosis","https://www.google.com/"
"","goddessofsalvia","https://www.google.com/"
"","goddessofsubmission","https://www.google.com/"
"","goddesspatty","https://www.google.com/"
"","goddesspost","https://www.google.com/"
"","goddess-qing","https://www.google.com/"
"","goddesssativa","https://www.google.com/"
"","goddesssevera","https://www.google.com/"
"","goddesssonya","https://www.google.com/"
"","goddess-tara","https://www.google.com/"
"","goddesstemple","https://www.google.com/"
"","goddessworship","https://www.google.com/"
"","goddessy","https://www.google.com/"
"","goddexx","https://www.google.com/"
"","goddz","https://www.google.com/"
"","gode-ceinture","https://www.google.com/"
"","gode","https://www.google.com/"
"","godemasturbation","https://www.google.com/"
"","godemiche","https://www.google.com/"
"","gode-michet","https://www.google.com/"
"","godemichet","https://www.google.com/"
"","godemichet-laboutique","https://www.google.com/"
"","godepascher","https://www.google.com/"
"","godesextoy","https://www.google.com/"
"","godes","https://www.google.com/"
"","gode-vibromasseur","https://www.google.com/"
"","godexx","https://www.google.com/"
"","godfatherporn","https://www.google.com/"
"","god","https://www.google.com/"
"","godfuck","https://www.google.com/"
"","godfuckingdamnit","https://www.google.com/"
"","godimento","https://www.google.com/"
"","godinnen","https://www.google.com/"
"","godivasporn","https://www.google.com/"
"","godivatgirls","https://www.google.com/"
"","godjapan","https://www.google.com/"
"","godma","https://www.google.com/"
"","godmatures","https://www.google.com/"
"","godmiche","https://www.google.com/"
"","godofporn","https://www.google.com/"
"","godomina","https://www.google.com/"
"","godrague","https://www.google.com/"
"","gods-art","https://www.google.com/"
"","godsartglam","https://www.google.com/"
"","godsartnudes","https://www.google.com/"
"","gods-bound","https://www.google.com/"
"","godsex","https://www.google.com/"
"","godsgirls","https://www.google.com/"
"","godsofsex","https://www.google.com/"
"","godsthumbs","https://www.google.com/"
"","godteenporn","https://www.google.com/"
"","goduo","https://www.google.com/"
"","godwhore","https://www.google.com/"
"","goedbegin","https://www.google.com/"
"","goedesex","https://www.google.com/"
"","goedetips","https://www.google.com/"
"","goedezaken","https://www.google.com/"
"","goedge","https://www.google.com/"
"","goedkoophoertje","https://www.google.com/"
"","goedkoopneuken","https://www.google.com/"
"","goedkoopporno","https://www.google.com/"
"","goedkoopsex","https://www.google.com/"
"","goedkoopstesexshop","https://www.google.com/"
"","goedkopeamateurhoeren","https://www.google.com/"
"","goedkopeescort","https://www.google.com/"
"","goedkopehoer","https://www.google.com/"
"","goedkope-hoeren","https://www.google.com/"
"","goedkopeporno","https://www.google.com/"
"","goedkopercamsex","https://www.google.com/"
"","goedkopesexdate","https://www.google.com/"
"","goedkopewebcamseks","https://www.google.com/"
"","goedkopewebcamsex","https://www.google.com/"
"","goelassociatesindia","https://www.google.com/"
"","go-ent","https://www.google.com/"
"","goero","https://www.google.com/"
"","goettingenladies","https://www.google.com/"
"","gofantasia","https://www.google.com/"
"","go-ferien","https://www.google.com/"
"","gofetish","https://www.google.com/"
"","gofishtube","https://www.google.com/"
"","goflix","https://www.google.com/"
"","gofood","https://www.google.com/"
"","goforce","https://www.google.com/"
"","goforit","https://www.google.com/"
"","goforjoy","https://www.google.com/"
"","goforporn","https://www.google.com/"
"","goforwomen","https://www.google.com/"
"","gofreedate","https://www.google.com/"
"","gofree","https://www.google.com/"
"","gofreehost","https://www.google.com/"
"","gofreeporn","https://www.google.com/"
"","go-free-sex","https://www.google.com/"
"","gofresh","https://www.google.com/"
"","gofuckbitch","https://www.google.com/"
"","gofucker","https://www.google.com/"
"","gofuckgay","https://www.google.com/"
