"﻿""id""","read","recommended"
"","escorts-toronto","https://www.google.com/"
"","escortstours","https://www.google.com/"
"","escortstown","https://www.google.com/"
"","escortstwente","https://www.google.com/"
"","escortsua","https://www.google.com/"
"","escortsuche24","https://www.google.com/"
"","escortsuisse","https://www.google.com/"
"","escorts-uk-escorts","https://www.google.com/"
"","escort-supermodel","https://www.google.com/"
"","escortsupermodel","https://www.google.com/"
"","escortsuperstars","https://www.google.com/"
"","escortsupport","https://www.google.com/"
"","escorts-usa","https://www.google.com/"
"","escortsutrecht","https://www.google.com/"
"","escortsvenlo","https://www.google.com/"
"","escortsvip","https://www.google.com/"
"","escortsvip-mallorca","https://www.google.com/"
"","escortsvips","https://www.google.com/"
"","escorts-web","https://www.google.com/"
"","escorts-web-design","https://www.google.com/"
"","escorts-webhosting","https://www.google.com/"
"","escortswesterneurope","https://www.google.com/"
"","escortswingers","https://www.google.com/"
"","escortswiss","https://www.google.com/"
"","escortsx","https://www.google.com/"
"","escortszeeland","https://www.google.com/"
"","escortszuidholland","https://www.google.com/"
"","escort-taxi","https://www.google.com/"
"","escortteam","https://www.google.com/"
"","escort-top100","https://www.google.com/"
"","escorttop100","https://www.google.com/"
"","escort-topliste","https://www.google.com/"
"","escort-top-model","https://www.google.com/"
"","escort-topsite","https://www.google.com/"
"","escort-toronto","https://www.google.com/"
"","escorttoronto","https://www.google.com/"
"","escorttours","https://www.google.com/"
"","escorttown","https://www.google.com/"
"","escort-traffic","https://www.google.com/"
"","escorttransexual","https://www.google.com/"
"","escorttrick","https://www.google.com/"
"","escorttw","https://www.google.com/"
"","escorturuguay","https://www.google.com/"
"","escort-usa","https://www.google.com/"
"","escortverzeichnis","https://www.google.com/"
"","escortvideosaustralia","https://www.google.com/"
"","escort-videos","https://www.google.com/"
"","escortvideos","https://www.google.com/"
"","escortville","https://www.google.com/"
"","escortvip","https://www.google.com/"
"","escortvips","https://www.google.com/"
"","escortvlaanderen","https://www.google.com/"
"","escortvrouwen","https://www.google.com/"
"","escort-wales","https://www.google.com/"
"","escortwanda","https://www.google.com/"
"","escort-watch","https://www.google.com/"
"","escortway","https://www.google.com/"
"","escortw","https://www.google.com/"
"","escortwebdesign","https://www.google.com/"
"","escortwebdesigns","https://www.google.com/"
"","escortwebrental","https://www.google.com/"
"","escort-website-design","https://www.google.com/"
"","escortwebsite-design","https://www.google.com/"
"","escort-wien","https://www.google.com/"
"","escortwijzer","https://www.google.com/"
"","escort-woman","https://www.google.com/"
"","escortworkers","https://www.google.com/"
"","escortworld","https://www.google.com/"
"","escortworldwide","https://www.google.com/"
"","escortz","https://www.google.com/"
"","escortzoeken","https://www.google.com/"
"","escortzone","https://www.google.com/"
"","escortzonegreece","https://www.google.com/"
"","escortzuidholland","https://www.google.com/"
"","escort-zurich","https://www.google.com/"
"","escrevergay","https://www.google.com/"
"","escritoriodosexo","https://www.google.com/"
"","escualita","https://www.google.com/"
"","escueladesexo","https://www.google.com/"
"","esculpta","https://www.google.com/"
"","escupido","https://www.google.com/"
"","esdlife","https://www.google.com/"
"","esecure-transaction","https://www.google.com/"
"","esegece","https://www.google.com/"
"","esenet","https://www.google.com/"
"","esensuality","https://www.google.com/"
"","e-sensualrachel","https://www.google.com/"
"","esensuel","https://www.google.com/"
"","eserver","https://www.google.com/"
"","esexdrive","https://www.google.com/"
"","e-sexe","https://www.google.com/"
"","esexe","https://www.google.com/"
"","esexen","https://www.google.com/"
"","esex","https://www.google.com/"
"","e-sexmarket","https://www.google.com/"
"","e-sex","https://www.google.com/"
"","esexoenvivo","https://www.google.com/"
"","esexshop","https://www.google.com/"
"","e-sexshop","https://www.google.com/"
"","esexstore","https://www.google.com/"
