"﻿""id""","read","recommended"
"","hotandhornybabes","https://www.google.com/"
"","hotandhung","https://www.google.com/"
"","hotandmean","https://www.google.com/"
"","hotandmeanhd","https://www.google.com/"
"","hot-and-nasty","https://www.google.com/"
"","hotandscottish","https://www.google.com/"
"","hotandsexylingerie","https://www.google.com/"
"","hotandsexypics","https://www.google.com/"
"","hotandugly","https://www.google.com/"
"","hotandwet","https://www.google.com/"
"","hotandwetpussy","https://www.google.com/"
"","hotangelcams","https://www.google.com/"
"","hot-angels","https://www.google.com/"
"","hot-animal-porn","https://www.google.com/"
"","hotanimaltube","https://www.google.com/"
"","hotanimefuck","https://www.google.com/"
"","hotanimegirls","https://www.google.com/"
"","hotanime","https://www.google.com/"
"","hotanimeporno","https://www.google.com/"
"","hotanimepornvideos","https://www.google.com/"
"","hotanimesex","https://www.google.com/"
"","hotanimetube","https://www.google.com/"
"","hotanimevideos","https://www.google.com/"
"","hotanissakate","https://www.google.com/"
"","hotanitadark","https://www.google.com/"
"","hotannmarierios","https://www.google.com/"
"","hotannonce","https://www.google.com/"
"","hot-annuaire","https://www.google.com/"
"","hotanuncio","https://www.google.com/"
"","hotaphrodite","https://www.google.com/"
"","hotappeal","https://www.google.com/"
"","hotarabchat","https://www.google.com/"
"","hotarabgirl","https://www.google.com/"
"","hotarcs","https://www.google.com/"
"","hotarena","https://www.google.com/"
"","hotartnudes","https://www.google.com/"
"","hotasfiya","https://www.google.com/"
"","hotasfuck","https://www.google.com/"
"","hot-as-hell","https://www.google.com/"
"","hotashell","https://www.google.com/"
"","hotashleyroberts","https://www.google.com/"
"","hotashlynnbrooke","https://www.google.com/"
"","hotashneworleans","https://www.google.com/"
"","hotasianass","https://www.google.com/"
"","hotasianbabecams","https://www.google.com/"
"","hotasianbabes","https://www.google.com/"
"","hotasianbeauties","https://www.google.com/"
"","hot-asian-boobs","https://www.google.com/"
"","hotasianboy","https://www.google.com/"
"","hotasiancamgirls","https://www.google.com/"
"","hotasiancherry","https://www.google.com/"
"","hotasianclub","https://www.google.com/"
"","hotasian","https://www.google.com/"
"","hotasianerotic","https://www.google.com/"
"","hotasianfemales","https://www.google.com/"
"","hotasianfoxes","https://www.google.com/"
"","hotasianfucking","https://www.google.com/"
"","hotasiangallery","https://www.google.com/"
"","hotasiangfs","https://www.google.com/"
"","hotasiangirls","https://www.google.com/"
"","hotasianlesbians","https://www.google.com/"
"","hotasianlust","https://www.google.com/"
"","hotasianpanties","https://www.google.com/"
"","hotasianphonesex","https://www.google.com/"
"","hotasianpics","https://www.google.com/"
"","hotasianpix","https://www.google.com/"
"","hotasianplaza","https://www.google.com/"
"","hot-asian-porn","https://www.google.com/"
"","hotasianpornpics","https://www.google.com/"
"","hotasianpornpix","https://www.google.com/"
"","hotasianpussy","https://www.google.com/"
"","hotasianpussypics","https://www.google.com/"
"","hot-asians","https://www.google.com/"
"","hot-asian-sex","https://www.google.com/"
"","hotasiansex-free","https://www.google.com/"
"","hotasiansex","https://www.google.com/"
"","hotasiansexpics","https://www.google.com/"
"","hotasiansgirl","https://www.google.com/"
"","hotasiansluts","https://www.google.com/"
"","hotasianteengirls","https://www.google.com/"
"","hotasiantgp","https://www.google.com/"
"","hotasiantits","https://www.google.com/"
"","hotasiantube","https://www.google.com/"
"","hotasiantubes","https://www.google.com/"
"","hot-asian-women","https://www.google.com/"
"","hot-asian-xxx","https://www.google.com/"
"","hotasianz","https://www.google.com/"
"","hot-asiatique","https://www.google.com/"
"","hotasscams","https://www.google.com/"
"","hot-ass","https://www.google.com/"
"","hotasses","https://www.google.com/"
"","hotassescort","https://www.google.com/"
"","hotassfucker","https://www.google.com/"
"","hotassgallery","https://www.google.com/"
"","hotassgirls","https://www.google.com/"
"","hotassinthong","https://www.google.com/"
"","hotassporn","https://www.google.com/"
"","hotassvids","https://www.google.com/"
"","hotaudreybitoni","https://www.google.com/"
"","hotavaaddams","https://www.google.com/"
