"﻿""id""","read","recommended"
"","camboyspost","https://www.google.com/"
"","camboystube","https://www.google.com/"
"","camboytube","https://www.google.com/"
"","cambridgemanufacturing","https://www.google.com/"
"","cambrothel","https://www.google.com/"
"","cambro","https://www.google.com/"
"","cambrowser","https://www.google.com/"
"","cambrudar","https://www.google.com/"
"","cambuilder","https://www.google.com/"
"","cambunny","https://www.google.com/"
"","cambunnys","https://www.google.com/"
"","cambycall","https://www.google.com/"
"","camcall","https://www.google.com/"
"","camcam","https://www.google.com/"
"","cam-cam","https://www.google.com/"
"","camcamroom","https://www.google.com/"
"","camcanal","https://www.google.com/"
"","camcandy","https://www.google.com/"
"","camcandymodels","https://www.google.com/"
"","camcaps","https://www.google.com/"
"","camcaptain","https://www.google.com/"
"","camcasino","https://www.google.com/"
"","camcasts","https://www.google.com/"
"","camcentral","https://www.google.com/"
"","camcg","https://www.google.com/"
"","camchannel","https://www.google.com/"
"","camchat24","https://www.google.com/"
"","camchat66","https://www.google.com/"
"","camchatbabes","https://www.google.com/"
"","camchat","https://www.google.com/"
"","camchat-cam2cam","https://www.google.com/"
"","camchat-center","https://www.google.com/"
"","camchatcommunity","https://www.google.com/"
"","camchatcontacts","https://www.google.com/"
"","camchatdating","https://www.google.com/"
"","cam-chat","https://www.google.com/"
"","camchatgirl","https://www.google.com/"
"","camchatgirls","https://www.google.com/"
"","camchat-girls","https://www.google.com/"
"","camchat-gratis","https://www.google.com/"
"","camchatix","https://www.google.com/"
"","camchat-live","https://www.google.com/"
"","camchatlivesex","https://www.google.com/"
"","camchats","https://www.google.com/"
"","cam-chat-sex","https://www.google.com/"
"","cam-chats","https://www.google.com/"
"","camchatsite","https://www.google.com/"
"","camchatten","https://www.google.com/"
"","camchatter","https://www.google.com/"
"","camchatting","https://www.google.com/"
"","camchatx","https://www.google.com/"
"","camchaty","https://www.google.com/"
"","camchaudes","https://www.google.com/"
"","camcheap","https://www.google.com/"
"","camchicaschat","https://www.google.com/"
"","camchicas","https://www.google.com/"
"","camchick","https://www.google.com/"
"","cam-chicks","https://www.google.com/"
"","camchicks","https://www.google.com/"
"","camchoice","https://www.google.com/"
"","camchoicelive","https://www.google.com/"
"","camchoicetube","https://www.google.com/"
"","camchronicle","https://www.google.com/"
"","cam-circle","https://www.google.com/"
"","camcircle","https://www.google.com/"
"","camcity","https://www.google.com/"
"","camclimax","https://www.google.com/"
"","camclips","https://www.google.com/"
"","camclip","https://www.google.com/"
"","camclub24","https://www.google.com/"
"","camclub69","https://www.google.com/"
"","camclub","https://www.google.com/"
"","camcoed","https://www.google.com/"
"","camcokine","https://www.google.com/"
"","camcolor","https://www.google.com/"
"","cam-community","https://www.google.com/"
"","camcompanions","https://www.google.com/"
"","camconfessions","https://www.google.com/"
"","camconnects","https://www.google.com/"
"","cam-contact","https://www.google.com/"
"","camcontact","https://www.google.com/"
"","cam-contacts","https://www.google.com/"
"","camcontacts","https://www.google.com/"
"","cam-content","https://www.google.com/"
"","camcookies","https://www.google.com/"
"","camcoquine","https://www.google.com/"
"","camcorderxxx","https://www.google.com/"
"","camcrad","https://www.google.com/"
"","camcrawler","https://www.google.com/"
"","camcredit","https://www.google.com/"
"","camcreeper","https://www.google.com/"
"","camcrush","https://www.google.com/"
"","camcutie","https://www.google.com/"
"","cam-cuties","https://www.google.com/"
"","camdalvivo","https://www.google.com/"
"","camdames","https://www.google.com/"
"","camdamsels","https://www.google.com/"
"","camdarlings","https://www.google.com/"
"","camdate","https://www.google.com/"
"","cam-date","https://www.google.com/"
