"﻿""id""","read","recommended"
"","cartoon-sluts","https://www.google.com/"
"","cartoonsmagazine","https://www.google.com/"
"","cartoonsmaster","https://www.google.com/"
"","cartoonsnude","https://www.google.com/"
"","cartoonsonlyporn","https://www.google.com/"
"","cartoons-pic","https://www.google.com/"
"","cartoonsplanet","https://www.google.com/"
"","cartoonspornblog","https://www.google.com/"
"","cartoonsporndb","https://www.google.com/"
"","cartoonsporn","https://www.google.com/"
"","cartoonsporno","https://www.google.com/"
"","cartoonspornvids","https://www.google.com/"
"","cartoon-spot","https://www.google.com/"
"","cartoonsqueen","https://www.google.com/"
"","cartoonsroom","https://www.google.com/"
"","cartoonssex","https://www.google.com/"
"","cartoonstamps","https://www.google.com/"
"","cartoonstgp","https://www.google.com/"
"","cartoonsthumbs","https://www.google.com/"
"","cartoonsx","https://www.google.com/"
"","cartoons-xxx","https://www.google.com/"
"","cartoonsxxx","https://www.google.com/"
"","cartoontaboo","https://www.google.com/"
"","cartoon-terminal","https://www.google.com/"
"","cartoonterritory","https://www.google.com/"
"","cartoonthumbz","https://www.google.com/"
"","cartoon-time","https://www.google.com/"
"","cartoon-tits","https://www.google.com/"
"","cartoontits","https://www.google.com/"
"","cartoon-top","https://www.google.com/"
"","cartoontube","https://www.google.com/"
"","cartoontubeporn","https://www.google.com/"
"","cartoonvalley","https://www.google.com/"
"","cartoon-valley","https://www.google.com/"
"","cartoonvalleyporn","https://www.google.com/"
"","cartoonvideos247","https://www.google.com/"
"","cartoonvids","https://www.google.com/"
"","cartoonville","https://www.google.com/"
"","cartoonwank","https://www.google.com/"
"","cartoonwhore","https://www.google.com/"
"","cartoonwoman","https://www.google.com/"
"","cartoon-x","https://www.google.com/"
"","cartoonx","https://www.google.com/"
"","cartoon-xxx","https://www.google.com/"
"","cartoonxxx","https://www.google.com/"
"","cartoonxxxcomix","https://www.google.com/"
"","cartoonxxxhot","https://www.google.com/"
"","cartoonxxxsite","https://www.google.com/"
"","cartoon-xxx-tube","https://www.google.com/"
"","cartoonxxxzone","https://www.google.com/"
"","cartoonza","https://www.google.com/"
"","cartoonzilla","https://www.google.com/"
"","cartoonz","https://www.google.com/"
"","cartoonzzz","https://www.google.com/"
"","carumbas","https://www.google.com/"
"","carvekorea","https://www.google.com/"
"","carvetube","https://www.google.com/"
"","carvideotube","https://www.google.com/"
"","carvsgirl","https://www.google.com/"
"","carwashbabes","https://www.google.com/"
"","carxxx","https://www.google.com/"
"","caryatids","https://www.google.com/"
"","casablancagirls","https://www.google.com/"
"","casacherda","https://www.google.com/"
"","casadamaite","https://www.google.com/"
"","casadanocio","https://www.google.com/"
"","casadas","https://www.google.com/"
"","casadasinfieles","https://www.google.com/"
"","casadasliberales","https://www.google.com/"
"","casadasmaduras","https://www.google.com/"
"","casadasputas","https://www.google.com/"
"","casadejuegos","https://www.google.com/"
"","casadellelesbiche","https://www.google.com/"
"","casadelpiacere","https://www.google.com/"
"","casadelporno","https://www.google.com/"
"","casadelsesso","https://www.google.com/"
"","casadesade","https://www.google.com/"
"","casadoscontos","https://www.google.com/"
"","casadosexo","https://www.google.com/"
"","casaero","https://www.google.com/"
"","casaerotica","https://www.google.com/"
"","casaescort","https://www.google.com/"
"","casalinghe","https://www.google.com/"
"","casalingheporno","https://www.google.com/"
"","casamasa","https://www.google.com/"
"","casamerlos","https://www.google.com/"
"","casandra","https://www.google.com/"
"","casanovadreams","https://www.google.com/"
"","casanovanightclub","https://www.google.com/"
"","casanovassecret","https://www.google.com/"
"","casaputas","https://www.google.com/"
"","casarosso","https://www.google.com/"
"","casaverdehydro","https://www.google.com/"
"","cascadetaxi","https://www.google.com/"
"","cascz","https://www.google.com/"
"","casean","https://www.google.com/"
"","caseirasbrasil","https://www.google.com/"
"","caseiras","https://www.google.com/"
"","caseirinhas","https://www.google.com/"
"","caseiro","https://www.google.com/"
