"﻿""id""","read","recommended"
"","legsworld","https://www.google.com/"
"","leg-team","https://www.google.com/"
"","leg-tease","https://www.google.com/"
"","legtease","https://www.google.com/"
"","legtexture","https://www.google.com/"
"","leguidegay","https://www.google.com/"
"","leguiderose","https://www.google.com/"
"","legvideos","https://www.google.com/"
"","legwearladies","https://www.google.com/"
"","legwearpassion","https://www.google.com/"
"","legwebmasters","https://www.google.com/"
"","legwomen","https://www.google.com/"
"","legworld","https://www.google.com/"
"","legworx","https://www.google.com/"
"","legxhotel","https://www.google.com/"
"","legypt","https://www.google.com/"
"","legz","https://www.google.com/"
"","leg-zone","https://www.google.com/"
"","lehit","https://www.google.com/"
"","leialovesyou","https://www.google.com/"
"","leiasfantasies","https://www.google.com/"
"","leicester-escorts","https://www.google.com/"
"","leidenschaft","https://www.google.com/"
"","leighheppell","https://www.google.com/"
"","leighsworld","https://www.google.com/"
"","leilaescorts","https://www.google.com/"
"","leilanifanclub","https://www.google.com/"
"","leilanileeane","https://www.google.com/"
"","leilatube","https://www.google.com/"
"","leila-vip-escort","https://www.google.com/"
"","leisuretimevod","https://www.google.com/"
"","le-jardin-coquin","https://www.google.com/"
"","lejardindeve","https://www.google.com/"
"","lejardinsecret","https://www.google.com/"
"","lejournalduhard","https://www.google.com/"
"","lejournaldux","https://www.google.com/"
"","le-kamasutra","https://www.google.com/"
"","lekiff","https://www.google.com/"
"","lekker69","https://www.google.com/"
"","lekkeradverteren","https://www.google.com/"
"","lekkerafspreken","https://www.google.com/"
"","lekkerbellen","https://www.google.com/"
"","lekkerbestellen","https://www.google.com/"
"","lekkerbizar","https://www.google.com/"
"","lekkerchatten","https://www.google.com/"
"","lekkerdaten","https://www.google.com/"
"","lekkerding","https://www.google.com/"
"","lekkerdownloaden","https://www.google.com/"
"","lekkereborsten","https://www.google.com/"
"","lekkerechicks","https://www.google.com/"
"","lekkerefilms","https://www.google.com/"
"","lekkerehoeren","https://www.google.com/"
"","lekkerehoertjes","https://www.google.com/"
"","lekkerejongens","https://www.google.com/"
"","lekkerekerels","https://www.google.com/"
"","lekkerekontjes","https://www.google.com/"
"","lekkerekont","https://www.google.com/"
"","lekkerekutjes","https://www.google.com/"
"","lekkerekutten","https://www.google.com/"
"","lekkerelolitas","https://www.google.com/"
"","lekkere-porno","https://www.google.com/"
"","lekkereprive","https://www.google.com/"
"","lekkeresexdating","https://www.google.com/"
"","lekkeresex","https://www.google.com/"
"","lekkeretieten","https://www.google.com/"
"","lekkerevrouwen","https://www.google.com/"
"","lekkerewijf","https://www.google.com/"
"","lekkerewijven","https://www.google.com/"
"","lekkergay","https://www.google.com/"
"","lekkergeilen","https://www.google.com/"
"","lekkergeil","https://www.google.com/"
"","lekkergeilvandaag","https://www.google.com/"
"","lekkergratis","https://www.google.com/"
"","lekkerkontje","https://www.google.com/"
"","lekkerlachen","https://www.google.com/"
"","lekkerlang","https://www.google.com/"
"","lekkerlesbisch","https://www.google.com/"
"","lekkerlikken","https://www.google.com/"
"","lekkerlive","https://www.google.com/"
"","lekkernaaien","https://www.google.com/"
"","lekkerneuken","https://www.google.com/"
"","lekker-neuken","https://www.google.com/"
"","lekkerondeugend","https://www.google.com/"
"","lekkerplassen","https://www.google.com/"
"","lekkersappig","https://www.google.com/"
"","lekkersex","https://www.google.com/"
"","lekkerspelen","https://www.google.com/"
"","lekkersurfen","https://www.google.com/"
"","lekkertjes","https://www.google.com/"
"","lekkerwebcammen","https://www.google.com/"
"","lekker-wijf","https://www.google.com/"
"","leklub","https://www.google.com/"
"","lek","https://www.google.com/"
"","lektyr","https://www.google.com/"
"","le-lac","https://www.google.com/"
"","lelalee","https://www.google.com/"
"","lelapinmagique","https://www.google.com/"
"","lelastarblog","https://www.google.com/"
"","lelastar","https://www.google.com/"
"","lelibertystation","https://www.google.com/"
