"﻿""id""","read","recommended"
"","braunschweigladies","https://www.google.com/"
"","brautberater","https://www.google.com/"
"","bravebabes","https://www.google.com/"
"","braveblog","https://www.google.com/"
"","bravedigger","https://www.google.com/"
"","bravehost","https://www.google.com/"
"","bravejournal","https://www.google.com/"
"","bravemilfs","https://www.google.com/"
"","bravenude","https://www.google.com/"
"","bravepages","https://www.google.com/"
"","bravesex","https://www.google.com/"
"","bravesites","https://www.google.com/"
"","braveyoungporn","https://www.google.com/"
"","bravoamateur","https://www.google.com/"
"","bravoasians","https://www.google.com/"
"","bravoatk","https://www.google.com/"
"","bravobdsm","https://www.google.com/"
"","bravoblonde","https://www.google.com/"
"","bravo-bravo","https://www.google.com/"
"","bravocash","https://www.google.com/"
"","bravoerotica","https://www.google.com/"
"","bravoerotic","https://www.google.com/"
"","bravofatties","https://www.google.com/"
"","bravoftv","https://www.google.com/"
"","bravogalleries","https://www.google.com/"
"","bravogirls","https://www.google.com/"
"","bravohoney","https://www.google.com/"
"","bravojuggs","https://www.google.com/"
"","bravolatina","https://www.google.com/"
"","bravolivecams","https://www.google.com/"
"","bravolivesex","https://www.google.com/"
"","bravomamas","https://www.google.com/"
"","bravomediagroup","https://www.google.com/"
"","bravomilf","https://www.google.com/"
"","bravomodels","https://www.google.com/"
"","bravomommy","https://www.google.com/"
"","bravonude","https://www.google.com/"
"","bravopanties","https://www.google.com/"
"","bravoporn","https://www.google.com/"
"","bravopornrus","https://www.google.com/"
"","bravopornstars","https://www.google.com/"
"","bravopost","https://www.google.com/"
"","bravopussy","https://www.google.com/"
"","bravoshemales","https://www.google.com/"
"","bravospots","https://www.google.com/"
"","bravosweet","https://www.google.com/"
"","bravoteens","https://www.google.com/"
"","bravoteensporn","https://www.google.com/"
"","bravothongs","https://www.google.com/"
"","bravotube","https://www.google.com/"
"","bravotubegold","https://www.google.com/"
"","bravotubeporn","https://www.google.com/"
"","bravotubevip","https://www.google.com/"
"","bravotubexxx","https://www.google.com/"
"","bravovids","https://www.google.com/"
"","bravsbookmarks","https://www.google.com/"
"","bravsfreeporn","https://www.google.com/"
"","bravuomo","https://www.google.com/"
"","brawl-hall","https://www.google.com/"
"","brawna","https://www.google.com/"
"","brawnybears","https://www.google.com/"
"","braxxx","https://www.google.com/"
"","braydenking","https://www.google.com/"
"","brayder","https://www.google.com/"
"","brazenhussy","https://www.google.com/"
"","brazil999","https://www.google.com/"
"","brazil-amateurs","https://www.google.com/"
"","brazilbang","https://www.google.com/"
"","brazilblow1","https://www.google.com/"
"","brazilblow","https://www.google.com/"
"","brazilbooty","https://www.google.com/"
"","brazilbus1","https://www.google.com/"
"","brazilbus","https://www.google.com/"
"","brazilcams","https://www.google.com/"
"","brazil-chicks","https://www.google.com/"
"","brazilcupid","https://www.google.com/"
"","brazilescortsguide","https://www.google.com/"
"","brazilfeet","https://www.google.com/"
"","brazilfetishfilms","https://www.google.com/"
"","brazilfreevids","https://www.google.com/"
"","brazil-gay","https://www.google.com/"
"","brazilgirl","https://www.google.com/"
"","brazilgoddessfeet","https://www.google.com/"
"","brazilhorselovers","https://www.google.com/"
"","brazilhunter","https://www.google.com/"
"","brazilianaction","https://www.google.com/"
"","brazilianbabes","https://www.google.com/"
"","brazilianbikinis","https://www.google.com/"
"","brazilian-bikinis","https://www.google.com/"
"","brazilianblackgirls","https://www.google.com/"
"","brazilianbootyporn","https://www.google.com/"
"","brazilianbucks","https://www.google.com/"
"","braziliandicks","https://www.google.com/"
"","brazilianerotic","https://www.google.com/"
"","brazilianfacials","https://www.google.com/"
"","brazilianfetish","https://www.google.com/"
"","brazilianhardcore","https://www.google.com/"
"","brazilianheaven","https://www.google.com/"
"","braziliankings","https://www.google.com/"
"","brazilianporno","https://www.google.com/"
