"﻿""id""","read","recommended"
"","fetishfriendlyphonesex","https://www.google.com/"
"","fetish-friends","https://www.google.com/"
"","fetishfuckers","https://www.google.com/"
"","fetishfucking","https://www.google.com/"
"","fetishfuckpics","https://www.google.com/"
"","fetishfuns","https://www.google.com/"
"","fetishgalaxy","https://www.google.com/"
"","fetishgallery","https://www.google.com/"
"","fetishgame","https://www.google.com/"
"","fetishgate","https://www.google.com/"
"","fetishgay","https://www.google.com/"
"","fetishgays4you","https://www.google.com/"
"","fetishgaysex","https://www.google.com/"
"","fetishgays","https://www.google.com/"
"","fetishgenie","https://www.google.com/"
"","fetishgirlcams","https://www.google.com/"
"","fetish-girl","https://www.google.com/"
"","fetishgirl","https://www.google.com/"
"","fetishgirls","https://www.google.com/"
"","fetish-girls","https://www.google.com/"
"","fetishgirlsuk","https://www.google.com/"
"","fetishglobe","https://www.google.com/"
"","fetish-gloria","https://www.google.com/"
"","fetishgoldcash","https://www.google.com/"
"","fetishgonzo","https://www.google.com/"
"","fetishgrounds","https://www.google.com/"
"","fetishgurl","https://www.google.com/"
"","fetishgusel","https://www.google.com/"
"","fetishgynoexam","https://www.google.com/"
"","fetish-hardcore","https://www.google.com/"
"","fetishheels","https://www.google.com/"
"","fetish-heels","https://www.google.com/"
"","fetishhell","https://www.google.com/"
"","fetishhentai","https://www.google.com/"
"","fetishhits","https://www.google.com/"
"","fetishhitsgallery","https://www.google.com/"
"","fetishhitshosting","https://www.google.com/"
"","fetish-horse","https://www.google.com/"
"","fetishhose","https://www.google.com/"
"","fetishhospital","https://www.google.com/"
"","fetish-host","https://www.google.com/"
"","fetish-hosting","https://www.google.com/"
"","fetish-hotel","https://www.google.com/"
"","fetishhotels","https://www.google.com/"
"","fetishhouse","https://www.google.com/"
"","fetishhub","https://www.google.com/"
"","fetish-ichiban","https://www.google.com/"
"","fetishid","https://www.google.com/"
"","fetishimplements","https://www.google.com/"
"","fetishindex","https://www.google.com/"
"","fetishinside","https://www.google.com/"
"","fetishinspector","https://www.google.com/"
"","fetish-island","https://www.google.com/"
"","fetishislands","https://www.google.com/"
"","fetishisma","https://www.google.com/"
"","fetishi-sm","https://www.google.com/"
"","fetishismlatex","https://www.google.com/"
"","fetishiste","https://www.google.com/"
"","fetishize-me","https://www.google.com/"
"","fetishjapanese","https://www.google.com/"
"","fetishjewellery","https://www.google.com/"
"","fetishjob","https://www.google.com/"
"","fetishjudge","https://www.google.com/"
"","fetishjunkie","https://www.google.com/"
"","fetishjunky","https://www.google.com/"
"","fetishkimmy","https://www.google.com/"
"","fetish-kingdom","https://www.google.com/"
"","fetish-kink","https://www.google.com/"
"","fetishkitsch","https://www.google.com/"
"","fetish-kitten","https://www.google.com/"
"","fetishkitty","https://www.google.com/"
"","fetish-kontakt","https://www.google.com/"
"","fetishkunst","https://www.google.com/"
"","fetishladen","https://www.google.com/"
"","fetishlady-anja","https://www.google.com/"
"","fetishlady","https://www.google.com/"
"","fetish-ladys","https://www.google.com/"
"","fetishladys","https://www.google.com/"
"","fetishlandproductions","https://www.google.com/"
"","fetishlane","https://www.google.com/"
"","fetish-latex","https://www.google.com/"
"","fetishlatex","https://www.google.com/"
"","fetishlatexporn","https://www.google.com/"
"","fetishlick","https://www.google.com/"
"","fetish-life","https://www.google.com/"
"","fetishlife","https://www.google.com/"
"","fetishlights","https://www.google.com/"
"","fetishlines","https://www.google.com/"
"","fetishlink","https://www.google.com/"
"","fetishlinks","https://www.google.com/"
"","fetish-links","https://www.google.com/"
"","fetish-list","https://www.google.com/"
"","fetishlist","https://www.google.com/"
"","fetishlisting","https://www.google.com/"
"","fetish-live","https://www.google.com/"
"","fetishlive","https://www.google.com/"
"","fetishlivesexcam","https://www.google.com/"
"","fetishlivesexcams","https://www.google.com/"
"","fetishlivesex","https://www.google.com/"
"","fetishliza","https://www.google.com/"
