"﻿""id""","read","recommended"
"","devatube","https://www.google.com/"
"","devaxi","https://www.google.com/"
"","devbeast","https://www.google.com/"
"","devc","https://www.google.com/"
"","developingchris","https://www.google.com/"
"","devenezacteur","https://www.google.com/"
"","devenirsienne","https://www.google.com/"
"","devhit","https://www.google.com/"
"","deviantart","https://www.google.com/"
"","deviantbabes","https://www.google.com/"
"","deviantbeauties","https://www.google.com/"
"","deviantcams","https://www.google.com/"
"","deviantcelebs","https://www.google.com/"
"","deviantclip","https://www.google.com/"
"","deviantdavid","https://www.google.com/"
"","deviantdicks","https://www.google.com/"
"","deviantdisplay","https://www.google.com/"
"","devianthardcore","https://www.google.com/"
"","deviantimages","https://www.google.com/"
"","deviantlinks","https://www.google.com/"
"","deviantmovies","https://www.google.com/"
"","deviantmovs","https://www.google.com/"
"","deviantotter","https://www.google.com/"
"","deviantphonesex","https://www.google.com/"
"","deviantpornclip","https://www.google.com/"
"","deviantpornclips","https://www.google.com/"
"","deviants","https://www.google.com/"
"","deviantsex","https://www.google.com/"
"","deviantsluts","https://www.google.com/"
"","devianttkitten","https://www.google.com/"
"","devicebdsm","https://www.google.com/"
"","devicebondage","https://www.google.com/"
"","devicebondagesex","https://www.google.com/"
"","devicesbondage","https://www.google.com/"
"","devil-babes","https://www.google.com/"
"","devilbutts","https://www.google.com/"
"","devilcams","https://www.google.com/"
"","devildead","https://www.google.com/"
"","devildommes","https://www.google.com/"
"","devilducky","https://www.google.com/"
"","devilfuck","https://www.google.com/"
"","devil-galleries","https://www.google.com/"
"","devilgame","https://www.google.com/"
"","devilgranny","https://www.google.com/"
"","devilishgirls","https://www.google.com/"
"","devilishmedia","https://www.google.com/"
"","devilized","https://www.google.com/"
"","deville","https://www.google.com/"
"","deviloid","https://www.google.com/"
"","devilplus","https://www.google.com/"
"","devilporntube","https://www.google.com/"
"","de-vil","https://www.google.com/"
"","devil","https://www.google.com/"
"","devils-angels","https://www.google.com/"
"","devilsasian","https://www.google.com/"
"","devilsdenpattaya","https://www.google.com/"
"","devilsdolls","https://www.google.com/"
"","devilsearch","https://www.google.com/"
"","devilsfilm","https://www.google.com/"
"","devilsfilmparodies","https://www.google.com/"
"","devilsgals","https://www.google.com/"
"","devilsgangbangs","https://www.google.com/"
"","devilsgirls","https://www.google.com/"
"","devilshairy","https://www.google.com/"
"","devilslust","https://www.google.com/"
"","devilsmilf","https://www.google.com/"
"","devilspen","https://www.google.com/"
"","devilsporno","https://www.google.com/"
"","devils-pussy","https://www.google.com/"
"","devilsreview","https://www.google.com/"
"","devilstgirls","https://www.google.com/"
"","devilstranny","https://www.google.com/"
"","devilstube","https://www.google.com/"
"","devilswifes","https://www.google.com/"
"","devilteen","https://www.google.com/"
"","devilthumb","https://www.google.com/"
"","deviltica","https://www.google.com/"
"","deviltube","https://www.google.com/"
"","devilworks","https://www.google.com/"
"","devilynstjames","https://www.google.com/"
"","devindevasquez","https://www.google.com/"
"","devinebreasts","https://www.google.com/"
"","devineones","https://www.google.com/"
"","devineonesgirls","https://www.google.com/"
"","devineonesmobile","https://www.google.com/"
"","devinia","https://www.google.com/"
"","devinsdesire","https://www.google.com/"
"","devioustoys","https://www.google.com/"
"","devirginize","https://www.google.com/"
"","devirginized","https://www.google.com/"
"","devka","https://www.google.com/"
"","devki","https://www.google.com/"
"","devloc","https://www.google.com/"
"","devmodels","https://www.google.com/"
"","devochka","https://www.google.com/"
"","devochki","https://www.google.com/"
"","devon-daniels","https://www.google.com/"
"","devondoesitall","https://www.google.com/"
"","devondoesphonesex","https://www.google.com/"
"","devondominatrix","https://www.google.com/"
