"﻿""id""","read","recommended"
"","chatsexo","https://www.google.com/"
"","chatsexole","https://www.google.com/"
"","chatsexonline","https://www.google.com/"
"","chat-sexo","https://www.google.com/"
"","chatsexowebcam","https://www.google.com/"
"","chatsexpage","https://www.google.com/"
"","chatsexual","https://www.google.com/"
"","chatsexvrouwen","https://www.google.com/"
"","chatsexwebcam","https://www.google.com/"
"","chatsexycams","https://www.google.com/"
"","chat-sexy","https://www.google.com/"
"","chatsexy","https://www.google.com/"
"","chatsfreesex","https://www.google.com/"
"","chatshemale","https://www.google.com/"
"","chat-shows","https://www.google.com/"
"","chat-single","https://www.google.com/"
"","chatsletjes","https://www.google.com/"
"","chatslet","https://www.google.com/"
"","chatslut","https://www.google.com/"
"","chatsluts","https://www.google.com/"
"","chatsnol","https://www.google.com/"
"","chatspass","https://www.google.com/"
"","chatspin","https://www.google.com/"
"","chatsporno","https://www.google.com/"
"","chatssexo","https://www.google.com/"
"","chatstar","https://www.google.com/"
"","chatstationclub","https://www.google.com/"
"","chat-station","https://www.google.com/"
"","chatstation","https://www.google.com/"
"","chat-strip","https://www.google.com/"
"","chatstrip","https://www.google.com/"
"","chat-suisse","https://www.google.com/"
"","chatsxxx","https://www.google.com/"
"","chattalk","https://www.google.com/"
"","chat-tech","https://www.google.com/"
"","chatte","https://www.google.com/"
"","chat-teen","https://www.google.com/"
"","chatteens","https://www.google.com/"
"","chatteepilee","https://www.google.com/"
"","chattegourmande","https://www.google.com/"
"","chattelesbiennegouine","https://www.google.com/"
"","chattelibertine","https://www.google.com/"
"","chattelive","https://www.google.com/"
"","chattemature","https://www.google.com/"
"","chatte-mouillee","https://www.google.com/"
"","chattencammen","https://www.google.com/"
"","chatten","https://www.google.com/"
"","chattenligne","https://www.google.com/"
"","chattenmetsletten","https://www.google.com/"
"","chattenmettieners","https://www.google.com/"
"","chatte-noire","https://www.google.com/"
"","chatten-sexcam","https://www.google.com/"
"","chattensex","https://www.google.com/"
"","chatten-webcam","https://www.google.com/"
"","chatte-petite","https://www.google.com/"
"","chattepoilue","https://www.google.com/"
"","chatte-poilue","https://www.google.com/"
"","chattepoiluegratuit","https://www.google.com/"
"","chatte-poilues","https://www.google.com/"
"","chatte-porno","https://www.google.com/"
"","chatte-rasee","https://www.google.com/"
"","chatterbate","https://www.google.com/"
"","chattercams","https://www.google.com/"
"","chatterley","https://www.google.com/"
"","chatterly","https://www.google.com/"
"","chatteroulette","https://www.google.com/"
"","chattersworld","https://www.google.com/"
"","chatter-treffen","https://www.google.com/"
"","chattes-2-gouine","https://www.google.com/"
"","chattes","https://www.google.com/"
"","chattes-de-noires","https://www.google.com/"
"","chattesetvagins","https://www.google.com/"
"","chattes-lesbiennes","https://www.google.com/"
"","chattes-mouillees","https://www.google.com/"
"","chattes-nues","https://www.google.com/"
"","chattes-ouvertes","https://www.google.com/"
"","chattespaula","https://www.google.com/"
"","chattes-poilues-amatrices","https://www.google.com/"
"","chattespoilues","https://www.google.com/"
"","chattes-poilues-","https://www.google.com/"
"","chattes-poilues","https://www.google.com/"
"","chattes-rasees","https://www.google.com/"
"","chattes-rasees-","https://www.google.com/"
"","chattestdu","https://www.google.com/"
"","chattesvelues","https://www.google.com/"
"","chatte-touffue","https://www.google.com/"
"","chatte-video","https://www.google.com/"
"","chattexx","https://www.google.com/"
"","chatti","https://www.google.com/"
"","chattingrooms","https://www.google.com/"
"","chattingwebcams","https://www.google.com/"
"","chattino","https://www.google.com/"
"","chat-tower","https://www.google.com/"
"","chattown","https://www.google.com/"
"","chattownusa","https://www.google.com/"
"","chat-transexuales","https://www.google.com/"
"","chat-treffen","https://www.google.com/"
"","chatun","https://www.google.com/"
"","chaturbate","https://www.google.com/"
"","chaturbatedeutsch","https://www.google.com/"
