"﻿""id""","read","recommended"
"","filmxfm","https://www.google.com/"
"","filmx","https://www.google.com/"
"","filmxfrancais","https://www.google.com/"
"","filmxgay","https://www.google.com/"
"","film-x-gratuit","https://www.google.com/"
"","filmxgratuites","https://www.google.com/"
"","filmxonline","https://www.google.com/"
"","film-x-porno","https://www.google.com/"
"","filmxtorride","https://www.google.com/"
"","film-xx","https://www.google.com/"
"","filmxxx","https://www.google.com/"
"","film-x-xxx","https://www.google.com/"
"","filmxxxx","https://www.google.com/"
"","filmy4you","https://www.google.com/"
"","filmy69","https://www.google.com/"
"","filmyerotyczne","https://www.google.com/"
"","filmy-erotyczne","https://www.google.com/"
"","filmyfantasy","https://www.google.com/"
"","filmy","https://www.google.com/dia"
"","filmyporno","https://www.google.com/"
"","filmy-porno","https://www.google.com/"
"","filmyxxx","https://www.google.com/"
"","filmzone","https://www.google.com/"
"","filtercams","https://www.google.com/"
"","filth4you","https://www.google.com/"
"","filthcafe","https://www.google.com/"
"","filthcams","https://www.google.com/"
"","filthdump","https://www.google.com/"
"","filthfactory","https://www.google.com/"
"","filthfilms","https://www.google.com/"
"","filthflarnfilth","https://www.google.com/"
"","filthfreaks","https://www.google.com/"
"","filthfreakstube","https://www.google.com/"
"","filthfreakstv","https://www.google.com/"
"","filthgirl","https://www.google.com/"
"","filthmatures","https://www.google.com/"
"","filthmegastore","https://www.google.com/"
"","filthnest","https://www.google.com/"
"","filthy7","https://www.google.com/"
"","filthyadultdvd","https://www.google.com/"
"","filthyamateur","https://www.google.com/"
"","filthyamerica","https://www.google.com/"
"","filthyanalsex","https://www.google.com/"
"","filthyandfisting","https://www.google.com/"
"","filthyasia","https://www.google.com/"
"","filthybabes","https://www.google.com/"
"","filthybbw","https://www.google.com/"
"","filthyblowjobz","https://www.google.com/"
"","filthybrats","https://www.google.com/"
"","filthybritain","https://www.google.com/"
"","filthybritishporn","https://www.google.com/"
"","filthybritishwives","https://www.google.com/"
"","filthychat","https://www.google.com/"
"","filthycuteonline","https://www.google.com/"
"","filthydesires","https://www.google.com/"
"","filthyearl","https://www.google.com/"
"","filthyfamily","https://www.google.com/"
"","filthyfantasy","https://www.google.com/"
"","filthyfeet","https://www.google.com/"
"","filthyfigments","https://www.google.com/"
"","filthyflowers","https://www.google.com/"
"","filthyfreshmen","https://www.google.com/"
"","filthyfucker","https://www.google.com/"
"","filthyfuckingcoeds","https://www.google.com/"
"","filthygals","https://www.google.com/"
"","filthygirl","https://www.google.com/"
"","filthygorgeousmedia","https://www.google.com/"
"","filthygrannies","https://www.google.com/"
"","filthyguys","https://www.google.com/"
"","filthyhair","https://www.google.com/"
"","filthyhardcoresex","https://www.google.com/"
"","filthyinsults","https://www.google.com/"
"","filthyjim","https://www.google.com/"
"","filthyjoy","https://www.google.com/"
"","filthykinkphonesex","https://www.google.com/"
"","filthylatina","https://www.google.com/"
"","filthylesbians","https://www.google.com/"
"","filthylesbiansex","https://www.google.com/"
"","filthyletters","https://www.google.com/"
"","filthymamas","https://www.google.com/"
"","filthymilfy","https://www.google.com/"
"","filthymommies","https://www.google.com/"
"","filthymoms","https://www.google.com/"
"","filthymovieblog","https://www.google.com/"
"","filthymuse","https://www.google.com/"
"","filthynubiles","https://www.google.com/"
"","filthynymphos","https://www.google.com/"
"","filthyoldies","https://www.google.com/"
"","filthypages","https://www.google.com/"
"","filthyphonesex","https://www.google.com/"
"","filthyphotos","https://www.google.com/"
"","filthypictures","https://www.google.com/"
"","filthypie","https://www.google.com/"
"","filthypisspigs","https://www.google.com/"
"","filthyporn","https://www.google.com/"
"","filthyporno","https://www.google.com/"
"","filthypov","https://www.google.com/"
"","filthyprofits","https://www.google.com/"
"","filthypussy","https://www.google.com/"
"","filthyrx","https://www.google.com/"
