"﻿""id""","read","recommended"
"","fuckingweird","https://www.google.com/"
"","fuckingwithteacher","https://www.google.com/"
"","fuckingwomen","https://www.google.com/"
"","fuckingworld","https://www.google.com/"
"","fuckingxxxvideos","https://www.google.com/"
"","fucking-young","https://www.google.com/"
"","fuckingyoung","https://www.google.com/"
"","fuckingyoungteen","https://www.google.com/"
"","fuckingz","https://www.google.com/"
"","fuckingzone","https://www.google.com/"
"","fuckinhairy","https://www.google.com/"
"","fuckinhd","https://www.google.com/"
"","fuckinporn","https://www.google.com/"
"","fuckinsex","https://www.google.com/"
"","fuckinsilly","https://www.google.com/"
"","fuckinwhores","https://www.google.com/"
"","fuckitall","https://www.google.com/"
"","fuck-it","https://www.google.com/"
"","fuckitflesh","https://www.google.com/"
"","fuckit","https://www.google.com/"
"","fuckix","https://www.google.com/"
"","fuckjapanesegirls","https://www.google.com/"
"","fuckjapanese","https://www.google.com/"
"","fuckjapan","https://www.google.com/"
"","fuckjob","https://www.google.com/"
"","fuckjohnson","https://www.google.com/"
"","fuckjpg","https://www.google.com/"
"","fuckjunkies","https://www.google.com/"
"","fuckk","https://www.google.com/"
"","fucklads","https://www.google.com/"
"","fuckladyboy","https://www.google.com/"
"","fuckladyboys","https://www.google.com/"
"","fuckland","https://www.google.com/"
"","fuckler","https://www.google.com/"
"","fucklesbianpussy","https://www.google.com/"
"","fucklesbians","https://www.google.com/"
"","fucklikeapornstar","https://www.google.com/"
"","fucklikeapro","https://www.google.com/"
"","fucklink","https://www.google.com/"
"","fucklinks","https://www.google.com/"
"","fucklist","https://www.google.com/"
"","fucklivecam","https://www.google.com/"
"","fucklock","https://www.google.com/"
"","fuck-love","https://www.google.com/"
"","fuckmachine","https://www.google.com/"
"","fuckmachines","https://www.google.com/"
"","fuckmail","https://www.google.com/"
"","fuckmania","https://www.google.com/"
"","fuckmap","https://www.google.com/"
"","fuckmaps","https://www.google.com/"
"","fuckmark","https://www.google.com/"
"","fuckmarrykill","https://www.google.com/"
"","fuckmaturebitch","https://www.google.com/"
"","fuck-mature","https://www.google.com/"
"","fuckmature","https://www.google.com/"
"","fuckmatured","https://www.google.com/"
"","fuckmaturedirect","https://www.google.com/"
"","fuckmaturemom","https://www.google.com/"
"","fuckmaturemovies","https://www.google.com/"
"","fuckmaturepics","https://www.google.com/"
"","fuckmaturepussy","https://www.google.com/"
"","fuckmaturesex","https://www.google.com/"
"","fuckmatureslut","https://www.google.com/"
"","fuckmaturesluts","https://www.google.com/"
"","fuckmaturetube","https://www.google.com/"
"","fuckmaturevideos","https://www.google.com/"
"","fuckmaturewhore","https://www.google.com/"
"","fuckmaturexxx","https://www.google.com/"
"","fuckme2","https://www.google.com/"
"","fuckmeat","https://www.google.com/"
"","fuckmeblack","https://www.google.com/"
"","fuckmeblog","https://www.google.com/"
"","fuckmeboys","https://www.google.com/"
"","fuckmedaddy","https://www.google.com/"
"","fuckmedeep","https://www.google.com/"
"","fuckmedude","https://www.google.com/"
"","fuckmefilthy","https://www.google.com/"
"","fuckmefree","https://www.google.com/"
"","fuckmegrandpa","https://www.google.com/"
"","fuckmegranny","https://www.google.com/"
"","fuckmehard","https://www.google.com/"
"","fuck-me-hard","https://www.google.com/"
"","fuckmehorse","https://www.google.com/"
"","fuckmeiamfamous","https://www.google.com/"
"","fuckmeimfame","https://www.google.com/"
"","fuckmeinthebathroom","https://www.google.com/"
"","fuckmelikethereisnotomorrow","https://www.google.com/"
"","fuckmen","https://www.google.com/"
"","fuck-me","https://www.google.com/"
"","fuckme","https://www.google.com/"
"","fuckmeni","https://www.google.com/"
"","fuckmenigger","https://www.google.com/"
"","fuckmenow","https://www.google.com/"
"","fuckmen-tube","https://www.google.com/"
"","fuckmepapi","https://www.google.com/"
"","fuckmeplease","https://www.google.com/"
"","fuckmeporn","https://www.google.com/"
"","fuckmepov","https://www.google.com/"
"","fuckmeshoes","https://www.google.com/"
"","fuckmetotears","https://www.google.com/"
