"﻿""id""","read","recommended"
"","big-booty-films","https://www.google.com/"
"","bigbootyfucking","https://www.google.com/"
"","bigbootygalleries","https://www.google.com/"
"","bigbootyguide","https://www.google.com/"
"","bigbootygurls","https://www.google.com/"
"","bigbootyho","https://www.google.com/"
"","bigbootyhoe","https://www.google.com/"
"","bigbootyhoes","https://www.google.com/"
"","bigbootyhoestube","https://www.google.com/"
"","bigbootyinternal","https://www.google.com/"
"","bigbootylatina","https://www.google.com/"
"","bigbootylinks","https://www.google.com/"
"","bigbootylover","https://www.google.com/"
"","bigbootymania","https://www.google.com/"
"","bigbootymilf","https://www.google.com/"
"","bigbootynice","https://www.google.com/"
"","bigbootypictures","https://www.google.com/"
"","big-booty-porn","https://www.google.com/"
"","bigbootyporngirls","https://www.google.com/"
"","bigbootyporn","https://www.google.com/"
"","bigbootyporntube","https://www.google.com/"
"","bigbootyqueens","https://www.google.com/"
"","bigbootysluts","https://www.google.com/"
"","bigbootystallion","https://www.google.com/"
"","bigbootystrippers","https://www.google.com/"
"","bigbootytemptation","https://www.google.com/"
"","bigbootytgirls","https://www.google.com/"
"","bigbootytgp","https://www.google.com/"
"","bigbootytown","https://www.google.com/"
"","bigbootytube","https://www.google.com/"
"","bigbootywhitegirl","https://www.google.com/"
"","bigbottomspankings","https://www.google.com/"
"","bigbouncingblackboobs","https://www.google.com/"
"","bigbouncybreasts","https://www.google.com/"
"","bigboysclub","https://www.google.com/"
"","big-boys","https://www.google.com/"
"","bigboyvideo","https://www.google.com/"
"","bigbraads","https://www.google.com/"
"","bigbraowners","https://www.google.com/"
"","bigbreast4u","https://www.google.com/"
"","bigbreastamateurpages","https://www.google.com/"
"","bigbreastamateurs","https://www.google.com/"
"","bigbreastarchive","https://www.google.com/"
"","bigbreast","https://www.google.com/"
"","bigbreastedasians","https://www.google.com/"
"","bigbreastedbabes","https://www.google.com/"
"","big-breasted","https://www.google.com/"
"","bigbreasted","https://www.google.com/"
"","bigbreastedmovies","https://www.google.com/"
"","bigbreastedsluts","https://www.google.com/"
"","bigbreastfuck","https://www.google.com/"
"","bigbreastguide","https://www.google.com/"
"","bigbreastlover","https://www.google.com/"
"","bigbreastlovers","https://www.google.com/"
"","bigbreasts4u","https://www.google.com/"
"","big-breasts","https://www.google.com/"
"","bigbreasts","https://www.google.com/"
"","bigbreastsdelights","https://www.google.com/"
"","bigbreastsex","https://www.google.com/"
"","bigbreastslover","https://www.google.com/"
"","bigbreastssex","https://www.google.com/"
"","bigbreaststoday","https://www.google.com/"
"","bigbreaststube","https://www.google.com/"
"","bigbreastsvideolink","https://www.google.com/"
"","big-breast","https://www.google.com/"
"","bigbrest","https://www.google.com/"
"","bigbrick","https://www.google.com/"
"","bigbritishtits","https://www.google.com/"
"","bigbrothernudity","https://www.google.com/"
"","bigbrothersblog","https://www.google.com/"
"","big-brothers","https://www.google.com/"
"","bigbubbleasses","https://www.google.com/"
"","bigbubblebooty","https://www.google.com/"
"","bigbubblebuttbooty","https://www.google.com/"
"","bigbubblebutts","https://www.google.com/"
"","bigbubblingbuttclub","https://www.google.com/"
"","bigbubblinglatinbutt","https://www.google.com/"
"","bigbulges","https://www.google.com/"
"","bigbumgirls","https://www.google.com/"
"","bigbustbabes","https://www.google.com/"
"","bigbustsupport","https://www.google.com/"
"","bigbustyandlusty","https://www.google.com/"
"","bigbustybbw","https://www.google.com/"
"","bigbustybrits","https://www.google.com/"
"","big-busty","https://www.google.com/"
"","bigbustymoms","https://www.google.com/"
"","bigbusty","https://www.google.com/"
"","bigbustys","https://www.google.com/"
"","bigbustyteens","https://www.google.com/"
"","bigbustyvids","https://www.google.com/"
"","bigbustywhores","https://www.google.com/"
"","bigbustywomen","https://www.google.com/"
"","bigbuttasians","https://www.google.com/"
"","bigbuttblackgirls","https://www.google.com/"
"","bigbuttblacks","https://www.google.com/"
"","bigbuttblackteachers","https://www.google.com/"
"","bigbuttblackteens","https://www.google.com/"
"","bigbuttbounce","https://www.google.com/"
"","bigbuttbrazilianmoms","https://www.google.com/"
"","bigbuttchicks","https://www.google.com/"
