"﻿""id""","read","recommended"
"","80percentstraight","https://www.google.com/"
"","80retrosex","https://www.google.com/"
"","80schicks","https://www.google.com/"
"","80s-vintage-porn","https://www.google.com/"
"","81porn","https://www.google.com/"
"","84u","https://www.google.com/"
"","855escorts","https://www.google.com/"
"","85centphonesex","https://www.google.com/"
"","85porn","https://www.google.com/"
"","85tube","https://www.google.com/"
"","866lvgirls","https://www.google.com/"
"","888asiababe","https://www.google.com/"
"","888casino","https://www.google.com/"
"","888casino-online","https://www.google.com/"
"","888casino-on","https://www.google.com/"
"","888cgbabe","https://www.google.com/"
"","888chinesebabe","https://www.google.com/"
"","888dates","https://www.google.com/"
"","888kgirls","https://www.google.com/"
"","88by88","https://www.google.com/"
"","88ck","https://www.google.com/"
"","88cum","https://www.google.com/"
"","88fuck","https://www.google.com/"
"","88gals","https://www.google.com/"
"","88-square","https://www.google.com/"
"","88square","https://www.google.com/"
"","88xnxx","https://www.google.com/"
"","894car","https://www.google.com/"
"","899movies","https://www.google.com/"
"","89cent-phonesex","https://www.google.com/"
"","89centphonesex","https://www.google.com/"
"","89teen","https://www.google.com/"
"","89tube","https://www.google.com/"
"","8asiansex","https://www.google.com/"
"","8at8","https://www.google.com/"
"","8babe","https://www.google.com/"
"","8ballplayers","https://www.google.com/"
"","8bbwxxx","https://www.google.com/"
"","8boobs","https://www.google.com/"
"","8cams","https://www.google.com/"
"","8ch","https://www.google.com/"
"","8cul","https://www.google.com/"
"","8day","https://www.google.com/"
"","8-d","https://www.google.com/"
"","8erotica","https://www.google.com/"
"","8exclamationscasinoonline","https://www.google.com/"
"","8fap","https://www.google.com/"
"","8fatporn","https://www.google.com/"
"","8fatxxx","https://www.google.com/"
"","8fm","https://www.google.com/"
"","8freeporn","https://www.google.com/"
"","8fuckmilf","https://www.google.com/"
"","8gayxxx","https://www.google.com/"
"","8gig","https://www.google.com/"
"","8girlsnude","https://www.google.com/"
"","8hdporn","https://www.google.com/"
"","8hearts-online-casinos","https://www.google.com/"
"","8inchdicks","https://www.google.com/"
"","8ish","https://www.google.com/"
"","8jav","https://www.google.com/"
"","8jet","https://www.google.com/"
"","8k","https://www.google.com/"
"","8kk","https://www.google.com/"
"","8kpornmovies","https://www.google.com/"
"","8kpornvids","https://www.google.com/"
"","8ksexmovie","https://www.google.com/"
"","8kun","https://www.google.com/"
"","8lesbianxxx","https://www.google.com/"
"","8maturepornmovies","https://www.google.com/"
"","8m","https://www.google.com/"
"","8muses","https://www.google.com/"
"","8nsex","https://www.google.com/"
"","8nu","https://www.google.com/"
"","8nude","https://www.google.com/"
"","8pornxxx","https://www.google.com/"
"","8pussy","https://www.google.com/"
"","8sex","https://www.google.com/"
"","8shemaleporn","https://www.google.com/"
"","8sm","https://www.google.com/"
"","8teenbay","https://www.google.com/"
"","8teenboy","https://www.google.com/"
"","8teenboysex","https://www.google.com/"
"","8teencuties","https://www.google.com/"
"","8teen","https://www.google.com/"
"","8teenfiles","https://www.google.com/"
"","8teenfuckmovies","https://www.google.com/"
"","8teenfuk","https://www.google.com/"
"","8teengalleries","https://www.google.com/"
"","8teenies","https://www.google.com/"
"","8teeniespass","https://www.google.com/"
"","8teenmania","https://www.google.com/"
"","8teenporn","https://www.google.com/"
"","8teenpornstars","https://www.google.com/"
"","8teenslut","https://www.google.com/"
"","8teenstars","https://www.google.com/"
"","8teensxxx","https://www.google.com/"
"","8teenvideos","https://www.google.com/"
"","8teenvids","https://www.google.com/"
"","8teenxxx","https://www.google.com/"
"","8teenxxxhd","https://www.google.com/"
