"﻿""id""","read","recommended"
"","jovencitasxxx","https://www.google.com/"
"","jovencitasycaseras","https://www.google.com/"
"","jovencitawebcam","https://www.google.com/"
"","jovencitos","https://www.google.com/"
"","jovencitosconcamara","https://www.google.com/"
"","jovenescolegialas","https://www.google.com/"
"","joveneshumedas","https://www.google.com/"
"","jovenesviciosas","https://www.google.com/"
"","jovenesx","https://www.google.com/"
"","jovengay","https://www.google.com/"
"","jowc","https://www.google.com/"
"","joy4men","https://www.google.com/"
"","joy69","https://www.google.com/"
"","joy6","https://www.google.com/"
"","joyakhan","https://www.google.com/"
"","joyangeles","https://www.google.com/"
"","joybear","https://www.google.com/"
"","joybehrman","https://www.google.com/"
"","joybot","https://www.google.com/"
"","joybrand","https://www.google.com/"
"","joy-cams","https://www.google.com/"
"","joycat","https://www.google.com/"
"","joyce-escort","https://www.google.com/"
"","joycesplace","https://www.google.com/"
"","joy-club","https://www.google.com/"
"","joyclub","https://www.google.com/"
"","joydorado","https://www.google.com/"
"","joydump","https://www.google.com/"
"","joyerias","https://www.google.com/"
"","joyfactor","https://www.google.com/"
"","joyfems","https://www.google.com/"
"","joyfetish","https://www.google.com/"
"","joyflora","https://www.google.com/"
"","joyforgay","https://www.google.com/"
"","joyfulmax","https://www.google.com/"
"","joyfulsex","https://www.google.com/"
"","joyfulsextoys","https://www.google.com/"
"","joygalls","https://www.google.com/"
"","joygame","https://www.google.com/"
"","joyhunting","https://www.google.com/"
"","joyimall","https://www.google.com/"
"","joylandcasino","https://www.google.com/"
"","joylovedolls","https://www.google.com/"
"","joymiibabes","https://www.google.com/"
"","joymii","https://www.google.com/"
"","joymiifan","https://www.google.com/"
"","joymiihub","https://www.google.com/"
"","joymilf","https://www.google.com/"
"","joy-of-life","https://www.google.com/"
"","joyofspex","https://www.google.com/"
"","joyourself","https://www.google.com/"
"","joyourselflive","https://www.google.com/"
"","joyourself-official","https://www.google.com/"
"","joyporn","https://www.google.com/"
"","joyreactor","https://www.google.com/"
"","joyseeker","https://www.google.com/"
"","joysextoys","https://www.google.com/"
"","joysexy","https://www.google.com/"
"","joysexymii","https://www.google.com/"
"","joysofsex","https://www.google.com/"
"","joysporn","https://www.google.com/"
"","joysquirt","https://www.google.com/"
"","joyswallows","https://www.google.com/"
"","joyteens","https://www.google.com/"
"","joytoys","https://www.google.com/"
"","joytravel","https://www.google.com/"
"","joyw","https://www.google.com/"
"","joyyap","https://www.google.com/"
"","joy-yourself","https://www.google.com/"
"","joyyourself","https://www.google.com/"
"","joyzone21","https://www.google.com/"
"","jozgandoz","https://www.google.com/"
"","jozworld","https://www.google.com/"
"","jp18","https://www.google.com/"
"","jpadult","https://www.google.com/"
"","jp-adult","https://www.google.com/"
"","jpaipan","https://www.google.com/"
"","jpangels","https://www.google.com/"
"","jparmand-coktailexplosif","https://www.google.com/"
"","jpav69","https://www.google.com/"
"","jpavgod","https://www.google.com/"
"","jpavmodels","https://www.google.com/"
"","jpbabe","https://www.google.com/"
"","jpbeauties","https://www.google.com/"
"","jpbfc","https://www.google.com/"
"","jpboobs","https://www.google.com/"
"","jpboys","https://www.google.com/"
"","jpcams","https://www.google.com/"
"","jpclips","https://www.google.com/"
"","jpcuties","https://www.google.com/"
"","jpdesire","https://www.google.com/"
"","jpdream","https://www.google.com/"
"","j-pee","https://www.google.com/"
"","jpeg","https://www.google.com/"
"","jpeghunter","https://www.google.com/"
"","jpeglist","https://www.google.com/"
"","jpegmania","https://www.google.com/"
"","jpegs","https://www.google.com/"
"","jpegworld","https://www.google.com/"
"","jperotica","https://www.google.com/"
