"﻿""id""","read","recommended"
"","adult-club","https://www.google.com/"
"","adultclub","https://www.google.com/"
"","adult-club-online","https://www.google.com/"
"","adultcoast","https://www.google.com/"
"","adult-collection","https://www.google.com/"
"","adult-collections","https://www.google.com/"
"","adultcolocation","https://www.google.com/"
"","adult-colorado","https://www.google.com/"
"","adultcomedy","https://www.google.com/"
"","adultcomicbook","https://www.google.com/"
"","adult-comic","https://www.google.com/"
"","adult-comics","https://www.google.com/"
"","adultcomicsbook","https://www.google.com/"
"","adultcomicsbox","https://www.google.com/"
"","adultcomicshot","https://www.google.com/"
"","adultcomicsonly","https://www.google.com/"
"","adultcomicspics","https://www.google.com/"
"","adultcomicsporn1","https://www.google.com/"
"","adultcomicssex","https://www.google.com/"
"","adultcomicsstories","https://www.google.com/"
"","adultcomics","https://www.google.com/"
"","adultcomix","https://www.google.com/"
"","adultcomixclub","https://www.google.com/"
"","adult-comix","https://www.google.com/"
"","adultcommunitiesonline","https://www.google.com/"
"","adultcommunity","https://www.google.com/"
"","adultcompass","https://www.google.com/"
"","adultconcepts","https://www.google.com/"
"","adultcon","https://www.google.com/"
"","adult-connection","https://www.google.com/"
"","adult-connections","https://www.google.com/"
"","adultconnections","https://www.google.com/"
"","adult-connexxxions","https://www.google.com/"
"","adultcontact24","https://www.google.com/"
"","adult-contact","https://www.google.com/"
"","adultcontactnetwork","https://www.google.com/"
"","adult-contacts-247","https://www.google.com/"
"","adultcontacts4u","https://www.google.com/"
"","adultcontacts","https://www.google.com/"
"","adultcontactsdirect","https://www.google.com/"
"","adultcontactslondon","https://www.google.com/"
"","adultcontent","https://www.google.com/"
"","adultcontentinc","https://www.google.com/"
"","adultcontentmanager","https://www.google.com/"
"","adultcontentnews","https://www.google.com/"
"","adultcontentpics","https://www.google.com/"
"","adult-contentprovider","https://www.google.com/"
"","adultcontentproviders","https://www.google.com/"
"","adultcontentresource","https://www.google.com/"
"","adultcontentxxx","https://www.google.com/"
"","adultconzept","https://www.google.com/"
"","adultcookie","https://www.google.com/"
"","adultcorner","https://www.google.com/"
"","adultcostumeshop","https://www.google.com/"
"","adult-counter","https://www.google.com/"
"","adultcouples","https://www.google.com/"
"","adultcoven","https://www.google.com/"
"","adultcreampie","https://www.google.com/"
"","adultcross","https://www.google.com/"
"","adultcrossdresser","https://www.google.com/"
"","adultcrowd","https://www.google.com/"
"","adultcs","https://www.google.com/"
"","adultcup","https://www.google.com/"
"","adultcurator","https://www.google.com/"
"","adultcustomgoods","https://www.google.com/"
"","adultcybercasino","https://www.google.com/"
"","adultcyberdating","https://www.google.com/"
"","adultcybernet","https://www.google.com/"
"","adultcybersites","https://www.google.com/"
"","adultczechcontent","https://www.google.com/"
"","adultczechhardcore","https://www.google.com/"
"","adult-dallas","https://www.google.com/"
"","adultdatbook","https://www.google.com/"
"","adultdate365","https://www.google.com/"
"","adultdate","https://www.google.com/"
"","adultdatefind","https://www.google.com/"
"","adultdatelink","https://www.google.com/"
"","adultdatemate","https://www.google.com/"
"","adult-date","https://www.google.com/"
"","adultdateonline","https://www.google.com/"
"","adultdates","https://www.google.com/"
"","adult-dates","https://www.google.com/"
"","adult-dating1","https://www.google.com/"
"","adultdating247","https://www.google.com/"
"","adultdating4u","https://www.google.com/"
"","adultdatingadultdating","https://www.google.com/"
"","adult-dating-blog","https://www.google.com/"
"","adult-dating","https://www.google.com/"
"","adultdatingcam","https://www.google.com/"
"","adultdatingcenter","https://www.google.com/"
"","adult-dating-clubs","https://www.google.com/"
"","adultdating","https://www.google.com/"
"","adultdatingdollars","https://www.google.com/"
"","adultdatingjournal","https://www.google.com/"
"","adultdatingnetwork","https://www.google.com/"
"","adultdatingpage","https://www.google.com/"
"","adultdating-personals","https://www.google.com/"
"","adultdatingpersonalssites","https://www.google.com/"
"","adult-dating-reviews","https://www.google.com/"
"","adultdating-reviews","https://www.google.com/"
