"﻿""id""","read","recommended"
"","bigdildosextoys","https://www.google.com/"
"","bigdildoteens","https://www.google.com/"
"","bigdoggie","https://www.google.com/"
"","bigdongs","https://www.google.com/"
"","bigdroopers","https://www.google.com/"
"","bigdshotbabes","https://www.google.com/"
"","bigducky","https://www.google.com/"
"","big-ebony-booty","https://www.google.com/"
"","bigebonymamas","https://www.google.com/"
"","bigebonysex","https://www.google.com/"
"","bigebonytube","https://www.google.com/"
"","bigerotica","https://www.google.com/"
"","bigerotik","https://www.google.com/"
"","bigestgaytubes","https://www.google.com/"
"","bigesttits","https://www.google.com/"
"","bigfakeboobs","https://www.google.com/"
"","bigfast","https://www.google.com/"
"","bigfatass","https://www.google.com/"
"","bigfatbeauties","https://www.google.com/"
"","big-fat-bitch","https://www.google.com/"
"","bigfatbutts","https://www.google.com/"
"","bigfatchics","https://www.google.com/"
"","bigfatcocks","https://www.google.com/"
"","bigfatcreampie","https://www.google.com/"
"","bigfatdicks","https://www.google.com/"
"","bigfatdvds","https://www.google.com/"
"","bigfatfreaks","https://www.google.com/"
"","bigfatgirl","https://www.google.com/"
"","bigfatgirls","https://www.google.com/"
"","bigfathairypussy","https://www.google.com/"
"","bigfatlife","https://www.google.com/"
"","bigfatmoms","https://www.google.com/"
"","bigfatporn","https://www.google.com/"
"","bigfatpussy","https://www.google.com/"
"","bigfatracks","https://www.google.com/"
"","bigfatsluts","https://www.google.com/"
"","bigfattiesxxx","https://www.google.com/"
"","bigfattitties","https://www.google.com/"
"","bigfatty","https://www.google.com/"
"","bigfetish","https://www.google.com/"
"","bigfirmass","https://www.google.com/"
"","bigfootbbw","https://www.google.com/"
"","big-foot-fetish","https://www.google.com/"
"","bigfreegalleries","https://www.google.com/"
"","bigfreepornmovie","https://www.google.com/"
"","bigfuck","https://www.google.com/"
"","bigfuckers","https://www.google.com/"
"","bigfuckfest","https://www.google.com/"
"","bigfuckingboobs","https://www.google.com/"
"","bigfuckingbreasts","https://www.google.com/"
"","bigfuckingpics","https://www.google.com/"
"","bigfuckingpictures","https://www.google.com/"
"","bigfuckingxxx","https://www.google.com/"
"","bigfuckinpics","https://www.google.com/"
"","bigfuckinpictures","https://www.google.com/"
"","bigfucks","https://www.google.com/"
"","bigfucktube","https://www.google.com/"
"","bigfuckvideos","https://www.google.com/"
"","bigfun","https://www.google.com/"
"","bigfunhouse","https://www.google.com/"
"","big-fun","https://www.google.com/"
"","biggalslingerie","https://www.google.com/"
"","biggaycock","https://www.google.com/"
"","biggaycockguru","https://www.google.com/"
"","biggaycocks","https://www.google.com/"
"","biggay","https://www.google.com/"
"","biggaydicks","https://www.google.com/"
"","biggayhole","https://www.google.com/"
"","biggaymuscles","https://www.google.com/"
"","biggaynetwork","https://www.google.com/"
"","biggaysex","https://www.google.com/"
"","biggaytoystore","https://www.google.com/"
"","biggaywhitedicks","https://www.google.com/"
"","biggboobs","https://www.google.com/"
"","bigger4women","https://www.google.com/"
"","biggercheese","https://www.google.com/"
"","biggercity","https://www.google.com/"
"","biggerdick","https://www.google.com/"
"","biggerharder","https://www.google.com/"
"","biggerharderfaster","https://www.google.com/"
"","biggerisbetter","https://www.google.com/"
"","bigger-penis","https://www.google.com/"
"","biggerpenistruth","https://www.google.com/"
"","biggerprick","https://www.google.com/"
"","biggerthanbefore","https://www.google.com/"
"","bigger-tits","https://www.google.com/"
"","biggertits","https://www.google.com/"
"","biggerx","https://www.google.com/"
"","biggestasspics","https://www.google.com/"
"","biggestbabes","https://www.google.com/"
"","biggestboob","https://www.google.com/"
"","biggestboobs","https://www.google.com/"
"","biggest-boobs","https://www.google.com/"
"","biggest-boobs-online","https://www.google.com/"
"","biggest-boobs-photos","https://www.google.com/"
"","biggest-boobs-pictures","https://www.google.com/"
"","biggestboys","https://www.google.com/"
"","biggestbreasts","https://www.google.com/"
"","biggest-breasts-online","https://www.google.com/"
"","biggest-breasts-photos","https://www.google.com/"
