"﻿""id""","read","recommended"
"","camshowgrannies","https://www.google.com/"
"","camshowhub","https://www.google.com/"
"","camshowlatinas","https://www.google.com/"
"","camshowmen","https://www.google.com/"
"","camshows18","https://www.google.com/"
"","camshows24","https://www.google.com/"
"","camshows","https://www.google.com/"
"","cam-show-sluts","https://www.google.com/"
"","camshowsonly","https://www.google.com/"
"","camshowteens","https://www.google.com/"
"","camshq","https://www.google.com/"
"","camshunt","https://www.google.com/"
"","camshut","https://www.google.com/"
"","cam-site","https://www.google.com/"
"","cam-sites","https://www.google.com/"
"","camsitesdirectory","https://www.google.com/"
"","camsjapanese","https://www.google.com/"
"","camsjasmin","https://www.google.com/"
"","camsjov","https://www.google.com/"
"","camsjp","https://www.google.com/"
"","camsjs","https://www.google.com/"
"","camsking","https://www.google.com/"
"","camskip","https://www.google.com/"
"","cam-slet","https://www.google.com/"
"","camsletje","https://www.google.com/"
"","camsletjes","https://www.google.com/"
"","camsletjeslive","https://www.google.com/"
"","camslet","https://www.google.com/"
"","camslive","https://www.google.com/"
"","cams-live","https://www.google.com/"
"","camslivenow","https://www.google.com/"
"","cams-live-sex","https://www.google.com/"
"","camslivesex","https://www.google.com/"
"","camslivesexy","https://www.google.com/"
"","camslivexxx","https://www.google.com/"
"","camsloerie","https://www.google.com/"
"","camsloft","https://www.google.com/"
"","camsloveaholics","https://www.google.com/"
"","camslover","https://www.google.com/"
"","camslug","https://www.google.com/"
"","camslurp","https://www.google.com/"
"","camslutchat","https://www.google.com/"
"","cam-slut","https://www.google.com/"
"","camsluts24","https://www.google.com/"
"","camsluts","https://www.google.com/"
"","camslutshows","https://www.google.com/"
"","camslutz","https://www.google.com/"
"","camsmatures","https://www.google.com/"
"","camsmax","https://www.google.com/"
"","camsm","https://www.google.com/"
"","cam-smut","https://www.google.com/"
"","camsnaps","https://www.google.com/"
"","camsnetworkcash","https://www.google.com/"
"","camsnetwork","https://www.google.com/"
"","camsnolletje","https://www.google.com/"
"","camsnonstop","https://www.google.com/"
"","camsnooper","https://www.google.com/"
"","camsoda","https://www.google.com/"
"","camsofa","https://www.google.com/"
"","camsome","https://www.google.com/"
"","camsonair","https://www.google.com/"
"","cams-online","https://www.google.com/"
"","camsonline","https://www.google.com/"
"","cam-space","https://www.google.com/"
"","camspank","https://www.google.com/"
"","camspass","https://www.google.com/"
"","cam-spass","https://www.google.com/"
"","camspedia","https://www.google.com/"
"","camsphonesex","https://www.google.com/"
"","camspics","https://www.google.com/"
"","camsplace","https://www.google.com/"
"","camsplanet","https://www.google.com/"
"","camsplay","https://www.google.com/"
"","camsplus","https://www.google.com/"
"","camspoint","https://www.google.com/"
"","camsporn","https://www.google.com/"
"","camsporno","https://www.google.com/"
"","camspot","https://www.google.com/"
"","camspy","https://www.google.com/"
"","camsquirters","https://www.google.com/"
"","camsrating","https://www.google.com/"
"","camsrealm","https://www.google.com/"
"","camsreviews","https://www.google.com/"
"","cams-royal","https://www.google.com/"
"","camsrule","https://www.google.com/"
"","cams-sex","https://www.google.com/"
"","camssex","https://www.google.com/"
"","camssoda","https://www.google.com/"
"","cams-strip","https://www.google.com/"
"","cam-star","https://www.google.com/"
"","camstars","https://www.google.com/"
"","camstart","https://www.google.com/"
"","camstarx","https://www.google.com/"
"","cam-station","https://www.google.com/"
"","camstation","https://www.google.com/"
"","camstations","https://www.google.com/"
"","camsteen","https://www.google.com/"
"","camsteens","https://www.google.com/"
"","camstel","https://www.google.com/"
"","camstelletje","https://www.google.com/"
