"﻿""id""","read","recommended"
"","jeux-concours","https://www.google.com/"
"","jeux-coquins","https://www.google.com/"
"","jeuxdecul","https://www.google.com/"
"","jeux-de-filles","https://www.google.com/"
"","jeuxdesexe","https://www.google.com/"
"","jeuxdesex","https://www.google.com/"
"","jeuxdial","https://www.google.com/"
"","jeux-entre-adultes","https://www.google.com/"
"","jeux-erotique","https://www.google.com/"
"","jeux-filles","https://www.google.com/"
"","jeuxflash-jeuxgratuits","https://www.google.com/"
"","jeux-flash-sexy","https://www.google.com/"
"","jeux-hentai","https://www.google.com/"
"","jeuxjeuxjeux","https://www.google.com/"
"","jeuxland","https://www.google.com/"
"","jeuxporno3d","https://www.google.com/"
"","jeux-porno","https://www.google.com/"
"","jeuxporno","https://www.google.com/"
"","jeuxpouradultes","https://www.google.com/"
"","jeuxpourpc","https://www.google.com/"
"","jeux-sexe-gratuit","https://www.google.com/"
"","jeuxsexuels","https://www.google.com/"
"","jeux-sexy","https://www.google.com/"
"","jeux-video","https://www.google.com/"
"","jeuxvideoxxx","https://www.google.com/"
"","jevesexe","https://www.google.com/"
"","jeveuxduq","https://www.google.com/"
"","jeveuxunemeuf","https://www.google.com/"
"","jevousaime","https://www.google.com/"
"","jeweetwel","https://www.google.com/"
"","jewel-2001","https://www.google.com/"
"","jeweldenylexxx","https://www.google.com/"
"","jewellmarceau","https://www.google.com/"
"","jewelporn","https://www.google.com/"
"","jewelsfools","https://www.google.com/"
"","jewelsjadeblog","https://www.google.com/"
"","jewels-jade","https://www.google.com/"
"","jewelsjadelove","https://www.google.com/"
"","jewishfriendfinder","https://www.google.com/"
"","jewishschoolgirls","https://www.google.com/"
"","jewishwomen","https://www.google.com/"
"","jexibe","https://www.google.com/"
"","jexiste","https://www.google.com/"
"","jezebelcams","https://www.google.com/"
"","jezebels","https://www.google.com/"
"","jf18ans","https://www.google.com/"
"","j-fetish","https://www.google.com/"
"","jflescorts","https://www.google.com/"
"","j-foxies","https://www.google.com/"
"","jfporn","https://www.google.com/"
"","jfporno","https://www.google.com/"
"","jfsalope","https://www.google.com/"
"","jf-sexy","https://www.google.com/"
"","jfsexy","https://www.google.com/"
"","jgalz","https://www.google.com/"
"","jgfxb","https://www.google.com/"
"","jgirl4you","https://www.google.com/"
"","jgirladventures","https://www.google.com/"
"","jgirllove","https://www.google.com/"
"","jgirls","https://www.google.com/"
"","jgirlsnet","https://www.google.com/"
"","jg-leathers","https://www.google.com/"
"","jgtgp","https://www.google.com/"
"","jh3k","https://www.google.com/"
"","jha","https://www.google.com/"
"","jhc","https://www.google.com/"
"","jheat","https://www.google.com/"
"","jhentai","https://www.google.com/"
"","jhlive","https://www.google.com/"
"","jhpxxx","https://www.google.com/"
"","jhtea","https://www.google.com/"
"","jiaonannet","https://www.google.com/"
"","jiecka","https://www.google.com/"
"","jiffyfulfillment","https://www.google.com/"
"","jigglebutts","https://www.google.com/"
"","jigglegifs","https://www.google.com/"
"","jiggleholic","https://www.google.com/"
"","jigglingboobs","https://www.google.com/"
"","jigglygirls","https://www.google.com/"
"","jigglymelons","https://www.google.com/"
"","jiggly","https://www.google.com/"
"","jiggyjig","https://www.google.com/"
"","jiggypix","https://www.google.com/"
"","jigsandreels","https://www.google.com/"
"","jigsy","https://www.google.com/"
"","jijdurft","https://www.google.com/"
"","jijook","https://www.google.com/"
"","jikabari","https://www.google.com/"
"","jikies","https://www.google.com/"
"","jileyes","https://www.google.com/"
"","jillianbarberie","https://www.google.com/"
"","jillianfoxxx","https://www.google.com/"
"","jillingtube","https://www.google.com/"
"","jillkellyproductions","https://www.google.com/"
"","jillkerry","https://www.google.com/"
"","jillmonroe","https://www.google.com/"
"","jillpages","https://www.google.com/"
"","jillsgarden","https://www.google.com/"
"","jillsharp","https://www.google.com/"
"","jillward","https://www.google.com/"
