"﻿""id""","read","recommended"
"","a-fetish-world","https://www.google.com/"
"","afew4u","https://www.google.com/"
"","afewgoodmen","https://www.google.com/"
"","affairads","https://www.google.com/"
"","affairalert","https://www.google.com/"
"","affairdating","https://www.google.com/"
"","affairdatingplanet","https://www.google.com/"
"","affaire18","https://www.google.com/"
"","affaire","https://www.google.com/"
"","affairen18","https://www.google.com/"
"","affairhub","https://www.google.com/"
"","affairland","https://www.google.com/"
"","affairmatch","https://www.google.com/"
"","affairs4you","https://www.google.com/"
"","affairsclub","https://www.google.com/"
"","affairsxxx","https://www.google.com/"
"","affairxxx","https://www.google.com/"
"","affect3d","https://www.google.com/"
"","affect3dstore","https://www.google.com/"
"","affection","https://www.google.com/"
"","affections","https://www.google.com/"
"","affengayl","https://www.google.com/"
"","affengeil","https://www.google.com/"
"","affhost","https://www.google.com/"
"","affibiz","https://www.google.com/"
"","afficash","https://www.google.com/"
"","affichage","https://www.google.com/"
"","affiliate-cash","https://www.google.com/"
"","affiliateoption","https://www.google.com/"
"","affiliateprogramrating","https://www.google.com/"
"","affiliater","https://www.google.com/"
"","affiliatesdirectory","https://www.google.com/"
"","affiliatetgp","https://www.google.com/"
"","affiliatetracking","https://www.google.com/"
"","affiliation-adult","https://www.google.com/"
"","affiliations-webmasters","https://www.google.com/"
"","affiliationxadulte","https://www.google.com/"
"","affiliworks","https://www.google.com/"
"","affiniterencontre","https://www.google.com/"
"","affinitiz","https://www.google.com/"
"","affinitydating","https://www.google.com/"
"","affinitytalent","https://www.google.com/"
"","affolante","https://www.google.com/"
"","affordable-adult-vacations","https://www.google.com/"
"","affordablebondage","https://www.google.com/"
"","affordablecondoms","https://www.google.com/"
"","affordablefun","https://www.google.com/"
"","affordable-leather","https://www.google.com/"
"","affordable-phone-sex","https://www.google.com/"
"","affriolante","https://www.google.com/"
"","afgeschermd","https://www.google.com/"
"","afgezaagd","https://www.google.com/"
"","afhakers","https://www.google.com/"
"","aficionados","https://www.google.com/"
"","afic","https://www.google.com/"
"","afiny","https://www.google.com/"
"","afiporn","https://www.google.com/"
"","aflam4sex","https://www.google.com/"
"","aflamneek","https://www.google.com/"
"","aflamporn","https://www.google.com/"
"","aflamsexhd","https://www.google.com/"
"","aflamsexnek","https://www.google.com/"
"","aflamxxx","https://www.google.com/"
"","aflmen","https://www.google.com/"
"","afondlesud","https://www.google.com/"
"","aforeignlady","https://www.google.com/"
"","afotosporno","https://www.google.com/"
"","afourchamberedheart","https://www.google.com/"
"","afpalen","https://www.google.com/"
"","afraidtoask","https://www.google.com/"
"","afreechat","https://www.google.com/"
"","afreefunny","https://www.google.com/"
"","afreesex","https://www.google.com/"
"","afriboy","https://www.google.com/"
"","afriboyz","https://www.google.com/"
"","africaain","https://www.google.com/"
"","africafucking","https://www.google.com/"
"","africaine","https://www.google.com/"
"","africaine-sexy","https://www.google.com/"
"","africa-international","https://www.google.com/"
"","african6","https://www.google.com/"
"","africa-naked","https://www.google.com/"
"","africanamericanporn","https://www.google.com/"
"","africananal","https://www.google.com/"
"","africanass","https://www.google.com/"
"","africanasses","https://www.google.com/"
"","africanbabes","https://www.google.com/"
"","africanbeachbabes","https://www.google.com/"
"","africanblacked","https://www.google.com/"
"","africanblacklesbians","https://www.google.com/"
"","africanblackpussy","https://www.google.com/"
"","africanbootyhunter","https://www.google.com/"
"","africancasting","https://www.google.com/"
"","africanclips","https://www.google.com/"
"","africancoalition","https://www.google.com/"
"","africandaydreams","https://www.google.com/"
"","africandy","https://www.google.com/"
"","africanfantasies","https://www.google.com/"
"","africanfucktour","https://www.google.com/"
"","africanfucktours","https://www.google.com/"
