"﻿""id""","read","recommended"
"","emy18","https://www.google.com/"
"","e-nachrichten","https://www.google.com/"
"","en-action","https://www.google.com/"
"","e-naked","https://www.google.com/"
"","enamoure","https://www.google.com/"
"","enature","https://www.google.com/"
"","enaturist","https://www.google.com/"
"","enbuscadesexo","https://www.google.com/"
"","encantos","https://www.google.com/"
"","enceinte-sexe","https://www.google.com/"
"","enceintesnues","https://www.google.com/"
"","enchaleur","https://www.google.com/"
"","enchantae","https://www.google.com/"
"","enchantasyslingeriemegastore","https://www.google.com/"
"","enchanteddating","https://www.google.com/"
"","enchanted-dreams","https://www.google.com/"
"","enchantedkingdoms","https://www.google.com/"
"","enchantedpleasures","https://www.google.com/"
"","enchantelingerie","https://www.google.com/"
"","enchantra","https://www.google.com/"
"","enchantrixaudios","https://www.google.com/"
"","enchantrix","https://www.google.com/"
"","enchantrixempire","https://www.google.com/"
"","enclavewest","https://www.google.com/"
"","encontrosmulher","https://www.google.com/"
"","encordees","https://www.google.com/"
"","encoredusexe","https://www.google.com/"
"","encuentrosprivados","https://www.google.com/"
"","encuentros-sexo","https://www.google.com/"
"","encuentrossexo","https://www.google.com/"
"","encuentrossexuales","https://www.google.com/"
"","encuentrosvip","https://www.google.com/"
"","encuentros","https://www.google.com/"
"","enculages","https://www.google.com/"
"","enculation","https://www.google.com/"
"","enculatrices","https://www.google.com/"
"","enculee","https://www.google.com/"
"","enculemoicherie","https://www.google.com/"
"","enculeuse","https://www.google.com/"
"","enculeusedomina","https://www.google.com/"
"","enculeusesexy","https://www.google.com/"
"","enculeuses","https://www.google.com/"
"","encyclomedia","https://www.google.com/"
"","endirect","https://www.google.com/"
"","en-direct","https://www.google.com/"
"","endless21","https://www.google.com/"
"","endlessdesire","https://www.google.com/"
"","endlessenvy","https://www.google.com/"
"","endlessporn","https://www.google.com/"
"","endlesswonders","https://www.google.com/"
"","endowmax","https://www.google.com/"
"","end-premature-ejaculation-now","https://www.google.com/"
"","endro","https://www.google.com/"
"","endsieg","https://www.google.com/"
"","endteen","https://www.google.com/"
"","endup","https://www.google.com/"
"","endurance","https://www.google.com/"
"","endysis","https://www.google.com/"
"","enehp","https://www.google.com/"
"","enemablog","https://www.google.com/"
"","enemabondage","https://www.google.com/"
"","enema","https://www.google.com/"
"","enemadigest","https://www.google.com/"
"","enemaextreme","https://www.google.com/"
"","enema-foundation","https://www.google.com/"
"","enemagirl","https://www.google.com/"
"","enemalove","https://www.google.com/"
"","enemaloversguide","https://www.google.com/"
"","enemamovies","https://www.google.com/"
"","enema-nozzle","https://www.google.com/"
"","enemanurse","https://www.google.com/"
"","enemaphonesex","https://www.google.com/"
"","enema-porn","https://www.google.com/"
"","enemarotica","https://www.google.com/"
"","enemas4fun","https://www.google.com/"
"","enemas","https://www.google.com/"
"","enemasex","https://www.google.com/"
"","enemasexfetish","https://www.google.com/"
"","enematips","https://www.google.com/"
"","enematoys","https://www.google.com/"
"","enemavod","https://www.google.com/"
"","enemoi","https://www.google.com/"
"","energay","https://www.google.com/"
"","energy-booster","https://www.google.com/"
"","energy-escort","https://www.google.com/"
"","energysexmovies","https://www.google.com/"
"","enfadados","https://www.google.com/"
"","enf-cmnf","https://www.google.com/"
"","enfemmeshop","https://www.google.com/"
"","enfermeras","https://www.google.com/"
"","enfindusexegratuit","https://www.google.com/"
"","enfingratuit","https://www.google.com/"
"","enfis","https://www.google.com/"
"","enforce","https://www.google.com/"
"","engaygedweddings","https://www.google.com/"
"","engel-co","https://www.google.com/"
"","engel-der-lust","https://www.google.com/"
"","engel-girls","https://www.google.com/"
"","engelsduft","https://www.google.com/"
"","engels","https://www.google.com/"
