"﻿""id""","read","recommended"
"","breannebenson","https://www.google.com/"
"","breanne-benson","https://www.google.com/"
"","breastactives","https://www.google.com/"
"","breastandbelly","https://www.google.com/"
"","breast-aug","https://www.google.com/"
"","breastbombs","https://www.google.com/"
"","breastbondage","https://www.google.com/"
"","breastbondagevideos","https://www.google.com/"
"","breastboobsandtits","https://www.google.com/"
"","breastboobs","https://www.google.com/"
"","breastcams","https://www.google.com/"
"","breast","https://www.google.com/"
"","breastenlargementmagazine","https://www.google.com/"
"","breastfuck","https://www.google.com/"
"","breastfucking","https://www.google.com/"
"","breastgirls","https://www.google.com/"
"","breasthotel","https://www.google.com/"
"","breasthunter","https://www.google.com/"
"","breastickle","https://www.google.com/"
"","breastimplant","https://www.google.com/"
"","breastimplants411","https://www.google.com/"
"","breast-implants-augmentations","https://www.google.com/"
"","breastindex","https://www.google.com/"
"","breastlovers","https://www.google.com/"
"","breastmasters","https://www.google.com/"
"","breastnow","https://www.google.com/"
"","breastobsession","https://www.google.com/"
"","breastpalace","https://www.google.com/"
"","breastphoto","https://www.google.com/"
"","breast-pics","https://www.google.com/"
"","breastpics","https://www.google.com/"
"","breastporn","https://www.google.com/"
"","breastporno","https://www.google.com/"
"","breastqueens","https://www.google.com/"
"","breastquest","https://www.google.com/"
"","breast-safari","https://www.google.com/"
"","breasts","https://www.google.com/"
"","breastsite","https://www.google.com/"
"","breastsite","https://www.google.com/tumblr"
"","breastsrus","https://www.google.com/"
"","breaststop","https://www.google.com/"
"","breasttalk","https://www.google.com/"
"","breast-torture","https://www.google.com/"
"","breasttorture","https://www.google.com/"
"","breastvision","https://www.google.com/"
"","breastvoyeur","https://www.google.com/"
"","breastwatching","https://www.google.com/"
"","breastwomen","https://www.google.com/"
"","breasty","https://www.google.com/"
"","breatheheavy","https://www.google.com/"
"","breathlessangel","https://www.google.com/"
"","breathlessblogs","https://www.google.com/"
"","breathlessboys","https://www.google.com/"
"","breathlessdesires","https://www.google.com/"
"","breathlessentertainment","https://www.google.com/"
"","breathlessmensclub","https://www.google.com/"
"","breathlesspassion","https://www.google.com/"
"","breathlessromance","https://www.google.com/"
"","breathless-whispers","https://www.google.com/"
"","breathlesswhispers","https://www.google.com/"
"","breathplayfemdom","https://www.google.com/"
"","breathplay","https://www.google.com/"
"","breath-takers","https://www.google.com/"
"","breathtakingbabes","https://www.google.com/"
"","breckstewart","https://www.google.com/"
"","bred","https://www.google.com/"
"","breederfuckers","https://www.google.com/"
"","breedingmoms","https://www.google.com/"
"","breedmeraw","https://www.google.com/"
"","breedoesphonesex","https://www.google.com/"
"","breemorgan","https://www.google.com/"
"","breena","https://www.google.com/"
"","breeolsen","https://www.google.com/"
"","breeolsentube","https://www.google.com/"
"","bree-olson1","https://www.google.com/"
"","breeolsonblog","https://www.google.com/"
"","bree-olson","https://www.google.com/"
"","breeolson","https://www.google.com/"
"","breeolsonishot","https://www.google.com/"
"","breetube","https://www.google.com/"
"","breexxx","https://www.google.com/"
"","breezee","https://www.google.com/"
"","breezermeiden","https://www.google.com/"
"","breezetube","https://www.google.com/"
"","breisgau-baeren","https://www.google.com/"
"","breitbandsex","https://www.google.com/"
"","bremenladies","https://www.google.com/"
"","bremersex","https://www.google.com/"
"","bremer-sex-meile","https://www.google.com/"
"","brenafitness","https://www.google.com/"
"","brendabox","https://www.google.com/"
"","brendalewis","https://www.google.com/"
"","brendasbound","https://www.google.com/"
"","brendatrans","https://www.google.com/"
"","brendavenus","https://www.google.com/"
"","brendon","https://www.google.com/"
"","brennda","https://www.google.com/"
"","brentcorriganinc","https://www.google.com/"
"","brentcorriganonline","https://www.google.com/"
"","brenteverett","https://www.google.com/"
