"﻿""id""","read","recommended"
"","analsexlove","https://www.google.com/"
"","analsexlover","https://www.google.com/"
"","analsexmagazin","https://www.google.com/"
"","analsex-maniacs","https://www.google.com/"
"","analsex-mature","https://www.google.com/"
"","analsexmature","https://www.google.com/"
"","analsexmoms","https://www.google.com/"
"","analsexmovies","https://www.google.com/"
"","anal-sex-movies","https://www.google.com/"
"","analsexo","https://www.google.com/"
"","analsexorgies","https://www.google.com/"
"","analsexotica","https://www.google.com/"
"","analsexpage","https://www.google.com/"
"","analsexpartner","https://www.google.com/"
"","analsexpert","https://www.google.com/"
"","analsexphotos","https://www.google.com/"
"","analsexpic","https://www.google.com/"
"","analsex-pics","https://www.google.com/"
"","analsexpics","https://www.google.com/"
"","anal-sexpictures","https://www.google.com/"
"","analsexpictures","https://www.google.com/"
"","analsexporn","https://www.google.com/"
"","analsexporno","https://www.google.com/"
"","analsexpornograhpy","https://www.google.com/"
"","anal-sex-porno","https://www.google.com/"
"","analsexportal","https://www.google.com/"
"","anal-sex-positions-tips","https://www.google.com/"
"","analsex-praktiken","https://www.google.com/"
"","anal-sex-privat","https://www.google.com/"
"","analsexqueens","https://www.google.com/"
"","anal-sex-realm","https://www.google.com/"
"","analsexsearch","https://www.google.com/"
"","analsexsecrets","https://www.google.com/"
"","analsexshowcase","https://www.google.com/"
"","anal-sex-show","https://www.google.com/"
"","analsexshow","https://www.google.com/"
"","analsexsite","https://www.google.com/"
"","analsexsites","https://www.google.com/"
"","analsexsluts","https://www.google.com/"
"","analsexstage","https://www.google.com/"
"","analsexstars","https://www.google.com/"
"","analsexstories","https://www.google.com/"
"","analsexstory","https://www.google.com/"
"","analsexstorys","https://www.google.com/"
"","analsextaboo","https://www.google.com/"
"","anal-sex-techniques-and-positions","https://www.google.com/"
"","analsexteenshd","https://www.google.com/"
"","analsex-thumbs","https://www.google.com/"
"","analsextips","https://www.google.com/"
"","analsex-top100","https://www.google.com/"
"","anal-sextoy","https://www.google.com/"
"","analsextrip","https://www.google.com/"
"","analsextropolis","https://www.google.com/"
"","analsextube","https://www.google.com/"
"","analsextubes","https://www.google.com/"
"","analsex-und-oralsex","https://www.google.com/"
"","analsexvid","https://www.google.com/"
"","anal-sex-video","https://www.google.com/"
"","analsex-video","https://www.google.com/"
"","analsexvideo","https://www.google.com/"
"","analsexvideos","https://www.google.com/"
"","analsexvirgins","https://www.google.com/"
"","analsexvixens","https://www.google.com/"
"","analsexvod","https://www.google.com/"
"","analsexwebcams","https://www.google.com/"
"","analsex-weiber","https://www.google.com/"
"","analsexwhore","https://www.google.com/"
"","analsexx","https://www.google.com/"
"","analsexxpics","https://www.google.com/"
"","analsexxx","https://www.google.com/"
"","anal-sex-xxl","https://www.google.com/"
"","analsexxxx","https://www.google.com/"
"","analsex-xxx","https://www.google.com/"
"","analsexy","https://www.google.com/"
"","analsexyes","https://www.google.com/"
"","analsexytube","https://www.google.com/"
"","analshemale","https://www.google.com/"
"","analshoot","https://www.google.com/"
"","analshoots","https://www.google.com/"
"","analshots","https://www.google.com/"
"","anal-show","https://www.google.com/"
"","analslaves","https://www.google.com/"
"","analslide","https://www.google.com/"
"","analslurp","https://www.google.com/"
"","anal-slut","https://www.google.com/"
"","analslut","https://www.google.com/"
"","analsluts","https://www.google.com/"
"","analsodomie","https://www.google.com/"
"","analsodomy","https://www.google.com/"
"","analsos","https://www.google.com/"
"","analspiele","https://www.google.com/"
"","analstar","https://www.google.com/"
"","analstarlets","https://www.google.com/"
"","analstop","https://www.google.com/"
"","analstraponlesbians","https://www.google.com/"
"","analstreet","https://www.google.com/"
"","analstretched","https://www.google.com/"
"","analstretcher","https://www.google.com/"
"","analstrippers","https://www.google.com/"
"","analstudios","https://www.google.com/"
