"﻿""id""","read","recommended"
"","hentaispy","https://www.google.com/"
"","hentaisquid","https://www.google.com/"
"","hentaistream","https://www.google.com/"
"","hentaistreaming","https://www.google.com/"
"","hentaistreamingvideo","https://www.google.com/"
"","hentaistreamonline","https://www.google.com/"
"","hentaistreamtube","https://www.google.com/"
"","hentaistube","https://www.google.com/"
"","hentaistudios","https://www.google.com/"
"","hentaistuff","https://www.google.com/"
"","hentaistyle","https://www.google.com/"
"","hentaisugars","https://www.google.com/"
"","hentai-suki","https://www.google.com/"
"","hentaisuper","https://www.google.com/"
"","hentai-swamp","https://www.google.com/"
"","hentais-xxx","https://www.google.com/"
"","hentaisyndicate","https://www.google.com/"
"","hentaitemple","https://www.google.com/"
"","hentai-tentacle","https://www.google.com/"
"","hentaitentacles","https://www.google.com/"
"","hentaiterritory","https://www.google.com/"
"","hentaithat","https://www.google.com/"
"","hentaitheque","https://www.google.com/"
"","hentaitimes","https://www.google.com/"
"","hentaititles","https://www.google.com/"
"","hentaitk","https://www.google.com/"
"","hentaitna","https://www.google.com/"
"","hentaitoday","https://www.google.com/"
"","hentaitokyo","https://www.google.com/"
"","hentaitoonami","https://www.google.com/"
"","hentaitoon","https://www.google.com/"
"","hentaitoons","https://www.google.com/"
"","hentai-toonz","https://www.google.com/"
"","hentai-top100","https://www.google.com/"
"","hentaitop","https://www.google.com/"
"","hentaitoplist","https://www.google.com/"
"","hentaitoplisting","https://www.google.com/"
"","hentai","https://www.google.com/wn"
"","hentaitown","https://www.google.com/"
"","hentai-traffic","https://www.google.com/"
"","hentaitranny","https://www.google.com/"
"","hentaitrap","https://www.google.com/"
"","hentaitrapsolo","https://www.google.com/"
"","hentaitravel","https://www.google.com/"
"","hentaitruth","https://www.google.com/"
"","hentaitube","https://www.google.com/"
"","hentaitubechannels","https://www.google.com/"
"","hentaitubehd","https://www.google.com/"
"","hentaitubeme","https://www.google.com/"
"","hentai-tube","https://www.google.com/"
"","hentaitubevideos","https://www.google.com/"
"","hentaitubex","https://www.google.com/"
"","hentai-tv","https://www.google.com/"
"","hentaitv","https://www.google.com/"
"","hentaitwat","https://www.google.com/"
"","hentai-ultime","https://www.google.com/"
"","hentai-uncensored","https://www.google.com/"
"","hentaiuncensored","https://www.google.com/"
"","hentaiuncut","https://www.google.com/"
"","hentaiunited","https://www.google.com/"
"","hentaiuniversity","https://www.google.com/"
"","hentaius","https://www.google.com/"
"","hentaivalley","https://www.google.com/"
"","hentaivenus","https://www.google.com/"
"","hentaiverse","https://www.google.com/"
"","hentaivideoarchive","https://www.google.com/"
"","hentai-video","https://www.google.com/"
"","hentaivideosclub","https://www.google.com/"
"","hentai-videos","https://www.google.com/"
"","hentaivideos","https://www.google.com/"
"","hentaivideosource","https://www.google.com/"
"","hentaivideo","https://www.google.com/"
"","hentaivideotube","https://www.google.com/"
"","hentaivideoworld","https://www.google.com/"
"","hentai-vids","https://www.google.com/"
"","hentaivids","https://www.google.com/"
"","hentaiview","https://www.google.com/"
"","hentaiville","https://www.google.com/"
"","hentaivip","https://www.google.com/"
"","hentaivips","https://www.google.com/"
"","hentaivn","https://www.google.com/"
"","hentaiwagon","https://www.google.com/"
"","hentai-wallpapers","https://www.google.com/"
"","hentaiwatch","https://www.google.com/"
"","hentaiway","https://www.google.com/"
"","hentaiw","https://www.google.com/"
"","hentaiweblog","https://www.google.com/"
"","hentaiweeb","https://www.google.com/"
"","hentaiwhores","https://www.google.com/"
"","hentaiwikis","https://www.google.com/"
"","hentaiwire","https://www.google.com/"
"","hentaiworld","https://www.google.com/"
"","hentaix","https://www.google.com/"
"","hentai-x","https://www.google.com/"
"","hentaixl","https://www.google.com/"
"","hentaixporn","https://www.google.com/"
"","hentaixshemale","https://www.google.com/"
"","hentaixshemales","https://www.google.com/"
"","hentaixtv","https://www.google.com/"
"","hentaixvideo","https://www.google.com/"
