"﻿""id""","read","recommended"
"","hog-ties","https://www.google.com/"
"","hog","https://www.google.com/"
"","hogwild","https://www.google.com/"
"","hoher-pagerank","https://www.google.com/"
"","hohoporn","https://www.google.com/"
"","hohota","https://www.google.com/"
"","hohotel","https://www.google.com/"
"","hohovideos","https://www.google.com/"
"","hoihoi","https://www.google.com/"
"","hoimegai","https://www.google.com/"
"","hokuspokus-switzerland","https://www.google.com/"
"","hola-brasil","https://www.google.com/"
"","holaguapa","https://www.google.com/"
"","holborn-escorts","https://www.google.com/"
"","holdemgroup","https://www.google.com/"
"","holdemstripem","https://www.google.com/"
"","holdpornvideos","https://www.google.com/"
"","holdthemoan","https://www.google.com/"
"","holeaddicted","https://www.google.com/"
"","holed1","https://www.google.com/"
"","holed","https://www.google.com/"
"","holedk","https://www.google.com/"
"","holefreaks","https://www.google.com/"
"","holefuck","https://www.google.com/"
"","holemovies","https://www.google.com/"
"","holeofglory","https://www.google.com/"
"","holeporn","https://www.google.com/"
"","holesdrillers","https://www.google.com/"
"","holeteens","https://www.google.com/"
"","hole-themovie","https://www.google.com/"
"","holetube","https://www.google.com/"
"","holeyfuck","https://www.google.com/"
"","holey","https://www.google.com/"
"","holgalleries","https://www.google.com/"
"","holgypartner","https://www.google.com/"
"","holidayboobs","https://www.google.com/"
"","holidayporn","https://www.google.com/"
"","holidays4couples","https://www.google.com/"
"","holidaysexguide","https://www.google.com/"
"","holidaysextoys","https://www.google.com/"
"","holidaywomen","https://www.google.com/"
"","holigans","https://www.google.com/"
"","holigays","https://www.google.com/"
"","holio","https://www.google.com/"
"","holisticwisdom","https://www.google.com/"
"","holland-billing","https://www.google.com/"
"","hollandboys","https://www.google.com/"
"","hollandcash","https://www.google.com/"
"","hollandcasting","https://www.google.com/"
"","hollandchat","https://www.google.com/"
"","hollanddvd","https://www.google.com/"
"","hollanded","https://www.google.com/"
"","holland-escorts","https://www.google.com/"
"","hollandextreem","https://www.google.com/"
"","hollandgay","https://www.google.com/"
"","hollandhomo","https://www.google.com/"
"","hollandneuken","https://www.google.com/"
"","hollandseamateurs","https://www.google.com/"
"","hollandse-babes","https://www.google.com/"
"","hollandsebabes","https://www.google.com/"
"","hollandsefetish","https://www.google.com/"
"","hollandsejongens","https://www.google.com/"
"","hollandse-jongens","https://www.google.com/"
"","hollandsemeiden","https://www.google.com/"
"","hollandse-meisjes","https://www.google.com/"
"","hollandsemeisjes","https://www.google.com/"
"","hollandsenegerinnen","https://www.google.com/"
"","hollandsepoesjes","https://www.google.com/"
"","hollandse-porno","https://www.google.com/"
"","hollandsepornotop100","https://www.google.com/"
"","hollandse-seks","https://www.google.com/"
"","hollandseseks","https://www.google.com/"
"","hollandsesexcam","https://www.google.com/"
"","hollandsesexfilms","https://www.google.com/"
"","hollandse-sex","https://www.google.com/"
"","hollandsesex","https://www.google.com/"
"","hollandsesletjes","https://www.google.com/"
"","hollandsesletten","https://www.google.com/"
"","hollandsewebcamsex","https://www.google.com/"
"","hollandsexdate","https://www.google.com/"
"","hollandsexfilms","https://www.google.com/"
"","hollandsex","https://www.google.com/"
"","hollandsmeisje","https://www.google.com/"
"","hollandsnaakt","https://www.google.com/"
"","hollandswing","https://www.google.com/"
"","hollandwebcamsex","https://www.google.com/"
"","holler","https://www.google.com/"
"","hollipaige","https://www.google.com/"
"","holloporn","https://www.google.com/"
"","hollosite","https://www.google.com/"
"","hollyadventures","https://www.google.com/"
"","hollyblake","https://www.google.com/"
"","hollybody","https://www.google.com/"
"","hollycelebs","https://www.google.com/"
"","hollyhalstonblog","https://www.google.com/"
"","hollyhalston","https://www.google.com/"
"","hollyhannaxxx","https://www.google.com/"
"","holly-harlow","https://www.google.com/"
"","hollyheartbreak","https://www.google.com/"
"","hollyhotty","https://www.google.com/"
