"﻿""id""","read","recommended"
"","jupudo","https://www.google.com/"
"","jurabetta","https://www.google.com/"
"","jura-rencontre","https://www.google.com/"
"","juraschlampen","https://www.google.com/"
"","jura-schlampen","https://www.google.com/"
"","jurasiccock","https://www.google.com/"
"","jurassiccock","https://www.google.com/"
"","jurassiccocks","https://www.google.com/"
"","jurgita","https://www.google.com/"
"","jusgay","https://www.google.com/"
"","jusporn","https://www.google.com/"
"","jussymodeleclub","https://www.google.com/"
"","just18","https://www.google.com/"
"","just18teen","https://www.google.com/"
"","just19","https://www.google.com/"
"","just404","https://www.google.com/"
"","just4men","https://www.google.com/"
"","just4porno","https://www.google.com/"
"","just4pussy","https://www.google.com/"
"","just8teen","https://www.google.com/"
"","just-a-bj","https://www.google.com/"
"","justachat","https://www.google.com/"
"","justacthard","https://www.google.com/"
"","justadultmovies","https://www.google.com/"
"","just-adults","https://www.google.com/"
"","justadults","https://www.google.com/"
"","justaglimpse","https://www.google.com/"
"","justalisha","https://www.google.com/"
"","just-allen","https://www.google.com/"
"","justamagic","https://www.google.com/"
"","justamateurporn","https://www.google.com/"
"","justamateurs","https://www.google.com/"
"","justamateurteens","https://www.google.com/"
"","just-a-milf","https://www.google.com/"
"","justanalsex","https://www.google.com/"
"","justanotherwordpressblog","https://www.google.com/"
"","just-a-porn","https://www.google.com/"
"","just-arab","https://www.google.com/"
"","justarabs","https://www.google.com/"
"","justasian","https://www.google.com/"
"","justasianporn","https://www.google.com/"
"","just-asians","https://www.google.com/"
"","justasiansex","https://www.google.com/"
"","justasiansluts","https://www.google.com/"
"","justasiantube","https://www.google.com/"
"","justass4me","https://www.google.com/"
"","justaswinging","https://www.google.com/"
"","justatube","https://www.google.com/"
"","justbabesandteens","https://www.google.com/"
"","justbabesxxx","https://www.google.com/"
"","justbare","https://www.google.com/"
"","justbarefeet","https://www.google.com/"
"","justbarelylegal","https://www.google.com/"
"","justbbwcams","https://www.google.com/"
"","justbbwsite","https://www.google.com/"
"","justbeautifulwomen","https://www.google.com/"
"","justbeman","https://www.google.com/"
"","justbestiality","https://www.google.com/"
"","justbest","https://www.google.com/"
"","justbestporn","https://www.google.com/"
"","justbesttube","https://www.google.com/"
"","justbewise","https://www.google.com/"
"","justbigass","https://www.google.com/"
"","justbigasses","https://www.google.com/"
"","justbigboobies","https://www.google.com/"
"","justbigboobs","https://www.google.com/"
"","justbigcockshemales","https://www.google.com/"
"","justbigtits","https://www.google.com/"
"","justbiyou","https://www.google.com/"
"","justblackboys","https://www.google.com/"
"","justblondes","https://www.google.com/"
"","justblowme","https://www.google.com/"
"","justbondage","https://www.google.com/"
"","justbusty","https://www.google.com/"
"","justbustymilf","https://www.google.com/"
"","justbustyshemales","https://www.google.com/"
"","justcameltoes","https://www.google.com/"
"","justcam","https://www.google.com/"
"","just-cams","https://www.google.com/"
"","justcams","https://www.google.com/"
"","justcartoondicks","https://www.google.com/"
"","just-celebrity","https://www.google.com/"
"","justcheaters","https://www.google.com/"
"","justclassicporn","https://www.google.com/"
"","justclipsplease","https://www.google.com/"
"","justcockpictures","https://www.google.com/"
"","justcocks","https://www.google.com/"
"","justcoeds","https://www.google.com/"
"","justcollegegirls","https://www.google.com/"
"","justcums","https://www.google.com/"
"","just-cum-shots","https://www.google.com/"
"","justcunts","https://www.google.com/"
"","justcutegirls","https://www.google.com/"
"","justdance","https://www.google.com/"
"","justdanica","https://www.google.com/"
"","justdate","https://www.google.com/"
"","justdated","https://www.google.com/"
"","justebony","https://www.google.com/"
"","justebonysex","https://www.google.com/"
"","justeighteen","https://www.google.com/"
