"﻿""id""","read","recommended"
"","euroteenporn","https://www.google.com/"
"","euroteensluts","https://www.google.com/"
"","euroteens","https://www.google.com/"
"","euroteenstube","https://www.google.com/"
"","euroteensxxx","https://www.google.com/"
"","eurothumb","https://www.google.com/"
"","euroticalive","https://www.google.com/"
"","eurotic","https://www.google.com/"
"","eurotique","https://www.google.com/"
"","eurotiquetoys","https://www.google.com/"
"","eurotrample","https://www.google.com/"
"","eurotrashboys","https://www.google.com/"
"","eurotrashsluts","https://www.google.com/"
"","eurotwat","https://www.google.com/"
"","eurotwinkin","https://www.google.com/"
"","eurotwinkmovies","https://www.google.com/"
"","eurotwinksclub","https://www.google.com/"
"","eurovidporn","https://www.google.com/"
"","euroviolence","https://www.google.com/"
"","eurovip","https://www.google.com/"
"","eurowam","https://www.google.com/"
"","eurowebbiz","https://www.google.com/"
"","eurowebcam","https://www.google.com/"
"","eurowomen","https://www.google.com/"
"","eurowrestlers","https://www.google.com/"
"","euroxxx","https://www.google.com/"
"","euroxxxmovies","https://www.google.com/"
"","euroxxxtube","https://www.google.com/"
"","eurozin","https://www.google.com/"
"","eusex4u","https://www.google.com/"
"","euskalsex","https://www.google.com/"
"","eu-spiel","https://www.google.com/"
"","euswinger","https://www.google.com/"
"","euteensclub","https://www.google.com/"
"","eu-teens","https://www.google.com/"
"","euter","https://www.google.com/"
"","eutertitten","https://www.google.com/"
"","eutesalvo","https://www.google.com/"
"","eutopiamovies","https://www.google.com/"
"","euttube","https://www.google.com/"
"","eutwinks","https://www.google.com/"
"","euviagra","https://www.google.com/"
"","euweb","https://www.google.com/"
"","euxxx","https://www.google.com/"
"","eva19","https://www.google.com/"
"","eva-4u","https://www.google.com/"
"","eva-angelina-1","https://www.google.com/"
"","evaangelinablog","https://www.google.com/"
"","eva-angelina","https://www.google.com/"
"","evaangelinaonline","https://www.google.com/"
"","evaangelina","https://www.google.com/"
"","eva-angelina-pics","https://www.google.com/"
"","evaangelina-tube","https://www.google.com/"
"","evaangelinaxxxx","https://www.google.com/"
"","evaangel","https://www.google.com/"
"","evaart","https://www.google.com/"
"","evacams","https://www.google.com/"
"","evacapri","https://www.google.com/"
"","eva-crawford","https://www.google.com/"
"","evadarling","https://www.google.com/"
"","evaedinburghescort","https://www.google.com/"
"","evaescort","https://www.google.com/"
"","eva-escort-perfectbody","https://www.google.com/"
"","evafeet","https://www.google.com/"
"","evaforever","https://www.google.com/"
"","evagreen","https://www.google.com/"
"","evahot","https://www.google.com/"
"","evaincam","https://www.google.com/"
"","evainlove","https://www.google.com/"
"","eva-karera","https://www.google.com/"
"","evakool-usa","https://www.google.com/"
"","evalalibertine","https://www.google.com/"
"","evalentin","https://www.google.com/"
"","eva-lingerie","https://www.google.com/"
"","evalinlive","https://www.google.com/"
"","evalinvids","https://www.google.com/"
"","evalinxxx","https://www.google.com/"
"","evalive","https://www.google.com/"
"","evalongoriasextape","https://www.google.com/"
"","eva-longoria-sexy-pictures","https://www.google.com/"
"","evalopez","https://www.google.com/"
"","evalovia","https://www.google.com/"
"","evaluna","https://www.google.com/"
"","evaluv","https://www.google.com/"
"","evamilano","https://www.google.com/"
"","evanbaye","https://www.google.com/"
"","evangelicaloutpost","https://www.google.com/"
"","evangelicaloutreach","https://www.google.com/"
"","evangelineanderson","https://www.google.com/"
"","evangelinehaughney","https://www.google.com/"
"","evangelinevonwinter","https://www.google.com/"
"","evangelio","https://www.google.com/"
"","evangelionhentai","https://www.google.com/"
"","evanjxavier","https://www.google.com/"
"","evanotty","https://www.google.com/"
"","evanottyvideos","https://www.google.com/"
"","evanradio","https://www.google.com/"
"","evanrivers","https://www.google.com/"
"","evans","https://www.google.com/"
"","evanstone","https://www.google.com/"
