"﻿""id""","read","recommended"
"","adultsexflashgames","https://www.google.com/"
"","adultsexfriends","https://www.google.com/"
"","adultsexgame","https://www.google.com/"
"","adultsexgamereviews","https://www.google.com/"
"","adultsexgames","https://www.google.com/"
"","adult-sex-games","https://www.google.com/"
"","adultsexgifs","https://www.google.com/"
"","adultsexhookups","https://www.google.com/"
"","adultsexhunt","https://www.google.com/"
"","adultsexitems","https://www.google.com/"
"","adultsexkey","https://www.google.com/"
"","adultsexlink","https://www.google.com/"
"","adult-sex-links","https://www.google.com/"
"","adultsexlinks","https://www.google.com/"
"","adultsexmags","https://www.google.com/"
"","adultsexmall","https://www.google.com/"
"","adultsexmovies","https://www.google.com/"
"","adult-sex-network","https://www.google.com/"
"","adultsexnow","https://www.google.com/"
"","adultsexonly","https://www.google.com/"
"","adultsexparadise","https://www.google.com/"
"","adultsexpark","https://www.google.com/"
"","adult-sex-party","https://www.google.com/"
"","adult-sexpersonals","https://www.google.com/"
"","adultsexpics","https://www.google.com/"
"","adultsexpicture","https://www.google.com/"
"","adultsex-pictures","https://www.google.com/"
"","adultsexpictures","https://www.google.com/"
"","adult-sex-pictures","https://www.google.com/"
"","adult-sex-porn","https://www.google.com/"
"","adult-sex-porn-tv","https://www.google.com/"
"","adultsexportal","https://www.google.com/"
"","adultsexproducts","https://www.google.com/"
"","adultsexring","https://www.google.com/"
"","adult-sexsearch","https://www.google.com/"
"","adultsexservices","https://www.google.com/"
"","adult-sex-shop","https://www.google.com/"
"","adultsexshop","https://www.google.com/"
"","adultsex-shop","https://www.google.com/"
"","adult-sex-shops","https://www.google.com/"
"","adultsexsite","https://www.google.com/"
"","adultsex-sites","https://www.google.com/"
"","adultsexsites","https://www.google.com/"
"","adult-sex-sites","https://www.google.com/"
"","adultsexstars","https://www.google.com/"
"","adultsexstops","https://www.google.com/"
"","adultsexstore","https://www.google.com/"
"","adultsexstories","https://www.google.com/"
"","adultsexstory","https://www.google.com/"
"","adultsexstorylinks","https://www.google.com/"
"","adultsexsuperstore","https://www.google.com/"
"","adultsexticker","https://www.google.com/"
"","adultsextoons","https://www.google.com/"
"","adult-sex-toy-advice","https://www.google.com/"
"","adultsextoy","https://www.google.com/"
"","adultsextoyguide","https://www.google.com/"
"","adultsextoyindia","https://www.google.com/"
"","adultsextoys4u","https://www.google.com/"
"","adultsextoysandvideo","https://www.google.com/"
"","adult-sex-toys","https://www.google.com/"
"","adultsextoys","https://www.google.com/"
"","adultsextoyshop","https://www.google.com/"
"","adultsextoyshops","https://www.google.com/"
"","adultsextoysonline","https://www.google.com/"
"","adultsextoysrus","https://www.google.com/"
"","adult-sex-toys-shop","https://www.google.com/"
"","adultsextoystore","https://www.google.com/"
"","adultsextoysuk","https://www.google.com/"
"","adult-sex-toys-vibrators-dildos-a-couples-best-friend","https://www.google.com/"
"","adult-sex-toys-vibrators-dildos-guide","https://www.google.com/"
"","adult-sex-toys-videos-dvds-guide","https://www.google.com/"
"","adultsextraffic","https://www.google.com/"
"","adultsextubes","https://www.google.com/"
"","adultsextv","https://www.google.com/"
"","adultsexualcams","https://www.google.com/"
"","adultsexualplayground","https://www.google.com/"
"","adultsexvacation","https://www.google.com/"
"","adultsexvideo","https://www.google.com/"
"","adultsexvideos","https://www.google.com/"
"","adultsexvids","https://www.google.com/"
"","adult-sex-web-cam","https://www.google.com/"
"","adult-sex-webcam","https://www.google.com/"
"","adultsexwebcams","https://www.google.com/"
"","adultsexx","https://www.google.com/"
"","adultsexxtoys","https://www.google.com/"
"","adultsexxx","https://www.google.com/"
"","adultsexxxporn","https://www.google.com/"
"","adultsexxxsites","https://www.google.com/"
"","adultsexxxx","https://www.google.com/"
"","adult-sexy-games","https://www.google.com/"
"","adultsexygames","https://www.google.com/"
"","adultsexyporn","https://www.google.com/"
"","adultsexyvideos","https://www.google.com/"
"","adultsflicks","https://www.google.com/"
"","adultsfriendfinder","https://www.google.com/"
"","adultsfriends","https://www.google.com/"
"","adultsfucking","https://www.google.com/"
"","adults-games","https://www.google.com/"
"","adultshare","https://www.google.com/"
"","adult-share","https://www.google.com/"
