"﻿""id""","read","recommended"
"","fredsrawworld","https://www.google.com/"
"","fredsugar","https://www.google.com/"
"","free18","https://www.google.com/"
"","free18porn","https://www.google.com/"
"","free18yo","https://www.google.com/"
"","free-1","https://www.google.com/"
"","free1sex","https://www.google.com/"
"","free1xxx","https://www.google.com/"
"","free2cam","https://www.google.com/"
"","free2cams","https://www.google.com/"
"","free2do","https://www.google.com/"
"","free2find","https://www.google.com/"
"","free2peek","https://www.google.com/"
"","free2porn","https://www.google.com/"
"","free3dadultgames","https://www.google.com/"
"","free3dcomics","https://www.google.com/"
"","free3dmonstersex","https://www.google.com/"
"","free3dpassport","https://www.google.com/"
"","free3dporn3","https://www.google.com/"
"","free3dporn","https://www.google.com/"
"","free-3d-porn","https://www.google.com/"
"","free3dporno","https://www.google.com/"
"","free3dsexmovies","https://www.google.com/"
"","free3dshemale","https://www.google.com/"
"","free3dtoons","https://www.google.com/"
"","free3dwallpaper","https://www.google.com/"
"","free-3gp-video","https://www.google.com/"
"","free3x","https://www.google.com/"
"","free4adult","https://www.google.com/"
"","free4free","https://www.google.com/"
"","free4kpornvideos","https://www.google.com/"
"","free4ksex","https://www.google.com/"
"","free4men","https://www.google.com/"
"","free4x","https://www.google.com/"
"","free4xxx","https://www.google.com/"
"","free-4you","https://www.google.com/"
"","free50","https://www.google.com/"
"","free64all","https://www.google.com/"
"","free6","https://www.google.com/"
"","free6content","https://www.google.com/"
"","free6hub","https://www.google.com/"
"","free6-pics","https://www.google.com/"
"","free6site","https://www.google.com/"
"","free6videochat","https://www.google.com/"
"","free-6-xxx","https://www.google.com/"
"","free-abbywinters","https://www.google.com/"
"","freeaccessnow","https://www.google.com/"
"","freeadult100","https://www.google.com/"
"","freeadultboards","https://www.google.com/"
"","freeadultcam69","https://www.google.com/"
"","freeadultcam","https://www.google.com/"
"","freeadultcamsonline","https://www.google.com/"
"","free-adult-cartoons","https://www.google.com/"
"","freeadultcentral","https://www.google.com/"
"","free-adult-chat","https://www.google.com/"
"","freeadultchat","https://www.google.com/"
"","free-adult-chats","https://www.google.com/"
"","free-adult-clips","https://www.google.com/"
"","freeadultclub","https://www.google.com/"
"","freeadult","https://www.google.com/"
"","freeadultcomix","https://www.google.com/"
"","freeadultcommunity","https://www.google.com/"
"","freeadultcontactsuk","https://www.google.com/"
"","freeadultcontent","https://www.google.com/"
"","freeadultdating","https://www.google.com/"
"","free-adult-dating-site","https://www.google.com/"
"","freeadultdatingx","https://www.google.com/"
"","free-adult-directory","https://www.google.com/"
"","freeadultdirectory","https://www.google.com/"
"","freeadultdvd","https://www.google.com/"
"","freeadulter","https://www.google.com/"
"","freeadulterotica","https://www.google.com/"
"","free-adult-ezines","https://www.google.com/"
"","freeadultfilm","https://www.google.com/"
"","freeadultfilms","https://www.google.com/"
"","freeadultgalleries","https://www.google.com/"
"","free-adult-games-3d","https://www.google.com/"
"","freeadultgames","https://www.google.com/"
"","free-adult-hosting","https://www.google.com/"
"","freeadultkey","https://www.google.com/"
"","freeadultmag","https://www.google.com/"
"","freeadultmail","https://www.google.com/"
"","free-adult","https://www.google.com/"
"","freeadultmedia","https://www.google.com/"
"","freeadultmegasite","https://www.google.com/"
"","freeadultmembership","https://www.google.com/"
"","freeadultmemberships","https://www.google.com/"
"","freeadultmov","https://www.google.com/"
"","freeadultmovieshd","https://www.google.com/"
"","freeadultmovies","https://www.google.com/"
"","freeadultmovs","https://www.google.com/"
"","freeadultmpegs","https://www.google.com/"
"","freeadultoffers","https://www.google.com/"
"","freeadultonline","https://www.google.com/"
"","freeadultpassword","https://www.google.com/"
"","free-adult-passwords","https://www.google.com/"
"","freeadultpersonaladz","https://www.google.com/"
"","freeadultpersonals","https://www.google.com/"
"","free-adult-photo","https://www.google.com/"
"","freeadultphoto","https://www.google.com/"
