"﻿""id""","read","recommended"
"","hardcore-sex-teens","https://www.google.com/"
"","hardcoresextoys","https://www.google.com/"
"","hardcoresexvideo","https://www.google.com/"
"","hardcore-sex-video","https://www.google.com/"
"","hardcore-sex-videos","https://www.google.com/"
"","hardcoresexvideos","https://www.google.com/"
"","hardcoresexvidz","https://www.google.com/"
"","hardcoresexx","https://www.google.com/"
"","hardcoresexxx","https://www.google.com/"
"","hardcoreshemalegallery","https://www.google.com/"
"","hardcoreshemales","https://www.google.com/"
"","hardcore-shemale-video","https://www.google.com/"
"","hardcoreshemalevideo","https://www.google.com/"
"","hardcoreshemaleworld","https://www.google.com/"
"","hardcoreshop","https://www.google.com/"
"","hardcore-shop","https://www.google.com/"
"","hardcoreshows","https://www.google.com/"
"","hardcoreslacker","https://www.google.com/"
"","hardcoresmokingxxx","https://www.google.com/"
"","hardcoresmoothies","https://www.google.com/"
"","hardcore-softcore","https://www.google.com/"
"","hardcoresoftware","https://www.google.com/"
"","hardcore-space","https://www.google.com/"
"","hardcorespider","https://www.google.com/"
"","hardcorestars","https://www.google.com/"
"","hardcorestarz","https://www.google.com/"
"","hardcorestories","https://www.google.com/"
"","hardcorestorm","https://www.google.com/"
"","hardcorestreams","https://www.google.com/"
"","hardcorestreet","https://www.google.com/"
"","hardcorestrip","https://www.google.com/"
"","hardcore-strip","https://www.google.com/"
"","hardcorestudios","https://www.google.com/"
"","hardcorestuds","https://www.google.com/"
"","hardcore-style","https://www.google.com/"
"","hardcorestyle","https://www.google.com/"
"","hardcoresucher","https://www.google.com/"
"","hardcoresweethearts","https://www.google.com/"
"","hardcoreswingers","https://www.google.com/"
"","hardcoretaboo","https://www.google.com/"
"","hardcoreteam","https://www.google.com/"
"","hardcoreteen","https://www.google.com/"
"","hardcoreteendreams","https://www.google.com/"
"","hardcoreteengirls","https://www.google.com/"
"","hardcoreteeniesex","https://www.google.com/"
"","hardcoreteenpics","https://www.google.com/"
"","hardcoreteenpictures","https://www.google.com/"
"","hardcoreteen-porn","https://www.google.com/"
"","hardcoreteenporn","https://www.google.com/"
"","hardcoreteens","https://www.google.com/"
"","hardcore-teens","https://www.google.com/"
"","hardcoreteensex","https://www.google.com/"
"","hardcoreteensexvideos","https://www.google.com/"
"","hardcoreteentube","https://www.google.com/"
"","hardcoreteenys","https://www.google.com/"
"","hardcore-telefonsex","https://www.google.com/"
"","hardcoretelevision","https://www.google.com/"
"","hardcoretemptation","https://www.google.com/"
"","hardcoretheater","https://www.google.com/"
"","hardcorethreesome","https://www.google.com/"
"","hardcorethreesomes","https://www.google.com/"
"","hardcorethugz","https://www.google.com/"
"","hardcorethumbnail","https://www.google.com/"
"","hardcorethumbnails","https://www.google.com/"
"","hardcorethumbs","https://www.google.com/"
"","hardcorethumbz","https://www.google.com/"
"","hardcore-tieners","https://www.google.com/"
"","hardcoretieners","https://www.google.com/"
"","hardcoretitty","https://www.google.com/"
"","hardcoretoons","https://www.google.com/"
"","hardcoretoonsluts","https://www.google.com/"
"","hardcore-toons","https://www.google.com/"
"","hardcoretotal","https://www.google.com/"
"","hardcoretour","https://www.google.com/"
"","hardcoretours","https://www.google.com/"
"","hardcoretraining","https://www.google.com/"
"","hardcoretrannies","https://www.google.com/"
"","hardcoretranny","https://www.google.com/"
"","hardcoretransexual","https://www.google.com/"
"","hardcoretrinker","https://www.google.com/"
"","hardcoretubed","https://www.google.com/"
"","hardcore-tube","https://www.google.com/"
"","hardcoretube","https://www.google.com/"
"","hardcoretv","https://www.google.com/"
"","hardcoretwinks","https://www.google.com/"
"","hardcoreu","https://www.google.com/"
"","hardcorevalley","https://www.google.com/"
"","hardcorevegas","https://www.google.com/"
"","hardcorevideo","https://www.google.com/"
"","hardcorevideofeed","https://www.google.com/"
"","hardcore-videos24","https://www.google.com/"
"","hardcore-videos","https://www.google.com/"
"","hardcorevideos","https://www.google.com/"
"","hardcorevideosex","https://www.google.com/"
"","hardcore-video-site","https://www.google.com/"
"","hardcorevideotube","https://www.google.com/"
"","hardcore-video","https://www.google.com/"
"","hardcorevidz","https://www.google.com/"
"","hardcorevip","https://www.google.com/"
"","hardcorevisions","https://www.google.com/"
