"﻿""id""","read","recommended"
"","flirtmee","https://www.google.com/"
"","flirtmoi","https://www.google.com/"
"","flirtnet24","https://www.google.com/"
"","flirt-net","https://www.google.com/"
"","flirtnetwork","https://www.google.com/"
"","flirtnetz","https://www.google.com/"
"","flirtpage","https://www.google.com/"
"","flirtpatrouille","https://www.google.com/"
"","flirtphone24","https://www.google.com/"
"","flirtpret","https://www.google.com/"
"","flirtpub","https://www.google.com/"
"","flirtronde","https://www.google.com/"
"","flirtroulette","https://www.google.com/"
"","flirts-and-dates","https://www.google.com/"
"","flirts","https://www.google.com/"
"","flirtseiten-vergleich","https://www.google.com/"
"","flirt-sexcam","https://www.google.com/"
"","flirt-sexcams","https://www.google.com/"
"","flirtsex","https://www.google.com/"
"","flirtsexline","https://www.google.com/"
"","flirt-singles","https://www.google.com/"
"","flirtslingerie","https://www.google.com/"
"","flirtstar","https://www.google.com/"
"","flirtstation","https://www.google.com/"
"","flirttoday","https://www.google.com/"
"","flirttoyou","https://www.google.com/"
"","flirt-treffen","https://www.google.com/"
"","flirtusky","https://www.google.com/"
"","flirtvisio","https://www.google.com/"
"","flirtwinkel","https://www.google.com/"
"","flirtydreams","https://www.google.com/"
"","flirtyfeet","https://www.google.com/"
"","flirtyfox","https://www.google.com/"
"","flirtygay","https://www.google.com/"
"","flirtygirlfitness","https://www.google.com/"
"","flirtyj0y","https://www.google.com/"
"","flirtylingerie","https://www.google.com/"
"","flirtymania","https://www.google.com/"
"","flirtyordirty","https://www.google.com/"
"","flirtypussy","https://www.google.com/"
"","flirtyskirt","https://www.google.com/"
"","flirtyt0uch","https://www.google.com/"
"","flirtytease","https://www.google.com/"
"","flirtywife","https://www.google.com/"
"","flitsservice","https://www.google.com/"
"","flix4free","https://www.google.com/"
"","flixandpix","https://www.google.com/"
"","flixcdn","https://www.google.com/"
"","flixerz","https://www.google.com/"
"","flixfarm","https://www.google.com/"
"","flixone","https://www.google.com/"
"","flixtube8","https://www.google.com/"
"","flixxx","https://www.google.com/"
"","flizzer","https://www.google.com/"
"","flnet","https://www.google.com/"
"","flni","https://www.google.com/"
"","floatyale","https://www.google.com/"
"","flockig","https://www.google.com/"
"","flodder","https://www.google.com/"
"","flogamateur","https://www.google.com/"
"","flogao","https://www.google.com/"
"","flogato","https://www.google.com/"
"","flogger","https://www.google.com/"
"","floggers","https://www.google.com/"
"","flogmasterstories","https://www.google.com/"
"","flog","https://www.google.com/"
"","floguxo","https://www.google.com/"
"","flolouplaisir","https://www.google.com/"
"","floodmasters","https://www.google.com/"
"","flooporn","https://www.google.com/"
"","flooringstrongsville","https://www.google.com/"
"","floorviews","https://www.google.com/"
"","floozytube","https://www.google.com/"
"","flophouse","https://www.google.com/"
"","floppers","https://www.google.com/"
"","floppy-tits","https://www.google.com/"
"","florai","https://www.google.com/"
"","florence-escort","https://www.google.com/"
"","florencerival","https://www.google.com/"
"","florenfile","https://www.google.com/"
"","florida-arts","https://www.google.com/"
"","florida-bar","https://www.google.com/"
"","floridabikinis","https://www.google.com/"
"","floridabukkake","https://www.google.com/"
"","floridadominatrix","https://www.google.com/"
"","floridadoms","https://www.google.com/"
"","floridadoubled","https://www.google.com/"
"","floridaerotica","https://www.google.com/"
"","floridaguard","https://www.google.com/"
"","floridahonnies","https://www.google.com/"
"","florida-male-strippers","https://www.google.com/"
"","floridamandingos","https://www.google.com/"
"","floridamen","https://www.google.com/"
"","florida-nude-models","https://www.google.com/"
"","floridanudemodels","https://www.google.com/"
"","floridaserver","https://www.google.com/"
"","floridasexchat","https://www.google.com/"
"","floridasexdating","https://www.google.com/"
"","floridasfinestcouples","https://www.google.com/"
"","floridastrippers","https://www.google.com/"
