"﻿""id""","read","recommended"
"","estarbids","https://www.google.com/"
"","estars","https://www.google.com/"
"","esterchueca","https://www.google.com/"
"","esterman","https://www.google.com/"
"","est-gaystore","https://www.google.com/"
"","esthe-fan","https://www.google.com/"
"","esthe-hiroba","https://www.google.com/"
"","esthe-life","https://www.google.com/"
"","esthe-max","https://www.google.com/"
"","estherdejong","https://www.google.com/"
"","estherheart","https://www.google.com/"
"","esthetics","https://www.google.com/"
"","esticboig","https://www.google.com/"
"","est-ici","https://www.google.com/"
"","estilovip","https://www.google.com/"
"","estim","https://www.google.com/"
"","estimfun","https://www.google.com/"
"","estoesporno","https://www.google.com/"
"","estonianphotomodels","https://www.google.com/"
"","estranky","https://www.google.com/"
"","estrelladelsur","https://www.google.com/"
"","estrellasdelporno","https://www.google.com/"
"","estrellasdelvideochat","https://www.google.com/"
"","estrellas-mallorca","https://www.google.com/"
"","estrellas","https://www.google.com/"
"","estrellaspornoenvivo","https://www.google.com/"
"","estrellaspornofamosas","https://www.google.com/"
"","est-sara","https://www.google.com/"
"","estsex","https://www.google.com/"
"","estudioscima","https://www.google.com/"
"","estudiosexual","https://www.google.com/"
"","estupendos","https://www.google.com/"
"","estuporno","https://www.google.com/"
"","esuburbs","https://www.google.com/"
"","esuckle","https://www.google.com/"
"","esudany","https://www.google.com/"
"","eswebcams","https://www.google.com/"
"","eswing","https://www.google.com/"
"","e-swinging","https://www.google.com/"
"","eswm","https://www.google.com/"
"","esx","https://www.google.com/"
"","esxe","https://www.google.com/"
"","eszbonto","https://www.google.com/"
"","etagirls","https://www.google.com/"
"","etail","https://www.google.com/"
"","etapeducul","https://www.google.com/"
"","etapedusexe","https://www.google.com/"
"","etapedux","https://www.google.com/"
"","etchitaro","https://www.google.com/"
"","eteenporn","https://www.google.com/"
"","eteenpussy","https://www.google.com/"
"","eteensblog","https://www.google.com/"
"","eternalaphrodites","https://www.google.com/"
"","eternal-aphrodites","https://www.google.com/"
"","eternaldesire","https://www.google.com/"
"","eternalgambling","https://www.google.com/"
"","eternalkiss","https://www.google.com/"
"","eternal-nymphets","https://www.google.com/"
"","eternalvanity","https://www.google.com/"
"","eternityentertainmentescorts","https://www.google.com/"
"","eternitygirls","https://www.google.com/"
"","ethergirls","https://www.google.com/"
"","ethernudes","https://www.google.com/"
"","ethersex","https://www.google.com/"
"","ethicalporn","https://www.google.com/"
"","ethitubea","https://www.google.com/"
"","ethnicandhairy","https://www.google.com/"
"","ethnicangel","https://www.google.com/"
"","ethnicbabes","https://www.google.com/"
"","ethnicblog","https://www.google.com/"
"","ethnicboys","https://www.google.com/"
"","ethnicboyz","https://www.google.com/"
"","ethnicbutts","https://www.google.com/"
"","ethnicdarlings","https://www.google.com/"
"","ethnicfoot","https://www.google.com/"
"","ethnicgalleries","https://www.google.com/"
"","ethnic-gay","https://www.google.com/"
"","ethnichoneys","https://www.google.com/"
"","ethnic-hotel","https://www.google.com/"
"","ethnicindians","https://www.google.com/"
"","ethnicjunkie","https://www.google.com/"
"","ethnicknockers","https://www.google.com/"
"","ethnicmaster","https://www.google.com/"
"","ethnicpass","https://www.google.com/"
"","ethnicpassions","https://www.google.com/"
"","ethnicphonesex","https://www.google.com/"
"","ethnicphonesexgirls","https://www.google.com/"
"","ethnicpimp","https://www.google.com/"
"","ethnicpink","https://www.google.com/"
"","ethnicplace","https://www.google.com/"
"","ethnicpornclip","https://www.google.com/"
"","ethnicpornclub","https://www.google.com/"
"","ethnicporn","https://www.google.com/"
"","ethnic-porn-links","https://www.google.com/"
"","ethnicpost","https://www.google.com/"
"","ethnic-sex2","https://www.google.com/"
"","ethnicsexgalleries","https://www.google.com/"
"","ethnicsexgirls","https://www.google.com/"
"","ethnicsexpass","https://www.google.com/"
"","ethnicshemales","https://www.google.com/"
