"﻿""id""","read","recommended"
"","greatfreehost","https://www.google.com/"
"","greatfuck","https://www.google.com/"
"","greatfuckingsex","https://www.google.com/"
"","greatfulhead","https://www.google.com/"
"","greatgamesexperiment","https://www.google.com/"
"","greatgaypics","https://www.google.com/"
"","greatgirls","https://www.google.com/"
"","greatglamour","https://www.google.com/"
"","greathairypussy","https://www.google.com/"
"","greathairysex","https://www.google.com/"
"","greathallofbdsm","https://www.google.com/"
"","greathead","https://www.google.com/"
"","greathentaiporn","https://www.google.com/"
"","greathomeporn","https://www.google.com/"
"","greatincest","https://www.google.com/"
"","greatlesbianporn","https://www.google.com/"
"","greatlesbiansites","https://www.google.com/"
"","greatlesbianssex","https://www.google.com/"
"","greatlover","https://www.google.com/"
"","greatluv","https://www.google.com/"
"","greatmaturetube","https://www.google.com/"
"","great-met","https://www.google.com/"
"","great-milf","https://www.google.com/"
"","greatmilfsex","https://www.google.com/"
"","greatmoviesite","https://www.google.com/"
"","greatmuta","https://www.google.com/"
"","greatnass","https://www.google.com/"
"","greatnaturals","https://www.google.com/"
"","greatnow","https://www.google.com/"
"","great","https://www.google.com/"
"","great-nude","https://www.google.com/"
"","greatnudemodels","https://www.google.com/"
"","greatogre","https://www.google.com/"
"","great-online-dating","https://www.google.com/"
"","greatpleasures","https://www.google.com/"
"","great-porn","https://www.google.com/"
"","greatporn","https://www.google.com/"
"","greatpornguide","https://www.google.com/"
"","greatpornplanet","https://www.google.com/"
"","greatpornsex","https://www.google.com/"
"","greatpussy","https://www.google.com/"
"","greatrealityporn","https://www.google.com/"
"","greatretroporn","https://www.google.com/"
"","greatrumps","https://www.google.com/"
"","greatsex4me","https://www.google.com/"
"","greatsex","https://www.google.com/"
"","greatsexdate","https://www.google.com/"
"","greatsexguidance","https://www.google.com/"
"","greatsexideas","https://www.google.com/"
"","greatsexmoms","https://www.google.com/"
"","great-sexy-girls","https://www.google.com/"
"","greatshemale","https://www.google.com/"
"","greatshemalesites","https://www.google.com/"
"","greatsmut","https://www.google.com/"
"","greatspankingvideos","https://www.google.com/"
"","greatstockings","https://www.google.com/"
"","greatteenpics","https://www.google.com/"
"","greattortures","https://www.google.com/"
"","greattranny","https://www.google.com/"
"","greatvagina","https://www.google.com/"
"","greatviberations","https://www.google.com/"
"","greatvirgins","https://www.google.com/"
"","greatvoyeurvideo","https://www.google.com/"
"","greatwallofvagina","https://www.google.com/"
"","greatwebcamgirls","https://www.google.com/"
"","greatxhamster","https://www.google.com/"
"","greatxxx","https://www.google.com/"
"","greatxxxmovie","https://www.google.com/"
"","greatxxxpics","https://www.google.com/"
"","greece-escort","https://www.google.com/"
"","greeceland","https://www.google.com/"
"","greecenude","https://www.google.com/"
"","greedislands","https://www.google.com/"
"","greedybiz","https://www.google.com/"
"","greedyblondes","https://www.google.com/"
"","greedyclip","https://www.google.com/"
"","greedyduck","https://www.google.com/"
"","greedyflicks","https://www.google.com/"
"","greedygals","https://www.google.com/"
"","greedygirlgroupparties","https://www.google.com/"
"","greedygoddess","https://www.google.com/"
"","greedygoddessmegan","https://www.google.com/"
"","greedyladies","https://www.google.com/"
"","greedylover","https://www.google.com/"
"","greedysnobs","https://www.google.com/"
"","greekbdsmcommunity","https://www.google.com/"
"","greekcelebmovies","https://www.google.com/"
"","greekmodels","https://www.google.com/"
"","greekporno","https://www.google.com/"
"","greeksingles","https://www.google.com/"
"","greektgp","https://www.google.com/"
"","greekwhores","https://www.google.com/"
"","greenbed","https://www.google.com/"
"","green-berets","https://www.google.com/"
"","greencardcuties","https://www.google.com/"
"","greenchemical","https://www.google.com/"
"","greencoffeebean","https://www.google.com/"
"","greendoor","https://www.google.com/"
"","greeneyedchick","https://www.google.com/"
"","greeneyes","https://www.google.com/"
