"﻿""id""","read","recommended"
"","introweb","https://www.google.com/"
"","intruderbondage","https://www.google.com/"
"","intrusiveaction","https://www.google.com/"
"","intrusiveeye","https://www.google.com/"
"","intruso","https://www.google.com/"
"","intwoholes","https://www.google.com/"
"","intymna","https://www.google.com/"
"","inubai","https://www.google.com/"
"","inucara","https://www.google.com/"
"","i-nudes","https://www.google.com/"
"","inudeteen","https://www.google.com/"
"","inudeteens","https://www.google.com/"
"","inventd","https://www.google.com/"
"","inventop","https://www.google.com/"
"","invescom","https://www.google.com/"
"","investinus","https://www.google.com/"
"","investmarket","https://www.google.com/"
"","invictusdomain","https://www.google.com/"
"","invideox","https://www.google.com/"
"","invigorex","https://www.google.com/"
"","invinciblerubber","https://www.google.com/"
"","invisionzone","https://www.google.com/"
"","invitemeout","https://www.google.com/"
"","invitrocyte","https://www.google.com/"
"","invizibletouch","https://www.google.com/"
"","involuntarysex","https://www.google.com/"
"","inwestycjeodadoz","https://www.google.com/"
"","inwetpanties","https://www.google.com/"
"","inxcest","https://www.google.com/"
"","inxesse","https://www.google.com/"
"","inxex","https://www.google.com/"
"","inxporn","https://www.google.com/"
"","inxstasy","https://www.google.com/"
"","inxyporn","https://www.google.com/"
"","inyatube","https://www.google.com/"
"","inzalaco-lesbianart","https://www.google.com/"
"","inzest","https://www.google.com/"
"","inzest-bumsen","https://www.google.com/"
"","inzestclub","https://www.google.com/"
"","inzestfamily","https://www.google.com/"
"","inzest-porno","https://www.google.com/"
"","inzest-pornos","https://www.google.com/"
"","inzestpornos","https://www.google.com/"
"","inzestsexgeschichten","https://www.google.com/"
"","inzest-tv","https://www.google.com/"
"","inzzzane","https://www.google.com/"
"","io9","https://www.google.com/"
"","iobloggo","https://www.google.com/"
"","iocash","https://www.google.com/"
"","io","https://www.google.com/"
"","iod","https://www.google.com/"
"","iogle","https://www.google.com/"
"","ioidirectory","https://www.google.com/"
"","iolympic","https://www.google.com/"
"","iomacho","https://www.google.com/"
"","ioneporn","https://www.google.com/"
"","iontr","https://www.google.com/"
"","iopener","https://www.google.com/"
"","ioporno","https://www.google.com/"
"","iopp","https://www.google.com/"
"","ios","https://www.google.com/"
"","iosstore","https://www.google.com/"
"","iousex","https://www.google.com/"
"","iowacoeds","https://www.google.com/"
"","iowashemales","https://www.google.com/"
"","iowaswingers","https://www.google.com/"
"","iowrestling","https://www.google.com/"
"","ip42","https://www.google.com/"
"","ipadporn","https://www.google.com/"
"","ipadporns","https://www.google.com/"
"","ipadsexcam","https://www.google.com/"
"","ipadsex","https://www.google.com/"
"","i-paradise2","https://www.google.com/"
"","ipartouzes","https://www.google.com/"
"","ipartychat","https://www.google.com/"
"","ipartyhard","https://www.google.com/"
"","ipbsf","https://www.google.com/"
"","ipcannon","https://www.google.com/"
"","ipcontrol","https://www.google.com/"
"","ipeefreely","https://www.google.com/"
"","iperporn","https://www.google.com/"
"","ipervodx","https://www.google.com/"
"","ipfixe","https://www.google.com/"
"","ipg","https://www.google.com/"
"","iphonebabes","https://www.google.com/"
"","iphonecam4s","https://www.google.com/"
"","iphoneporn4s","https://www.google.com/"
"","iphoneporngrid","https://www.google.com/"
"","iphone-pornos","https://www.google.com/"
"","iphonepornos","https://www.google.com/"
"","iphonepornz","https://www.google.com/"
"","ipics","https://www.google.com/"
"","ipimp","https://www.google.com/"
"","ipingirls","https://www.google.com/"
"","ipinkvisual","https://www.google.com/"
"","ipinkvisualpass","https://www.google.com/"
"","ipivideo","https://www.google.com/"
"","ipixler","https://www.google.com/"
"","ipl2017live","https://www.google.com/"
"","iplace","https://www.google.com/"
