"﻿""id""","read","recommended"
"","freundinnensex","https://www.google.com/"
"","freundinsex","https://www.google.com/"
"","freyalist","https://www.google.com/"
"","freyamadison","https://www.google.com/"
"","freyasplace","https://www.google.com/"
"","fr-films","https://www.google.com/"
"","fr-film-x","https://www.google.com/"
"","fr-humour","https://www.google.com/"
"","frias","https://www.google.com/"
"","fricamsex","https://www.google.com/"
"","frickenfunnyvideos","https://www.google.com/"
"","frickgreek","https://www.google.com/"
"","frictions","https://www.google.com/"
"","fridayfling","https://www.google.com/"
"","fridgemagnet","https://www.google.com/"
"","friedricefuckers","https://www.google.com/"
"","friedrichchiller","https://www.google.com/"
"","friedrichshafen","https://www.google.com/"
"","friemel","https://www.google.com/"
"","friend4rent","https://www.google.com/"
"","friendbutt","https://www.google.com/"
"","friendcams","https://www.google.com/"
"","friendfinder","https://www.google.com/"
"","friendfinderdating","https://www.google.com/"
"","friendfinderinc","https://www.google.com/"
"","friendfinderpromos","https://www.google.com/"
"","friendfinder-x","https://www.google.com/"
"","friendfinderzone","https://www.google.com/"
"","friendorama","https://www.google.com/"
"","friendpages","https://www.google.com/"
"","friends4chat","https://www.google.com/"
"","friendsation","https://www.google.com/"
"","friends","https://www.google.com/"
"","friendscookbook","https://www.google.com/"
"","friendsearch","https://www.google.com/"
"","friendseeker","https://www.google.com/"
"","friendship","https://www.google.com/"
"","friendshipexpress","https://www.google.com/"
"","friendshotmoms","https://www.google.com/"
"","friends-lovers","https://www.google.com/"
"","friendspage","https://www.google.com/"
"","friendstohelpme","https://www.google.com/"
"","friendswithbenefits","https://www.google.com/"
"","friends-with-benefits","https://www.google.com/"
"","friendswives","https://www.google.com/"
"","frieseporno","https://www.google.com/"
"","friesland-sexdating","https://www.google.com/"
"","friestube","https://www.google.com/"
"","frigging","https://www.google.com/"
"","frightnightcreations","https://www.google.com/"
"","frigtube","https://www.google.com/"
"","frikinternet","https://www.google.com/"
"","friko","https://www.google.com/"
"","frilzandlace","https://www.google.com/"
"","fripons","https://www.google.com/"
"","friporr","https://www.google.com/"
"","fripples","https://www.google.com/"
"","frisbeesport","https://www.google.com/"
"","frischeporno","https://www.google.com/"
"","frischverlieben","https://www.google.com/"
"","frisco","https://www.google.com/"
"","friseur-paradies","https://www.google.com/"
"","friskybabes","https://www.google.com/"
"","friskybabysitters","https://www.google.com/"
"","frisky-beast","https://www.google.com/"
"","frisky-business","https://www.google.com/"
"","friskycity","https://www.google.com/"
"","friskydog","https://www.google.com/"
"","friskyfans","https://www.google.com/"
"","friskyfarms","https://www.google.com/"
"","friskyfilms","https://www.google.com/"
"","friskygirls","https://www.google.com/"
"","friskylizard","https://www.google.com/"
"","friskymamas","https://www.google.com/"
"","friskynews","https://www.google.com/"
"","friskypig","https://www.google.com/"
"","friskystore","https://www.google.com/"
"","friskytoons","https://www.google.com/"
"","fris","https://www.google.com/"
"","frisson-lingerie","https://www.google.com/"
"","fritchy","https://www.google.com/"
"","frittfram","https://www.google.com/"
"","fritzryan","https://www.google.com/"
"","frivol","https://www.google.com/"
"","frivoli","https://www.google.com/"
"","frivolous-dressorder","https://www.google.com/"
"","frivol-privat","https://www.google.com/"
"","frivolsein","https://www.google.com/"
"","frivool","https://www.google.com/"
"","fr-movies","https://www.google.com/"
"","frmzevkli","https://www.google.com/"
"","fr","https://www.google.com/"
"","frodoporn","https://www.google.com/"
"","frogbucks","https://www.google.com/"
"","frogsex","https://www.google.com/"
"","frogsporn","https://www.google.com/"
"","froisserlesdraps","https://www.google.com/"
"","frolicme","https://www.google.com/"
"","frolicnaked","https://www.google.com/"
"","frolictube","https://www.google.com/"
