"﻿""id""","read","recommended"
"","amateursex-free","https://www.google.com/"
"","amateursexfree","https://www.google.com/"
"","amateursexgallery","https://www.google.com/"
"","amateur-sex-gallery","https://www.google.com/"
"","amateursex-germany","https://www.google.com/"
"","amateursexgirls","https://www.google.com/"
"","amateursexhouse","https://www.google.com/"
"","amateursexhunters","https://www.google.com/"
"","amateursexkittens","https://www.google.com/"
"","amateur-sexkontakte","https://www.google.com/"
"","amateursexkontakte","https://www.google.com/"
"","amateursexlist","https://www.google.com/"
"","amateur-sex-livecams","https://www.google.com/"
"","amateur-sex-live","https://www.google.com/"
"","amateursexlive","https://www.google.com/"
"","amateursexmeiden","https://www.google.com/"
"","amateur-sex-movies","https://www.google.com/"
"","amateursexmovies","https://www.google.com/"
"","amateursexmovs","https://www.google.com/"
"","amateur-sex-online","https://www.google.com/"
"","amateursexoproepen","https://www.google.com/"
"","amateursexoutdoors","https://www.google.com/"
"","amateursexpage","https://www.google.com/"
"","amateursexpagina","https://www.google.com/"
"","amateursexpassion","https://www.google.com/"
"","amateursexpert","https://www.google.com/"
"","amateursexphoto","https://www.google.com/"
"","amateur-sex-photos","https://www.google.com/"
"","amateursexphotos","https://www.google.com/"
"","amateursexpics","https://www.google.com/"
"","amateur-sex-pics","https://www.google.com/"
"","amateursexpictures","https://www.google.com/"
"","amateursexpix","https://www.google.com/"
"","amateursexplanet","https://www.google.com/"
"","amateursexplay","https://www.google.com/"
"","amateursexploits","https://www.google.com/"
"","amateursex-porn","https://www.google.com/"
"","amateursexporn","https://www.google.com/"
"","amateur-sex-porno","https://www.google.com/"
"","amateur-sex-pornos","https://www.google.com/"
"","amateursexposed","https://www.google.com/"
"","amateursexpost","https://www.google.com/"
"","amateursexprivat","https://www.google.com/"
"","amateursexpussy","https://www.google.com/"
"","amateursexscandal","https://www.google.com/"
"","amateur-sex-seite","https://www.google.com/"
"","amateursexseite","https://www.google.com/"
"","amateur-sex-show","https://www.google.com/"
"","amateursexshow","https://www.google.com/"
"","amateur-sexshow","https://www.google.com/"
"","amateursexshows","https://www.google.com/"
"","amateur-sex-site","https://www.google.com/"
"","amateursexsite","https://www.google.com/"
"","amateursexstars","https://www.google.com/"
"","amateursexstart","https://www.google.com/"
"","amateursexstories","https://www.google.com/"
"","amateur-sex-tape","https://www.google.com/"
"","amateur-sex-teen","https://www.google.com/"
"","amateursexteen","https://www.google.com/"
"","amateursexteens","https://www.google.com/"
"","amateursex-topliste","https://www.google.com/"
"","amateursex-total","https://www.google.com/"
"","amateur-sex-toys","https://www.google.com/"
"","amateursextoys","https://www.google.com/"
"","amateur-sex-treff","https://www.google.com/"
"","amateursextreff","https://www.google.com/"
"","amateur-sextreffen","https://www.google.com/"
"","amateursex-tube","https://www.google.com/"
"","amateursextubes","https://www.google.com/"
"","amateursex-tv","https://www.google.com/"
"","amateursextv","https://www.google.com/"
"","amateursexualbliss","https://www.google.com/"
"","amateur-sexvideochat","https://www.google.com/"
"","amateur-sexvideo","https://www.google.com/"
"","amateursexvideo","https://www.google.com/"
"","amateur-sex-video","https://www.google.com/"
"","amateursexvideos24","https://www.google.com/"
"","amateursex-videos","https://www.google.com/"
"","amateur-sex-videos","https://www.google.com/"
"","amateursexvideos","https://www.google.com/"
"","amateur-sex-videos-xxx","https://www.google.com/"
"","amateursexvidz","https://www.google.com/"
"","amateursex-webcam","https://www.google.com/"
"","amateursexwebcam","https://www.google.com/"
"","amateursexwebcams","https://www.google.com/"
"","amateur-sexweb","https://www.google.com/"
"","amateur-sex-world","https://www.google.com/"
"","amateursex-x","https://www.google.com/"
"","amateursexxx","https://www.google.com/"
"","amateursfanpages","https://www.google.com/"
"","amateurs-francais","https://www.google.com/"
"","amateursfrancais","https://www.google.com/"
"","amateursfree4u","https://www.google.com/"
"","amateursfrombohemia","https://www.google.com/"
"","amateurs-fuck","https://www.google.com/"
"","amateursfuckhard","https://www.google.com/"
"","amateursfucking","https://www.google.com/"
"","amateursfuckporn","https://www.google.com/"
"","amateursfun-studio","https://www.google.com/"
"","amateursgetnaked","https://www.google.com/"
