"﻿""id""","read","recommended"
"","hot18mov","https://www.google.com/"
"","hot18","https://www.google.com/"
"","hot18teens","https://www.google.com/"
"","hot18tube","https://www.google.com/"
"","hot1search","https://www.google.com/"
"","hot1sex","https://www.google.com/"
"","hot21","https://www.google.com/"
"","hot2hot","https://www.google.com/"
"","hot2talk","https://www.google.com/"
"","hot2trott","https://www.google.com/"
"","hot3danime","https://www.google.com/"
"","hot3dfucking","https://www.google.com/"
"","hot3dgirl","https://www.google.com/"
"","hot-3d-girls","https://www.google.com/"
"","hot3dnude","https://www.google.com/"
"","hot3dx","https://www.google.com/"
"","hot3x","https://www.google.com/"
"","hot4","https://www.google.com/"
"","hot4k","https://www.google.com/"
"","hot4nylon","https://www.google.com/"
"","hot4play","https://www.google.com/"
"","hot4porn","https://www.google.com/"
"","hot4sex","https://www.google.com/"
"","hot4you","https://www.google.com/"
"","hot-50","https://www.google.com/"
"","hot50plus","https://www.google.com/"
"","hot5mins","https://www.google.com/"
"","hot60club","https://www.google.com/"
"","hot60plus","https://www.google.com/"
"","hot69cam","https://www.google.com/"
"","hot69","https://www.google.com/"
"","hot6","https://www.google.com/"
"","hot77","https://www.google.com/"
"","hotaaliyahlove","https://www.google.com/"
"","hotabbeybrooks","https://www.google.com/"
"","hotabellaanderson","https://www.google.com/"
"","hotaction","https://www.google.com/"
"","hotad","https://www.google.com/"
"","hotadri","https://www.google.com/"
"","hot-ads","https://www.google.com/"
"","hotadultcandy","https://www.google.com/"
"","hotadultclassifieds","https://www.google.com/"
"","hotadultcomics","https://www.google.com/"
"","hot-adult-dating","https://www.google.com/"
"","hotadultfilms","https://www.google.com/"
"","hotadultgals","https://www.google.com/"
"","hotadultgames","https://www.google.com/"
"","hotadultphotos","https://www.google.com/"
"","hotadultpic","https://www.google.com/"
"","hotadultpictures","https://www.google.com/"
"","hotadultpix","https://www.google.com/"
"","hotadultpornblogs","https://www.google.com/"
"","hotadultporn","https://www.google.com/"
"","hotadultsex","https://www.google.com/"
"","hotadulttoyz","https://www.google.com/"
"","hot-adult-tube","https://www.google.com/"
"","hotafricanpussy","https://www.google.com/"
"","hot","https://www.google.com/"
"","hotaged","https://www.google.com/"
"","hotalexistexas","https://www.google.com/"
"","hotalliehaze","https://www.google.com/"
"","hotalsscan","https://www.google.com/"
"","hotamateurass","https://www.google.com/"
"","hotamateurbikini","https://www.google.com/"
"","hotamateurblowjobs","https://www.google.com/"
"","hotamateurcams","https://www.google.com/"
"","hotamateurchat","https://www.google.com/"
"","hotamateurcuties","https://www.google.com/"
"","hotamateurgfs","https://www.google.com/"
"","hotamateurmature","https://www.google.com/"
"","hotamateurpages","https://www.google.com/"
"","hotamateurparty","https://www.google.com/"
"","hot-amateur-phone-sex","https://www.google.com/"
"","hotamateurphonesex","https://www.google.com/"
"","hotamateurpics","https://www.google.com/"
"","hotamateurpictures","https://www.google.com/"
"","hotamateurporn","https://www.google.com/"
"","hotamateurpornpics","https://www.google.com/"
"","hot-amateur-pussy","https://www.google.com/"
"","hotamateursex","https://www.google.com/"
"","hotamateursexvideos","https://www.google.com/"
"","hotamateurshemales","https://www.google.com/"
"","hotamateurslut","https://www.google.com/"
"","hotamateurs","https://www.google.com/"
"","hotamateursporn","https://www.google.com/"
"","hotamateurspussy","https://www.google.com/"
"","hotamateurvoyeurs","https://www.google.com/"
"","hotamateurwomen","https://www.google.com/"
"","hotamatures","https://www.google.com/"
"","hotam","https://www.google.com/"
"","hotamericanbabes","https://www.google.com/"
"","hotamericanshemales","https://www.google.com/"
"","hotanal","https://www.google.com/"
"","hotanalgirls","https://www.google.com/"
"","hotanalmom","https://www.google.com/"
"","hotanalsex","https://www.google.com/"
"","hot-anal-sex","https://www.google.com/"
"","hotanalxxx","https://www.google.com/"
"","hotandcreamy","https://www.google.com/"
"","hotandhard","https://www.google.com/"
