"﻿""id""","read","recommended"
"","hotblacktube","https://www.google.com/"
"","hotblackvids","https://www.google.com/"
"","hotblkjock","https://www.google.com/"
"","hotbloghunter","https://www.google.com/"
"","hot-blogz","https://www.google.com/"
"","hot-blonde","https://www.google.com/"
"","hotblondehousewife","https://www.google.com/"
"","hotblondepussy","https://www.google.com/"
"","hotblondesex","https://www.google.com/"
"","hotblondesnaked","https://www.google.com/"
"","hotblondessex","https://www.google.com/"
"","hotblondes","https://www.google.com/"
"","hotblondeteen","https://www.google.com/"
"","hotblondies","https://www.google.com/"
"","hotblowjob","https://www.google.com/"
"","hotblowjobmovies","https://www.google.com/"
"","hotblowjobporn","https://www.google.com/"
"","hotblowjobs","https://www.google.com/"
"","hotblowjobsporno","https://www.google.com/"
"","hot-board","https://www.google.com/"
"","hotbobbistarr","https://www.google.com/"
"","hotbobo","https://www.google.com/"
"","hotbodies","https://www.google.com/"
"","hotbodiesescorts","https://www.google.com/"
"","hotbodiesonline","https://www.google.com/"
"","hotbods","https://www.google.com/"
"","hotbodybuilderporn","https://www.google.com/"
"","hotbody","https://www.google.com/"
"","hotbodystock","https://www.google.com/"
"","hotbois","https://www.google.com/"
"","hotbollywoodwomen","https://www.google.com/"
"","hotbondagebabes","https://www.google.com/"
"","hot-bondage","https://www.google.com/"
"","hotbondage","https://www.google.com/"
"","hotbondagesex","https://www.google.com/"
"","hotboobslist","https://www.google.com/"
"","hotboots","https://www.google.com/"
"","hotbootychicks","https://www.google.com/"
"","hotbooty","https://www.google.com/"
"","hotbootypics","https://www.google.com/"
"","hotbot","https://www.google.com/"
"","hotbotmandy","https://www.google.com/"
"","hotbottomstories","https://www.google.com/"
"","hotboxhotel","https://www.google.com/"
"","hotbox","https://www.google.com/"
"","hotboxtgp","https://www.google.com/"
"","hotboxx","https://www.google.com/"
"","hotboy","https://www.google.com/"
"","hotboysatplay","https://www.google.com/"
"","hotboys","https://www.google.com/"
"","hot-boys","https://www.google.com/"
"","hotboystube","https://www.google.com/"
"","hotboyz","https://www.google.com/"
"","hotbraces","https://www.google.com/"
"","hotbreeolson","https://www.google.com/"
"","hot-bresil","https://www.google.com/"
"","hotbrooklyn","https://www.google.com/"
"","hotbrunettenude","https://www.google.com/"
"","hotbrunettes","https://www.google.com/"
"","hotbull","https://www.google.com/"
"","hotbunny","https://www.google.com/"
"","hotbunnypass","https://www.google.com/"
"","hotbunnypromotion","https://www.google.com/"
"","hotbunnys","https://www.google.com/"
"","hotbus","https://www.google.com/"
"","hotbush","https://www.google.com/"
"","hotbuster","https://www.google.com/"
"","hotbustygirls","https://www.google.com/"
"","hotbustymilfs","https://www.google.com/"
"","hotbustymoms","https://www.google.com/"
"","hotbustyteens","https://www.google.com/"
"","hotbustyteens","https://www.google.com/"
"","hotbutt","https://www.google.com/"
"","hotbuttnakedsex","https://www.google.com/"
"","hotbuttporn","https://www.google.com/"
"","hotcall24","https://www.google.com/"
"","hotcambabes","https://www.google.com/"
"","hotcamchicks","https://www.google.com/"
"","hot-cam","https://www.google.com/"
"","hotcam","https://www.google.com/"
"","hotcamera","https://www.google.com/"
"","hotcamers","https://www.google.com/"
"","hotcamgirls","https://www.google.com/"
"","hotcamgirlsnow","https://www.google.com/"
"","hotcamguys","https://www.google.com/"
"","hotcamonline","https://www.google.com/"
"","hotcampusteensblog","https://www.google.com/"
"","hotcampusteens","https://www.google.com/"
"","hotcams4you","https://www.google.com/"
"","hotcamsclub","https://www.google.com/"
"","hotcams","https://www.google.com/"
"","hotcamsex","https://www.google.com/"
"","hot-cam-sex","https://www.google.com/"
"","hotcamsgirl","https://www.google.com/"
"","hotcamsgirls","https://www.google.com/"
"","hotcamsnow","https://www.google.com/"
"","hotcamstars","https://www.google.com/"
"","hotcamstreams","https://www.google.com/"
"","hotcamstudio","https://www.google.com/"
"","hotcamworld","https://www.google.com/"
