"﻿""id""","read","recommended"
"","blogr","https://www.google.com/"
"","blog-rdvsexe","https://www.google.com/"
"","blogrencontre","https://www.google.com/"
"","blogroll","https://www.google.com/"
"","blogs2","https://www.google.com/"
"","blogs4dads","https://www.google.com/"
"","blog-sabrina","https://www.google.com/"
"","blogsadiewest","https://www.google.com/"
"","blogsamateurs","https://www.google.com/"
"","blogsandgirls","https://www.google.com/"
"","blogsashagrey","https://www.google.com/"
"","blogsboom","https://www.google.com/"
"","blogscato","https://www.google.com/"
"","blogs","https://www.google.com/"
"","blogsdecul","https://www.google.com/"
"","blogsdesexe","https://www.google.com/"
"","blogseins","https://www.google.com/"
"","blogse","https://www.google.com/"
"","blogseries","https://www.google.com/"
"","blogs-etc","https://www.google.com/"
"","blogsex","https://www.google.com/"
"","blogsexe69","https://www.google.com/"
"","blog-sexe-amateur","https://www.google.com/"
"","blogsexeasia","https://www.google.com/"
"","blog-sexe-asiatique","https://www.google.com/"
"","blog-sexeblack","https://www.google.com/"
"","blogsexe","https://www.google.com/"
"","blog-sexe","https://www.google.com/"
"","blogsexe-","https://www.google.com/"
"","blog-sexe-gratuit","https://www.google.com/"
"","blogsexegratuit","https://www.google.com/"
"","blog-sexemature","https://www.google.com/"
"","blogsexe-x","https://www.google.com/"
"","blogsexlist","https://www.google.com/"
"","blog-sex","https://www.google.com/"
"","blogsexogay","https://www.google.com/"
"","blogsexxx","https://www.google.com/"
"","blog-sexy-babe","https://www.google.com/"
"","blogsexy","https://www.google.com/"
"","blog-sexy","https://www.google.com/"
"","blogsexyvideos","https://www.google.com/"
"","blogsexyz","https://www.google.com/"
"","blogsforporn","https://www.google.com/"
"","blogsforsex","https://www.google.com/"
"","blogshemale","https://www.google.com/"
"","blogshot","https://www.google.com/"
"","blogshylastylez","https://www.google.com/"
"","blogsky","https://www.google.com/"
"","blogs-list","https://www.google.com/"
"","blogslut","https://www.google.com/"
"","blogsofporn","https://www.google.com/"
"","blogsome","https://www.google.com/"
"","blogsource","https://www.google.com/"
"","blogspace","https://www.google.com/"
"","blogspirit","https://www.google.com/"
"","blogspot","https://www.google.com/"
"","blogs-sexy","https://www.google.com/"
"","blogtasticphonesexdivas","https://www.google.com/"
"","blogt","https://www.google.com/"
"","blogteaganpresley","https://www.google.com/"
"","blogteca","https://www.google.com/"
"","blog-teen","https://www.google.com/"
"","blogterapatrick","https://www.google.com/"
"","blogter","https://www.google.com/"
"","blogtied","https://www.google.com/"
"","blog-today","https://www.google.com/"
"","blogtorylane","https://www.google.com/"
"","blogtraffic","https://www.google.com/"
"","blogtrafic","https://www.google.com/"
"","blogtransexuelle","https://www.google.com/"
"","blog-trans","https://www.google.com/"
"","blogtransgenre","https://www.google.com/"
"","blog-transsexuel","https://www.google.com/"
"","blogtruyen","https://www.google.com/"
"","blogtur","https://www.google.com/"
"","blogtwistys","https://www.google.com/"
"","bloguez","https://www.google.com/"
"","bloguje","https://www.google.com/"
"","blogup","https://www.google.com/"
"","blogviajar","https://www.google.com/"
"","blogviaje","https://www.google.com/"
"","blogvibro","https://www.google.com/"
"","blog-videos-sexe","https://www.google.com/"
"","blogvideosx","https://www.google.com/"
"","blog-video","https://www.google.com/"
"","blogvis","https://www.google.com/"
"","blog-voyeur","https://www.google.com/"
"","blogvporn","https://www.google.com/"
"","blogwars","https://www.google.com/"
"","blogwebcamsexy","https://www.google.com/"
"","blogwickedpictures","https://www.google.com/"
"","blogx","https://www.google.com/"
"","blog-x-mature","https://www.google.com/"
"","blogxsphere","https://www.google.com/"
"","blogx-videox","https://www.google.com/"
"","blog-xx","https://www.google.com/"
"","blogya","https://www.google.com/"
"","blogyoulikeahurricane","https://www.google.com/"
"","blogyourporn","https://www.google.com/"
"","blogy","https://www.google.com/"
