"﻿""id""","read","recommended"
"","beautiful-girl-sex","https://www.google.com/"
"","beautifulgirlsex","https://www.google.com/"
"","beautifulgoddess","https://www.google.com/"
"","beautifulhairypussy","https://www.google.com/"
"","beautiful-housewives","https://www.google.com/"
"","beautifulladyboys","https://www.google.com/"
"","beautifullatinas","https://www.google.com/"
"","beautifullbabes","https://www.google.com/"
"","beautifullgirls","https://www.google.com/"
"","beautifullwomen","https://www.google.com/"
"","beautifullybound","https://www.google.com/"
"","beautifullyinked","https://www.google.com/"
"","beautiful-naked-girls","https://www.google.com/"
"","beautiful-naked-models","https://www.google.com/"
"","beautifulnudeasian","https://www.google.com/"
"","beautifulnudebabes","https://www.google.com/"
"","beautifulnude","https://www.google.com/"
"","beautifulnudegirl","https://www.google.com/"
"","beautifulnudegirls","https://www.google.com/"
"","beautifulnudemodels","https://www.google.com/"
"","beautifulnudes","https://www.google.com/"
"","beautiful-nudes","https://www.google.com/"
"","beautifulolderwomen","https://www.google.com/"
"","beautifulove","https://www.google.com/"
"","beautiful-porn","https://www.google.com/"
"","beautifulporn","https://www.google.com/"
"","beautifulpornpics","https://www.google.com/"
"","beautifulpussypics","https://www.google.com/"
"","beautifulrejects","https://www.google.com/"
"","beautiful-russian-brides","https://www.google.com/"
"","beautifulsex","https://www.google.com/"
"","beautifulsexybabes","https://www.google.com/"
"","beautifulskins","https://www.google.com/"
"","beautifulslaves","https://www.google.com/"
"","beautifulsweet","https://www.google.com/"
"","beautifulteensex","https://www.google.com/"
"","beautifultits","https://www.google.com/"
"","beautiful-tranny","https://www.google.com/"
"","beautifultranny","https://www.google.com/"
"","beautifulwallpaper","https://www.google.com/"
"","beautifulwallpapers","https://www.google.com/"
"","beautifulwhores","https://www.google.com/"
"","beautiful-woman","https://www.google.com/"
"","beauty4k","https://www.google.com/"
"","beautyamateur","https://www.google.com/"
"","beautyandbeasts","https://www.google.com/"
"","beautyandbraces","https://www.google.com/"
"","beautyandhealthcareabroad","https://www.google.com/"
"","beautyandthedirt","https://www.google.com/"
"","beautyandthesenior","https://www.google.com/"
"","beautyandtheseniorhd","https://www.google.com/"
"","beautyangel","https://www.google.com/"
"","beauty-angels","https://www.google.com/"
"","beauty-archive","https://www.google.com/"
"","beautyasianboys","https://www.google.com/"
"","beautyass","https://www.google.com/"
"","beauty-av","https://www.google.com/"
"","beautybabeporn","https://www.google.com/"
"","beauty-babes","https://www.google.com/"
"","beautybag","https://www.google.com/"
"","beautybbwtube","https://www.google.com/"
"","beautybigtits","https://www.google.com/"
"","beauty-blast","https://www.google.com/"
"","beautyblond","https://www.google.com/"
"","beautyboobs","https://www.google.com/"
"","beautybowl","https://www.google.com/"
"","beautyboys","https://www.google.com/"
"","beautycam","https://www.google.com/"
"","beautycare","https://www.google.com/"
"","beautyclass","https://www.google.com/"
"","beauty-desire","https://www.google.com/"
"","beautydestroyed","https://www.google.com/"
"","beauty-exposed","https://www.google.com/"
"","beautyfotos","https://www.google.com/"
"","beautyfulangels","https://www.google.com/"
"","beautygalleries","https://www.google.com/"
"","beautygirls","https://www.google.com/"
"","beautygirl","https://www.google.com/"
"","beautyh","https://www.google.com/"
"","beautyjpgirls","https://www.google.com/"
"","beautylatinas","https://www.google.com/"
"","beautyleg","https://www.google.com/"
"","beauty-legs","https://www.google.com/"
"","beautymarket","https://www.google.com/"
"","beautymature","https://www.google.com/"
"","beautymine","https://www.google.com/"
"","beautynudeart","https://www.google.com/"
"","beautyofbbw","https://www.google.com/"
"","beauty-of-darkness","https://www.google.com/"
"","beautyoferotism","https://www.google.com/"
"","beautyofgirls","https://www.google.com/"
"","beauty-photos","https://www.google.com/"
"","beautypia","https://www.google.com/"
"","beautypink","https://www.google.com/"
"","beautyprettyteen","https://www.google.com/"
"","beauty-reality","https://www.google.com/"
"","beautyriot","https://www.google.com/"
"","beautyrussiansteen","https://www.google.com/"
"","beautyscans","https://www.google.com/"
"","beautyscastle","https://www.google.com/"
