"﻿""id""","read","recommended"
"","blackbbws","https://www.google.com/"
"","blackbdsm","https://www.google.com/"
"","blackbeachweek","https://www.google.com/"
"","blackbeardsadultresort","https://www.google.com/"
"","blackbeatinc","https://www.google.com/"
"","blackbeautifulgirls","https://www.google.com/"
"","blackbeauty24","https://www.google.com/"
"","black-beauty","https://www.google.com/"
"","blackbeautys","https://www.google.com/"
"","blackbeaver","https://www.google.com/"
"","blackbee","https://www.google.com/"
"","blackbeginners","https://www.google.com/"
"","blackbfvideos","https://www.google.com/"
"","blackbigass","https://www.google.com/"
"","blackbigtube","https://www.google.com/"
"","blackbikini","https://www.google.com/"
"","blackbird","https://www.google.com/"
"","blackbitch","https://www.google.com/"
"","blackbitches","https://www.google.com/"
"","blackbitchz","https://www.google.com/"
"","blackbj","https://www.google.com/"
"","blackbjs","https://www.google.com/"
"","blackbliss","https://www.google.com/"
"","blackblockparty","https://www.google.com/"
"","black-blog","https://www.google.com/"
"","blackblondex","https://www.google.com/"
"","blackblowjob","https://www.google.com/"
"","blackblowjobpics","https://www.google.com/"
"","blackblowjobs","https://www.google.com/"
"","blackbondage","https://www.google.com/"
"","blackbonne","https://www.google.com/"
"","blackboob","https://www.google.com/"
"","blackboobsblog","https://www.google.com/"
"","blackboobs","https://www.google.com/"
"","blackboobz","https://www.google.com/"
"","blackbookart","https://www.google.com/"
"","blackbookescorts","https://www.google.com/"
"","blackbookgirls","https://www.google.com/"
"","black-book","https://www.google.com/"
"","blackbooties","https://www.google.com/"
"","blackbootybabe","https://www.google.com/"
"","blackbootybabes","https://www.google.com/"
"","blackbootybangers","https://www.google.com/"
"","blackbootybeauties","https://www.google.com/"
"","blackbootycam","https://www.google.com/"
"","blackbooty","https://www.google.com/"
"","blackbootygals","https://www.google.com/"
"","blackbootylicious","https://www.google.com/"
"","blackbootylinks","https://www.google.com/"
"","blackbootymovies","https://www.google.com/"
"","black-booty","https://www.google.com/"
"","blackbootyphonesex","https://www.google.com/"
"","blackbootypics","https://www.google.com/"
"","blackbootypictures","https://www.google.com/"
"","blackbootyporno","https://www.google.com/"
"","blackbootysinvasions","https://www.google.com/"
"","blackbooty","https://www.google.com/"
"","blackbootyvideos","https://www.google.com/"
"","blackbootyxtasy","https://www.google.com/"
"","blackbox","https://www.google.com/"
"","blackboyaddictionz","https://www.google.com/"
"","blackboygay","https://www.google.com/"
"","blackboysites","https://www.google.com/"
"","blackboys","https://www.google.com/"
"","blackbrazilianshemales","https://www.google.com/"
"","blackbreeders","https://www.google.com/"
"","blackbritishmistress","https://www.google.com/"
"","blackbroswhitehoes1","https://www.google.com/"
"","blackbroswhitehoes","https://www.google.com/"
"","blackbusts","https://www.google.com/"
"","blackbustybabes","https://www.google.com/"
"","blackbusty","https://www.google.com/"
"","blackbuttbabes","https://www.google.com/"
"","blackbuttbounce","https://www.google.com/"
"","blackbutt","https://www.google.com/"
"","black-butter","https://www.google.com/"
"","blackbutter","https://www.google.com/"
"","blackbuttpictures","https://www.google.com/"
"","blackbutts","https://www.google.com/"
"","blackbuttsgalleries","https://www.google.com/"
"","blackbuttz","https://www.google.com/"
"","black-cafe","https://www.google.com/"
"","blackcalendargirls","https://www.google.com/"
"","blackcamgirls","https://www.google.com/"
"","blackcam","https://www.google.com/"
"","blackcams","https://www.google.com/"
"","black-cams","https://www.google.com/"
"","blackcamz","https://www.google.com/"
"","blackcaramel","https://www.google.com/"
"","blackcatgirls","https://www.google.com/"
"","blackcatparlour","https://www.google.com/"
"","blackcelebmovies","https://www.google.com/"
"","blackcelebritiesnaked","https://www.google.com/"
"","blackcelebs","https://www.google.com/"
"","blackcelebsleaked","https://www.google.com/"
"","blackchat","https://www.google.com/"
"","blackcholly","https://www.google.com/"
"","blackchristianpeoplemeet","https://www.google.com/"
"","blackchubbymoms","https://www.google.com/"
"","blackchubbymovies","https://www.google.com/"
