"﻿""id""","read","recommended"
"","blondesex","https://www.google.com/"
"","blonde-sexe","https://www.google.com/"
"","blondesexuelle","https://www.google.com/"
"","blondesexvidz","https://www.google.com/"
"","blondes-gros-seins","https://www.google.com/"
"","blondeshardcore","https://www.google.com/"
"","blondesletjes","https://www.google.com/"
"","blondesletten","https://www.google.com/"
"","blondeslovedick","https://www.google.com/"
"","blondeslut","https://www.google.com/"
"","blondesmasturbating","https://www.google.com/"
"","blondesmures","https://www.google.com/"
"","blondesnollen","https://www.google.com/"
"","blondesnonstop","https://www.google.com/"
"","blondesofporn","https://www.google.com/"
"","blondesonly","https://www.google.com/"
"","blondesporno","https://www.google.com/"
"","blondespreferblacks","https://www.google.com/"
"","blondesquirt","https://www.google.com/"
"","blondesuperstar","https://www.google.com/"
"","blondesville","https://www.google.com/"
"","blondeswithbigboobs","https://www.google.com/"
"","blondesworldwide","https://www.google.com/"
"","blondeteenblog","https://www.google.com/"
"","blondeteen","https://www.google.com/"
"","blondeteengirls","https://www.google.com/"
"","blondeteenpics","https://www.google.com/"
"","blondeteenporn","https://www.google.com/"
"","blondeteenpornvideos","https://www.google.com/"
"","blondeteensluts","https://www.google.com/"
"","blonde-teens","https://www.google.com/"
"","blondeteensnude","https://www.google.com/"
"","blondethumb","https://www.google.com/"
"","blondetits","https://www.google.com/"
"","blondetubes","https://www.google.com/"
"","blonde-venus","https://www.google.com/"
"","blondevideos","https://www.google.com/"
"","blondevision","https://www.google.com/"
"","blondevrouwen","https://www.google.com/"
"","blondewebcamgirls","https://www.google.com/"
"","blondewebcams","https://www.google.com/"
"","blondewomen","https://www.google.com/"
"","blondexxxmag","https://www.google.com/"
"","blondficktbesser","https://www.google.com/"
"","blondfuck","https://www.google.com/"
"","blond-girl","https://www.google.com/"
"","blondieblowuncut","https://www.google.com/"
"","blondiejohnson","https://www.google.com/"
"","blondine24","https://www.google.com/"
"","blondine","https://www.google.com/"
"","blondinen-amateurseite","https://www.google.com/"
"","blondinenpornos","https://www.google.com/"
"","blondinen-sex","https://www.google.com/"
"","blondiner","https://www.google.com/"
"","blondines","https://www.google.com/"
"","blondi","https://www.google.com/"
"","blondjes","https://www.google.com/"
"","blondnude","https://www.google.com/"
"","blondnudes","https://www.google.com/"
"","blondporn","https://www.google.com/"
"","blondporno","https://www.google.com/"
"","blondpussies","https://www.google.com/"
"","blondpussy","https://www.google.com/"
"","blondsfucking","https://www.google.com/"
"","blondskater","https://www.google.com/"
"","blondsonly","https://www.google.com/"
"","blond-teens","https://www.google.com/"
"","blond-und-geil","https://www.google.com/"
"","blondxxx","https://www.google.com/"
"","blondyhandjobs","https://www.google.com/"
"","blondyneczka","https://www.google.com/"
"","blondysite","https://www.google.com/"
"","bloodandfire","https://www.google.com/"
"","bloodandguts","https://www.google.com/"
"","bloodandhonour","https://www.google.com/"
"","bloodangels","https://www.google.com/"
"","blood","https://www.google.com/"
"","blood-dolls","https://www.google.com/"
"","blooded","https://www.google.com/"
"","blood-money","https://www.google.com/"
"","bloodmoonz","https://www.google.com/"
"","bloodnwine","https://www.google.com/"
"","bloodporn","https://www.google.com/"
"","bloodsuckingbabes","https://www.google.com/"
"","bloodthemovie","https://www.google.com/"
"","bloody-cherry","https://www.google.com/"
"","bloodyporn","https://www.google.com/"
"","bloodypussies","https://www.google.com/"
"","bloodypussy","https://www.google.com/"
"","bloodysex","https://www.google.com/"
"","bloodysugar","https://www.google.com/"
"","bloodytrixie","https://www.google.com/"
"","bloodyvaginas","https://www.google.com/"
"","bloodyvirgin","https://www.google.com/"
"","bloogie","https://www.google.com/"
"","bloomenjoyyourself","https://www.google.com/"
"","bloominggardens","https://www.google.com/"
"","bloopersvod","https://www.google.com/"
"","blootcams","https://www.google.com/"
"","blootfilmpjes","https://www.google.com/"
