"﻿""id""","read","recommended"
"","bondageandbdsm","https://www.google.com/"
"","bondageandblouseclassics","https://www.google.com/"
"","bondageandrestraints","https://www.google.com/"
"","bondageandtorture","https://www.google.com/"
"","bondageangel","https://www.google.com/"
"","bondageanime","https://www.google.com/"
"","bondagearchive","https://www.google.com/"
"","bondagear","https://www.google.com/"
"","bondageart","https://www.google.com/"
"","bondage-art","https://www.google.com/"
"","bondageartporn","https://www.google.com/"
"","bondageartwork","https://www.google.com/"
"","bondageass","https://www.google.com/"
"","bondageauditions","https://www.google.com/"
"","bondageavi","https://www.google.com/"
"","bondagebabes","https://www.google.com/"
"","bondage-babylon","https://www.google.com/"
"","bondagebabylon","https://www.google.com/"
"","bondageball","https://www.google.com/"
"","bondagebank","https://www.google.com/"
"","bondagebarber","https://www.google.com/"
"","bondagebarn","https://www.google.com/"
"","bondagebarrix","https://www.google.com/"
"","bondagebastard","https://www.google.com/"
"","bondagebdsm","https://www.google.com/"
"","bondage-bdsm","https://www.google.com/"
"","bondage-bdsm-fetish-sado-zart","https://www.google.com/"
"","bondagebdsmporn","https://www.google.com/"
"","bondagebeacon","https://www.google.com/"
"","bondagebedroom","https://www.google.com/"
"","bondage-berlin","https://www.google.com/"
"","bondagebigpics","https://www.google.com/"
"","bondagebilder","https://www.google.com/"
"","bondagebin","https://www.google.com/"
"","bondagebitch","https://www.google.com/"
"","bondage-bitches","https://www.google.com/"
"","bondagebitches","https://www.google.com/"
"","bondage-blog","https://www.google.com/"
"","bondageblog","https://www.google.com/"
"","bondageblogger","https://www.google.com/"
"","bondageblogs","https://www.google.com/"
"","bondageblowjob","https://www.google.com/"
"","bondageblowout","https://www.google.com/"
"","bondageboard","https://www.google.com/"
"","bondagebob","https://www.google.com/"
"","bondagebondage","https://www.google.com/"
"","bondageboobs","https://www.google.com/"
"","bondagebox","https://www.google.com/"
"","bondagebreaker","https://www.google.com/"
"","bondagebrotherhood","https://www.google.com/"
"","bondagebruno","https://www.google.com/"
"","bondagebrutal","https://www.google.com/"
"","bondagebymch","https://www.google.com/"
"","bondagebyrequest","https://www.google.com/"
"","bondagecafe","https://www.google.com/"
"","bondagecalgary","https://www.google.com/"
"","bondagecam","https://www.google.com/"
"","bondagecams","https://www.google.com/"
"","bondagecamshow","https://www.google.com/"
"","bondagecamsite","https://www.google.com/"
"","bondagecelebritypics","https://www.google.com/"
"","bondagechair","https://www.google.com/"
"","bondagechallenge","https://www.google.com/"
"","bondagechatcity","https://www.google.com/"
"","bondagechronicles","https://www.google.com/"
"","bondage-class","https://www.google.com/"
"","bondageclassics","https://www.google.com/"
"","bondageclub","https://www.google.com/"
"","bondage-club","https://www.google.com/"
"","bondageco","https://www.google.com/"
"","bondagecollars","https://www.google.com/"
"","bondage","https://www.google.com/"
"","bondagecomics","https://www.google.com/"
"","bondage-comics","https://www.google.com/"
"","bondagecomixxx","https://www.google.com/"
"","bondagecompanion","https://www.google.com/"
"","bondagecompany","https://www.google.com/"
"","bondagecontrol","https://www.google.com/"
"","bondage-cqd","https://www.google.com/"
"","bondagecrazy","https://www.google.com/"
"","bondagecrossdresser","https://www.google.com/"
"","bondagecuffs","https://www.google.com/"
"","bondagecult","https://www.google.com/"
"","bondagedamsels","https://www.google.com/"
"","bondagedate","https://www.google.com/"
"","bondagedating","https://www.google.com/"
"","bondagedaydreams","https://www.google.com/"
"","bondagedbitches","https://www.google.com/"
"","bondagedelights","https://www.google.com/"
"","bondageden","https://www.google.com/"
"","bondagedesigns","https://www.google.com/"
"","bondagedevices","https://www.google.com/"
"","bondagediaries","https://www.google.com/"
"","bondagedirectory","https://www.google.com/"
"","bondagediva","https://www.google.com/"
"","bondagedivas","https://www.google.com/"
"","bondagedoll","https://www.google.com/"
"","bondage-dolls","https://www.google.com/"
"","bondagedolls","https://www.google.com/"
"","bondage-dom","https://www.google.com/"
