"﻿""id""","read","recommended"
"","camjunkys","https://www.google.com/"
"","camkanjers","https://www.google.com/"
"","camkeep","https://www.google.com/"
"","camkelder","https://www.google.com/"
"","camkim","https://www.google.com/"
"","camkiste","https://www.google.com/"
"","camkittens","https://www.google.com/"
"","camkitty","https://www.google.com/"
"","camkittyforum","https://www.google.com/"
"","cam-kontakte","https://www.google.com/"
"","camkontakte","https://www.google.com/"
"","camlad","https://www.google.com/"
"","cam-ladies","https://www.google.com/"
"","camladies","https://www.google.com/"
"","camladyboy","https://www.google.com/"
"","camladys","https://www.google.com/"
"","camland","https://www.google.com/"
"","camleap","https://www.google.com/"
"","camletoe","https://www.google.com/"
"","camlibertine","https://www.google.com/"
"","camlicious","https://www.google.com/"
"","camlis","https://www.google.com/"
"","camlist","https://www.google.com/"
"","camlistings","https://www.google.com/"
"","cam-livechat","https://www.google.com/"
"","camlive","https://www.google.com/"
"","cam-live","https://www.google.com/"
"","camliveporn","https://www.google.com/"
"","camlives","https://www.google.com/"
"","cam-livesex","https://www.google.com/"
"","camlivesex","https://www.google.com/"
"","camliveshow","https://www.google.com/"
"","camlive-xxx","https://www.google.com/"
"","camlivexxx","https://www.google.com/"
"","camloader","https://www.google.com/"
"","camlobby","https://www.google.com/"
"","camlola","https://www.google.com/"
"","cam-lolita","https://www.google.com/"
"","camlolita","https://www.google.com/"
"","camlords","https://www.google.com/"
"","camlotto","https://www.google.com/"
"","camlovers","https://www.google.com/"
"","camluders","https://www.google.com/"
"","camlust","https://www.google.com/"
"","cammale","https://www.google.com/"
"","cammanager","https://www.google.com/"
"","cammaso","https://www.google.com/"
"","cammatrix","https://www.google.com/"
"","cammatures","https://www.google.com/"
"","cammaus","https://www.google.com/"
"","cam-media","https://www.google.com/"
"","cammeeting","https://www.google.com/"
"","cam-meiden","https://www.google.com/"
"","cammeiden","https://www.google.com/"
"","cammeisjes","https://www.google.com/"
"","cammeltoe","https://www.google.com/"
"","cammeraboys","https://www.google.com/"
"","cammerade","https://www.google.com/"
"","cammersonline","https://www.google.com/"
"","cammerz","https://www.google.com/"
"","cammetme","https://www.google.com/"
"","cammiegirls","https://www.google.com/"
"","cammies","https://www.google.com/"
"","cammiesonthefloor","https://www.google.com/"
"","camm","https://www.google.com/"
"","cammingwhore","https://www.google.com/"
"","cammistress","https://www.google.com/"
"","cammodel","https://www.google.com/"
"","cammodelconnexxxion","https://www.google.com/"
"","cammodelmanagement","https://www.google.com/"
"","cammodels","https://www.google.com/"
"","cammodelslive","https://www.google.com/"
"","cammodelstore","https://www.google.com/"
"","cammonitor","https://www.google.com/"
"","cammonsters","https://www.google.com/"
"","cammyland","https://www.google.com/"
"","camnederland","https://www.google.com/"
"","cam-net","https://www.google.com/"
"","camnetwork","https://www.google.com/"
"","cam-netz","https://www.google.com/"
"","camnetz","https://www.google.com/"
"","camnextdoor","https://www.google.com/"
"","camnor","https://www.google.com/"
"","camnu","https://www.google.com/"
"","camnudes","https://www.google.com/"
"","cam-oase","https://www.google.com/"
"","camodial","https://www.google.com/"
"","camomemille","https://www.google.com/"
"","camomile-web","https://www.google.com/"
"","cam-on","https://www.google.com/"
"","camonlinesexweb","https://www.google.com/"
"","camonster","https://www.google.com/"
"","cam-o-rama","https://www.google.com/"
"","camorama","https://www.google.com/"
"","camorgasm","https://www.google.com/"
"","camorg","https://www.google.com/"
"","camorous","https://www.google.com/"
"","camosexe","https://www.google.com/"
"","camota","https://www.google.com/"
"","camoty","https://www.google.com/"
