"﻿""id""","read","recommended"
"","amateurcontact","https://www.google.com/"
"","amateur-contrib","https://www.google.com/"
"","amateurcool","https://www.google.com/"
"","amateurcore","https://www.google.com/"
"","amateur-cougar","https://www.google.com/"
"","amateurcouple","https://www.google.com/"
"","amateurcouples","https://www.google.com/"
"","amateurcouplesex","https://www.google.com/"
"","amateurcraze","https://www.google.com/"
"","amateur-creampie","https://www.google.com/"
"","amateurcreampie","https://www.google.com/"
"","amateurcreampies","https://www.google.com/"
"","amateurcuckoldporn","https://www.google.com/"
"","amateurcuckoldwife","https://www.google.com/"
"","amateurcumbath","https://www.google.com/"
"","amateurcumfest","https://www.google.com/"
"","amateurcumlovers","https://www.google.com/"
"","amateurcumshot","https://www.google.com/"
"","amateur-cumshot","https://www.google.com/"
"","amateurcumshots","https://www.google.com/"
"","amateurcumsluts","https://www.google.com/"
"","amateurcumswallow","https://www.google.com/"
"","amateurcunts","https://www.google.com/"
"","amateurcuntsex","https://www.google.com/"
"","amateurcurves","https://www.google.com/"
"","amateurcutebabes","https://www.google.com/"
"","amateur-cutie","https://www.google.com/"
"","amateurcuties","https://www.google.com/"
"","amateurczech","https://www.google.com/"
"","amateurdaily","https://www.google.com/"
"","amateurdames","https://www.google.com/"
"","amateur-date","https://www.google.com/"
"","amateurdate","https://www.google.com/"
"","amateurdatelink","https://www.google.com/"
"","amateurdates","https://www.google.com/"
"","amateurdatingcam","https://www.google.com/"
"","amateurdatingcams","https://www.google.com/"
"","amateurdawn","https://www.google.com/"
"","amateurdefrance","https://www.google.com/"
"","amateurdelights","https://www.google.com/"
"","amateurdepartment","https://www.google.com/"
"","amateur-de-porno","https://www.google.com/"
"","amateurdeposit","https://www.google.com/"
"","amateurdesalope","https://www.google.com/"
"","amateur-de-sex","https://www.google.com/"
"","amateurdesexe","https://www.google.com/"
"","amateurdesexefrancais","https://www.google.com/"
"","amateur-desire","https://www.google.com/"
"","amateurdesires","https://www.google.com/"
"","amateurdesmonats","https://www.google.com/"
"","amateurdevils","https://www.google.com/"
"","amateurdivas","https://www.google.com/"
"","amateur-dogsex","https://www.google.com/"
"","amateurdogvids","https://www.google.com/"
"","amateurdolls","https://www.google.com/"
"","amateurdome","https://www.google.com/"
"","amateurdomina","https://www.google.com/"
"","amateurdorado","https://www.google.com/"
"","amateurdorm","https://www.google.com/"
"","amateurdough","https://www.google.com/"
"","amateur-downloads","https://www.google.com/"
"","amateurdream","https://www.google.com/"
"","amateurdreamers","https://www.google.com/"
"","amateurdreams","https://www.google.com/"
"","amateurdumbfucks","https://www.google.com/"
"","amateurdumper","https://www.google.com/"
"","amateurdump","https://www.google.com/"
"","amateur-du-sexe","https://www.google.com/"
"","amateure2000","https://www.google.com/"
"","amateure-archiv","https://www.google.com/"
"","amateure","https://www.google.com/"
"","amateure-cam","https://www.google.com/"
"","amateurecam","https://www.google.com/"
"","amateure-camsex","https://www.google.com/"
"","amateure-center","https://www.google.com/"
"","amateurechangiste","https://www.google.com/"
"","amateure-community","https://www.google.com/"
"","amateureden","https://www.google.com/"
"","amateure-erotik","https://www.google.com/"
"","amateurefinden","https://www.google.com/"
"","amateure-fuer-dich","https://www.google.com/"
"","amateure-ganz-privat","https://www.google.com/"
"","amateure-hardcore","https://www.google.com/"
"","amateure-info","https://www.google.com/"
"","amateure-intim","https://www.google.com/"
"","amateure-kostenlos","https://www.google.com/"
"","amateurelders","https://www.google.com/"
"","amateure-live-cam","https://www.google.com/"
"","amateure-livecam","https://www.google.com/"
"","amateure-live","https://www.google.com/"
"","amateurelive","https://www.google.com/"
"","amateure-livesex","https://www.google.com/"
"","amateurelivesex","https://www.google.com/"
"","amateuremail","https://www.google.com/"
"","amateure-movies","https://www.google.com/"
"","amateurempire","https://www.google.com/"
"","amateurenackt","https://www.google.com/"
"","amateure-nackt","https://www.google.com/"
"","amateurenamerica","https://www.google.com/"
"","amateurencounters","https://www.google.com/"
