"﻿""id""","read","recommended"
"","bjwhores","https://www.google.com/"
"","bjwives","https://www.google.com/"
"","bjzone","https://www.google.com/"
"","bkk141","https://www.google.com/"
"","bkmax","https://www.google.com/"
"","bknf","https://www.google.com/"
"","bksex","https://www.google.com/"
"","blablagues","https://www.google.com/"
"","blablaporn","https://www.google.com/"
"","black24sex","https://www.google.com/"
"","black2ube","https://www.google.com/"
"","black4free","https://www.google.com/"
"","black4k","https://www.google.com/"
"","black4porn","https://www.google.com/"
"","black77","https://www.google.com/"
"","blackaddiction","https://www.google.com/"
"","blackadultsex","https://www.google.com/"
"","blackadultvideos","https://www.google.com/"
"","blackalley","https://www.google.com/"
"","blackamateurbjs","https://www.google.com/"
"","blackamateurfreaks","https://www.google.com/"
"","blackamateurfuck","https://www.google.com/"
"","blackamateurs","https://www.google.com/"
"","blackamateursnaked","https://www.google.com/"
"","blackamateurxxxmag","https://www.google.com/"
"","blackambush","https://www.google.com/"
"","blackanal","https://www.google.com/"
"","blackanalfuckers","https://www.google.com/"
"","black-anal-girls","https://www.google.com/"
"","blackanalgirls","https://www.google.com/"
"","blackanalmachine","https://www.google.com/"
"","blackanalpictures","https://www.google.com/"
"","black-anal-sex","https://www.google.com/"
"","blackanalsex","https://www.google.com/"
"","blackandbeauty","https://www.google.com/"
"","blackandbig","https://www.google.com/"
"","blackandbisexual","https://www.google.com/"
"","blackandbusty","https://www.google.com/"
"","blackandgay","https://www.google.com/"
"","blackandhairy","https://www.google.com/"
"","blackandhot","https://www.google.com/"
"","blackandlatingirls","https://www.google.com/"
"","blackandrose","https://www.google.com/"
"","blackandshiny","https://www.google.com/"
"","blackandstacked","https://www.google.com/"
"","blackandtans","https://www.google.com/"
"","blackandwet","https://www.google.com/"
"","blackandwhite","https://www.google.com/"
"","black-and-white","https://www.google.com/"
"","blackandwhiteorgy","https://www.google.com/"
"","blackandwhitephonesex","https://www.google.com/"
"","blackandwhiteporno","https://www.google.com/"
"","blackandwhitesingles","https://www.google.com/"
"","blackandyoung","https://www.google.com/"
"","blackangel-halle","https://www.google.com/"
"","blackangelhawaii","https://www.google.com/"
"","blackangelica","https://www.google.com/"
"","blackangelikaporn","https://www.google.com/"
"","blackangelvideo","https://www.google.com/"
"","black-a-porn","https://www.google.com/"
"","blackapplehost","https://www.google.com/"
"","blackartsalliance","https://www.google.com/"
"","blackassbusters","https://www.google.com/"
"","blackasscheeks","https://www.google.com/"
"","black-ass","https://www.google.com/"
"","blackass","https://www.google.com/"
"","black-asses-and-elbows","https://www.google.com/"
"","blackassfest","https://www.google.com/"
"","blackassfever","https://www.google.com/"
"","blackassheaven","https://www.google.com/"
"","blackassinpublic","https://www.google.com/"
"","blackassnpussy","https://www.google.com/"
"","blackasspics","https://www.google.com/"
"","blackasspictures","https://www.google.com/"
"","blackasspornclips","https://www.google.com/"
"","blackasspussy","https://www.google.com/"
"","blackass","https://www.google.com/"
"","blackasswebcam","https://www.google.com/"
"","blackbabe","https://www.google.com/"
"","black-babe-porn","https://www.google.com/"
"","black-babes-1","https://www.google.com/"
"","blackbabesclips","https://www.google.com/"
"","blackbabes","https://www.google.com/"
"","black-babes","https://www.google.com/"
"","black-babes-online","https://www.google.com/"
"","blackbabespornphotos","https://www.google.com/"
"","blackbabestube","https://www.google.com/"
"","blackbachelor","https://www.google.com/"
"","blackbacks","https://www.google.com/"
"","blackballz","https://www.google.com/"
"","blackbananacasino","https://www.google.com/"
"","blackbang","https://www.google.com/"
"","blackbanged","https://www.google.com/"
"","blackbarbara","https://www.google.com/"
"","blackbarrie","https://www.google.com/"
"","blackbaybees","https://www.google.com/"
"","blackbay","https://www.google.com/"
"","blackbbw","https://www.google.com/"
"","blackbbwfacesitters","https://www.google.com/"
"","blackbbwfuck","https://www.google.com/"
