"﻿""id""","read","recommended"
"","justemogfs","https://www.google.com/"
"","juste-pour-une-baise","https://www.google.com/"
"","juste-pour-un-soir","https://www.google.com/"
"","just-erotic","https://www.google.com/"
"","justesexe","https://www.google.com/"
"","justexgirlfriends","https://www.google.com/"
"","justfacials","https://www.google.com/"
"","justfashionmodels","https://www.google.com/"
"","justfeelsexy","https://www.google.com/"
"","just-fetish","https://www.google.com/"
"","justfetish","https://www.google.com/"
"","justfind","https://www.google.com/"
"","justfindnow","https://www.google.com/"
"","justfor","https://www.google.com/"
"","justforfun","https://www.google.com/"
"","justforpleasurenc","https://www.google.com/"
"","justfortonight","https://www.google.com/"
"","justfreeadultcams","https://www.google.com/"
"","justfreecams","https://www.google.com/"
"","justfreeporn","https://www.google.com/"
"","justfreeporns","https://www.google.com/"
"","justfriendsmovie","https://www.google.com/"
"","justfuckher","https://www.google.com/"
"","justfuckinghorny","https://www.google.com/"
"","justfuckingteens","https://www.google.com/"
"","justfucklinks","https://www.google.com/"
"","justfuckmebaby","https://www.google.com/"
"","justfuckpics","https://www.google.com/"
"","justfucktube","https://www.google.com/"
"","justfy","https://www.google.com/"
"","justgalleries","https://www.google.com/"
"","justgayblackcock","https://www.google.com/"
"","justgayboys","https://www.google.com/"
"","justgayhardcore","https://www.google.com/"
"","justgay","https://www.google.com/"
"","justgaysex","https://www.google.com/"
"","justgaytube","https://www.google.com/"
"","just-girls","https://www.google.com/"
"","justgirls","https://www.google.com/"
"","justgivemefeet","https://www.google.com/"
"","justgonegay","https://www.google.com/"
"","justgoo","https://www.google.com/"
"","justgr8","https://www.google.com/"
"","justgreatporn","https://www.google.com/"
"","justgreatsex","https://www.google.com/"
"","justguys","https://www.google.com/"
"","justhairygirls","https://www.google.com/"
"","justhardcoreporn","https://www.google.com/"
"","justhardcoresex","https://www.google.com/"
"","justhdporn","https://www.google.com/"
"","justhentai","https://www.google.com/"
"","justhighheels","https://www.google.com/"
"","justhookup","https://www.google.com/"
"","justhotbabes","https://www.google.com/"
"","justhotmilf","https://www.google.com/"
"","justicebabes","https://www.google.com/"
"","justicehentai","https://www.google.com/"
"","justicehoward","https://www.google.com/"
"","justidols","https://www.google.com/"
"","justindecerous","https://www.google.com/"
"","justindianporn2","https://www.google.com/"
"","justindianporn","https://www.google.com/"
"","justindiansex","https://www.google.com/"
"","justineanddiana","https://www.google.com/"
"","justineelyot","https://www.google.com/"
"","justinejoli","https://www.google.com/"
"","justinejolie","https://www.google.com/"
"","justinesbedroom","https://www.google.com/"
"","justin-jones","https://www.google.com/"
"","justinslayer","https://www.google.com/"
"","justinslayerporn","https://www.google.com/"
"","justintimberlake","https://www.google.com/"
"","justintowne","https://www.google.com/"
"","justits","https://www.google.com/"
"","justjackin","https://www.google.com/"
"","just-jamie","https://www.google.com/"
"","justjanine","https://www.google.com/"
"","justjared","https://www.google.com/"
"","justjennajameson","https://www.google.com/"
"","justjenny","https://www.google.com/"
"","justjokey","https://www.google.com/"
"","justjoy","https://www.google.com/"
"","justjuggs","https://www.google.com/"
"","justkerri","https://www.google.com/"
"","justkissing","https://www.google.com/"
"","justlatinas","https://www.google.com/"
"","justlegalbabes","https://www.google.com/"
"","justlegal","https://www.google.com/"
"","just-legal","https://www.google.com/"
"","justlesbianpussy","https://www.google.com/"
"","justlesbiansex","https://www.google.com/"
"","justlesbos","https://www.google.com/"
"","justlinda","https://www.google.com/"
"","justlookingforlinks","https://www.google.com/"
"","justman2man","https://www.google.com/"
"","justmarian","https://www.google.com/"
"","justmature","https://www.google.com/"
"","justmatureporn","https://www.google.com/"
"","justme","https://www.google.com/"
"","justmelons","https://www.google.com/"
