"﻿""id""","read","recommended"
"","envirosafe","https://www.google.com/"
"","envisionextadult","https://www.google.com/"
"","envisionworks","https://www.google.com/"
"","envoie-du-gros","https://www.google.com/"
"","envoile","https://www.google.com/"
"","envoutante","https://www.google.com/"
"","envrai","https://www.google.com/"
"","envycams","https://www.google.com/"
"","envy","https://www.google.com/"
"","envyteens","https://www.google.com/"
"","enysex","https://www.google.com/"
"","enzomovies","https://www.google.com/"
"","enzymebio","https://www.google.com/"
"","eogle","https://www.google.com/"
"","eonlogic","https://www.google.com/"
"","eonman","https://www.google.com/"
"","eonmckai","https://www.google.com/"
"","eoredi","https://www.google.com/"
"","ep89","https://www.google.com/"
"","epagerank","https://www.google.com/"
"","epantyhoseland","https://www.google.com/"
"","epantyhose","https://www.google.com/"
"","eparty","https://www.google.com/"
"","epenis","https://www.google.com/"
"","e-photographie","https://www.google.com/"
"","epicafri","https://www.google.com/"
"","epicbikini","https://www.google.com/"
"","epicboner","https://www.google.com/"
"","epicboobys","https://www.google.com/"
"","epiccams","https://www.google.com/"
"","epiccamtime","https://www.google.com/"
"","epicetavie","https://www.google.com/"
"","epicfuckingfail","https://www.google.com/"
"","epicgems","https://www.google.com/"
"","epichandjobs","https://www.google.com/"
"","epichardcore","https://www.google.com/"
"","epichotties","https://www.google.com/"
"","epicomg","https://www.google.com/"
"","epicpandacash","https://www.google.com/"
"","epicporntube","https://www.google.com/"
"","epicpornvideos","https://www.google.com/"
"","epicsaholic","https://www.google.com/"
"","epicsex","https://www.google.com/"
"","epicteen","https://www.google.com/"
"","epicwebcams","https://www.google.com/"
"","epic-world","https://www.google.com/"
"","epiczips","https://www.google.com/"
"","epikporn","https://www.google.com/"
"","epilepsy-brain-mind2014","https://www.google.com/"
"","e-pimp","https://www.google.com/"
"","epimps","https://www.google.com/"
"","episodeporn","https://www.google.com/"
"","epitelesis","https://www.google.com/"
"","epixxx","https://www.google.com/"
"","eplay","https://www.google.com/"
"","eplump","https://www.google.com/"
"","epmania","https://www.google.com/"
"","epochstats","https://www.google.com/"
"","e-poker-2005","https://www.google.com/"
"","e-poker","https://www.google.com/"
"","e-pornblog","https://www.google.com/"
"","epornclips","https://www.google.com/"
"","epornercams","https://www.google.com/"
"","eporner","https://www.google.com/"
"","epornhd","https://www.google.com/"
"","epornia","https://www.google.com/"
"","epornik","https://www.google.com/"
"","eporno","https://www.google.com/"
"","epornography","https://www.google.com/"
"","epornogratis","https://www.google.com/"
"","e-porno","https://www.google.com/"
"","epornos","https://www.google.com/"
"","epornovideo","https://www.google.com/"
"","epornpics","https://www.google.com/"
"","epornreview","https://www.google.com/"
"","epornsearch","https://www.google.com/"
"","epornstar","https://www.google.com/"
"","eporntv","https://www.google.com/"
"","e-porn-world","https://www.google.com/"
"","epornz","https://www.google.com/"
"","epouse-mature","https://www.google.com/"
"","epouse-offerte","https://www.google.com/"
"","epovidky","https://www.google.com/"
"","epovo","https://www.google.com/"
"","epoxypol","https://www.google.com/"
"","eppdc","https://www.google.com/"
"","eprivate","https://www.google.com/"
"","eprst","https://www.google.com/"
"","eps-erotik","https://www.google.com/"
"","epsilonhentai","https://www.google.com/"
"","epsilon","https://www.google.com/"
"","epussycats","https://www.google.com/"
"","epussy","https://www.google.com/"
"","epycure","https://www.google.com/"
"","eqek","https://www.google.com/"
"","eqmodels","https://www.google.com/"
"","equaliser","https://www.google.com/"
"","equbits","https://www.google.com/"
"","equi-booru","https://www.google.com/"
"","equibooru","https://www.google.com/"
