"﻿""id""","read","recommended"
"","adultfriendfinderblog","https://www.google.com/"
"","adultfriendfinder","https://www.google.com/"
"","adult-friendfinder","https://www.google.com/"
"","adultfriend-finder","https://www.google.com/"
"","adultfriendfindercom","https://www.google.com/"
"","adultfriendfinderinc","https://www.google.com/"
"","adult-friend-finder","https://www.google.com/"
"","adultfriendfinder-personals","https://www.google.com/"
"","adultfriendfinderr","https://www.google.com/"
"","adultfriendfinders","https://www.google.com/"
"","adult-friend-finder-sex","https://www.google.com/"
"","adultfriendfindersites","https://www.google.com/"
"","adultfriendfnder","https://www.google.com/"
"","adultfriend","https://www.google.com/"
"","adultfriendfrinders","https://www.google.com/"
"","adultfriendfucker","https://www.google.com/"
"","adultfriendlyhosting","https://www.google.com/"
"","adultfriends","https://www.google.com/"
"","adultfriendsearch","https://www.google.com/"
"","adultfriendseek","https://www.google.com/"
"","adultfriendsexfinder","https://www.google.com/"
"","adultfriendsite","https://www.google.com/"
"","adultfrontier","https://www.google.com/"
"","adultfuck","https://www.google.com/"
"","adultfuckers","https://www.google.com/"
"","adultfuckfilms","https://www.google.com/"
"","adultfuckfinder","https://www.google.com/"
"","adultfuckfinders","https://www.google.com/"
"","adultfuk","https://www.google.com/"
"","adultfun4u","https://www.google.com/"
"","adultfun","https://www.google.com/"
"","adultfund","https://www.google.com/"
"","adultfundirectory","https://www.google.com/"
"","adult-fun","https://www.google.com/"
"","adultfunnypictures","https://www.google.com/"
"","adultfunonline","https://www.google.com/"
"","adultfuntoys","https://www.google.com/"
"","adultfurryartgalleries","https://www.google.com/"
"","adultfurry","https://www.google.com/"
"","adultfyi","https://www.google.com/"
"","adultgaga","https://www.google.com/"
"","adultgaggifts","https://www.google.com/"
"","adultgalaxy","https://www.google.com/"
"","adultgal","https://www.google.com/"
"","adultgalleria","https://www.google.com/"
"","adultgalleries","https://www.google.com/"
"","adultgalls","https://www.google.com/"
"","adult-gals","https://www.google.com/"
"","adultgambler","https://www.google.com/"
"","adultgamecity","https://www.google.com/"
"","adultgameexchange","https://www.google.com/"
"","adultgamepass","https://www.google.com/"
"","adultgamereviews","https://www.google.com/"
"","adultgames18","https://www.google.com/"
"","adult-games-3d","https://www.google.com/"
"","adultgamescenter","https://www.google.com/"
"","adultgamescollector","https://www.google.com/"
"","adultgames","https://www.google.com/"
"","adultgamesheaven","https://www.google.com/"
"","adultgamesnews","https://www.google.com/"
"","adultgameson","https://www.google.com/"
"","adultgamesportal","https://www.google.com/"
"","adultgamestop","https://www.google.com/"
"","adult-gamex","https://www.google.com/"
"","adultgangbang","https://www.google.com/"
"","adultgatekeeper","https://www.google.com/"
"","adultgayboys","https://www.google.com/"
"","adultgaycams","https://www.google.com/"
"","adultgaynudes","https://www.google.com/"
"","adultgays","https://www.google.com/"
"","adult-gay-sex","https://www.google.com/"
"","adultgaysex","https://www.google.com/"
"","adultgayshop","https://www.google.com/"
"","adultgaysite","https://www.google.com/"
"","adultgaysites","https://www.google.com/"
"","adultgayvideos","https://www.google.com/"
"","adult-gazou","https://www.google.com/"
"","adultgeek","https://www.google.com/"
"","adultgenot","https://www.google.com/"
"","adultgids","https://www.google.com/"
"","adultgif","https://www.google.com/"
"","adultgifts","https://www.google.com/"
"","adultgiftstore","https://www.google.com/"
"","adultgifworld","https://www.google.com/"
"","adultgirlcams","https://www.google.com/"
"","adultgirl","https://www.google.com/"
"","adultgirls","https://www.google.com/"
"","adultgirlsex","https://www.google.com/"
"","adultglamour","https://www.google.com/"
"","adultgle","https://www.google.com/"
"","adultgogo","https://www.google.com/"
"","adultgoldclass","https://www.google.com/"
"","adultgoldsites","https://www.google.com/"
"","adultgoodies","https://www.google.com/"
"","adult-goods","https://www.google.com/"
"","adultgoods-dragon","https://www.google.com/"
"","adultgoods-jp","https://www.google.com/"
"","adultgrafitti","https://www.google.com/"
"","adultgranny","https://www.google.com/"
"","adultgrannyphotos","https://www.google.com/"
