"﻿""id""","read","recommended"
"","3-way","https://www.google.com/"
"","3wayfuck","https://www.google.com/"
"","3waysex","https://www.google.com/"
"","3waytraffic","https://www.google.com/"
"","3web","https://www.google.com/"
"","3wishes","https://www.google.com/"
"","3wisheslingerie","https://www.google.com/"
"","3wisp","https://www.google.com/"
"","3x3","https://www.google.com/"
"","3x4free","https://www.google.com/"
"","3x4","https://www.google.com/"
"","3x4sex","https://www.google.com/"
"","3x4u","https://www.google.com/"
"","3x4you","https://www.google.com/"
"","3xamateurporn","https://www.google.com/"
"","3xanal","https://www.google.com/"
"","3x-art","https://www.google.com/"
"","3xartporn","https://www.google.com/"
"","3xasia","https://www.google.com/"
"","3xasianporn","https://www.google.com/"
"","3xasians","https://www.google.com/"
"","3xbabes","https://www.google.com/"
"","3xbbs","https://www.google.com/"
"","3xbbw","https://www.google.com/"
"","3xbigboobs","https://www.google.com/"
"","3xblogs","https://www.google.com/"
"","3xbondagesex","https://www.google.com/"
"","3xboutique","https://www.google.com/"
"","3xcartoon","https://www.google.com/"
"","3xcartoons","https://www.google.com/"
"","3xcartoonz","https://www.google.com/"
"","3xcelebrities","https://www.google.com/"
"","3xclips","https://www.google.com/"
"","3xcn","https://www.google.com/"
"","3xcuties","https://www.google.com/"
"","3xdl","https://www.google.com/"
"","3xeroticbabes","https://www.google.com/"
"","3xeuroporn","https://www.google.com/"
"","3xfetishsex","https://www.google.com/"
"","3xfirsttimesex","https://www.google.com/"
"","3xfisting","https://www.google.com/"
"","3xforum","https://www.google.com/"
"","3xfr","https://www.google.com/"
"","3xfree","https://www.google.com/"
"","3xfreetube","https://www.google.com/"
"","3x-fun","https://www.google.com/"
"","3x-galleries","https://www.google.com/"
"","3xgallery","https://www.google.com/"
"","3xgays","https://www.google.com/"
"","3xgirlzmag","https://www.google.com/"
"","3xglam","https://www.google.com/"
"","3xhdporn","https://www.google.com/"
"","3xhd","https://www.google.com/"
"","3xhentai","https://www.google.com/"
"","3xhomemadeporn","https://www.google.com/"
"","3xhoney","https://www.google.com/"
"","3xhotbabes","https://www.google.com/"
"","3xhq","https://www.google.com/"
"","3xindianmovies","https://www.google.com/"
"","3xindiansex","https://www.google.com/"
"","3xinterracial","https://www.google.com/"
"","3xinterracialmovies","https://www.google.com/"
"","3xkittens","https://www.google.com/"
"","3xlivesex","https://www.google.com/"
"","3xmail","https://www.google.com/"
"","3x-mature","https://www.google.com/"
"","3xmature","https://www.google.com/"
"","3xmax","https://www.google.com/"
"","3xmilfporn","https://www.google.com/"
"","3xmovies","https://www.google.com/"
"","3x-mpeg","https://www.google.com/"
"","3xmpeg","https://www.google.com/"
"","3xmuscles","https://www.google.com/"
"","3xnews","https://www.google.com/"
"","3xnight","https://www.google.com/"
"","3xniks","https://www.google.com/"
"","3xnow","https://www.google.com/"
"","3xnubiles","https://www.google.com/"
"","3xnudeart","https://www.google.com/"
"","3xnudes","https://www.google.com/"
"","3xnylonstockings","https://www.google.com/"
"","3x-online","https://www.google.com/"
"","3xpee","https://www.google.com/"
"","3xphoto","https://www.google.com/"
"","3xphotos","https://www.google.com/"
"","3x-pictures","https://www.google.com/"
"","3xplace","https://www.google.com/"
"","3xpla","https://www.google.com/"
"","3xplanet","https://www.google.com/"
"","3xporn","https://www.google.com/"
"","3xpornfree","https://www.google.com/"
"","3xpornlinks","https://www.google.com/"
"","3xpornstar","https://www.google.com/"
"","3xpornvideo","https://www.google.com/"
"","3xpreview","https://www.google.com/"
"","3xprivatemilfsex","https://www.google.com/"
"","3xproposal","https://www.google.com/"
"","3xretroporn","https://www.google.com/"
"","3x","https://www.google.com/"
"","3xse","https://www.google.com/"
