"﻿""id""","read","recommended"
"","crazycamgirl","https://www.google.com/"
"","crazycamz","https://www.google.com/"
"","crazy-cards","https://www.google.com/"
"","crazycfnm","https://www.google.com/"
"","crazychat","https://www.google.com/"
"","crazycheerleaders","https://www.google.com/"
"","crazychicas","https://www.google.com/"
"","crazychicks","https://www.google.com/"
"","crazycollegechicks","https://www.google.com/"
"","crazycollegecoeds","https://www.google.com/"
"","crazycollegegfs","https://www.google.com/"
"","crazycumshots","https://www.google.com/"
"","crazydates","https://www.google.com/"
"","crazydaughter","https://www.google.com/"
"","crazydaughters","https://www.google.com/"
"","crazydeepthroat","https://www.google.com/"
"","crazydindon","https://www.google.com/"
"","crazydoctors","https://www.google.com/"
"","crazydogsex","https://www.google.com/"
"","crazydoodle","https://www.google.com/"
"","crazydp","https://www.google.com/"
"","crazy-duck","https://www.google.com/"
"","crazydumper","https://www.google.com/"
"","crazydump","https://www.google.com/"
"","crazyerniesblog","https://www.google.com/"
"","crazy-ernies","https://www.google.com/"
"","crazyernies","https://www.google.com/"
"","crazy-erotica","https://www.google.com/"
"","crazyexgfs","https://www.google.com/"
"","crazyfatpics","https://www.google.com/"
"","crazyfeetlinks","https://www.google.com/"
"","crazyfemdom","https://www.google.com/"
"","crazyfetishes","https://www.google.com/"
"","crazyfetishpass","https://www.google.com/"
"","crazyfetishporn","https://www.google.com/"
"","crazyfetishworld","https://www.google.com/"
"","crazyfilth","https://www.google.com/"
"","crazy-fisting","https://www.google.com/"
"","crazy-flirt","https://www.google.com/"
"","crazyflirts","https://www.google.com/"
"","crazyforboys","https://www.google.com/"
"","crazyforyou","https://www.google.com/"
"","crazyfuckedupshit","https://www.google.com/"
"","crazyfuckingsluts","https://www.google.com/"
"","crazyfunnypics","https://www.google.com/"
"","crazygallery","https://www.google.com/"
"","crazygalls","https://www.google.com/"
"","crazygaybus","https://www.google.com/"
"","crazygayporn","https://www.google.com/"
"","crazygayporno","https://www.google.com/"
"","crazygaysex","https://www.google.com/"
"","crazygaystories","https://www.google.com/"
"","crazygf","https://www.google.com/"
"","crazygfs","https://www.google.com/"
"","crazygirls","https://www.google.com/"
"","crazygrandmapics","https://www.google.com/"
"","crazygrandmotherpictures","https://www.google.com/"
"","crazygranny","https://www.google.com/"
"","crazygrannyfuck","https://www.google.com/"
"","crazygrannypics","https://www.google.com/"
"","crazygreen","https://www.google.com/"
"","crazyhardcore","https://www.google.com/"
"","crazyhardcoreporn","https://www.google.com/"
"","crazy-heels","https://www.google.com/"
"","crazyhentaisex","https://www.google.com/"
"","crazyhoes","https://www.google.com/"
"","crazyholes","https://www.google.com/"
"","crazyhomesex","https://www.google.com/"
"","crazyhoneys","https://www.google.com/"
"","crazyhooker","https://www.google.com/"
"","crazyhorse","https://www.google.com/"
"","crazyhorsegirls","https://www.google.com/"
"","crazyhorse-sf","https://www.google.com/"
"","crazyhost","https://www.google.com/"
"","crazyhotfuck","https://www.google.com/"
"","crazyhotmodels","https://www.google.com/"
"","crazyhyena","https://www.google.com/"
"","crazy-in-public","https://www.google.com/"
"","crazyinsertion","https://www.google.com/"
"","crazyjapansex","https://www.google.com/"
"","crazyjizz","https://www.google.com/"
"","crazy-latex","https://www.google.com/"
"","crazyleg","https://www.google.com/"
"","crazylesbianorgies","https://www.google.com/"
"","crazylesbianporn","https://www.google.com/"
"","crazylingerie","https://www.google.com/"
"","crazylinks","https://www.google.com/"
"","crazylittlebitch","https://www.google.com/"
"","crazylivecam","https://www.google.com/"
"","crazylover","https://www.google.com/"
"","crazymaturefuck","https://www.google.com/"
"","crazymatures","https://www.google.com/"
"","crazymaturesunday","https://www.google.com/"
"","crazymaturetube","https://www.google.com/"
"","crazymaturewoman","https://www.google.com/"
"","crazymgp","https://www.google.com/"
"","crazymilfpics","https://www.google.com/"
"","crazymob","https://www.google.com/"
"","crazy-models","https://www.google.com/"
"","crazymomstube","https://www.google.com/"
