"﻿""id""","read","recommended"
"","clubjerrilee","https://www.google.com/"
"","club-jessarhodes","https://www.google.com/"
"","clubjessejane","https://www.google.com/"
"","clubjessejordan","https://www.google.com/"
"","clubjessicabangkok","https://www.google.com/"
"","clubjessicadrake","https://www.google.com/"
"","clubjessicakoks","https://www.google.com/"
"","club-jessicalynn","https://www.google.com/"
"","clubjessicarox","https://www.google.com/"
"","clubjessicavalentino","https://www.google.com/"
"","club-jessieandrews","https://www.google.com/"
"","clubjessierogers","https://www.google.com/"
"","club-jessievolt","https://www.google.com/"
"","clubjessipalmer","https://www.google.com/"
"","club-jeunes","https://www.google.com/"
"","clubjewelbancroft","https://www.google.com/"
"","clubjewelsjade","https://www.google.com/"
"","clubjimmy","https://www.google.com/"
"","clubjizz","https://www.google.com/"
"","clubjordankingsley","https://www.google.com/"
"","clubjoy","https://www.google.com/"
"","clubjugs","https://www.google.com/"
"","clubjuliaann","https://www.google.com/"
"","club-juliabond","https://www.google.com/"
"","clubjuliabond","https://www.google.com/"
"","clubjuli","https://www.google.com/"
"","clubjustenejaro","https://www.google.com/"
"","club-jynxmaze","https://www.google.com/"
"","clubkaceyjordan","https://www.google.com/"
"","clubkacistar","https://www.google.com/"
"","clubkagneylinnkarter","https://www.google.com/"
"","club-kaiyalynn","https://www.google.com/"
"","clubkalee","https://www.google.com/"
"","clubkapristyles","https://www.google.com/"
"","clubkarabare","https://www.google.com/"
"","clubkaranovak","https://www.google.com/"
"","clubkaratai","https://www.google.com/"
"","clubkarinawhite","https://www.google.com/"
"","clubkarliemontana","https://www.google.com/"
"","club-katiefey","https://www.google.com/"
"","clubkatiejordan","https://www.google.com/"
"","clubkatiekox","https://www.google.com/"
"","clubkatiesummers","https://www.google.com/"
"","clubkatrin","https://www.google.com/"
"","clubkatsuni","https://www.google.com/"
"","clubkayden","https://www.google.com/"
"","club-kaydenkross","https://www.google.com/"
"","clubkaylanilei","https://www.google.com/"
"","club-kaylapaige","https://www.google.com/"
"","clubkayleehilton","https://www.google.com/"
"","clubkaymekai","https://www.google.com/"
"","clubkees","https://www.google.com/"
"","club-kellydivine","https://www.google.com/"
"","clubkellyklass","https://www.google.com/"
"","club-kellywells","https://www.google.com/"
"","club-kendallkarson","https://www.google.com/"
"","clubkenziemarie","https://www.google.com/"
"","clubkerielane","https://www.google.com/"
"","clubkikividis","https://www.google.com/"
"","clubkimberlyfranklin","https://www.google.com/"
"","clubkimkennedy","https://www.google.com/"
"","clubkimmyolsen","https://www.google.com/"
"","clubkimmythai","https://www.google.com/"
"","clubkimtao","https://www.google.com/"
"","clubkinakai","https://www.google.com/"
"","clubkinziekenner","https://www.google.com/"
"","clubkissablekaydin","https://www.google.com/"
"","club-kiss","https://www.google.com/"
"","clubkisskristin","https://www.google.com/"
"","clubkitazen","https://www.google.com/"
"","clubkittybella","https://www.google.com/"
"","clubkloekane","https://www.google.com/"
"","clubkodigamble","https://www.google.com/"
"","clubkortneykane","https://www.google.com/"
"","clubkrissylynn","https://www.google.com/"
"","clubkristinafey","https://www.google.com/"
"","clubkristinarose","https://www.google.com/"
"","clubkyatropic","https://www.google.com/"
"","clubkyleereese","https://www.google.com/"
"","clubkyleestrutt","https://www.google.com/"
"","clubkylierachelle","https://www.google.com/"
"","clubkyrablack","https://www.google.com/"
"","clublaceyduvalle","https://www.google.com/"
"","clubladiesnight","https://www.google.com/"
"","clubladyboy","https://www.google.com/"
"","club-lamaison","https://www.google.com/"
"","clublapaloma","https://www.google.com/"
"","clublatinspice","https://www.google.com/"
"","clublavieenrose","https://www.google.com/"
"","clublavishstyles","https://www.google.com/"
"","clublaylarose","https://www.google.com/"
"","clublaynalaurel","https://www.google.com/"
"","clubl","https://www.google.com/"
"","clublediderot","https://www.google.com/"
"","clublegends","https://www.google.com/"
"","clubleilanileeane","https://www.google.com/"
"","clublela","https://www.google.com/"
"","club-lelastar","https://www.google.com/"
"","clublenanicole","https://www.google.com/"
"","club-leparadis","https://www.google.com/"
