"﻿""id""","read","recommended"
"","free-sex-pornstar","https://www.google.com/"
"","freesexpornvideo","https://www.google.com/"
"","freesexportal","https://www.google.com/"
"","freesexpositionspics","https://www.google.com/"
"","free-sex-prince","https://www.google.com/"
"","freesexproducts","https://www.google.com/"
"","freesexprofile","https://www.google.com/"
"","free-sex-pussy","https://www.google.com/"
"","freesexpussy","https://www.google.com/"
"","freesexroom","https://www.google.com/"
"","freesexrus","https://www.google.com/"
"","freesexsamples","https://www.google.com/"
"","freesexs","https://www.google.com/"
"","freesexsearch","https://www.google.com/"
"","freesexsearchengine","https://www.google.com/"
"","free-sex-sexy-gallery","https://www.google.com/"
"","freesexsexygirls","https://www.google.com/"
"","freesexshow","https://www.google.com/"
"","freesexshows","https://www.google.com/"
"","freesexsimulator","https://www.google.com/"
"","free-sex-site","https://www.google.com/"
"","freesexsite","https://www.google.com/"
"","freesexsites","https://www.google.com/"
"","freesexsitespy","https://www.google.com/"
"","freesexsluts","https://www.google.com/"
"","free-sex-station","https://www.google.com/"
"","free-sex-stories","https://www.google.com/"
"","freesexstories","https://www.google.com/"
"","freesex-stories","https://www.google.com/"
"","freesexstory","https://www.google.com/"
"","free-sex-story","https://www.google.com/"
"","free-sex-storys","https://www.google.com/"
"","freesexstream","https://www.google.com/"
"","freesextalk","https://www.google.com/"
"","freesexteen","https://www.google.com/"
"","freesex-tgp","https://www.google.com/"
"","freesextgp","https://www.google.com/"
"","free-sex-thumbs","https://www.google.com/"
"","freesextour","https://www.google.com/"
"","freesextown","https://www.google.com/"
"","freesextube4u","https://www.google.com/"
"","freesextube","https://www.google.com/"
"","freesextubemovies","https://www.google.com/"
"","freesextuber","https://www.google.com/"
"","freesextubes","https://www.google.com/"
"","freesextubesites","https://www.google.com/"
"","freesextubevideos","https://www.google.com/"
"","free-sex-tube-videos","https://www.google.com/"
"","free-sex-tv","https://www.google.com/"
"","freesextv","https://www.google.com/"
"","freesexualgalleries","https://www.google.com/"
"","freesexusa","https://www.google.com/"
"","freesexvidea","https://www.google.com/"
"","freesexvideo","https://www.google.com/"
"","free-sex-video","https://www.google.com/"
"","freesexvideos2k","https://www.google.com/"
"","freesexvideos69","https://www.google.com/"
"","freesexvideos","https://www.google.com/"
"","free-sex-videos","https://www.google.com/"
"","free-sexvideos","https://www.google.com/"
"","freesexvideosdownload","https://www.google.com/"
"","free-sex-videos-online","https://www.google.com/"
"","freesexvideosworld","https://www.google.com/"
"","free-sex-vids","https://www.google.com/"
"","freesexvids","https://www.google.com/"
"","freesexvip","https://www.google.com/"
"","freesexvivos","https://www.google.com/"
"","freesexvoyage","https://www.google.com/"
"","freesexwebcam","https://www.google.com/"
"","free-sex-webcam-chat","https://www.google.com/"
"","freesexwebcams","https://www.google.com/"
"","freesexwebhosting","https://www.google.com/"
"","freesexworld","https://www.google.com/"
"","freesexx","https://www.google.com/"
"","freesexxpics","https://www.google.com/"
"","freesexxx","https://www.google.com/"
"","freesexxxmovie","https://www.google.com/"
"","freesexxxsites","https://www.google.com/"
"","freesexxxstories","https://www.google.com/"
"","freesexxxxx","https://www.google.com/"
"","freesexyasian","https://www.google.com/"
"","freesexybabes","https://www.google.com/"
"","freesexyblog","https://www.google.com/"
"","freesexycams","https://www.google.com/"
"","freesexycartoons","https://www.google.com/"
"","free-sexy-celebs","https://www.google.com/"
"","freesexyclips","https://www.google.com/"
"","free-sexy-clips","https://www.google.com/"
"","freesexy","https://www.google.com/"
"","freesexycomics","https://www.google.com/"
"","freesexycontent","https://www.google.com/"
"","free-sexy","https://www.google.com/"
"","freesexyfeet","https://www.google.com/"
"","freesexyfun","https://www.google.com/"
"","freesexygalleries","https://www.google.com/"
"","freesexygifs","https://www.google.com/"
"","freesexyindia","https://www.google.com/"
"","freesexyindians","https://www.google.com/"
"","freesexymovie","https://www.google.com/"
"","freesexymovies","https://www.google.com/"
