"﻿""id""","read","recommended"
"","gezwets","https://www.google.com/"
"","gezwungen","https://www.google.com/"
"","gf18","https://www.google.com/"
"","gfamateur","https://www.google.com/"
"","gfamateurpics","https://www.google.com/"
"","g-fap","https://www.google.com/"
"","gfasianpics","https://www.google.com/"
"","gfasianpussy","https://www.google.com/"
"","gfblowjobvideo","https://www.google.com/"
"","gfcrush","https://www.google.com/"
"","gfdrevenge","https://www.google.com/"
"","gfeclub","https://www.google.com/"
"","gfeden","https://www.google.com/"
"","gfelife","https://www.google.com/"
"","gfephonesex","https://www.google.com/"
"","gfexpose","https://www.google.com/"
"","gffaces","https://www.google.com/"
"","gfflicks","https://www.google.com/"
"","gfgallery","https://www.google.com/"
"","gfgfs","https://www.google.com/"
"","gfgonewild","https://www.google.com/"
"","gfhairypics","https://www.google.com/"
"","gfhardcore","https://www.google.com/"
"","gfh","https://www.google.com/"
"","gfhomereality","https://www.google.com/"
"","gfhomevideos","https://www.google.com/"
"","gfive","https://www.google.com/"
"","gfjizz","https://www.google.com/"
"","gfkings","https://www.google.com/"
"","gfleaks","https://www.google.com/"
"","gflove","https://www.google.com/"
"","gfmelons","https://www.google.com/"
"","gfmemberspass","https://www.google.com/"
"","gfmovietube","https://www.google.com/"
"","gfnudepics","https://www.google.com/"
"","gfnudes","https://www.google.com/"
"","gfpics","https://www.google.com/"
"","gfpicsforfree","https://www.google.com/"
"","gf-pics","https://www.google.com/"
"","gfpornbox","https://www.google.com/"
"","gf-porn","https://www.google.com/"
"","gfpornmovies","https://www.google.com/"
"","gf-porno","https://www.google.com/"
"","gfporn","https://www.google.com/"
"","gfporntube","https://www.google.com/"
"","gfpornvideos","https://www.google.com/"
"","gfresh","https://www.google.com/"
"","gfrevenge","https://www.google.com/"
"","gfrevengeclips","https://www.google.com/"
"","gfriendlondonescorts","https://www.google.com/"
"","gfs21","https://www.google.com/"
"","gfs4free","https://www.google.com/"
"","gfs4you","https://www.google.com/"
"","gfsale","https://www.google.com/"
"","gfsamateur","https://www.google.com/"
"","gfsarchive","https://www.google.com/"
"","gfsblack","https://www.google.com/"
"","gfsex","https://www.google.com/"
"","gfsexphoto","https://www.google.com/"
"","gfsextoys","https://www.google.com/"
"","gfsexvideos","https://www.google.com/"
"","gfshardcore","https://www.google.com/"
"","gfs","https://www.google.com/"
"","gfsin","https://www.google.com/"
"","gfsinporn","https://www.google.com/"
"","gfslab","https://www.google.com/"
"","gfslist","https://www.google.com/"
"","gfslovepanties","https://www.google.com/"
"","gfsmania","https://www.google.com/"
"","gfsmom","https://www.google.com/"
"","gfsmovies","https://www.google.com/"
"","gfsnaked","https://www.google.com/"
"","gfso","https://www.google.com/"
"","gfsonly","https://www.google.com/"
"","gfsrevealed","https://www.google.com/"
"","gfssecrets","https://www.google.com/"
"","gfsvideos","https://www.google.com/"
"","gftape","https://www.google.com/"
"","gftube","https://www.google.com/"
"","gftubelive","https://www.google.com/"
"","gfucking","https://www.google.com/"
"","gfuck","https://www.google.com/"
"","gfuck-pornos","https://www.google.com/"
"","gfukz","https://www.google.com/"
"","gfun","https://www.google.com/"
"","gfvagina","https://www.google.com/"
"","gfvn","https://www.google.com/"
"","gfxwallpapers","https://www.google.com/"
"","gfycat","https://www.google.com/"
"","gfycatporn","https://www.google.com/"
"","gfycatporntube","https://www.google.com/"
"","gfy","https://www.google.com/"
"","gfy-porn","https://www.google.com/"
"","gfypornhub","https://www.google.com/"
"","gfysex","https://www.google.com/"
"","ggalleria","https://www.google.com/"
"","ggayy","https://www.google.com/"
"","ggbottoms","https://www.google.com/"
"","ggcams","https://www.google.com/"
"","ggcash","https://www.google.com/"
