"﻿""id""","read","recommended"
"","daclick","https://www.google.com/"
"","dacogay","https://www.google.com/"
"","dacp","https://www.google.com/"
"","dacre","https://www.google.com/"
"","da","https://www.google.com/"
"","dada","https://www.google.com/"
"","dadanoias","https://www.google.com/"
"","dadboycinema","https://www.google.com/"
"","dadboygallery","https://www.google.com/"
"","dadboyorgasm","https://www.google.com/"
"","dadboysecrets","https://www.google.com/"
"","dadcrush","https://www.google.com/"
"","daddaughterdiaries","https://www.google.com/"
"","daddaughtersex","https://www.google.com/"
"","daddiesanddarlings","https://www.google.com/"
"","daddies","https://www.google.com/"
"","daddiesboysquare","https://www.google.com/"
"","daddiesdirtydaughter","https://www.google.com/"
"","daddiesfuckbitches","https://www.google.com/"
"","daddiesgirlphonesex","https://www.google.com/"
"","daddy4k","https://www.google.com/"
"","daddy69","https://www.google.com/"
"","daddyandtheschoolgirl","https://www.google.com/"
"","daddybearsex","https://www.google.com/"
"","daddybigdick","https://www.google.com/"
"","daddycash","https://www.google.com/"
"","daddychatroulette","https://www.google.com/"
"","daddyclassics","https://www.google.com/"
"","daddy","https://www.google.com/"
"","daddydaters","https://www.google.com/"
"","daddy-daughter","https://www.google.com/"
"","daddydoesdick","https://www.google.com/"
"","daddy-dome","https://www.google.com/"
"","daddyfever","https://www.google.com/"
"","daddyfolder","https://www.google.com/"
"","daddyfuckmovies","https://www.google.com/"
"","daddyfuckoldman","https://www.google.com/"
"","daddyfuns","https://www.google.com/"
"","daddygayclips","https://www.google.com/"
"","daddygaymovies","https://www.google.com/"
"","daddygayporn","https://www.google.com/"
"","daddygayporntube","https://www.google.com/"
"","daddygaytube","https://www.google.com/"
"","daddygayvideos","https://www.google.com/"
"","daddygetslucky","https://www.google.com/"
"","daddyhoward","https://www.google.com/"
"","daddyhunt","https://www.google.com/"
"","daddyilovecum","https://www.google.com/"
"","daddyimnude","https://www.google.com/"
"","daddyincestphonesex","https://www.google.com/"
"","daddyincest","https://www.google.com/"
"","daddyken","https://www.google.com/"
"","daddylamar","https://www.google.com/"
"","daddylikesthemyoung","https://www.google.com/"
"","daddymodel","https://www.google.com/"
"","daddymugs","https://www.google.com/"
"","daddyonboy","https://www.google.com/"
"","daddyongirl","https://www.google.com/"
"","daddyonson","https://www.google.com/"
"","daddyoohhh","https://www.google.com/"
"","daddyphonesex","https://www.google.com/"
"","daddypornmovies","https://www.google.com/"
"","daddypornvideos","https://www.google.com/"
"","daddyraunch","https://www.google.com/"
"","daddys-and-twinks","https://www.google.com/"
"","daddysasians","https://www.google.com/"
"","daddysbabygirlfuck","https://www.google.com/"
"","daddysbadboys","https://www.google.com/"
"","daddysfuckbaby","https://www.google.com/"
"","daddysgirl","https://www.google.com/"
"","daddys-girls","https://www.google.com/"
"","daddysgirls","https://www.google.com/"
"","daddyshemale","https://www.google.com/"
"","daddyslilangel","https://www.google.com/"
"","daddyslilsluts","https://www.google.com/"
"","daddyslittleslut","https://www.google.com/"
"","daddys-pet","https://www.google.com/"
"","daddysphonegirl","https://www.google.com/"
"","daddysphonesexgirls","https://www.google.com/"
"","daddysreviews","https://www.google.com/"
"","daddysson","https://www.google.com/"
"","daddystrokes","https://www.google.com/"
"","daddyswap","https://www.google.com/"
"","daddyswonderland","https://www.google.com/"
"","daddysworstnightmare","https://www.google.com/"
"","daddytaboo","https://www.google.com/"
"","daddytuber","https://www.google.com/"
"","daddytube","https://www.google.com/"
"","daddyvideoporn","https://www.google.com/"
"","daddyville","https://www.google.com/"
"","daddywithdaughter","https://www.google.com/"
"","daddywood","https://www.google.com/"
"","daddyyoung","https://www.google.com/"
"","dadesiforum","https://www.google.com/"
"","dadewilliams","https://www.google.com/"
"","dadfuckdaughtermovies","https://www.google.com/"
"","dadfuckme","https://www.google.com/"
"","dadfuckson","https://www.google.com/"
"","dadfucksteens","https://www.google.com/"
"","dadfucktwink","https://www.google.com/"
