"﻿""id""","read","recommended"
"","freexxxgalaxy","https://www.google.com/"
"","freexxxgallery","https://www.google.com/"
"","freexxxgals","https://www.google.com/"
"","freexxxgayporn","https://www.google.com/"
"","freexxxgaytube","https://www.google.com/"
"","freexxxgirlmovies","https://www.google.com/"
"","freexxxgirls","https://www.google.com/"
"","freexxxhardcore","https://www.google.com/"
"","freexxxhd","https://www.google.com/"
"","freexxxhentai","https://www.google.com/"
"","freexxxhot","https://www.google.com/"
"","freexxxindex","https://www.google.com/"
"","freexxxjoy","https://www.google.com/"
"","freexxxlinks","https://www.google.com/"
"","free-xxx-list","https://www.google.com/"
"","freexxxlist","https://www.google.com/"
"","freexxxlive","https://www.google.com/"
"","freexxxlove","https://www.google.com/"
"","freexxxlvideo","https://www.google.com/"
"","freexxxmail","https://www.google.com/"
"","freexxxmature","https://www.google.com/"
"","freexxxmatureporn","https://www.google.com/"
"","freexxxmedia","https://www.google.com/"
"","freexxxmembership","https://www.google.com/"
"","freexxxmom","https://www.google.com/"
"","freexxxmovie","https://www.google.com/"
"","freexxxmovies69","https://www.google.com/"
"","freexxxmovies","https://www.google.com/"
"","free-xxx-movies","https://www.google.com/"
"","freexxxnude","https://www.google.com/"
"","freexxxpasses","https://www.google.com/"
"","freexxxpasswords","https://www.google.com/"
"","freexxxpaysiteaccess","https://www.google.com/"
"","free-xxx-photo","https://www.google.com/"
"","freexxxpic","https://www.google.com/"
"","freexxxpicsblog","https://www.google.com/"
"","free-xxx-pics","https://www.google.com/"
"","freexxxpics","https://www.google.com/"
"","freexxxpicture","https://www.google.com/"
"","freexxxpictures","https://www.google.com/"
"","freexxxporn","https://www.google.com/"
"","free-xxx-porn","https://www.google.com/"
"","freexxxpornography","https://www.google.com/"
"","freexxxpornos","https://www.google.com/"
"","freexxxporns","https://www.google.com/"
"","freexxxpornsex","https://www.google.com/"
"","freexxxpornsite","https://www.google.com/"
"","freexxxpornstar","https://www.google.com/"
"","freexxxpussy","https://www.google.com/"
"","freexxxpussypics","https://www.google.com/"
"","freexxxpussyporno","https://www.google.com/"
"","freexxxsearch","https://www.google.com/"
"","freexxxsex","https://www.google.com/"
"","free-xxx-sex","https://www.google.com/"
"","freexxxsexonline","https://www.google.com/"
"","freexxxsexphotos","https://www.google.com/"
"","freexxxsexpictures","https://www.google.com/"
"","freexxxsexstories","https://www.google.com/"
"","freexxxshemales","https://www.google.com/"
"","freexxxsitez","https://www.google.com/"
"","free-xxx-story","https://www.google.com/"
"","freexxxtapes","https://www.google.com/"
"","free-xxx-teens","https://www.google.com/"
"","freexxxteeny","https://www.google.com/"
"","freexxxtheatre","https://www.google.com/"
"","freexxxthumbs","https://www.google.com/"
"","freexxxtraffic","https://www.google.com/"
"","freexxxtrailers","https://www.google.com/"
"","freexxxtrial","https://www.google.com/"
"","freexxxtrials","https://www.google.com/"
"","freexxxtube8","https://www.google.com/"
"","free-xxx-tube","https://www.google.com/"
"","free-xxx-tubes","https://www.google.com/"
"","freexxxtubes","https://www.google.com/"
"","freexxxtubevideos","https://www.google.com/"
"","freexxxtv","https://www.google.com/"
"","freexxxvideos","https://www.google.com/"
"","free-xxx-videoz","https://www.google.com/"
"","free-xxx-vids","https://www.google.com/"
"","freexxxweb","https://www.google.com/"
"","freexxxx","https://www.google.com/"
"","freexy","https://www.google.com/"
"","freeyaoi","https://www.google.com/"
"","freeyellow","https://www.google.com/"
"","freeyogaporn","https://www.google.com/"
"","free-youjizz","https://www.google.com/"
"","freeyoungebonyporn","https://www.google.com/"
"","freeyoungfuck","https://www.google.com/"
"","free-young-galleries","https://www.google.com/"
"","free-younggayporn","https://www.google.com/"
"","freeyounggayporn","https://www.google.com/"
"","freeyoungporntube","https://www.google.com/"
"","freeyoungsextube","https://www.google.com/"
"","freeyoungvideo","https://www.google.com/"
"","freeyoungvideos","https://www.google.com/"
"","freeyouporn","https://www.google.com/"
"","freeyouxxx","https://www.google.com/"
"","freezee","https://www.google.com/"
"","freezinggirls","https://www.google.com/"
"","freezingnipples","https://www.google.com/"
