"﻿""id""","read","recommended"
"","fetisch-wg","https://www.google.com/"
"","fetisch-windel","https://www.google.com/"
"","fetisch-world","https://www.google.com/"
"","fetisch-xxx","https://www.google.com/"
"","fetis","https://www.google.com/"
"","fetish1pass","https://www.google.com/"
"","fetish2010","https://www.google.com/"
"","fetish24","https://www.google.com/"
"","fetish2fantasy","https://www.google.com/"
"","fetish360","https://www.google.com/"
"","fetish3","https://www.google.com/"
"","fetish3d","https://www.google.com/"
"","fetish-3x","https://www.google.com/"
"","fetish4adult","https://www.google.com/"
"","fetish-4-all","https://www.google.com/"
"","fetish4all","https://www.google.com/"
"","fetish4feet","https://www.google.com/"
"","fetish4pantyhose","https://www.google.com/"
"","fetish4porn","https://www.google.com/"
"","fetish4sexyfeet","https://www.google.com/"
"","fetish4um","https://www.google.com/"
"","fetish-4-you","https://www.google.com/"
"","fetish69","https://www.google.com/"
"","fetishaction","https://www.google.com/"
"","fetishaddicts","https://www.google.com/"
"","fetisha","https://www.google.com/"
"","fetishadviser","https://www.google.com/"
"","fetishaffiliates","https://www.google.com/"
"","fetishalliance","https://www.google.com/"
"","fetishaltar","https://www.google.com/"
"","fetishanal","https://www.google.com/"
"","fetishandfantasyhalloweenball","https://www.google.com/"
"","fetish-and-more","https://www.google.com/"
"","fetish-anzeigen","https://www.google.com/"
"","fetishaplenty","https://www.google.com/"
"","fetish-archive","https://www.google.com/"
"","fetish-archives","https://www.google.com/"
"","fetishart","https://www.google.com/"
"","fetishartclub","https://www.google.com/"
"","fetish-art","https://www.google.com/"
"","fetishartists","https://www.google.com/"
"","fetishartworks","https://www.google.com/"
"","fetishassets","https://www.google.com/"
"","fetishattic","https://www.google.com/"
"","fetishauctioneer","https://www.google.com/"
"","fetish-austria","https://www.google.com/"
"","fetishavs","https://www.google.com/"
"","fetishbabes","https://www.google.com/"
"","fetish-ball","https://www.google.com/"
"","fetishballoonsex","https://www.google.com/"
"","fetishballroom","https://www.google.com/"
"","fetishbang","https://www.google.com/"
"","fetishbank","https://www.google.com/"
"","fetish-banner","https://www.google.com/"
"","fetishbar","https://www.google.com/"
"","fetishbasement","https://www.google.com/"
"","fetishbasics","https://www.google.com/"
"","fetishbat","https://www.google.com/"
"","fetishbattle","https://www.google.com/"
"","fetishbazar","https://www.google.com/"
"","fetish-bb","https://www.google.com/"
"","fetish-bdsm","https://www.google.com/"
"","fetishbdsmporns","https://www.google.com/"
"","fetishbdsm","https://www.google.com/"
"","fetishbdsmtube","https://www.google.com/"
"","fetishbeacon","https://www.google.com/"
"","fetishbeast","https://www.google.com/"
"","fetishbeauties","https://www.google.com/"
"","fetishbeauty","https://www.google.com/"
"","fetishbin","https://www.google.com/"
"","fetish-bitch","https://www.google.com/"
"","fetishbitch","https://www.google.com/"
"","fetishbitches","https://www.google.com/"
"","fetish","https://www.google.com/"
"","fetishbizar","https://www.google.com/"
"","fetish-bizarre","https://www.google.com/"
"","fetishblack","https://www.google.com/"
"","fetishblend","https://www.google.com/"
"","fetishbliss","https://www.google.com/"
"","fetishblogdirectory","https://www.google.com/"
"","fetishblogging","https://www.google.com/"
"","fetish-blog","https://www.google.com/"
"","fetishblowjob","https://www.google.com/"
"","fetishblvd","https://www.google.com/"
"","fetish-bondage","https://www.google.com/"
"","fetishbondage","https://www.google.com/"
"","fetishbondagedvds","https://www.google.com/"
"","fetishbook","https://www.google.com/"
"","fetishboss","https://www.google.com/"
"","fetishbound","https://www.google.com/"
"","fetish-boutique","https://www.google.com/"
"","fetishbox","https://www.google.com/"
"","fetish-boys","https://www.google.com/"
"","fetishboys","https://www.google.com/"
"","fetishbucks","https://www.google.com/"
"","fetishbuddies","https://www.google.com/"
"","fetishbulletin","https://www.google.com/"
"","fetishbunker","https://www.google.com/"
"","fetish-bunnys","https://www.google.com/"
"","fetishbuzz","https://www.google.com/"
