"﻿""id""","read","recommended"
"","bigtittie","https://www.google.com/"
"","bigtittiepics","https://www.google.com/"
"","big-titties","https://www.google.com/"
"","bigtittiesporn","https://www.google.com/"
"","bigtitts","https://www.google.com/"
"","bigtittube","https://www.google.com/"
"","bigtittyamateurs","https://www.google.com/"
"","bigtittybabe","https://www.google.com/"
"","bigtittybangers","https://www.google.com/"
"","bigtittycams","https://www.google.com/"
"","bigtittychick","https://www.google.com/"
"","bigtittycity","https://www.google.com/"
"","bigtittyclub","https://www.google.com/"
"","bigtitty","https://www.google.com/"
"","bigtittyfuck","https://www.google.com/"
"","bigtittyfucking","https://www.google.com/"
"","bigtittygals","https://www.google.com/"
"","bigtittyjunkie","https://www.google.com/"
"","bigtittylinks","https://www.google.com/"
"","bigtittypictures","https://www.google.com/"
"","bigtittyporn","https://www.google.com/"
"","bigtittysex","https://www.google.com/"
"","bigtittysite","https://www.google.com/"
"","bigtittytube","https://www.google.com/"
"","bigtitvenera","https://www.google.com/"
"","bigtitvideoclips","https://www.google.com/"
"","bigtitvideos","https://www.google.com/"
"","bigtitwhores","https://www.google.com/"
"","bigtitwomen","https://www.google.com/"
"","bigtitxxx","https://www.google.com/"
"","bigtitxxxporn","https://www.google.com/"
"","bigtitzatwork","https://www.google.com/"
"","bigtoolboys","https://www.google.com/"
"","bigtoons","https://www.google.com/"
"","bigtops","https://www.google.com/"
"","bigtopsites","https://www.google.com/"
"","bigtopvod","https://www.google.com/"
"","bigtoysgirls","https://www.google.com/"
"","bigtoys","https://www.google.com/"
"","bigtraffic","https://www.google.com/"
"","bigtrannytubes","https://www.google.com/"
"","bigtrannyxxx","https://www.google.com/"
"","bigttt","https://www.google.com/"
"","bigtubeclips","https://www.google.com/"
"","bigtubegalore","https://www.google.com/"
"","bigtubelive","https://www.google.com/"
"","bigtubemovies","https://www.google.com/"
"","bigtube","https://www.google.com/"
"","bigtubeporn","https://www.google.com/"
"","bigtubesex","https://www.google.com/"
"","bigtubesites","https://www.google.com/"
"","bigtushy","https://www.google.com/"
"","bigtw","https://www.google.com/"
"","biguncutcock","https://www.google.com/"
"","biguncutdicks","https://www.google.com/"
"","biguns","https://www.google.com/"
"","bigupload","https://www.google.com/"
"","bigupskirt","https://www.google.com/"
"","biguz","https://www.google.com/"
"","bigvagina","https://www.google.com/"
"","bigvideo","https://www.google.com/"
"","big-videos","https://www.google.com/"
"","bigvids","https://www.google.com/"
"","bigvintageporn","https://www.google.com/"
"","bigvintagetube","https://www.google.com/"
"","bigvoo","https://www.google.com/"
"","bigwetasses","https://www.google.com/"
"","bigwetbutts","https://www.google.com/"
"","bigwet","https://www.google.com/"
"","bigwetpussy","https://www.google.com/"
"","big-white-ass","https://www.google.com/"
"","bigwhitebooty","https://www.google.com/"
"","bigwhitesluts","https://www.google.com/"
"","bigwomanphoto","https://www.google.com/"
"","bigwomanpicture","https://www.google.com/"
"","bigwomenfilms","https://www.google.com/"
"","bigwomenporn","https://www.google.com/"
"","bigwomentube","https://www.google.com/"
"","bigwomenvideo","https://www.google.com/"
"","bigxboobs","https://www.google.com/"
"","bigxtits","https://www.google.com/"
"","bigxvideos","https://www.google.com/"
"","bigxxxboob","https://www.google.com/"
"","bigxxxboobs","https://www.google.com/"
"","bigxxxclips","https://www.google.com/"
"","bigxxx","https://www.google.com/"
"","bigxxxmovies","https://www.google.com/"
"","bigxxxsite","https://www.google.com/"
"","bigxxxtits","https://www.google.com/"
"","bigxxxtube","https://www.google.com/"
"","bigyoungsex","https://www.google.com/"
"","bigyoungtube","https://www.google.com/"
"","bigz","https://www.google.com/"
"","bigztube","https://www.google.com/"
"","bihardcoreporn","https://www.google.com/"
"","bijane","https://www.google.com/"
"","bij","https://www.google.com/"
"","bi-jenny","https://www.google.com/"
"","bi-jin","https://www.google.com/"
"","bijinhyakka","https://www.google.com/"
