"﻿""id""","read","recommended"
"","fotogood","https://www.google.com/"
"","fotogramasx","https://www.google.com/"
"","fotohard","https://www.google.com/"
"","fotohentai","https://www.google.com/"
"","fotohoster","https://www.google.com/"
"","fotokep","https://www.google.com/"
"","fotokontakt24","https://www.google.com/"
"","fotok","https://www.google.com/"
"","fotolibre","https://www.google.com/"
"","fotolust","https://www.google.com/"
"","fotomature","https://www.google.com/"
"","fotomodel-diana","https://www.google.com/"
"","fotomodele","https://www.google.com/"
"","fotomodelka","https://www.google.com/"
"","fotomodelki","https://www.google.com/"
"","fotomodell-casting","https://www.google.com/"
"","foto-modelle","https://www.google.com/"
"","foto-model","https://www.google.com/"
"","fotonude","https://www.google.com/"
"","fotoo","https://www.google.com/"
"","fotopages","https://www.google.com/"
"","fotopiccanti","https://www.google.com/"
"","fotopic","https://www.google.com/"
"","fotoporno","https://www.google.com/"
"","foto-porno","https://www.google.com/"
"","fotopornomature","https://www.google.com/"
"","fotoporn","https://www.google.com/"
"","fotopret","https://www.google.com/"
"","foto-pro","https://www.google.com/"
"","fotoragazzegratis","https://www.google.com/"
"","fotorgia","https://www.google.com/"
"","fotos69","https://www.google.com/"
"","fotos-abc","https://www.google.com/"
"","fotosadultos","https://www.google.com/"
"","fotosamadoras","https://www.google.com/"
"","fotosancianas","https://www.google.com/"
"","fotos-asombrosas","https://www.google.com/"
"","fotosbucetas","https://www.google.com/"
"","fotoscaiunanet","https://www.google.com/"
"","fotoscaseras","https://www.google.com/"
"","fotoscaseras","https://www.google.com/"
"","fotoscomprometidas","https://www.google.com/"
"","fotosdeabuelas","https://www.google.com/"
"","fotosdeamadoras","https://www.google.com/"
"","fotosdecaseiras","https://www.google.com/"
"","fotosdechicasguapas","https://www.google.com/"
"","fotosdechinas","https://www.google.com/"
"","fotosdefamosas","https://www.google.com/"
"","fotosdefamosos","https://www.google.com/"
"","fotosdegays","https://www.google.com/"
"","fotosdejovencitas","https://www.google.com/"
"","fotosdeputaria","https://www.google.com/"
"","fotosderisa","https://www.google.com/"
"","fotos-de-sexo","https://www.google.com/"
"","fotos-de-sexo-gratis","https://www.google.com/"
"","fotosdesexooral","https://www.google.com/"
"","fotosdetangas","https://www.google.com/"
"","fotosdetiasbuenas","https://www.google.com/"
"","fotosdetunovia","https://www.google.com/"
"","fotosdogs","https://www.google.com/"
"","fotosenlaplaya","https://www.google.com/"
"","fotoserie","https://www.google.com/"
"","fotoseroticas","https://www.google.com/"
"","fotosex","https://www.google.com/"
"","fotosexverhalen","https://www.google.com/"
"","fotosfree","https://www.google.com/"
"","fotosgayxxx","https://www.google.com/"
"","fotosgraciosas","https://www.google.com/"
"","fotosgratis","https://www.google.com/"
"","fotoshoots","https://www.google.com/"
"","fotoshow","https://www.google.com/"
"","fotoshumor","https://www.google.com/"
"","fotosik","https://www.google.com/"
"","fotosjovencitasdesnudas","https://www.google.com/"
"","fotoslesbianas","https://www.google.com/"
"","fotosmangahentai","https://www.google.com/"
"","fotosnet","https://www.google.com/"
"","fotospeludas","https://www.google.com/"
"","fotosporno","https://www.google.com/"
"","fotospornogratis","https://www.google.com/"
"","fotospornohd","https://www.google.com/"
"","fotospornomaduras","https://www.google.com/"
"","fotospornoxxx","https://www.google.com/"
"","fotosprivadas","https://www.google.com/"
"","fotosputas","https://www.google.com/"
"","fotosputasxxx","https://www.google.com/"
"","fotos-re-porno","https://www.google.com/"
"","fotostar","https://www.google.com/"
"","fotos-tetas","https://www.google.com/"
"","fotostrana","https://www.google.com/"
"","fotostrip","https://www.google.com/"
"","fotos-und-videos","https://www.google.com/"
"","fotosvanmijnex","https://www.google.com/"
"","fotosvideos","https://www.google.com/"
"","fotos-videos-gratis","https://www.google.com/"
"","fotosxamateur","https://www.google.com/"
"","fotosx","https://www.google.com/"
"","fotosxl","https://www.google.com/"
"","fotosxporno","https://www.google.com/"
"","fotosxxx","https://www.google.com/"
