"﻿""id""","read","recommended"
"","boobcountry","https://www.google.com/"
"","boobcritic","https://www.google.com/"
"","boobcruise","https://www.google.com/"
"","boobday","https://www.google.com/"
"","boobdelicious","https://www.google.com/"
"","boobdex","https://www.google.com/"
"","boobdirectory","https://www.google.com/"
"","boobdream","https://www.google.com/"
"","boobdreams","https://www.google.com/"
"","boobdreamz","https://www.google.com/"
"","boobdump","https://www.google.com/"
"","boobe","https://www.google.com/"
"","boobed","https://www.google.com/"
"","boobexamscam1","https://www.google.com/"
"","boobexamscam","https://www.google.com/"
"","boobexamscamportal","https://www.google.com/"
"","boobexamscamweblog","https://www.google.com/"
"","boobfetish","https://www.google.com/"
"","boobforest","https://www.google.com/"
"","boobfrog","https://www.google.com/"
"","boobgirl","https://www.google.com/"
"","boobgirlz","https://www.google.com/"
"","boobglam","https://www.google.com/"
"","boobgoddess","https://www.google.com/"
"","boobguide","https://www.google.com/"
"","boobhotel","https://www.google.com/"
"","boobiebabes","https://www.google.com/"
"","boobiebattle","https://www.google.com/"
"","boobieblog","https://www.google.com/"
"","boobiebondage","https://www.google.com/"
"","boobieclub","https://www.google.com/"
"","boobieindex","https://www.google.com/"
"","boobie-lovers","https://www.google.com/"
"","boobiemovies","https://www.google.com/"
"","boobie","https://www.google.com/"
"","boobieparade","https://www.google.com/"
"","boobieparadise","https://www.google.com/"
"","boobiepass","https://www.google.com/"
"","boobiepower","https://www.google.com/"
"","boobieregistry","https://www.google.com/"
"","boobiesblog","https://www.google.com/"
"","boobies","https://www.google.com/"
"","boobies-daily","https://www.google.com/"
"","boobiesearch","https://www.google.com/"
"","boobiesgirls","https://www.google.com/"
"","boobiesvideo","https://www.google.com/"
"","boobiesvids","https://www.google.com/"
"","boobiesz","https://www.google.com/"
"","boobietease","https://www.google.com/"
"","boobietrap","https://www.google.com/"
"","boobiez","https://www.google.com/"
"","boobindex","https://www.google.com/"
"","boobinspector","https://www.google.com/"
"","boobismo","https://www.google.com/"
"","boobitha","https://www.google.com/"
"","boobitrap","https://www.google.com/"
"","boobizon","https://www.google.com/"
"","boobjunkie","https://www.google.com/"
"","boobkiss","https://www.google.com/"
"","boobland","https://www.google.com/"
"","booble","https://www.google.com/"
"","boobled","https://www.google.com/"
"","booblevideos","https://www.google.com/"
"","booblist","https://www.google.com/"
"","booblord","https://www.google.com/"
"","boobloversfantasy","https://www.google.com/"
"","boobmad","https://www.google.com/"
"","boobmanporn","https://www.google.com/"
"","boobmansion","https://www.google.com/"
"","boobmgp","https://www.google.com/"
"","boobmorning","https://www.google.com/"
"","boobmovs","https://www.google.com/"
"","boobnews","https://www.google.com/"
"","boobpayperview","https://www.google.com/"
"","boobpedia","https://www.google.com/"
"","boobphoria","https://www.google.com/"
"","boobpictures","https://www.google.com/"
"","boobplace","https://www.google.com/"
"","boobpolice","https://www.google.com/"
"","boobporn","https://www.google.com/"
"","boob-porn-online","https://www.google.com/"
"","boobpost","https://www.google.com/"
"","boobpreview","https://www.google.com/"
"","boobrater","https://www.google.com/"
"","boobs18","https://www.google.com/"
"","boobs1","https://www.google.com/"
"","boobs4cash","https://www.google.com/"
"","boobs4everybody","https://www.google.com/"
"","boobs-4u","https://www.google.com/"
"","boobs69","https://www.google.com/"
"","boobsabc","https://www.google.com/"
"","boobsa","https://www.google.com/"
"","boobsag","https://www.google.com/"
"","boobsagency","https://www.google.com/"
"","boobsamillion","https://www.google.com/"
"","boobsandass","https://www.google.com/"
"","boobsandblood","https://www.google.com/"
"","boobsandboobs","https://www.google.com/"
"","boobsandbottoms","https://www.google.com/"
"","boobsandbottomssex","https://www.google.com/"
