"﻿""id""","read","recommended"
"","exposedlady","https://www.google.com/"
"","exposedlatingfs","https://www.google.com/"
"","exposedlove","https://www.google.com/"
"","exposedmatures","https://www.google.com/"
"","exposednight","https://www.google.com/"
"","exposed-nurses","https://www.google.com/"
"","exposednurses","https://www.google.com/"
"","exposedontape","https://www.google.com/"
"","exposedpartygirls","https://www.google.com/"
"","exposed","https://www.google.com/"
"","exposedshemales","https://www.google.com/"
"","exposed-stars","https://www.google.com/"
"","exposedteencelebs","https://www.google.com/"
"","exposedteenies","https://www.google.com/"
"","exposeduploads","https://www.google.com/"
"","exposedwebcams1","https://www.google.com/"
"","exposedwebcams","https://www.google.com/"
"","exposedweb","https://www.google.com/"
"","exposedwhores","https://www.google.com/"
"","exposemag","https://www.google.com/"
"","exposexmex","https://www.google.com/"
"","exposex","https://www.google.com/"
"","exposeyourwife","https://www.google.com/"
"","exposingbeauty","https://www.google.com/"
"","exposions","https://www.google.com/"
"","expozdrowie","https://www.google.com/"
"","expressmylingerie","https://www.google.com/"
"","expressporno","https://www.google.com/"
"","expressretro","https://www.google.com/"
"","expressteens","https://www.google.com/"
"","expreszo","https://www.google.com/"
"","expteens","https://www.google.com/"
"","expxxx","https://www.google.com/"
"","exquisiteangelz","https://www.google.com/"
"","exquisiteasians","https://www.google.com/"
"","exquisitefeet","https://www.google.com/"
"","exquisitemodel","https://www.google.com/"
"","exquisitemultimediavod","https://www.google.com/"
"","exquisitenudes","https://www.google.com/"
"","exquisiterestraint","https://www.google.com/"
"","exquisiteslave","https://www.google.com/"
"","exquisitevault","https://www.google.com/"
"","exquisite-x","https://www.google.com/"
"","ex-schlampen","https://www.google.com/"
"","exsex","https://www.google.com/"
"","exs","https://www.google.com/"
"","exshot","https://www.google.com/"
"","exstasia","https://www.google.com/"
"","extagencapsules","https://www.google.com/"
"","extalive","https://www.google.com/"
"","extape","https://www.google.com/"
"","extase-escort","https://www.google.com/"
"","extasegirls","https://www.google.com/"
"","extase","https://www.google.com/"
"","extases","https://www.google.com/"
"","extasia","https://www.google.com/"
"","extasians","https://www.google.com/"
"","extasyasians","https://www.google.com/"
"","extasybooks","https://www.google.com/"
"","extasycams","https://www.google.com/"
"","extasy","https://www.google.com/"
"","extasylist","https://www.google.com/"
"","extasysex","https://www.google.com/"
"","extasyshops","https://www.google.com/"
"","extasytube","https://www.google.com/"
"","extasywebcam","https://www.google.com/"
"","extasyworld","https://www.google.com/"
"","extaze","https://www.google.com/"
"","extazis","https://www.google.com/"
"","extazshop","https://www.google.com/"
"","exteengf","https://www.google.com/"
"","extendedgalleries","https://www.google.com/"
"","extenseurpenis","https://www.google.com/"
"","exteriorexpertsofvirginia","https://www.google.com/"
"","externalsex","https://www.google.com/"
"","externet","https://www.google.com/"
"","ext-news","https://www.google.com/"
"","extols","https://www.google.com/"
"","extraasian","https://www.google.com/"
"","extrabbwtube","https://www.google.com/"
"","extrabigboobs","https://www.google.com/"
"","extrabigdicks","https://www.google.com/"
"","extracaseiras","https://www.google.com/"
"","extracomics","https://www.google.com/"
"","extradesir","https://www.google.com/"
"","extradusexe","https://www.google.com/"
"","extraerotika","https://www.google.com/"
"","extra-erotik","https://www.google.com/"
"","extrafat","https://www.google.com/"
"","extraflux","https://www.google.com/"
"","extragayporn","https://www.google.com/"
"","extrageil","https://www.google.com/"
"","extragratis","https://www.google.com/"
"","extrahardcore","https://www.google.com/"
"","extrahentai","https://www.google.com/"
"","extrahost","https://www.google.com/"
"","extra","https://www.google.com/"
"","extrahumor","https://www.google.com/"
"","extraime","https://www.google.com/"
"","extraincest","https://www.google.com/"
