"﻿""id""","read","recommended"
"","bigboobsalert","https://www.google.com/"
"","big-boobs-amateur","https://www.google.com/"
"","bigboobsarecool","https://www.google.com/"
"","bigboobsasian","https://www.google.com/"
"","bigboobsbig","https://www.google.com/"
"","bigboobsbigdicks","https://www.google.com/"
"","bigboobs-blog","https://www.google.com/"
"","bigboobscelebrity","https://www.google.com/"
"","bigboobschic","https://www.google.com/"
"","bigboobs","https://www.google.com/"
"","big-boobs-corner","https://www.google.com/"
"","bigboobsdb","https://www.google.com/"
"","bigboobsdirect","https://www.google.com/"
"","bigboobseden","https://www.google.com/"
"","bigboobsex","https://www.google.com/"
"","bigboobsexdates","https://www.google.com/"
"","bigboobsfatbooty","https://www.google.com/"
"","bigboobsfavorite","https://www.google.com/"
"","bigboobsfilm","https://www.google.com/"
"","bigboobsfinder","https://www.google.com/"
"","bigboobsforever","https://www.google.com/"
"","bigboobsfuck","https://www.google.com/"
"","bigboobsfucked","https://www.google.com/"
"","bigboobsfucking","https://www.google.com/"
"","bigboobsgalore","https://www.google.com/"
"","bigboobsgirls","https://www.google.com/"
"","bigboobsgrab","https://www.google.com/"
"","bigboobsguide","https://www.google.com/"
"","bigboobshangout","https://www.google.com/"
"","bigboobshardcore","https://www.google.com/"
"","bigboobshardpics","https://www.google.com/"
"","big-boobs-heaven","https://www.google.com/"
"","bigboobshemales","https://www.google.com/"
"","bigboobshugetits","https://www.google.com/"
"","bigboobsindex","https://www.google.com/"
"","bigboobsjuggs","https://www.google.com/"
"","big-boobs-kingdom","https://www.google.com/"
"","bigboobslove","https://www.google.com/"
"","bigboobsmature","https://www.google.com/"
"","bigboobsmodels","https://www.google.com/"
"","bigboobsmoms","https://www.google.com/"
"","big-boobs-movies","https://www.google.com/"
"","bigboobsnetwork","https://www.google.com/"
"","bigboobsnudepics","https://www.google.com/"
"","bigboobsoncam","https://www.google.com/"
"","bigboobsonly","https://www.google.com/"
"","bigboobsparadise","https://www.google.com/"
"","bigboobs-photos","https://www.google.com/"
"","bigboobspic","https://www.google.com/"
"","big-boobs-pics","https://www.google.com/"
"","bigboobspics","https://www.google.com/"
"","bigboobspictures","https://www.google.com/"
"","big-boobs-porn","https://www.google.com/"
"","bigboobs-porn","https://www.google.com/"
"","bigboobsporno","https://www.google.com/"
"","bigboobspornpics","https://www.google.com/"
"","bigboobspov","https://www.google.com/"
"","bigboobsprivate","https://www.google.com/"
"","bigboobss","https://www.google.com/"
"","bigboobs-search","https://www.google.com/"
"","big-boobs-sex","https://www.google.com/"
"","bigboobssexy","https://www.google.com/"
"","bigboobsshemale","https://www.google.com/"
"","bigboobsteens","https://www.google.com/"
"","bigboobster","https://www.google.com/"
"","bigboobstit","https://www.google.com/"
"","bigboobstitties","https://www.google.com/"
"","big-boobs-tube","https://www.google.com/"
"","bigboobstube","https://www.google.com/"
"","bigboobstubed","https://www.google.com/"
"","bigboobsupdate","https://www.google.com/"
"","big-boobs","https://www.google.com/"
"","bigboobsvod","https://www.google.com/"
"","bigboobswebcams","https://www.google.com/"
"","bigboobteenies","https://www.google.com/"
"","big-boob-teens","https://www.google.com/"
"","bigboobteens","https://www.google.com/"
"","bigboobtits","https://www.google.com/"
"","bigboobtube","https://www.google.com/"
"","bigboobvid","https://www.google.com/"
"","big-boob-world","https://www.google.com/"
"","bigboobworship","https://www.google.com/"
"","bigboobxxxdownload","https://www.google.com/"
"","bigbooby","https://www.google.com/"
"","bigboobyland","https://www.google.com/"
"","bigbookaltpress","https://www.google.com/"
"","bigboomporn","https://www.google.com/"
"","bigbooty4free","https://www.google.com/"
"","bigbooty6","https://www.google.com/"
"","bigbootyasiangirl","https://www.google.com/"
"","bigbootybbw","https://www.google.com/"
"","bigbootybitch","https://www.google.com/"
"","bigbootyblackgirl","https://www.google.com/"
"","bigbootybucks","https://www.google.com/"
"","bigbootyclips","https://www.google.com/"
"","bigbootyclub","https://www.google.com/"
"","bigbooty","https://www.google.com/"
"","bigbootycuties","https://www.google.com/"
"","bigbootyebonypornstar","https://www.google.com/"
"","bigbootyfiles","https://www.google.com/"
