"﻿""id""","read","recommended"
"","ball","https://www.google.com/"
"","balmes68","https://www.google.com/"
"","balmtube","https://www.google.com/"
"","baltan-av","https://www.google.com/"
"","balticbabes","https://www.google.com/"
"","balticdreams","https://www.google.com/"
"","balticlady","https://www.google.com/"
"","baltictop","https://www.google.com/"
"","baltimore-strippers","https://www.google.com/"
"","baly","https://www.google.com/"
"","bamakaye","https://www.google.com/"
"","bamba","https://www.google.com/"
"","bambiboy","https://www.google.com/"
"","bambiboys","https://www.google.com/"
"","bambikini","https://www.google.com/"
"","bambiland","https://www.google.com/"
"","bambis-free-nude-pictures","https://www.google.com/"
"","bambiwoods","https://www.google.com/"
"","bambiwoodsxxx","https://www.google.com/"
"","bamboogirl","https://www.google.com/"
"","bambooming","https://www.google.com/"
"","bamboz","https://www.google.com/"
"","bambulax","https://www.google.com/"
"","bamf","https://www.google.com/"
"","bamineukers","https://www.google.com/"
"","bamvisions","https://www.google.com/"
"","banaantje","https://www.google.com/"
"","banaguide","https://www.google.com/"
"","bananababes","https://www.google.com/"
"","bananabrandy","https://www.google.com/"
"","bananabunny","https://www.google.com/"
"","banana-cartoons","https://www.google.com/"
"","banana-escort","https://www.google.com/"
"","bananagays","https://www.google.com/"
"","bananaguide","https://www.google.com/"
"","banana-heart","https://www.google.com/"
"","bananamoon","https://www.google.com/"
"","banananet","https://www.google.com/"
"","bananapeel","https://www.google.com/"
"","bananapost","https://www.google.com/"
"","bananasblue","https://www.google.com/"
"","bananasesso","https://www.google.com/"
"","banana-sexshop","https://www.google.com/"
"","bananashoes","https://www.google.com/"
"","bananasins","https://www.google.com/"
"","bananas","https://www.google.com/"
"","bananateens","https://www.google.com/"
"","bananatrans","https://www.google.com/"
"","bananatv","https://www.google.com/"
"","bananavideos","https://www.google.com/"
"","banana-vpc","https://www.google.com/"
"","bananenbar","https://www.google.com/"
"","bananensplit","https://www.google.com/"
"","banan","https://www.google.com/"
"","banann","https://www.google.com/"
"","banatdream","https://www.google.com/"
"","banba","https://www.google.com/"
"","bandante","https://www.google.com/"
"","bandcamp","https://www.google.com/"
"","bandcamppics","https://www.google.com/"
"","bande-annonce-cinema","https://www.google.com/"
"","bandedessineegay","https://www.google.com/"
"","bandelmedia","https://www.google.com/"
"","bander","https://www.google.com/"
"","bandez","https://www.google.com/"
"","bandgirl","https://www.google.com/"
"","bandimen","https://www.google.com/"
"","banditmovies","https://www.google.com/"
"","bandito","https://www.google.com/"
"","bandit","https://www.google.com/"
"","banditrock","https://www.google.com/"
"","bandscom","https://www.google.com/"
"","bandu2","https://www.google.com/"
"","bang-4-a-buck","https://www.google.com/"
"","bangababe","https://www.google.com/"
"","bangabang","https://www.google.com/"
"","bangablegirls","https://www.google.com/"
"","bangaivn","https://www.google.com/"
"","bangaloreeescorts-escorts","https://www.google.com/"
"","bangaloreescorts","https://www.google.com/"
"","bangalore-escorts","https://www.google.com/"
"","bangaloreexcellentescorts","https://www.google.com/"
"","bangaloregirlfriendsexperience","https://www.google.com/"
"","bangaloregirlsescorts","https://www.google.com/"
"","bangalorenightqueens","https://www.google.com/"
"","bangamidget","https://www.google.com/"
"","bangamom","https://www.google.com/"
"","bang-asia","https://www.google.com/"
"","bang-ass","https://www.google.com/"
"","bangatube","https://www.google.com/"
"","bangbabe","https://www.google.com/"
"","bangbangbabes","https://www.google.com/"
"","bangbangboys","https://www.google.com/"
"","bangbangcams","https://www.google.com/"
"","bangbas","https://www.google.com/"
"","bangbest","https://www.google.com/"
"","bangbf","https://www.google.com/"
"","bangboatblog","https://www.google.com/"
"","bangboatblogs","https://www.google.com/"
"","bangboat","https://www.google.com/"
