"﻿""id""","read","recommended"
"","bumskontakt-online","https://www.google.com/"
"","bumsloch","https://www.google.com/"
"","bumsluder","https://www.google.com/"
"","bumslut","https://www.google.com/"
"","bumsmarie","https://www.google.com/"
"","bumsmeile","https://www.google.com/"
"","bumsmich","https://www.google.com/"
"","bumsnudel","https://www.google.com/"
"","bumsorgien","https://www.google.com/"
"","bumsparty","https://www.google.com/"
"","bumstempel","https://www.google.com/"
"","bumstreff24","https://www.google.com/"
"","bumsvideos","https://www.google.com/"
"","bumtricks","https://www.google.com/"
"","bumtropics","https://www.google.com/"
"","bunbeatingfun","https://www.google.com/"
"","bunbuster","https://www.google.com/"
"","bunchafreepics","https://www.google.com/"
"","bunchafreeporn","https://www.google.com/"
"","bunchafreesites","https://www.google.com/"
"","bunchalesbos","https://www.google.com/"
"","bunchas","https://www.google.com/"
"","bunchofthumbs","https://www.google.com/"
"","bundasbr","https://www.google.com/"
"","bundas","https://www.google.com/"
"","bundasgordas","https://www.google.com/"
"","bundasmania","https://www.google.com/"
"","bundasnuas","https://www.google.com/"
"","bundastube","https://www.google.com/"
"","bundesallee128","https://www.google.com/"
"","bundesporno","https://www.google.com/"
"","bundinha","https://www.google.com/"
"","bundudas","https://www.google.com/"
"","bundyfever","https://www.google.com/"
"","bungbus","https://www.google.com/"
"","bungeesex","https://www.google.com/"
"","bungfu","https://www.google.com/"
"","bunghole","https://www.google.com/"
"","bungholes","https://www.google.com/"
"","bungiesucks","https://www.google.com/"
"","bunkasha","https://www.google.com/"
"","bunker-cruising","https://www.google.com/"
"","bunkfiles","https://www.google.com/"
"","bunkhouse","https://www.google.com/"
"","bunkys","https://www.google.com/"
"","bunniandrachel","https://www.google.com/"
"","bunnieporn","https://www.google.com/"
"","bunnies4money","https://www.google.com/"
"","bunniesclub","https://www.google.com/"
"","bunniesoflasvegas","https://www.google.com/"
"","bunniesoflondon","https://www.google.com/"
"","bunnie-squad","https://www.google.com/"
"","bunny18","https://www.google.com/"
"","bunny4","https://www.google.com/"
"","bunnybang","https://www.google.com/"
"","bunnybleu","https://www.google.com/"
"","bunnybleuxxx","https://www.google.com/"
"","bunnycasting","https://www.google.com/"
"","bunnyclub","https://www.google.com/"
"","bunnydelacruzxxx","https://www.google.com/"
"","bunny-deri","https://www.google.com/"
"","bunnydream","https://www.google.com/"
"","bunnyfarts","https://www.google.com/"
"","bunnyfuck","https://www.google.com/"
"","bunnygals","https://www.google.com/"
"","bunny-girls","https://www.google.com/"
"","bunnygirls","https://www.google.com/"
"","bunnygirlz","https://www.google.com/"
"","bunnyglamazon","https://www.google.com/"
"","bunnyhoneys","https://www.google.com/"
"","bunny-jane","https://www.google.com/"
"","bunnyjoy","https://www.google.com/"
"","bunnylinks","https://www.google.com/"
"","bunny-list","https://www.google.com/"
"","bunnylust","https://www.google.com/"
"","bunnymagazine","https://www.google.com/"
"","bunnymania","https://www.google.com/"
"","bunnymilk","https://www.google.com/"
"","bunnymoms","https://www.google.com/"
"","bunny-net","https://www.google.com/"
"","bunnyporn","https://www.google.com/"
"","bunnypost","https://www.google.com/"
"","bunnyranch","https://www.google.com/"
"","bunnys","https://www.google.com/"
"","bunnyscout","https://www.google.com/"
"","bunnysdreams","https://www.google.com/"
"","bunnysex","https://www.google.com/"
"","bunnysiteoflife","https://www.google.com/"
"","bunnystrip","https://www.google.com/"
"","bunnyteen","https://www.google.com/"
"","bunnyteenpussy","https://www.google.com/"
"","bunnyteens","https://www.google.com/"
"","bunnytgp","https://www.google.com/"
"","bunnytimes","https://www.google.com/"
"","bunnytube","https://www.google.com/"
"","bunnywomen","https://www.google.com/"
"","bunnyxxx","https://www.google.com/"
"","bunsandass","https://www.google.com/"
"","bunsintheoven","https://www.google.com/"
"","bunsinundies","https://www.google.com/"
