"﻿""id""","read","recommended"
"","ilpornale","https://www.google.com/"
"","ilsastrix","https://www.google.com/"
"","ilsederooij","https://www.google.com/"
"","ilse","https://www.google.com/"
"","ilsex","https://www.google.com/"
"","ilsexs","https://www.google.com/"
"","ilsezoektsex","https://www.google.com/"
"","ilsp","https://www.google.com/"
"","ilubelucy","https://www.google.com/"
"","ilustfull","https://www.google.com/"
"","ilustrados","https://www.google.com/"
"","iluvashlie","https://www.google.com/"
"","iluvashliefan","https://www.google.com/"
"","iluvashlienaked","https://www.google.com/"
"","iluvbondage","https://www.google.com/"
"","iluvboobs","https://www.google.com/"
"","iluvhandjobs","https://www.google.com/"
"","iluvporn","https://www.google.com/"
"","iluvshemales","https://www.google.com/"
"","iluvtoons","https://www.google.com/"
"","ilux","https://www.google.com/"
"","ilynx","https://www.google.com/"
"","ilze","https://www.google.com/"
"","im7teen","https://www.google.com/"
"","imababe","https://www.google.com/"
"","imafemdom","https://www.google.com/"
"","image3","https://www.google.com/"
"","imagearn","https://www.google.com/"
"","imagebam","https://www.google.com/"
"","image-bros","https://www.google.com/"
"","imagecandy","https://www.google.com/"
"","imagechan","https://www.google.com/"
"","image-drole","https://www.google.com/"
"","imageduweb","https://www.google.com/"
"","imagefap","https://www.google.com/"
"","imagefapusercontent","https://www.google.com/"
"","imagefaq","https://www.google.com/"
"","imagefart","https://www.google.com/"
"","imagefest","https://www.google.com/"
"","imageflea","https://www.google.com/"
"","imagegals","https://www.google.com/"
"","image-girls","https://www.google.com/"
"","image-gratuite","https://www.google.com/"
"","imagehost","https://www.google.com/"
"","imagehustler","https://www.google.com/"
"","imagelatex","https://www.google.com/"
"","imageloop","https://www.google.com/"
"","imagelynxdesign","https://www.google.com/"
"","imagemaniac","https://www.google.com/"
"","imagemporno","https://www.google.com/"
"","imagenes-eventos","https://www.google.com/"
"","imageone","https://www.google.com/"
"","imageporno","https://www.google.com/"
"","imageport","https://www.google.com/"
"","imagepost","https://www.google.com/"
"","image-ris","https://www.google.com/"
"","images4sale","https://www.google.com/"
"","imagesbox","https://www.google.com/"
"","imagesbygordon","https://www.google.com/"
"","imagesbyrobert","https://www.google.com/"
"","imagescharme","https://www.google.com/"
"","images","https://www.google.com/"
"","imagescollections","https://www.google.com/"
"","imagescream","https://www.google.com/"
"","images-dnxlive","https://www.google.com/"
"","images-droles","https://www.google.com/"
"","imagesearchrelationships","https://www.google.com/"
"","imagesexe","https://www.google.com/"
"","images-fun","https://www.google.com/"
"","images-gratuites","https://www.google.com/"
"","imagesize","https://www.google.com/"
"","imagesnues","https://www.google.com/"
"","imagesofmen","https://www.google.com/"
"","imagestgp","https://www.google.com/"
"","imagesystem","https://www.google.com/"
"","imagetwist","https://www.google.com/"
"","imagevenue","https://www.google.com/"
"","imageweb","https://www.google.com/"
"","imagezilla","https://www.google.com/"
"","imagezog","https://www.google.com/"
"","imagezz","https://www.google.com/"
"","imagigay","https://www.google.com/"
"","imaginations-bdsm","https://www.google.com/"
"","imaginax","https://www.google.com/"
"","imaginecontact","https://www.google.com/"
"","imaginepics","https://www.google.com/"
"","imagingdreams","https://www.google.com/"
"","imagostudios","https://www.google.com/"
"","imagoxxx","https://www.google.com/"
"","imajill","https://www.google.com/"
"","imakesex","https://www.google.com/"
"","imalespectrum","https://www.google.com/"
"","imalespectrumpass","https://www.google.com/"
"","imamaster","https://www.google.com/"
"","imanetwork","https://www.google.com/"
"","imanympho","https://www.google.com/"
"","imapornstar","https://www.google.com/"
"","imas-bdsm","https://www.google.com/"
"","i-master","https://www.google.com/"
"","imaswinger","https://www.google.com/"
