"﻿""id""","read","recommended"
"","blackpusy","https://www.google.com/"
"","black-queen","https://www.google.com/"
"","blackqueen","https://www.google.com/"
"","black-rabbit","https://www.google.com/"
"","blackrabbit","https://www.google.com/"
"","blackrainbow","https://www.google.com/"
"","blackranch","https://www.google.com/"
"","blackravensreviews","https://www.google.com/"
"","blackredtube","https://www.google.com/"
"","blackreignx","https://www.google.com/"
"","black-rencontres","https://www.google.com/"
"","blackrivercc","https://www.google.com/"
"","blackriverrumble","https://www.google.com/"
"","blackromance","https://www.google.com/"
"","black-rose-project","https://www.google.com/"
"","blacksalamis","https://www.google.com/"
"","black-salope","https://www.google.com/"
"","blacksalopes","https://www.google.com/"
"","blacksandmatures","https://www.google.com/"
"","blacksbangwhites","https://www.google.com/"
"","blacksbigwomenssexy","https://www.google.com/"
"","blacksblondes","https://www.google.com/"
"","blackscapolite","https://www.google.com/"
"","blackschlampe","https://www.google.com/"
"","blacks","https://www.google.com/"
"","blacksdoingwhites","https://www.google.com/"
"","blacksea-environment","https://www.google.com/"
"","blacksearcher","https://www.google.com/"
"","blackseducer","https://www.google.com/"
"","blackseedboys","https://www.google.com/"
"","blacksensuelle","https://www.google.com/"
"","blacksex4u","https://www.google.com/"
"","blacksex","https://www.google.com/"
"","blacksexbook","https://www.google.com/"
"","blacksexbooty","https://www.google.com/"
"","blacksexcamgirls","https://www.google.com/"
"","blacksexcams","https://www.google.com/"
"","blacksexchat","https://www.google.com/"
"","black-sex-comics","https://www.google.com/"
"","blacksexcomics","https://www.google.com/"
"","black-sex-corner","https://www.google.com/"
"","blacksexdate","https://www.google.com/"
"","blacksexdates","https://www.google.com/"
"","blacksexdating","https://www.google.com/"
"","blacksexdreams","https://www.google.com/"
"","blacksexe","https://www.google.com/"
"","black-sexe","https://www.google.com/"
"","blacksexetv","https://www.google.com/"
"","blacksexfilms","https://www.google.com/"
"","blacksexfinder","https://www.google.com/"
"","blacksexgirls","https://www.google.com/"
"","blacksexgoddess","https://www.google.com/"
"","blacksexguide","https://www.google.com/"
"","black-sex-hardcore-videos","https://www.google.com/"
"","blacksexhd","https://www.google.com/"
"","blacksexhookups","https://www.google.com/"
"","blacksexhotel","https://www.google.com/"
"","blacksexlesbians","https://www.google.com/"
"","black-sex-links","https://www.google.com/"
"","blacksexmatch","https://www.google.com/"
"","blacksexmix","https://www.google.com/"
"","blacksexmovies","https://www.google.com/"
"","blacksexonline","https://www.google.com/"
"","blacksexorgy","https://www.google.com/"
"","blacksexparty","https://www.google.com/"
"","blacksexplaza","https://www.google.com/"
"","blacksexporn","https://www.google.com/"
"","blacksexsearch","https://www.google.com/"
"","blacksexshop","https://www.google.com/"
"","blacksexshow","https://www.google.com/"
"","black-sex-site","https://www.google.com/"
"","blacksexsite","https://www.google.com/"
"","blacksexsites","https://www.google.com/"
"","blacksextoday","https://www.google.com/"
"","blacksexultra","https://www.google.com/"
"","blacksexybooty","https://www.google.com/"
"","black-sexy","https://www.google.com/"
"","blacksexyshemales","https://www.google.com/"
"","blacksfilmed","https://www.google.com/"
"","blacksfuckblondes","https://www.google.com/"
"","blacksfuck","https://www.google.com/"
"","blacksfuckmywife","https://www.google.com/"
"","blacksgangbangwhite","https://www.google.com/"
"","blacksgays","https://www.google.com/"
"","blacksgonemad","https://www.google.com/"
"","blacksgrosseins","https://www.google.com/"
"","blackshack","https://www.google.com/"
"","blackshavedpussy","https://www.google.com/"
"","blackshemalecams","https://www.google.com/"
"","blackshemaleclips","https://www.google.com/"
"","blackshemalecocks","https://www.google.com/"
"","blackshemalecum","https://www.google.com/"
"","blackshemaledating","https://www.google.com/"
"","blackshemaledicks","https://www.google.com/"
"","blackshemaleebony","https://www.google.com/"
"","blackshemalehardcore","https://www.google.com/"
"","blackshemalejoy","https://www.google.com/"
"","blackshemalemodels","https://www.google.com/"
"","blackshemalemov","https://www.google.com/"
"","black-shemale","https://www.google.com/"
