"﻿""id""","read","recommended"
"","celebrityerotic","https://www.google.com/"
"","celebrityes","https://www.google.com/"
"","celebrityevent","https://www.google.com/"
"","celebrityexcess","https://www.google.com/"
"","celebrity-exchange","https://www.google.com/"
"","celebrityexpose","https://www.google.com/"
"","celebrityfacial","https://www.google.com/"
"","celebrityfactor","https://www.google.com/"
"","celebrityfactory","https://www.google.com/"
"","celebrityfakeart","https://www.google.com/"
"","celebrityfakebondage","https://www.google.com/"
"","celebrityfakenude","https://www.google.com/"
"","celebrityfakeporn","https://www.google.com/"
"","celebrityfakes4u","https://www.google.com/"
"","celebrity-fakes-archive","https://www.google.com/"
"","celebrityfakes","https://www.google.com/"
"","celebrityfakesgallery","https://www.google.com/"
"","celebrityfakeslist","https://www.google.com/"
"","celebrity-fakes","https://www.google.com/"
"","celebrity-fansites","https://www.google.com/"
"","celebrityfans","https://www.google.com/"
"","celebrityfantasies","https://www.google.com/"
"","celebrityfantasy","https://www.google.com/"
"","celebrityfanweb","https://www.google.com/"
"","celebrityfashion","https://www.google.com/"
"","celebrityf","https://www.google.com/"
"","celebrityfeetinthepose","https://www.google.com/"
"","celebrityfeet","https://www.google.com/"
"","celebrityfemales","https://www.google.com/"
"","celebrityfiles","https://www.google.com/"
"","celebrityfilth","https://www.google.com/"
"","celebrityflash","https://www.google.com/"
"","celebrityflavor","https://www.google.com/"
"","celebrityflesh","https://www.google.com/"
"","celebrityfocus","https://www.google.com/"
"","celebrityfool","https://www.google.com/"
"","celebrityfootfetish","https://www.google.com/"
"","celebrityfoot","https://www.google.com/"
"","celebrityframes","https://www.google.com/"
"","celebrityfreak","https://www.google.com/"
"","celebrityfreaks","https://www.google.com/"
"","celebrityfree","https://www.google.com/"
"","celebrityfreemoviearchive","https://www.google.com/"
"","celebrityfreenude","https://www.google.com/"
"","celebrityfreepictures","https://www.google.com/"
"","celebrityfreesex","https://www.google.com/"
"","celebrityfuck","https://www.google.com/"
"","celebrityfucker","https://www.google.com/"
"","celebrityfuckers","https://www.google.com/"
"","celebrityfucking","https://www.google.com/"
"","celebrityfuckpic","https://www.google.com/"
"","celebrityfuckpics","https://www.google.com/"
"","celebrityfucktape","https://www.google.com/"
"","celebrityfuckworld","https://www.google.com/"
"","celebrity-galleries","https://www.google.com/"
"","celebritygalleriesfree","https://www.google.com/"
"","celebritygalleries","https://www.google.com/"
"","celebrity-gallery","https://www.google.com/"
"","celebritygallerylist","https://www.google.com/"
"","celebritygallerys","https://www.google.com/"
"","celebrity-gals","https://www.google.com/"
"","celebritygals","https://www.google.com/"
"","celebritygame","https://www.google.com/"
"","celebritygames","https://www.google.com/"
"","celebritygarden","https://www.google.com/"
"","celebritygateway","https://www.google.com/"
"","celebritygay","https://www.google.com/"
"","celebritygaynude","https://www.google.com/"
"","celebritygenius","https://www.google.com/"
"","celebritygifs","https://www.google.com/"
"","celebrity-girls","https://www.google.com/"
"","celebritygirls","https://www.google.com/"
"","celebrityglamour","https://www.google.com/"
"","celebritygo","https://www.google.com/"
"","celebritygossipeveryday","https://www.google.com/"
"","celebrity-gossip","https://www.google.com/"
"","celebritygossipus","https://www.google.com/"
"","celebrity-gossipz","https://www.google.com/"
"","celebrityguy","https://www.google.com/"
"","celebrityhack","https://www.google.com/"
"","celebrity-hair-styles","https://www.google.com/"
"","celebrity-hairstyles","https://www.google.com/"
"","celebrityhardcore","https://www.google.com/"
"","celebrityharem","https://www.google.com/"
"","celebrityheat","https://www.google.com/"
"","celebrityheaven","https://www.google.com/"
"","celebrityheights","https://www.google.com/"
"","celebrityhomevideos","https://www.google.com/"
"","celebrityhoneys","https://www.google.com/"
"","celebrityhonkers","https://www.google.com/"
"","celebrityhot","https://www.google.com/"
"","celebrityhotphotos","https://www.google.com/"
"","celebrityhotspot","https://www.google.com/"
"","celebrity-hq","https://www.google.com/"
"","celebrityhub","https://www.google.com/"
"","celebrityhunter","https://www.google.com/"
"","celebrity-image","https://www.google.com/"
"","celebrityinferno","https://www.google.com/"
"","celebritying","https://www.google.com/"
"","celebrityinporn","https://www.google.com/"
