"﻿""id""","read","recommended"
"","gaybreeding","https://www.google.com/"
"","gaybridgend","https://www.google.com/"
"","gaybrighton","https://www.google.com/"
"","gaybritain","https://www.google.com/"
"","gaybrit","https://www.google.com/"
"","gaybros","https://www.google.com/"
"","gaybrutaldildos","https://www.google.com/"
"","gaybubble","https://www.google.com/"
"","gaybucks","https://www.google.com/"
"","gaybumpost","https://www.google.com/"
"","gaybumtube","https://www.google.com/"
"","gayburg","https://www.google.com/"
"","gaybus","https://www.google.com/"
"","gaybusters","https://www.google.com/"
"","gaybutt","https://www.google.com/"
"","gaybutter","https://www.google.com/"
"","gaybuttsex","https://www.google.com/"
"","gaybuzz","https://www.google.com/"
"","gaybymail","https://www.google.com/"
"","gaycallboys","https://www.google.com/"
"","gaycam4u","https://www.google.com/"
"","gaycamara","https://www.google.com/"
"","gaycam","https://www.google.com/"
"","gaycamboys","https://www.google.com/"
"","gay-cam-boys","https://www.google.com/"
"","gaycamchat","https://www.google.com/"
"","gaycamcocks","https://www.google.com/"
"","gay-cam-community","https://www.google.com/"
"","gaycamdudes","https://www.google.com/"
"","gaycamer","https://www.google.com/"
"","gaycamjocks","https://www.google.com/"
"","gaycamlive","https://www.google.com/"
"","gaycamnetwork","https://www.google.com/"
"","gaycamnow","https://www.google.com/"
"","gaycamo","https://www.google.com/"
"","gaycamorgy","https://www.google.com/"
"","gaycampers","https://www.google.com/"
"","gaycamping","https://www.google.com/"
"","gaycamporn","https://www.google.com/"
"","gaycams777","https://www.google.com/"
"","gaycams","https://www.google.com/"
"","gaycamsclub","https://www.google.com/"
"","gay-cams","https://www.google.com/"
"","gaycamselfies","https://www.google.com/"
"","gaycamsexchat","https://www.google.com/"
"","gaycamsex","https://www.google.com/"
"","gaycamsexlive","https://www.google.com/"
"","gaycamsexposed","https://www.google.com/"
"","gaycamsholland","https://www.google.com/"
"","gaycamshots","https://www.google.com/"
"","gaycamshows","https://www.google.com/"
"","gaycamsint","https://www.google.com/"
"","gaycamsite","https://www.google.com/"
"","gaycams-live","https://www.google.com/"
"","gaycamspot","https://www.google.com/"
"","gaycamstrip","https://www.google.com/"
"","gaycamstuds","https://www.google.com/"
"","gaycamtwinks","https://www.google.com/"
"","gaycamwankers","https://www.google.com/"
"","gaycamx","https://www.google.com/"
"","gaycamz","https://www.google.com/"
"","gaycanada","https://www.google.com/"
"","gaycanaria","https://www.google.com/"
"","gay-cards","https://www.google.com/"
"","gaycards","https://www.google.com/"
"","gaycaribbean","https://www.google.com/"
"","gaycartoonblogs","https://www.google.com/"
"","gay-cartoon","https://www.google.com/"
"","gaycartoonhentai","https://www.google.com/"
"","gaycartoonlist","https://www.google.com/"
"","gaycartoonmovies","https://www.google.com/"
"","gay-cartoon-sex","https://www.google.com/"
"","gaycartoontube","https://www.google.com/"
"","gay-cash","https://www.google.com/"
"","gaycash","https://www.google.com/"
"","gaycasino","https://www.google.com/"
"","gaycasinos","https://www.google.com/"
"","gay-cast","https://www.google.com/"
"","gaycasting","https://www.google.com/"
"","gaycastings","https://www.google.com/"
"","gaycat","https://www.google.com/"
"","gaycategories","https://www.google.com/"
"","gaycategory","https://www.google.com/"
"","gaycaveman","https://www.google.com/"
"","gaycd","https://www.google.com/"
"","gaycelebrities","https://www.google.com/"
"","gaycelebstube","https://www.google.com/"
"","gay-center","https://www.google.com/"
"","gaycenter","https://www.google.com/"
"","gaycentral","https://www.google.com/"
"","gaychamber","https://www.google.com/"
"","gaychan","https://www.google.com/"
"","gaycharlie","https://www.google.com/"
"","gaycharm","https://www.google.com/"
"","gaychat24","https://www.google.com/"
"","gaychatcam","https://www.google.com/"
"","gaychatcity","https://www.google.com/"
"","gaychat","https://www.google.com/"
"","gay-chat","https://www.google.com/"
"","gaychatline","https://www.google.com/"
