"﻿""id""","read","recommended"
"","crotchbuffet","https://www.google.com/"
"","crotchduster","https://www.google.com/"
"","crotchphoto","https://www.google.com/"
"","crotchphotos","https://www.google.com/"
"","crotchsex","https://www.google.com/"
"","crotchvideo","https://www.google.com/"
"","croupedumonde","https://www.google.com/"
"","crovadis","https://www.google.com/"
"","crowdbondage","https://www.google.com/"
"","crown-escorts","https://www.google.com/"
"","crownmodels","https://www.google.com/"
"","crownofthorns","https://www.google.com/"
"","crownonlinecasino","https://www.google.com/"
"","crownroyal","https://www.google.com/"
"","crpe","https://www.google.com/"
"","crtracklink","https://www.google.com/"
"","crucified-women","https://www.google.com/"
"","crudesex","https://www.google.com/"
"","crudi-solidarite","https://www.google.com/"
"","cruelamazons","https://www.google.com/"
"","cruelart","https://www.google.com/"
"","cruelbdsmcams","https://www.google.com/"
"","cruelbdsm","https://www.google.com/"
"","cruelbdsmsex","https://www.google.com/"
"","cruelbitches","https://www.google.com/"
"","cruelblowjobs","https://www.google.com/"
"","cruelbondage","https://www.google.com/"
"","cruelchloe","https://www.google.com/"
"","cruel","https://www.google.com/"
"","crueldom","https://www.google.com/"
"","crueldominas","https://www.google.com/"
"","crueldommes","https://www.google.com/"
"","cruelebony","https://www.google.com/"
"","cruelfamily","https://www.google.com/"
"","cruel-feet","https://www.google.com/"
"","cruel-femdom","https://www.google.com/"
"","cruelfemdom","https://www.google.com/"
"","cruelfetish","https://www.google.com/"
"","cruelfisting","https://www.google.com/"
"","cruel-footdom","https://www.google.com/"
"","cruelgaysex","https://www.google.com/"
"","cruelgirls","https://www.google.com/"
"","cruelguys","https://www.google.com/"
"","cruelhardsex","https://www.google.com/"
"","cruelheartbreakerscinema","https://www.google.com/"
"","cruelhentai","https://www.google.com/"
"","cruelinks","https://www.google.com/"
"","cruella","https://www.google.com/"
"","cruelladies","https://www.google.com/"
"","cruellesbians","https://www.google.com/"
"","cruellog","https://www.google.com/"
"","cruelmistressitalia","https://www.google.com/"
"","cruel-mistress","https://www.google.com/"
"","cruelmistressphonesex","https://www.google.com/"
"","cruelmoney","https://www.google.com/"
"","cruelmovies","https://www.google.com/"
"","cruel-network","https://www.google.com/"
"","cruelnetwork","https://www.google.com/"
"","cruel-orgies","https://www.google.com/"
"","cruelorgies","https://www.google.com/"
"","cruelpages","https://www.google.com/"
"","cruelplanet","https://www.google.com/"
"","cruelrape","https://www.google.com/"
"","cruelroom","https://www.google.com/"
"","cruelsarah","https://www.google.com/"
"","cruelshemales","https://www.google.com/"
"","cruelspanking","https://www.google.com/"
"","crueltied","https://www.google.com/"
"","crueltorture","https://www.google.com/"
"","crueltyparty","https://www.google.com/"
"","crueltypartys","https://www.google.com/"
"","cruelvault","https://www.google.com/"
"","cruelvideo","https://www.google.com/"
"","cruelvideoz","https://www.google.com/"
"","cruelville","https://www.google.com/"
"","cruelwomen","https://www.google.com/"
"","cruelwomenrules","https://www.google.com/"
"","cruiseit","https://www.google.com/"
"","cruisenude","https://www.google.com/"
"","cruisepatrol","https://www.google.com/"
"","cruiserbee","https://www.google.com/"
"","cruiserboys","https://www.google.com/"
"","cruisethis","https://www.google.com/"
"","cruisingarea","https://www.google.com/"
"","cruisingforescorts","https://www.google.com/"
"","cruisingforsex","https://www.google.com/"
"","cruisingforsexvideos","https://www.google.com/"
"","cruisinggirls","https://www.google.com/"
"","crunchboy","https://www.google.com/"
"","cruncho","https://www.google.com/"
"","crunchydollars","https://www.google.com/"
"","crunkmovies","https://www.google.com/"
"","crusex","https://www.google.com/"
"","crushbabes","https://www.google.com/"
"","crush","https://www.google.com/"
"","crushcuties","https://www.google.com/"
"","crushedasians","https://www.google.com/"
"","crushedbyher","https://www.google.com/"
"","crushedgirls","https://www.google.com/"
"","crushedlikeabug","https://www.google.com/"
