"﻿""id""","read","recommended"
"","boyscharm","https://www.google.com/"
"","boysclub18","https://www.google.com/"
"","boysclublive","https://www.google.com/"
"","boyscock","https://www.google.com/"
"","boyscollection","https://www.google.com/"
"","boy-s","https://www.google.com/"
"","boys","https://www.google.com/"
"","boyscondo","https://www.google.com/"
"","boysconnection","https://www.google.com/"
"","boysdebut","https://www.google.com/"
"","boysdestroyed","https://www.google.com/"
"","boysdicktube","https://www.google.com/"
"","boysdope","https://www.google.com/"
"","boysdp","https://www.google.com/"
"","boy-seduce-mom","https://www.google.com/"
"","boyself","https://www.google.com/"
"","boyselfpic","https://www.google.com/"
"","boysemo","https://www.google.com/"
"","boysexblog","https://www.google.com/"
"","boysexclip","https://www.google.com/"
"","boysexclips","https://www.google.com/"
"","boy-sex","https://www.google.com/"
"","boysex","https://www.google.com/"
"","boysextoys","https://www.google.com/"
"","boysextube","https://www.google.com/"
"","boysextv","https://www.google.com/"
"","boysfactory","https://www.google.com/"
"","boysfeetclub","https://www.google.com/"
"","boysfeet","https://www.google.com/"
"","boysfetisharea","https://www.google.com/"
"","boysfever","https://www.google.com/"
"","boys-ficken","https://www.google.com/"
"","boysfilth","https://www.google.com/"
"","boysfingering","https://www.google.com/"
"","boysfirstime","https://www.google.com/"
"","boysfirstimes","https://www.google.com/"
"","boysfirstporn","https://www.google.com/"
"","boysfirsttime2","https://www.google.com/"
"","boysfirsttime","https://www.google.com/"
"","boysfirsttimepic","https://www.google.com/"
"","boysfood","https://www.google.com/"
"","boysforboys","https://www.google.com/"
"","boysforbreakfast","https://www.google.com/"
"","boysforcemilfs","https://www.google.com/"
"","boysforcingmilfs","https://www.google.com/"
"","boysforcingmoms","https://www.google.com/"
"","boysfox","https://www.google.com/"
"","boysfucked","https://www.google.com/"
"","boysfuckgirls","https://www.google.com/"
"","boysfucking","https://www.google.com/"
"","boysfuckmatures","https://www.google.com/"
"","boysfuckmilfs","https://www.google.com/"
"","boysfuck","https://www.google.com/"
"","boysfucks","https://www.google.com/"
"","boysfuckteens","https://www.google.com/"
"","boysfun","https://www.google.com/"
"","boysfuns","https://www.google.com/"
"","boysgallery","https://www.google.com/"
"","boysgaycam","https://www.google.com/"
"","boysgay","https://www.google.com/"
"","boys-girls","https://www.google.com/"
"","boysgonewild","https://www.google.com/"
"","boyshalfwayhouse","https://www.google.com/"
"","boys-hardcore-pics","https://www.google.com/"
"","boyshdvideos","https://www.google.com/"
"","boys-here","https://www.google.com/"
"","boyshout","https://www.google.com/"
"","boyshow","https://www.google.com/"
"","boys-in-boys","https://www.google.com/"
"","boysinboys","https://www.google.com/"
"","boysinbriefs","https://www.google.com/"
"","boysincaptivity","https://www.google.com/"
"","boysinc","https://www.google.com/"
"","boysinsauna","https://www.google.com/"
"","boysinthesand","https://www.google.com/"
"","boysinuniform","https://www.google.com/"
"","boysiq","https://www.google.com/"
"","boysites","https://www.google.com/"
"","boysjerk","https://www.google.com/"
"","boysjerking","https://www.google.com/"
"","boysking","https://www.google.com/"
"","boyslightsout","https://www.google.com/"
"","boysline","https://www.google.com/"
"","boyslivecams","https://www.google.com/"
"","boyslive","https://www.google.com/"
"","boyslivesex","https://www.google.com/"
"","boyslounge","https://www.google.com/"
"","boys-love18","https://www.google.com/"
"","boyslovematures","https://www.google.com/"
"","boysluts","https://www.google.com/"
"","boysluvboys","https://www.google.com/"
"","boyslux","https://www.google.com/"
"","boysmakelove","https://www.google.com/"
"","boysmaster","https://www.google.com/"
"","boysmasturbating","https://www.google.com/"
"","boys-men","https://www.google.com/"
"","boysmut","https://www.google.com/"
"","boysnaked","https://www.google.com/"
"","boysnation","https://www.google.com/"
"","boysnow","https://www.google.com/"
