"﻿""id""","read","recommended"
"","bookmarklinks","https://www.google.com/"
"","book-marks","https://www.google.com/"
"","bookmarks","https://www.google.com/"
"","bookmarx","https://www.google.com/"
"","bookmetonight","https://www.google.com/"
"","book-model","https://www.google.com/"
"","bookmodels","https://www.google.com/"
"","bookoferotica","https://www.google.com/"
"","bookofmatches","https://www.google.com/"
"","bookofmodel","https://www.google.com/"
"","bookofsex","https://www.google.com/"
"","bookofsexxx","https://www.google.com/"
"","bookpariscasting","https://www.google.com/"
"","bookphoto","https://www.google.com/"
"","book-photos-pro","https://www.google.com/"
"","bookporntube","https://www.google.com/"
"","booksandpages","https://www.google.com/"
"","booksex","https://www.google.com/"
"","booksiesilk","https://www.google.com/"
"","booksmith","https://www.google.com/"
"","bookspace","https://www.google.com/"
"","bookstudio","https://www.google.com/"
"","bookthumbs","https://www.google.com/"
"","booktrax","https://www.google.com/"
"","bookwormbitches","https://www.google.com/"
"","bookwormbitchesgallery","https://www.google.com/"
"","bookwormbitchespage","https://www.google.com/"
"","bookwormbitches-tour","https://www.google.com/"
"","bookyourescorts","https://www.google.com/"
"","booloo","https://www.google.com/"
"","boo-loo","https://www.google.com/"
"","booloosex","https://www.google.com/"
"","booltube","https://www.google.com/"
"","boolwowgirls","https://www.google.com/"
"","boombody","https://www.google.com/"
"","boomboombabe","https://www.google.com/"
"","boomboomblog","https://www.google.com/"
"","boomboom","https://www.google.com/"
"","boomboomflicks","https://www.google.com/"
"","boombooms","https://www.google.com/"
"","boomer","https://www.google.com/"
"","boomerthumbs","https://www.google.com/"
"","boomhentai","https://www.google.com/"
"","boommature","https://www.google.com/"
"","boommovies","https://www.google.com/"
"","boomnation","https://www.google.com/"
"","boom","https://www.google.com/"
"","boomporno","https://www.google.com/"
"","boomporntube","https://www.google.com/"
"","boomteens","https://www.google.com/"
"","boomthumb","https://www.google.com/"
"","booncams","https://www.google.com/"
"","boondox","https://www.google.com/"
"","boonporn","https://www.google.com/"
"","booobjob","https://www.google.com/"
"","booom24","https://www.google.com/"
"","boooster","https://www.google.com/"
"","boop","https://www.google.com/"
"","boo","https://www.google.com/"
"","boopress","https://www.google.com/"
"","booprod","https://www.google.com/"
"","booru","https://www.google.com/"
"","boostcasino","https://www.google.com/"
"","boosterblog","https://www.google.com/"
"","boostertraffic","https://www.google.com/"
"","boostit","https://www.google.com/"
"","boostmyblog","https://www.google.com/"
"","boosty","https://www.google.com/"
"","bootbimbo","https://www.google.com/"
"","bootbitches","https://www.google.com/"
"","bootcamprecruits","https://www.google.com/"
"","bootcrushing","https://www.google.com/"
"","bootedman","https://www.google.com/"
"","bootedup","https://www.google.com/"
"","boot-femdom","https://www.google.com/"
"","bootfetish","https://www.google.com/"
"","bootgirls","https://www.google.com/"
"","bootiecall","https://www.google.com/"
"","bootielove","https://www.google.com/"
"","bootifull","https://www.google.com/"
"","bootifullproductions","https://www.google.com/"
"","bootitup","https://www.google.com/"
"","bootknocker","https://www.google.com/"
"","bootladies","https://www.google.com/"
"","bootladys","https://www.google.com/"
"","bootlegjapan","https://www.google.com/"
"","bootlinks","https://www.google.com/"
"","bootlust","https://www.google.com/"
"","bootpassion","https://www.google.com/"
"","bootpunishment","https://www.google.com/"
"","boots4ever","https://www.google.com/"
"","bootsbabes","https://www.google.com/"
"","boots","https://www.google.com/"
"","boots-fetish","https://www.google.com/"
"","bootsfetish","https://www.google.com/"
"","bootshare","https://www.google.com/"
"","bootshow","https://www.google.com/"
"","boot-slave","https://www.google.com/"
"","bootslave","https://www.google.com/"
"","bootslaves","https://www.google.com/"
