"﻿""id""","read","recommended"
"","hxcwzb","https://www.google.com/"
"","hxxxh","https://www.google.com/"
"","hxxxx","https://www.google.com/"
"","hyapatialee","https://www.google.com/"
"","hyapatialeexxx","https://www.google.com/"
"","hybrid69","https://www.google.com/"
"","hybridhunnyz","https://www.google.com/"
"","hyde","https://www.google.com/"
"","hyderabadescorts","https://www.google.com/"
"","hyderabadescorts-escorts","https://www.google.com/"
"","hyderabadexcellentescorts","https://www.google.com/"
"","hyderabadmodel","https://www.google.com/"
"","hyderabadnightgirl","https://www.google.com/"
"","hyderabadtimespendescorts","https://www.google.com/"
"","hydra888","https://www.google.com/"
"","hydromadam","https://www.google.com/"
"","hyenatube","https://www.google.com/"
"","hyeres-rencontre","https://www.google.com/"
"","hyggestedet","https://www.google.com/"
"","hylas-sauna","https://www.google.com/"
"","hymen","https://www.google.com/"
"","hyp3","https://www.google.com/"
"","hyperbarictraining","https://www.google.com/"
"","hypercams","https://www.google.com/"
"","hyperchat","https://www.google.com/"
"","hypercount","https://www.google.com/"
"","hypercounter","https://www.google.com/"
"","hyperdreams","https://www.google.com/"
"","hyperdusexe","https://www.google.com/"
"","hyperfeet","https://www.google.com/"
"","hyperfree","https://www.google.com/"
"","hypergay","https://www.google.com/"
"","hypergirls","https://www.google.com/"
"","hyper-hard","https://www.google.com/"
"","hyperjav","https://www.google.com/"
"","hyperlink","https://www.google.com/"
"","hyperlinksecure","https://www.google.com/"
"","hyper-love","https://www.google.com/"
"","hyper-mail","https://www.google.com/"
"","hypermart","https://www.google.com/"
"","hyperporn","https://www.google.com/"
"","hypersex","https://www.google.com/"
"","hypersexe","https://www.google.com/"
"","hypertraffic","https://www.google.com/"
"","hypertwink","https://www.google.com/"
"","hyperxxx","https://www.google.com/"
"","hypestat","https://www.google.com/"
"","hypnobsessed","https://www.google.com/"
"","hypnodad","https://www.google.com/"
"","hypnodommeutopia","https://www.google.com/"
"","hypnofantasydownloads","https://www.google.com/"
"","hypno-fetish","https://www.google.com/"
"","hypnogames","https://www.google.com/"
"","hypnogods","https://www.google.com/"
"","hypnohotties","https://www.google.com/"
"","hypnohub","https://www.google.com/"
"","hypnoking","https://www.google.com/"
"","hypnolust","https://www.google.com/"
"","hypnopics-collective","https://www.google.com/"
"","hypnoporn24","https://www.google.com/"
"","hypnoporn","https://www.google.com/"
"","hypnosisfetish","https://www.google.com/"
"","hypnosisgoddess","https://www.google.com/"
"","hypnosis-mistress","https://www.google.com/"
"","hypnosisphonesexaddiction","https://www.google.com/"
"","hypnosis","https://www.google.com/"
"","hypnoslave","https://www.google.com/"
"","hypnosubmission","https://www.google.com/"
"","hypnoticdreams","https://www.google.com/"
"","hypnotichaylee","https://www.google.com/"
"","hypnoticphonesexhq","https://www.google.com/"
"","hypnoticsavannah","https://www.google.com/"
"","hypnoticslavetraining","https://www.google.com/"
"","hypnoticwishes","https://www.google.com/"
"","hypnotisedstraightguys","https://www.google.com/"
"","hypnotrick","https://www.google.com/"
"","hypnotube","https://www.google.com/"
"","hypnovideo","https://www.google.com/"
"","hypnoweb","https://www.google.com/"
"","hypnoze","https://www.google.com/"
"","hystoretechnologies","https://www.google.com/"
"","hztube","https://www.google.com/"
"","i0","https://www.google.com/"
"","i11egalpussy","https://www.google.com/"
"","i13","https://www.google.com/"
"","i18girls","https://www.google.com/"
"","i18tube","https://www.google.com/"
"","i2px","https://www.google.com/"
"","i-34","https://www.google.com/"
"","i3log","https://www.google.com/"
"","i3x","https://www.google.com/"
"","i3xxx","https://www.google.com/"
"","i4play","https://www.google.com/"
"","i4q","https://www.google.com/"
"","i4u","https://www.google.com/"
"","i69","https://www.google.com/"
"","i6","https://www.google.com/"
"","i6x","https://www.google.com/"
"","i8","https://www.google.com/"
"","iabin","https://www.google.com/"
