"﻿""id""","read","recommended"
"","8teenyoung","https://www.google.com/"
"","8teenz","https://www.google.com/"
"","8th-street","https://www.google.com/"
"","8th-street-latinas","https://www.google.com/"
"","8thstreetlatinas","https://www.google.com/"
"","8thstreetlatinas-pictures","https://www.google.com/"
"","8thumbs","https://www.google.com/"
"","8tube8","https://www.google.com/"
"","8-tube","https://www.google.com/"
"","8tube","https://www.google.com/"
"","8tubegalore","https://www.google.com/"
"","8videos","https://www.google.com/"
"","8x8","https://www.google.com/"
"","8xpao","https://www.google.com/"
"","8x","https://www.google.com/"
"","8xxx","https://www.google.com/"
"","8xxxtube","https://www.google.com/"
"","8xxxtuber","https://www.google.com/"
"","8xxxvideos","https://www.google.com/"
"","900adultfantasies","https://www.google.com/"
"","900adultwebsites","https://www.google.com/"
"","900-phonesex","https://www.google.com/"
"","900phonesex","https://www.google.com/"
"","900phonesexline","https://www.google.com/"
"","900xxx","https://www.google.com/"
"","906090modelos","https://www.google.com/"
"","90b","https://www.google.com/"
"","90dspecial","https://www.google.com/"
"","90minute","https://www.google.com/"
"","90-minutes","https://www.google.com/"
"","90retrotube","https://www.google.com/"
"","90sex","https://www.google.com/"
"","90spanties","https://www.google.com/"
"","911asians","https://www.google.com/"
"","911datings","https://www.google.com/"
"","911escorte","https://www.google.com/"
"","911girls","https://www.google.com/"
"","911jerkoff","https://www.google.com/"
"","911-online-casino-bonus","https://www.google.com/"
"","911pornvideos","https://www.google.com/"
"","911sex","https://www.google.com/"
"","911-sss","https://www.google.com/"
"","912asians","https://www.google.com/"
"","917vip","https://www.google.com/"
"","919av","https://www.google.com/"
"","91jav","https://www.google.com/"
"","91porn","https://www.google.com/"
"","91wan","https://www.google.com/"
"","942porn","https://www.google.com/"
"","943extremeradio","https://www.google.com/"
"","94paradise","https://www.google.com/"
"","95-c","https://www.google.com/"
"","95centphonesex","https://www.google.com/"
"","95centsphonesex","https://www.google.com/"
"","95c","https://www.google.com/"
"","95d","https://www.google.com/"
"","95themes","https://www.google.com/"
"","976porn","https://www.google.com/"
"","990mag","https://www.google.com/"
"","99-3","https://www.google.com/"
"","995blowjobs","https://www.google.com/"
"","995hardcore","https://www.google.com/"
"","999cams","https://www.google.com/"
"","999cum","https://www.google.com/"
"","999freetube","https://www.google.com/"
"","999gay","https://www.google.com/"
"","999hotgirl","https://www.google.com/"
"","999movies","https://www.google.com/"
"","999pics","https://www.google.com/"
"","999pp","https://www.google.com/"
"","999pussy","https://www.google.com/"
"","999real","https://www.google.com/"
"","999rooms","https://www.google.com/"
"","999sex","https://www.google.com/"
"","999teen","https://www.google.com/"
"","99bb","https://www.google.com/"
"","99bbmovies","https://www.google.com/"
"","99bb-web","https://www.google.com/"
"","99cams","https://www.google.com/"
"","99cent-cam","https://www.google.com/"
"","99-cent-cams","https://www.google.com/"
"","99centphonesluts","https://www.google.com/"
"","99centsex","https://www.google.com/"
"","99elf","https://www.google.com/"
"","99eroticstories","https://www.google.com/"
"","99gals","https://www.google.com/"
"","99gay","https://www.google.com/"
"","99girlcams","https://www.google.com/"
"","99girls","https://www.google.com/"
"","99hentai","https://www.google.com/"
"","99links","https://www.google.com/"
"","99pipeline","https://www.google.com/"
"","99pornstars","https://www.google.com/"
"","99proxy","https://www.google.com/"
"","99sexcams","https://www.google.com/"
"","99sex","https://www.google.com/"
"","99sw","https://www.google.com/"
"","99traffic","https://www.google.com/"
"","99xxxtube","https://www.google.com/"
"","99xxxx","https://www.google.com/"
