"﻿""id""","read","recommended"
"","freeporn4all","https://www.google.com/"
"","freeporn4china","https://www.google.com/"
"","freeporn4life","https://www.google.com/"
"","free-porn4u","https://www.google.com/"
"","freeporn69","https://www.google.com/"
"","freeporn7","https://www.google.com/"
"","freeporn88","https://www.google.com/"
"","freeporn8","https://www.google.com/"
"","freeporn99","https://www.google.com/"
"","freeporn9","https://www.google.com/"
"","freepornaccount","https://www.google.com/"
"","free-porn-anal","https://www.google.com/"
"","freepornanime","https://www.google.com/"
"","free-porn-art","https://www.google.com/"
"","free-porn-asia","https://www.google.com/"
"","freepornasia","https://www.google.com/"
"","freeporn","https://www.google.com/"
"","freepornavenue","https://www.google.com/"
"","freepornaz","https://www.google.com/"
"","free-porn","https://www.google.com/"
"","freepornblog","https://www.google.com/"
"","freepornblogs","https://www.google.com/"
"","freepornboard","https://www.google.com/"
"","freepornboat","https://www.google.com/"
"","freepornbookmarks","https://www.google.com/"
"","freepornbr","https://www.google.com/"
"","freeporncache","https://www.google.com/"
"","free-porn-cams","https://www.google.com/"
"","freeporncams","https://www.google.com/"
"","freeporncamz","https://www.google.com/"
"","freeporncartoonsex","https://www.google.com/"
"","freeporncastle","https://www.google.com/"
"","freeporncasts","https://www.google.com/"
"","freeporncategories","https://www.google.com/"
"","freeporncave","https://www.google.com/"
"","freepornchest","https://www.google.com/"
"","freepornchicks","https://www.google.com/"
"","freeporncity","https://www.google.com/"
"","freepornclip","https://www.google.com/"
"","free-porn-clips","https://www.google.com/"
"","freepornclips","https://www.google.com/"
"","freepornclipz","https://www.google.com/"
"","freeporncollection","https://www.google.com/"
"","freeporncomics","https://www.google.com/"
"","freeporncomix","https://www.google.com/"
"","freepornday","https://www.google.com/"
"","free-porn-demon","https://www.google.com/"
"","freeporndemon","https://www.google.com/"
"","freeporndivxs","https://www.google.com/"
"","freeporndl","https://www.google.com/"
"","free-porn-download","https://www.google.com/"
"","freeporndrug","https://www.google.com/"
"","freeporndude","https://www.google.com/"
"","freeporndump","https://www.google.com/"
"","freepornduty","https://www.google.com/"
"","freeporndvd","https://www.google.com/"
"","freepornebony","https://www.google.com/"
"","freepornee","https://www.google.com/"
"","freepornempire","https://www.google.com/"
"","freepornengland","https://www.google.com/"
"","freepornerotica","https://www.google.com/"
"","freepornexpress","https://www.google.com/"
"","freepornfaces","https://www.google.com/"
"","freepornfap","https://www.google.com/"
"","freepornfat","https://www.google.com/"
"","freepornfilms","https://www.google.com/"
"","freepornfinder","https://www.google.com/"
"","freepornflash","https://www.google.com/"
"","freepornflicks","https://www.google.com/"
"","freepornflixxx","https://www.google.com/"
"","freepornforall","https://www.google.com/"
"","freepornforlife","https://www.google.com/"
"","freepornforum","https://www.google.com/"
"","free-porn-for-women","https://www.google.com/"
"","freepornforwomen","https://www.google.com/"
"","freepornfox","https://www.google.com/"
"","freepornfree","https://www.google.com/"
"","free-porn-free-sex","https://www.google.com/"
"","free-porn-free-sex-picture","https://www.google.com/"
"","freepornfriend","https://www.google.com/"
"","freepornfull","https://www.google.com/"
"","freeporngalleries","https://www.google.com/"
"","freeporngallery","https://www.google.com/"
"","free-porn-gallery","https://www.google.com/"
"","freeporngals","https://www.google.com/"
"","freeporngame","https://www.google.com/"
"","free-porn-gay","https://www.google.com/"
"","freeporngayhdonline","https://www.google.com/"
"","freeporng","https://www.google.com/"
"","freeporngirlfriend","https://www.google.com/"
"","free-porn-girls","https://www.google.com/"
"","freeporngroup","https://www.google.com/"
"","freepornguide","https://www.google.com/"
"","freepornhackers","https://www.google.com/"
"","freepornhandbook","https://www.google.com/"
"","free-porn-hardcore-xxx-sex","https://www.google.com/"
"","freepornhdonline","https://www.google.com/"
"","freepornhdonlinegay","https://www.google.com/"
"","freepornheaven","https://www.google.com/"
"","freepornhentai","https://www.google.com/"
