"﻿""id""","read","recommended"
"","club-globe","https://www.google.com/"
"","club-glory-holes","https://www.google.com/"
"","clubgnd","https://www.google.com/"
"","clubgorilla","https://www.google.com/"
"","clubgracieglam","https://www.google.com/"
"","club-grandios","https://www.google.com/"
"","clubgreeneyed","https://www.google.com/"
"","clubgroupsex","https://www.google.com/"
"","clubhaileystar","https://www.google.com/"
"","club-haileyyoung","https://www.google.com/"
"","clubhaliahill","https://www.google.com/"
"","club-haliejames","https://www.google.com/"
"","club-hana","https://www.google.com/"
"","clubhandjob","https://www.google.com/"
"","club-hannahilton","https://www.google.com/"
"","clubhannahwest","https://www.google.com/"
"","club-happylife","https://www.google.com/"
"","clubhardcore","https://www.google.com/"
"","clubhardcorelive","https://www.google.com/"
"","clubhardcoreporn","https://www.google.com/"
"","clubhavanaginger","https://www.google.com/"
"","clubhaydenhawkens","https://www.google.com/"
"","clubhaydenwinters","https://www.google.com/"
"","clubheat","https://www.google.com/"
"","clubheathercarolin","https://www.google.com/"
"","clubheatherstarlet","https://www.google.com/"
"","club-heathersummers","https://www.google.com/"
"","clubheathervahn","https://www.google.com/"
"","clubheathervandeven","https://www.google.com/"
"","clubheidibrooks","https://www.google.com/"
"","clubheidimayne","https://www.google.com/"
"","clubhellymaehellfire","https://www.google.com/"
"","clubheshe","https://www.google.com/"
"","club-hillaryscott","https://www.google.com/"
"","clubholliestevens","https://www.google.com/"
"","clubhollyhalston","https://www.google.com/"
"","clubhollymorgan","https://www.google.com/"
"","club-hollywellin","https://www.google.com/"
"","clubhollywest","https://www.google.com/"
"","clubhombre","https://www.google.com/"
"","clubhoneyluau","https://www.google.com/"
"","clubhot","https://www.google.com/"
"","club-impact","https://www.google.com/"
"","club-imperial","https://www.google.com/"
"","club-inbondage","https://www.google.com/"
"","clubindiasummer","https://www.google.com/"
"","clubinfernodungeon","https://www.google.com/"
"","clubiniquity","https://www.google.com/"
"","clubinterdit","https://www.google.com/"
"","clubinternational","https://www.google.com/"
"","club-intime","https://www.google.com/"
"","clubira","https://www.google.com/"
"","clubisislove","https://www.google.com/"
"","clubisistaylor","https://www.google.com/"
"","clubitaliachristie","https://www.google.com/"
"","club-ivywinters","https://www.google.com/"
"","clubix","https://www.google.com/"
"","clubjaciastevens","https://www.google.com/"
"","clubjackiedaniels","https://www.google.com/"
"","clubjackybrown","https://www.google.com/"
"","clubjaclyncase","https://www.google.com/"
"","club-jadafire","https://www.google.com/"
"","clubjadastevens","https://www.google.com/"
"","clubjaelynfox","https://www.google.com/"
"","clubjaimehammer","https://www.google.com/"
"","clubjamieelle","https://www.google.com/"
"","club-jamielynn","https://www.google.com/"
"","club-jamievalentine","https://www.google.com/"
"","clubjanacova","https://www.google.com/"
"","club-janajordan","https://www.google.com/"
"","clubjanajordan","https://www.google.com/"
"","clubjandilin","https://www.google.com/"
"","clubjane","https://www.google.com/"
"","clubjasmineblack","https://www.google.com/"
"","clubjasminebyrne","https://www.google.com/"
"","club-jasmine","https://www.google.com/"
"","clubjasminejolie","https://www.google.com/"
"","club-jaydencole","https://www.google.com/"
"","clubjayden","https://www.google.com/"
"","club-jaydenjaymes","https://www.google.com/"
"","clubjaydenpierson","https://www.google.com/"
"","clubjazyberlin","https://www.google.com/"
"","clubjeaniemariesullivan","https://www.google.com/"
"","clubjelenajensen","https://www.google.com/"
"","club-jenavevejolie","https://www.google.com/"
"","clubjennabrooks","https://www.google.com/"
"","clubjenna","https://www.google.com/"
"","club-jennahaze","https://www.google.com/"
"","clubjennalive","https://www.google.com/"
"","clubjennamoretti","https://www.google.com/"
"","clubjennamovies","https://www.google.com/"
"","club-jenna","https://www.google.com/"
"","clubjennapresley","https://www.google.com/"
"","clubjenniferdark","https://www.google.com/"
"","clubjenniferlee","https://www.google.com/"
"","clubjennifermax","https://www.google.com/"
"","clubjenniferwhite","https://www.google.com/"
"","clubjennilee","https://www.google.com/"
"","clubjennyhendrix","https://www.google.com/"
"","clubjennypoussin","https://www.google.com/"
