"﻿""id""","read","recommended"
"","ezcheating","https://www.google.com/"
"","ezcoeds","https://www.google.com/"
"","ezdate","https://www.google.com/"
"","ezeeclean","https://www.google.com/"
"","ezfacials","https://www.google.com/"
"","ezfreepass","https://www.google.com/"
"","ezfreeporn","https://www.google.com/"
"","ezfuck","https://www.google.com/"
"","ezfucks","https://www.google.com/"
"","ezgay","https://www.google.com/"
"","ezgreen","https://www.google.com/"
"","ezilla","https://www.google.com/"
"","ezillo","https://www.google.com/"
"","ezinsureonline","https://www.google.com/"
"","ezlivesexcamsdirectory","https://www.google.com/"
"","ezmakeover","https://www.google.com/"
"","e-znane","https://www.google.com/"
"","ezocam","https://www.google.com/"
"","ezofferz","https://www.google.com/"
"","ezones","https://www.google.com/"
"","ezpeek","https://www.google.com/"
"","ez-phone-sex","https://www.google.com/"
"","ezphonesex","https://www.google.com/"
"","ezphonesexdirectory","https://www.google.com/"
"","ezphonesexinformation","https://www.google.com/"
"","ezphonesexnumbers","https://www.google.com/"
"","ezpic","https://www.google.com/"
"","ez-pics","https://www.google.com/"
"","ezplex","https://www.google.com/"
"","ez-porn","https://www.google.com/"
"","ezporn","https://www.google.com/"
"","ezpornomoviez","https://www.google.com/"
"","ezpornsearchengine","https://www.google.com/"
"","ezpotstore","https://www.google.com/"
"","ezpussy","https://www.google.com/"
"","ezrn","https://www.google.com/"
"","ez-sex","https://www.google.com/"
"","ezslotscasino","https://www.google.com/"
"","ezsluts","https://www.google.com/"
"","ezthemes","https://www.google.com/"
"","eztzvuzvuz","https://www.google.com/"
"","ezwebcamsex","https://www.google.com/"
"","ezxxxtoys","https://www.google.com/"
"","ezzed","https://www.google.com/"
"","ezzo","https://www.google.com/"
"","ezz","https://www.google.com/"
"","f00","https://www.google.com/"
"","f0r","https://www.google.com/"
"","f0rum","https://www.google.com/"
"","f18ans","https://www.google.com/"
"","f1actu","https://www.google.com/"
"","f1","https://www.google.com/"
"","f1girls","https://www.google.com/"
"","f1sex","https://www.google.com/"
"","f212","https://www.google.com/"
"","f2b","https://www.google.com/"
"","f40tube","https://www.google.com/"
"","f4f","https://www.google.com/"
"","f4fvip","https://www.google.com/"
"","f4m","https://www.google.com/"
"","f5biz","https://www.google.com/"
"","f5","https://www.google.com/"
"","f8glamourclub","https://www.google.com/"
"","f95zone","https://www.google.com/"
"","f9","https://www.google.com/"
"","faapy","https://www.google.com/"
"","faatoday","https://www.google.com/"
"","faaweb","https://www.google.com/"
"","fabby","https://www.google.com/"
"","fabestiality","https://www.google.com/"
"","fabfreesites","https://www.google.com/"
"","fabhairypussy","https://www.google.com/"
"","fabian-esteban","https://www.google.com/"
"","fabianhaas","https://www.google.com/"
"","fabien-azzopardi","https://www.google.com/"
"","fabienne-extreme","https://www.google.com/"
"","fabienne","https://www.google.com/"
"","fabienne-soumise","https://www.google.com/"
"","fablescape","https://www.google.com/"
"","fabmature","https://www.google.com/"
"","faboo","https://www.google.com/"
"","faboofilms","https://www.google.com/"
"","fabrizo","https://www.google.com/"
"","fabscout","https://www.google.com/"
"","fabsexygirls","https://www.google.com/"
"","fabsluts","https://www.google.com/"
"","fabstories","https://www.google.com/"
"","fabswingers","https://www.google.com/"
"","fabukporn","https://www.google.com/"
"","fabulousass","https://www.google.com/"
"","fabulousbabes","https://www.google.com/"
"","fabulousblowjobs","https://www.google.com/"
"","fabulouscash","https://www.google.com/"
"","fabulouscumshots","https://www.google.com/"
"","fabulousforum","https://www.google.com/"
"","fabulouslasvegasescorts","https://www.google.com/"
"","fabulouslyfetish","https://www.google.com/"
"","fabulous-phone-sex","https://www.google.com/"
"","fabuloussavers","https://www.google.com/"
"","fabulous-sex","https://www.google.com/"
