"﻿""id""","read","recommended"
"","dadgaysex","https://www.google.com/"
"","dadgirlcinema","https://www.google.com/"
"","dadgirlorgasm","https://www.google.com/"
"","dadgirlsex","https://www.google.com/"
"","dadlovefuckboy","https://www.google.com/"
"","dadlovesgirls","https://www.google.com/"
"","dad-n-twink","https://www.google.com/"
"","dadofavenue","https://www.google.com/"
"","dadonentertainment","https://www.google.com/"
"","dadoolina","https://www.google.com/"
"","dadpornvideos","https://www.google.com/"
"","dads4lads","https://www.google.com/"
"","dadsandbabe","https://www.google.com/"
"","dadsandgirls","https://www.google.com/"
"","dadscamera","https://www.google.com/"
"","dadschick","https://www.google.com/"
"","dads-daughters","https://www.google.com/"
"","dadsex","https://www.google.com/"
"","dadsexsonmovies","https://www.google.com/"
"","dadsflix","https://www.google.com/"
"","dadsfuckdaughters","https://www.google.com/"
"","dadsfuckgirls","https://www.google.com/"
"","dadsfun","https://www.google.com/"
"","dadshagschick","https://www.google.com/"
"","dadsindaughters","https://www.google.com/"
"","dadsonclips","https://www.google.com/"
"","dad-son","https://www.google.com/"
"","dadsonporn","https://www.google.com/"
"","dadsporn","https://www.google.com/"
"","dadstrydaughters","https://www.google.com/"
"","dadstube","https://www.google.com/"
"","dadump","https://www.google.com/"
"","dadvsgirl","https://www.google.com/"
"","dadwouldkillme","https://www.google.com/"
"","daedaluspublishing","https://www.google.com/"
"","daedelusdarling","https://www.google.com/"
"","daesdollhouse","https://www.google.com/"
"","daewoomtrs","https://www.google.com/"
"","dafetish","https://www.google.com/"
"","daffyporn","https://www.google.com/"
"","dafirm","https://www.google.com/"
"","daflirt","https://www.google.com/"
"","dafnefetish","https://www.google.com/"
"","dafporno","https://www.google.com/"
"","dafreepornclip","https://www.google.com/"
"","dafreexxxmovies","https://www.google.com/"
"","daftporn","https://www.google.com/"
"","daftsex","https://www.google.com/"
"","dafuckingblueboy","https://www.google.com/"
"","dafun","https://www.google.com/"
"","dagay","https://www.google.com/"
"","dagaysex","https://www.google.com/"
"","dagboekvaneenhoerenloper","https://www.google.com/"
"","dagensfilm","https://www.google.com/"
"","dagensvittighed","https://www.google.com/"
"","dagfs","https://www.google.com/"
"","daggertube","https://www.google.com/"
"","dagimp","https://www.google.com/"
"","daglamour","https://www.google.com/"
"","dahentai","https://www.google.com/"
"","dahliacam","https://www.google.com/"
"","dahliaxxx","https://www.google.com/"
"","dahmane","https://www.google.com/"
"","daichung","https://www.google.com/"
"","daika","https://www.google.com/"
"","dailee","https://www.google.com/"
"","daily1000","https://www.google.com/"
"","daily69","https://www.google.com/"
"","daily6","https://www.google.com/"
"","dailyadult","https://www.google.com/"
"","daily-amateur","https://www.google.com/"
"","dailyamateurpics","https://www.google.com/"
"","dailyangels","https://www.google.com/"
"","dailyasiangirls","https://www.google.com/"
"","dailyasiansexvideos","https://www.google.com/"
"","dailyasspictures","https://www.google.com/"
"","dailyav","https://www.google.com/"
"","dailybabegalleries","https://www.google.com/"
"","daily-babes","https://www.google.com/"
"","dailybasis","https://www.google.com/"
"","daily-bbw-porn","https://www.google.com/"
"","dailybbwporn","https://www.google.com/"
"","dailybigboobs","https://www.google.com/"
"","dailybikinibabe","https://www.google.com/"
"","dailybikini","https://www.google.com/"
"","dailybikinimovie","https://www.google.com/"
"","dailybikinipictures","https://www.google.com/"
"","dailybikinis","https://www.google.com/"
"","dailybikiniupdate","https://www.google.com/"
"","daily-blowjobs","https://www.google.com/"
"","dailyblue","https://www.google.com/"
"","dailybunnies","https://www.google.com/"
"","dailybutts","https://www.google.com/"
"","dailycamgirls","https://www.google.com/"
"","daily-camshow-report","https://www.google.com/"
"","daily-casino-specials","https://www.google.com/"
"","daily-celeb","https://www.google.com/"
"","dailycelebritygalleries","https://www.google.com/"
"","daily-celebvideos","https://www.google.com/"
"","dailychav","https://www.google.com/"
