"﻿""id""","read","recommended"
"","chicagoillusions","https://www.google.com/"
"","chicagoladies","https://www.google.com/"
"","chicagolandbabes","https://www.google.com/"
"","chicago-mistress","https://www.google.com/"
"","chicagomistresswrestler","https://www.google.com/"
"","chicagopunkpix","https://www.google.com/"
"","chicagoreader","https://www.google.com/"
"","chicagosex","https://www.google.com/"
"","chicagospankingreview","https://www.google.com/"
"","chicagostreetatlas","https://www.google.com/"
"","chicagostrippers","https://www.google.com/"
"","chicagowebdesignstudio","https://www.google.com/"
"","chicagox","https://www.google.com/"
"","chicagoxxx","https://www.google.com/"
"","chicahermosa","https://www.google.com/"
"","chicanarama","https://www.google.com/"
"","chicaoriental","https://www.google.com/"
"","chicapass","https://www.google.com/"
"","chicapussy","https://www.google.com/"
"","chicas10","https://www.google.com/"
"","chicas123","https://www.google.com/"
"","chicas18","https://www.google.com/"
"","chicas69","https://www.google.com/"
"","chicasamateur","https://www.google.com/"
"","chicasardientes","https://www.google.com/"
"","chicasasiaticas","https://www.google.com/"
"","chicasatrevidas","https://www.google.com/"
"","chicasbabosas","https://www.google.com/"
"","chicas","https://www.google.com/"
"","chicasbellas","https://www.google.com/"
"","chicasbien","https://www.google.com/"
"","chicasbikini","https://www.google.com/"
"","chicasbisexuales","https://www.google.com/"
"","chicasblog","https://www.google.com/"
"","chicasbonitas","https://www.google.com/"
"","chicasboom","https://www.google.com/"
"","chicascalientes","https://www.google.com/"
"","chicas-calientes","https://www.google.com/"
"","chicaschilenas","https://www.google.com/"
"","chicascloset","https://www.google.com/"
"","chicascogiendo","https://www.google.com/"
"","chicascojiendo","https://www.google.com/"
"","chicasconarmas","https://www.google.com/"
"","chicasconcamara","https://www.google.com/"
"","chicasconectadas","https://www.google.com/"
"","chicas-con-webcam","https://www.google.com/"
"","chicasconwebcam","https://www.google.com/"
"","chicascoyote","https://www.google.com/"
"","chicascubanas","https://www.google.com/"
"","chicasculonas","https://www.google.com/"
"","chicasdebarcelona","https://www.google.com/"
"","chicasdehotel","https://www.google.com/"
"","chicasdeleste","https://www.google.com/"
"","chicasdelmundo","https://www.google.com/"
"","chicasdelporno","https://www.google.com/"
"","chicasdelvideochat","https://www.google.com/"
"","chicasdemsn","https://www.google.com/"
"","chicasdeporno","https://www.google.com/"
"","chicasdesnuda","https://www.google.com/"
"","chicasdesnudas","https://www.google.com/"
"","chicas-desnudas","https://www.google.com/"
"","chicasdesnudasfotos","https://www.google.com/"
"","chicasdesnudasgratis","https://www.google.com/"
"","chicasdiez","https://www.google.com/"
"","chicasdirectocam","https://www.google.com/"
"","chicasdominicana","https://www.google.com/"
"","chicasdulces","https://www.google.com/"
"","chicasemitiendo","https://www.google.com/"
"","chicasenbikini","https://www.google.com/"
"","chicasendirecto","https://www.google.com/"
"","chicasenpelotas","https://www.google.com/"
"","chicasensual","https://www.google.com/"
"","chicasenvideo","https://www.google.com/"
"","chicasenvivo","https://www.google.com/"
"","chicas-en-vivo","https://www.google.com/"
"","chicasespaciales","https://www.google.com/"
"","chicasfollando","https://www.google.com/"
"","chicasfotos","https://www.google.com/"
"","chicasgold","https://www.google.com/"
"","chicasgorditas","https://www.google.com/"
"","chicasgratis","https://www.google.com/"
"","chicasguanakas","https://www.google.com/"
"","chicashentai","https://www.google.com/"
"","chicashermosas","https://www.google.com/"
"","chicashot","https://www.google.com/"
"","chicashumedas","https://www.google.com/"
"","chicasians","https://www.google.com/"
"","chicasimpacto","https://www.google.com/"
"","chicasjovenesdesnudas","https://www.google.com/"
"","chicaslatina","https://www.google.com/"
"","chicas-latinas","https://www.google.com/"
"","chicaslesbianas","https://www.google.com/"
"","chicasloca","https://www.google.com/"
"","chicasmaduras","https://www.google.com/"
"","chicasmalas","https://www.google.com/"
"","chicasmanga","https://www.google.com/"
"","chicasmasturbandose","https://www.google.com/"
"","chicasmil","https://www.google.com/"
"","chicasmodelos","https://www.google.com/"
"","chicasnormales","https://www.google.com/"
