"﻿""id""","read","recommended"
"","brenteverettporn","https://www.google.com/"
"","brentmodels-berlin","https://www.google.com/"
"","brentmodels","https://www.google.com/"
"","brenus","https://www.google.com/"
"","bretagne-libertin","https://www.google.com/"
"","brett-rossi","https://www.google.com/"
"","brettrossi","https://www.google.com/"
"","brewertwins","https://www.google.com/"
"","breyette","https://www.google.com/"
"","brf","https://www.google.com/"
"","brianabanksblog","https://www.google.com/"
"","brianabanks","https://www.google.com/"
"","brianabanksvideos","https://www.google.com/"
"","brianablair","https://www.google.com/"
"","brianadevil","https://www.google.com/"
"","brianaleeextreme","https://www.google.com/"
"","brianaleefan","https://www.google.com/"
"","brianaleeonline","https://www.google.com/"
"","brianaleevip","https://www.google.com/"
"","brian-alig","https://www.google.com/"
"","brianhullphotography","https://www.google.com/"
"","brianmaxon","https://www.google.com/"
"","brianmc","https://www.google.com/"
"","briannabanks","https://www.google.com/"
"","briannabeachclips","https://www.google.com/"
"","briannafrost","https://www.google.com/"
"","briannajordan","https://www.google.com/"
"","briannalovestreaming","https://www.google.com/"
"","briannasworld","https://www.google.com/"
"","brianphickey","https://www.google.com/"
"","brians-brain","https://www.google.com/"
"","brians-nightshows","https://www.google.com/"
"","briantarsis","https://www.google.com/"
"","brickhousebetty","https://www.google.com/"
"","brickhousebutts","https://www.google.com/"
"","brickhousedream","https://www.google.com/"
"","brickhousemama","https://www.google.com/"
"","bricksandstonesgossip","https://www.google.com/"
"","bricoguide","https://www.google.com/"
"","bridalblooms","https://www.google.com/"
"","bridalcorsets","https://www.google.com/"
"","bridallingerie","https://www.google.com/"
"","bridalundergarments","https://www.google.com/"
"","bridebypaper","https://www.google.com/"
"","bridees","https://www.google.com/"
"","bridefind","https://www.google.com/"
"","brideinrussia","https://www.google.com/"
"","bride","https://www.google.com/"
"","brides18","https://www.google.com/"
"","bridesbrutallyfucked","https://www.google.com/"
"","bridesbymail","https://www.google.com/"
"","brides-for-you","https://www.google.com/"
"","bridesfromrussia","https://www.google.com/"
"","brides-in-bikini","https://www.google.com/"
"","bridesinbikini","https://www.google.com/"
"","bridesworldwide","https://www.google.com/"
"","bride-thumbs","https://www.google.com/"
"","bridgetbanks","https://www.google.com/"
"","bridgettebblog","https://www.google.com/"
"","bridgettebtube","https://www.google.com/"
"","bridgettemonetxxx","https://www.google.com/"
"","bridgettesbedroom","https://www.google.com/"
"","briefboy","https://www.google.com/"
"","briefboys","https://www.google.com/"
"","brieflyyours","https://www.google.com/"
"","brightcoolpussies","https://www.google.com/"
"","brightdesire","https://www.google.com/"
"","brightondungeon","https://www.google.com/"
"","brightonsexcontacts","https://www.google.com/"
"","brightporn","https://www.google.com/"
"","brigidacash","https://www.google.com/"
"","brigidagg","https://www.google.com/"
"","brigidasbigboobs","https://www.google.com/"
"","brigidasbustygals","https://www.google.com/"
"","brigidasvids","https://www.google.com/"
"","brigidaworld","https://www.google.com/"
"","brigite","https://www.google.com/"
"","brigitewear","https://www.google.com/"
"","brigitte","https://www.google.com/"
"","brigittelahaie","https://www.google.com/"
"","brigitte-more","https://www.google.com/"
"","brigittenielsen","https://www.google.com/"
"","brigitte-valentin","https://www.google.com/"
"","brillbabes","https://www.google.com/"
"","brillencam","https://www.google.com/"
"","brillen-modelle","https://www.google.com/"
"","brillenschlangen","https://www.google.com/"
"","brilliantbbw","https://www.google.com/"
"","brilliantfatties","https://www.google.com/"
"","brilliantshemales","https://www.google.com/"
"","brilliantteens","https://www.google.com/"
"","brillianttube","https://www.google.com/"
"","brilovescock","https://www.google.com/"
"","brilvolzaad","https://www.google.com/"
"","brinacam","https://www.google.com/"
"","bringbackthebayou","https://www.google.com/"
"","bringmeyoursister","https://www.google.com/"
"","bringtheporn","https://www.google.com/"
"","brink7","https://www.google.com/"
"","brisbaneswingers","https://www.google.com/"
