"﻿""id""","read","recommended"
"","hornynakedbabes","https://www.google.com/"
"","hornynakedboys","https://www.google.com/"
"","hornynakedmen","https://www.google.com/"
"","hornynakedteen","https://www.google.com/"
"","hornynakedteens","https://www.google.com/"
"","hornynipple","https://www.google.com/"
"","horny","https://www.google.com/"
"","hornynubiles","https://www.google.com/"
"","hornynudegirls","https://www.google.com/"
"","hornynudeguys","https://www.google.com/"
"","hornynudes","https://www.google.com/"
"","hornynudeteen","https://www.google.com/"
"","hornynudist","https://www.google.com/"
"","hornynudists","https://www.google.com/"
"","hornyofficebabes","https://www.google.com/"
"","hornyolderchicks","https://www.google.com/"
"","horny-olders","https://www.google.com/"
"","hornyoldfuckers","https://www.google.com/"
"","hornyoldgents","https://www.google.com/"
"","hornyoncam","https://www.google.com/"
"","hornyonline","https://www.google.com/"
"","hornyorwhat","https://www.google.com/"
"","hornypartygirls","https://www.google.com/"
"","hornypass","https://www.google.com/"
"","horny-people","https://www.google.com/"
"","hornyperfectgirls","https://www.google.com/"
"","hornypervert","https://www.google.com/"
"","hornypharaoh","https://www.google.com/"
"","hornyphone","https://www.google.com/"
"","hornyphoto","https://www.google.com/"
"","hornypic","https://www.google.com/"
"","horny-pics","https://www.google.com/"
"","hornypleasure","https://www.google.com/"
"","hornyplumps","https://www.google.com/"
"","hornypornblogs","https://www.google.com/"
"","hornyporn","https://www.google.com/"
"","horny-pornos","https://www.google.com/"
"","hornypornpictures","https://www.google.com/"
"","horny-pornstar","https://www.google.com/"
"","hornypregnantsluts","https://www.google.com/"
"","hornypregs","https://www.google.com/"
"","hornyprettyteens","https://www.google.com/"
"","hornypussy","https://www.google.com/"
"","horny-pussy","https://www.google.com/"
"","hornyred","https://www.google.com/"
"","hornyrhino","https://www.google.com/"
"","hornyrico","https://www.google.com/"
"","hornyrls","https://www.google.com/"
"","hornyrob","https://www.google.com/"
"","hornyrussiangirls","https://www.google.com/"
"","hornyrussians","https://www.google.com/"
"","hornyschoolgirls","https://www.google.com/"
"","hornysecretaries","https://www.google.com/"
"","hornysexcams","https://www.google.com/"
"","hornysex","https://www.google.com/"
"","horny-sexdate","https://www.google.com/"
"","hornysexdating","https://www.google.com/"
"","hornysexgame","https://www.google.com/"
"","hornysexpots","https://www.google.com/"
"","hornysexshow","https://www.google.com/"
"","hornysextube","https://www.google.com/"
"","hornysexwhores","https://www.google.com/"
"","hornysexy","https://www.google.com/"
"","hornysexygirls","https://www.google.com/"
"","hornysexyteens","https://www.google.com/"
"","hornysg","https://www.google.com/"
"","hornyshavedteens","https://www.google.com/"
"","hornyshemale","https://www.google.com/"
"","hornysite","https://www.google.com/"
"","hornyskippers","https://www.google.com/"
"","hornyslags","https://www.google.com/"
"","hornyslut","https://www.google.com/"
"","hornyslutmoms","https://www.google.com/"
"","hornysnatch","https://www.google.com/"
"","hornysologirls","https://www.google.com/"
"","hornyspanishflies","https://www.google.com/"
"","hornyspanishfliesfree","https://www.google.com/"
"","hornyspots","https://www.google.com/"
"","hornyspy","https://www.google.com/"
"","hornystarlet","https://www.google.com/"
"","hornystart","https://www.google.com/"
"","hornystation","https://www.google.com/"
"","hornystockings","https://www.google.com/"
"","hornystories","https://www.google.com/"
"","hornystudentcams","https://www.google.com/"
"","hornystyle","https://www.google.com/"
"","hornyswingers","https://www.google.com/"
"","hornyteasers","https://www.google.com/"
"","hornyteddy","https://www.google.com/"
"","hornyteenagers","https://www.google.com/"
"","hornyteenbitch","https://www.google.com/"
"","hornyteenboys","https://www.google.com/"
"","hornyteen","https://www.google.com/"
"","hornyteenfuck","https://www.google.com/"
"","hornyteengfs","https://www.google.com/"
"","hornyteengirl","https://www.google.com/"
"","hornyteenharlots","https://www.google.com/"
"","horny-teen-hotties","https://www.google.com/"
"","hornyteenies","https://www.google.com/"
"","hornyteenlovers","https://www.google.com/"
