"﻿""id""","read","recommended"
"","bordellchat","https://www.google.com/"
"","bordell-chat","https://www.google.com/"
"","bordellclub","https://www.google.com/"
"","bordellcommunity","https://www.google.com/"
"","bordelle","https://www.google.com/"
"","bordellfilme","https://www.google.com/"
"","bordellforum","https://www.google.com/"
"","bordellfuehrer","https://www.google.com/"
"","bordellfuehrer-cam","https://www.google.com/"
"","bordellfuehrer-cams","https://www.google.com/"
"","bordellguide","https://www.google.com/"
"","bordelli","https://www.google.com/"
"","bordellix","https://www.google.com/"
"","bordell-karlsruhe","https://www.google.com/"
"","bordellmeile","https://www.google.com/"
"","bordellmovies","https://www.google.com/"
"","bordello","https://www.google.com/"
"","bordellolingerie","https://www.google.com/"
"","bordellonoir","https://www.google.com/"
"","bordell","https://www.google.com/"
"","bordell-puff","https://www.google.com/"
"","bordells","https://www.google.com/"
"","bordell-sexchat","https://www.google.com/"
"","bordellsiegel","https://www.google.com/"
"","bordelltipp","https://www.google.com/"
"","bordellvideos","https://www.google.com/"
"","bordelx","https://www.google.com/"
"","borderbangers1","https://www.google.com/"
"","borderbangers","https://www.google.com/"
"","borderbombshells1","https://www.google.com/"
"","borderlandbound","https://www.google.com/"
"","borderlinemovies","https://www.google.com/"
"","borderpatrolsex","https://www.google.com/"
"","borderputas","https://www.google.com/"
"","bordersfreeporn","https://www.google.com/"
"","borderwhores","https://www.google.com/"
"","borderworlds","https://www.google.com/"
"","bordo1917","https://www.google.com/"
"","bordolino","https://www.google.com/"
"","bordsteinschwalbe","https://www.google.com/"
"","boredbot","https://www.google.com/"
"","boredbrides","https://www.google.com/"
"","boredclips","https://www.google.com/"
"","bored","https://www.google.com/"
"","boredhousewivesuk","https://www.google.com/"
"","boredjumbo","https://www.google.com/"
"","boredjunkie","https://www.google.com/"
"","boredladies","https://www.google.com/"
"","boredteens","https://www.google.com/"
"","boredtown","https://www.google.com/"
"","boredwives","https://www.google.com/"
"","boreme","https://www.google.com/"
"","borfos","https://www.google.com/"
"","boricuasdesnudas","https://www.google.com/"
"","boringkate","https://www.google.com/"
"","boringsex","https://www.google.com/"
"","borislook","https://www.google.com/"
"","born2porn","https://www.google.com/"
"","born4porno","https://www.google.com/"
"","bornpornstars","https://www.google.com/"
"","bornpussy","https://www.google.com/"
"","bornsexy","https://www.google.com/"
"","borntobebound","https://www.google.com/"
"","borntobegay","https://www.google.com/"
"","borntoslut","https://www.google.com/"
"","borntoswing","https://www.google.com/"
"","bornwild","https://www.google.com/"
"","borrachas","https://www.google.com/"
"","borsten","https://www.google.com/"
"","borstje","https://www.google.com/"
"","borstjes","https://www.google.com/"
"","borwap","https://www.google.com/"
"","boryokugai","https://www.google.com/"
"","bosalt","https://www.google.com/"
"","boseinstitute","https://www.google.com/"
"","bosf","https://www.google.com/"
"","boskie","https://www.google.com/"
"","bosnianembassy","https://www.google.com/"
"","bosombox2","https://www.google.com/"
"","bosombox","https://www.google.com/"
"","bosomplumpers","https://www.google.com/"
"","bosomquest","https://www.google.com/"
"","boss188","https://www.google.com/"
"","bossandslave","https://www.google.com/"
"","bossbitches2","https://www.google.com/"
"","bossbitchesstrapon","https://www.google.com/"
"","bossbondage","https://www.google.com/"
"","bosscash","https://www.google.com/"
"","bossdesigner","https://www.google.com/"
"","bossdvd","https://www.google.com/"
"","bossgirls","https://www.google.com/"
"","bosshd","https://www.google.com/"
"","bosslady","https://www.google.com/"
"","bossman","https://www.google.com/"
"","bossmodels","https://www.google.com/"
"","bos","https://www.google.com/"
"","bossout","https://www.google.com/"
"","bosstube","https://www.google.com/"
"","bossvideotube","https://www.google.com/"
"","bossybitch","https://www.google.com/"
