"﻿""id""","read","recommended"
"","blackedwives","https://www.google.com/"
"","blackeroticais","https://www.google.com/"
"","black-erotica","https://www.google.com/"
"","blackeroticart","https://www.google.com/"
"","blackerotik","https://www.google.com/"
"","black-escorte","https://www.google.com/"
"","blackesonblondes","https://www.google.com/"
"","blackettesexe","https://www.google.com/"
"","blackexgf","https://www.google.com/"
"","blackexhibitionist","https://www.google.com/"
"","blackexoticdancers","https://www.google.com/"
"","blackexposed","https://www.google.com/"
"","blackfacial","https://www.google.com/"
"","blackfalcon","https://www.google.com/"
"","blackfantasies","https://www.google.com/"
"","black-fat","https://www.google.com/"
"","black-fat-girls","https://www.google.com/"
"","blackfatxxx","https://www.google.com/"
"","blackfavorite","https://www.google.com/"
"","blackfeetbootystreet","https://www.google.com/"
"","black-females","https://www.google.com/"
"","blackfemalestrippers","https://www.google.com/"
"","blackfemdomgoddess","https://www.google.com/"
"","blackfetish","https://www.google.com/"
"","black-fetish","https://www.google.com/"
"","blackflasher","https://www.google.com/"
"","blackfling","https://www.google.com/"
"","blackflixxx","https://www.google.com/"
"","blackfloyd","https://www.google.com/"
"","blackfoxbound","https://www.google.com/"
"","blackfreaky","https://www.google.com/"
"","blackfreecams","https://www.google.com/"
"","blackfreemovies","https://www.google.com/"
"","blackfreeporn","https://www.google.com/"
"","blackfreesex","https://www.google.com/"
"","blackfreevideos","https://www.google.com/"
"","blackfrenzy","https://www.google.com/"
"","blackfriday","https://www.google.com/"
"","blackfridayphonesex","https://www.google.com/"
"","blackfuckfest","https://www.google.com/"
"","blackfuckin","https://www.google.com/"
"","blackfucking","https://www.google.com/"
"","blackfuckingwhite","https://www.google.com/"
"","blackfuck","https://www.google.com/"
"","black-fuck","https://www.google.com/"
"","blackfuckwife","https://www.google.com/"
"","blackfuk","https://www.google.com/"
"","blackgalleryshack","https://www.google.com/"
"","blackgalore","https://www.google.com/"
"","blackgangstaz","https://www.google.com/"
"","blackgangwhitebang","https://www.google.com/"
"","blackgaps","https://www.google.com/"
"","blackgaycocks","https://www.google.com/"
"","black-gay","https://www.google.com/"
"","blackgaymale","https://www.google.com/"
"","blackgaympegs","https://www.google.com/"
"","blackgaypickup","https://www.google.com/"
"","black-gay-porn","https://www.google.com/"
"","blackgay-porn","https://www.google.com/"
"","blackgayporn","https://www.google.com/"
"","blackgaypornthugs","https://www.google.com/"
"","blackgaypornz","https://www.google.com/"
"","blackgayreality","https://www.google.com/"
"","black-gays","https://www.google.com/"
"","blackgays","https://www.google.com/"
"","black-gay-sex","https://www.google.com/"
"","blackgayshardcore","https://www.google.com/"
"","blackgaysworld","https://www.google.com/"
"","blackgaytempter","https://www.google.com/"
"","blackgaytubes","https://www.google.com/"
"","blackgayvideo","https://www.google.com/"
"","blackgayvids","https://www.google.com/"
"","blackgfcams","https://www.google.com/"
"","blackgf","https://www.google.com/"
"","blackgflive","https://www.google.com/"
"","blackgfpass","https://www.google.com/"
"","blackgfs","https://www.google.com/"
"","blackgfsex","https://www.google.com/"
"","blackghettobitches","https://www.google.com/"
"","blackghettogays","https://www.google.com/"
"","blackgirlchats","https://www.google.com/"
"","black-girl","https://www.google.com/"
"","blackgirl","https://www.google.com/"
"","black-girlfriend","https://www.google.com/"
"","blackgirlfriend","https://www.google.com/"
"","blackgirlgloryhole","https://www.google.com/"
"","blackgirllonghair","https://www.google.com/"
"","blackgirlmovies","https://www.google.com/"
"","blackgirlnextdoor","https://www.google.com/"
"","blackgirlonline","https://www.google.com/"
"","blackgirlphoto","https://www.google.com/"
"","blackgirlpics","https://www.google.com/"
"","blackgirlpussies","https://www.google.com/"
"","blackgirlsagency","https://www.google.com/"
"","blackgirlsareeasy","https://www.google.com/"
"","blackgirlsblog","https://www.google.com/"
"","blackgirlsbound","https://www.google.com/"
"","blackgirls","https://www.google.com/"
"","blackgirlscreampie","https://www.google.com/"
"","blackgirlsdb","https://www.google.com/"
