"﻿""id""","read","recommended"
"","farmerotica","https://www.google.com/"
"","farmers6","https://www.google.com/"
"","farmersdaughter","https://www.google.com/"
"","farmersexlove","https://www.google.com/"
"","farm-fuck","https://www.google.com/"
"","farm-fuckers","https://www.google.com/"
"","farmfun","https://www.google.com/"
"","farmgirl","https://www.google.com/"
"","farmjoy","https://www.google.com/"
"","farmpass","https://www.google.com/"
"","farm-porn","https://www.google.com/"
"","farmporn","https://www.google.com/"
"","farmporno","https://www.google.com/"
"","farmsecrets","https://www.google.com/"
"","farmsex","https://www.google.com/"
"","farmsexfree","https://www.google.com/"
"","farm-sex","https://www.google.com/"
"","farmsexlinks","https://www.google.com/"
"","farmsexlovers","https://www.google.com/"
"","farmsextoons","https://www.google.com/"
"","farmsexxxx","https://www.google.com/"
"","farmsexy","https://www.google.com/"
"","farmsluts","https://www.google.com/"
"","farmteens","https://www.google.com/"
"","farmxxx","https://www.google.com/"
"","farmxxxmovies","https://www.google.com/"
"","farmyardgirls","https://www.google.com/"
"","farmyardsex","https://www.google.com/"
"","farmysecrets","https://www.google.com/"
"","farmysluts","https://www.google.com/"
"","farrahabrahamsextape","https://www.google.com/"
"","farrahabrahamtaped","https://www.google.com/"
"","farrahfoxx","https://www.google.com/"
"","fartcore","https://www.google.com/"
"","fartfantasy","https://www.google.com/"
"","farthammer","https://www.google.com/"
"","fartingfemdom","https://www.google.com/"
"","fartingsluts","https://www.google.com/"
"","fartube","https://www.google.com/"
"","farvista","https://www.google.com/"
"","fa-schiller","https://www.google.com/"
"","fascinations","https://www.google.com/"
"","fash","https://www.google.com/"
"","fashionably-me","https://www.google.com/"
"","fashionbeautyetc","https://www.google.com/"
"","fashioncan","https://www.google.com/"
"","fashioncosmos","https://www.google.com/"
"","fashionfeature","https://www.google.com/"
"","fashion-heels","https://www.google.com/"
"","fashion-highheels","https://www.google.com/"
"","fashionhouse","https://www.google.com/"
"","fashionising","https://www.google.com/"
"","fashionista","https://www.google.com/"
"","fashionistastheshow","https://www.google.com/"
"","fashionlife","https://www.google.com/"
"","fashionmecca","https://www.google.com/"
"","fashionmodelclub","https://www.google.com/"
"","fashionmodeldirectory","https://www.google.com/"
"","fashion-models","https://www.google.com/"
"","fashion-models-top","https://www.google.com/"
"","fashionmodeltalk","https://www.google.com/"
"","fashionpantyhose","https://www.google.com/"
"","fashion-privatparty","https://www.google.com/"
"","fashions4fetish","https://www.google.com/"
"","fashionshemale","https://www.google.com/"
"","fashionstock","https://www.google.com/"
"","fashionstockings","https://www.google.com/"
"","fashionstore","https://www.google.com/"
"","fashiontimes","https://www.google.com/"
"","fashionworld2006","https://www.google.com/"
"","fashionworldonline","https://www.google.com/"
"","fasionsexygirls","https://www.google.com/"
"","fason","https://www.google.com/"
"","fassinating","https://www.google.com/"
"","fassinatinghd","https://www.google.com/"
"","fastandfree","https://www.google.com/"
"","fastandhard","https://www.google.com/"
"","fastandsexy","https://www.google.com/"
"","fastasiansex","https://www.google.com/"
"","fast-auto-transport","https://www.google.com/"
"","fastblog","https://www.google.com/"
"","fastboobs","https://www.google.com/"
"","fastcupid","https://www.google.com/"
"","fastdates","https://www.google.com/"
"","fasteasyfree","https://www.google.com/"
"","fasterotics","https://www.google.com/"
"","fasterporn","https://www.google.com/"
"","fasterpussycathaji","https://www.google.com/"
"","fastforwardblowjobs","https://www.google.com/"
"","fast-foutre","https://www.google.com/"
"","fastfoutre","https://www.google.com/"
"","fastfreecash","https://www.google.com/"
"","fastfreehost","https://www.google.com/"
"","fastfreeporn","https://www.google.com/"
"","fast-fuck","https://www.google.com/"
"","fastfuckgames","https://www.google.com/"
"","fastfw","https://www.google.com/"
"","fastgayporn","https://www.google.com/"
"","fastgaysex","https://www.google.com/"
"","fastgayvideos","https://www.google.com/"
