"﻿""id""","read","recommended"
"","lblbforum","https://www.google.com/"
"","lbmgp","https://www.google.com/"
"","lb-porn","https://www.google.com/"
"","lbporn","https://www.google.com/"
"","lbptube","https://www.google.com/"
"","lbsexpics","https://www.google.com/"
"","lbsextube","https://www.google.com/"
"","lbthai","https://www.google.com/"
"","lbtoons","https://www.google.com/"
"","lbtube","https://www.google.com/"
"","lcait","https://www.google.com/"
"","lcangels","https://www.google.com/"
"","lcbphotography","https://www.google.com/"
"","lc-g","https://www.google.com/"
"","lcmapp","https://www.google.com/"
"","lcmcdn","https://www.google.com/"
"","lcmovies","https://www.google.com/"
"","lcnotes","https://www.google.com/"
"","l-connect","https://www.google.com/"
"","l-connection","https://www.google.com/"
"","lcproducts","https://www.google.com/"
"","ldate","https://www.google.com/"
"","l-directory","https://www.google.com/"
"","ldl2","https://www.google.com/"
"","ldsc","https://www.google.com/"
"","ldsindex","https://www.google.com/"
"","ldyeos","https://www.google.com/"
"","ldyjessika","https://www.google.com/"
"","le2mil3","https://www.google.com/"
"","le6","https://www.google.com/"
"","leaandbear","https://www.google.com/"
"","leablack","https://www.google.com/"
"","leadcar","https://www.google.com/"
"","leademaexxx","https://www.google.com/"
"","leadingedgecash","https://www.google.com/"
"","leadzu","https://www.google.com/"
"","leaescort","https://www.google.com/"
"","leaetorane","https://www.google.com/"
"","leagarnier","https://www.google.com/"
"","leagourmande","https://www.google.com/"
"","leagueofamazingwomen","https://www.google.com/"
"","league-of-hentai","https://www.google.com/"
"","leagueofreluctantadults","https://www.google.com/"
"","leahluvfucked","https://www.google.com/"
"","leaibarra","https://www.google.com/"
"","leakedandloaded","https://www.google.com/"
"","leakedblack","https://www.google.com/"
"","leakedcelebritynude","https://www.google.com/"
"","leaked-fans","https://www.google.com/"
"","leakedgfs","https://www.google.com/"
"","leakedindiancelebs","https://www.google.com/"
"","leakedmeat","https://www.google.com/"
"","leakedpie","https://www.google.com/"
"","leakedtapes","https://www.google.com/"
"","leakingboob","https://www.google.com/"
"","leakpapa","https://www.google.com/"
"","leakreality","https://www.google.com/"
"","leaktube","https://www.google.com/"
"","lealotus","https://www.google.com/"
"","leandrocomics","https://www.google.com/"
"","leandro-comics","https://www.google.com/"
"","leaning","https://www.google.com/"
"","leanna-decker","https://www.google.com/"
"","leannaheart","https://www.google.com/"
"","leannali","https://www.google.com/"
"","leannecrow","https://www.google.com/"
"","leannetaylor","https://www.google.com/"
"","leanporn","https://www.google.com/"
"","leanybucsuk","https://www.google.com/"
"","leanyvasar","https://www.google.com/"
"","learnoralsex","https://www.google.com/"
"","learnsquirt","https://www.google.com/"
"","learn","https://www.google.com/"
"","learotty","https://www.google.com/"
"","leashedgirls","https://www.google.com/"
"","leashsex","https://www.google.com/"
"","lea-sm-fetish","https://www.google.com/"
"","lea-smoking","https://www.google.com/"
"","leather411shop","https://www.google.com/"
"","leatherandlather","https://www.google.com/"
"","leatherarchives","https://www.google.com/"
"","leatherbdsm","https://www.google.com/"
"","leatherbeaten","https://www.google.com/"
"","leatherbondageslave","https://www.google.com/"
"","leatherbound","https://www.google.com/"
"","leatherboy","https://www.google.com/"
"","leatherboys","https://www.google.com/"
"","leatherbyrose","https://www.google.com/"
"","leathercams","https://www.google.com/"
"","leathercat","https://www.google.com/"
"","leatherclips","https://www.google.com/"
"","leathercreations","https://www.google.com/"
"","leatherdomina","https://www.google.com/"
"","leatherdominaingrid","https://www.google.com/"
"","leatherdyke","https://www.google.com/"
"","leathered-life","https://www.google.com/"
"","leatheretc","https://www.google.com/"
"","leatherfemdom","https://www.google.com/"
"","leatherfetish","https://www.google.com/"
"","leather-fetish","https://www.google.com/"
