"﻿""id""","read","recommended"
"","248am","https://www.google.com/"
"","24bdsm","https://www.google.com/"
"","24bdsmtube","https://www.google.com/"
"","24camsex","https://www.google.com/"
"","24cams","https://www.google.com/"
"","24carat-escorts","https://www.google.com/"
"","24cc","https://www.google.com/"
"","24dose","https://www.google.com/"
"","24escort7","https://www.google.com/"
"","24freesexchat","https://www.google.com/"
"","24fucking7","https://www.google.com/"
"","24gaycams","https://www.google.com/"
"","24h-cam","https://www.google.com/"
"","24hcams","https://www.google.com/"
"","24h-cams","https://www.google.com/"
"","24h-chat","https://www.google.com/"
"","24hentai","https://www.google.com/"
"","24h-erotik","https://www.google.com/"
"","24hgaytube","https://www.google.com/"
"","24h-kontakte","https://www.google.com/"
"","24h-live","https://www.google.com/"
"","24h-livesexcam","https://www.google.com/"
"","24h-livesex","https://www.google.com/"
"","24hlivesex","https://www.google.com/"
"","24-hour-adult-xxx-dvds-and-videos","https://www.google.com/"
"","24hour","https://www.google.com/"
"","24hourlivecams","https://www.google.com/"
"","24hourpass","https://www.google.com/"
"","24hours-escort","https://www.google.com/"
"","24hoursportsbook","https://www.google.com/"
"","24hour-transsexualphonesex","https://www.google.com/"
"","24h","https://www.google.com/"
"","24h-porn","https://www.google.com/"
"","24hr-onlinecasinos","https://www.google.com/"
"","24hrphonesex","https://www.google.com/"
"","24hrssex","https://www.google.com/"
"","24hrvideo","https://www.google.com/"
"","24hrxxx","https://www.google.com/"
"","24h-sexcam","https://www.google.com/"
"","24h-sexcams","https://www.google.com/"
"","24h-sex","https://www.google.com/"
"","24h-sexshop","https://www.google.com/"
"","24h-show","https://www.google.com/"
"","24h-strip","https://www.google.com/"
"","24hsuong","https://www.google.com/"
"","24h-telefonsex","https://www.google.com/"
"","24hub","https://www.google.com/"
"","24hxxxsexcam","https://www.google.com/"
"","24kporn","https://www.google.com/"
"","24k-pornstars","https://www.google.com/"
"","24kpussy","https://www.google.com/"
"","24ktgoldcasino","https://www.google.com/"
"","24ktgold","https://www.google.com/"
"","24live","https://www.google.com/"
"","24livegay","https://www.google.com/"
"","24livesexchat","https://www.google.com/"
"","24livesex","https://www.google.com/"
"","24mainstreet","https://www.google.com/"
"","24porn7","https://www.google.com/"
"","24porn","https://www.google.com/"
"","24pornhd","https://www.google.com/"
"","24porno","https://www.google.com/"
"","24pornvideos","https://www.google.com/"
"","24sexcams","https://www.google.com/"
"","24sex","https://www.google.com/"
"","24sexmovie","https://www.google.com/"
"","24-sexshop","https://www.google.com/"
"","24sextube","https://www.google.com/"
"","24sobre7","https://www.google.com/"
"","24space","https://www.google.com/"
"","24start","https://www.google.com/"
"","24std-lieferung","https://www.google.com/"
"","24stundentreff","https://www.google.com/"
"","24sur24","https://www.google.com/"
"","24telefonsex","https://www.google.com/"
"","24theshow","https://www.google.com/"
"","24uurlive","https://www.google.com/"
"","24uursex","https://www.google.com/"
"","24uurtoegang","https://www.google.com/"
"","24video","https://www.google.com/"
"","24video","https://www.google.com/"
"","24videos","https://www.google.com/"
"","24webcamsex","https://www.google.com/"
"","24x7tube","https://www.google.com/"
"","24xhamster","https://www.google.com/"
"","24-xxx","https://www.google.com/"
"","24xxx","https://www.google.com/"
"","250free","https://www.google.com/"
"","250x","https://www.google.com/"
"","25am","https://www.google.com/"
"","25-best-online-casinos","https://www.google.com/"
"","25cameras","https://www.google.com/"
"","25casinos","https://www.google.com/"
"","25centsphonesex","https://www.google.com/"
"","25cm","https://www.google.com/"
"","25cum","https://www.google.com/"
"","25free","https://www.google.com/"
"","25k","https://www.google.com/"
"","25-online-casinos","https://www.google.com/"
"","26l","https://www.google.com/"
