"﻿""id""","read","recommended"
"","cutepreteens","https://www.google.com/"
"","cutepussypics","https://www.google.com/"
"","cutepussy","https://www.google.com/"
"","cuterain","https://www.google.com/"
"","cuteredheadteen","https://www.google.com/"
"","cuterussianboys","https://www.google.com/"
"","cuterussianwomen","https://www.google.com/"
"","cuteschoolgirl","https://www.google.com/"
"","cuteselfpics","https://www.google.com/"
"","cute-sex","https://www.google.com/"
"","cutesex","https://www.google.com/"
"","cutesexybabe","https://www.google.com/"
"","cutesexybabes","https://www.google.com/"
"","cutesexylesbians","https://www.google.com/"
"","cutesexyteengirls","https://www.google.com/"
"","cutesexyteens","https://www.google.com/"
"","cutesexytube","https://www.google.com/"
"","cutesexywomen","https://www.google.com/"
"","cuteshemalebigdick","https://www.google.com/"
"","cuteshemale","https://www.google.com/"
"","cuteshemalemodels","https://www.google.com/"
"","cute-shemale","https://www.google.com/"
"","cute-shemales","https://www.google.com/"
"","cute-shukujyo","https://www.google.com/"
"","cutesoles","https://www.google.com/"
"","cutestar","https://www.google.com/"
"","cutestat","https://www.google.com/"
"","cutestcamgirls","https://www.google.com/"
"","cutestteens","https://www.google.com/"
"","cutestuds","https://www.google.com/"
"","cute-sunny","https://www.google.com/"
"","cutesunny","https://www.google.com/"
"","cuteteenangels","https://www.google.com/"
"","cuteteenass","https://www.google.com/"
"","cute-teen-boys","https://www.google.com/"
"","cuteteen","https://www.google.com/"
"","cuteteenfuck","https://www.google.com/"
"","cuteteengirl","https://www.google.com/"
"","cuteteengirlporn","https://www.google.com/"
"","cuteteenie","https://www.google.com/"
"","cuteteenies","https://www.google.com/"
"","cuteteenmodels","https://www.google.com/"
"","cuteteenmovs","https://www.google.com/"
"","cute-teen","https://www.google.com/"
"","cuteteennude","https://www.google.com/"
"","cuteteenpics","https://www.google.com/"
"","cuteteenporn","https://www.google.com/"
"","cuteteenschoolgirlz","https://www.google.com/"
"","cuteteensex","https://www.google.com/"
"","cuteteensexpics","https://www.google.com/"
"","cuteteenspictures","https://www.google.com/"
"","cuteteensporn","https://www.google.com/"
"","cuteteenstars","https://www.google.com/"
"","cuteteentits","https://www.google.com/"
"","cuteteentube","https://www.google.com/"
"","cuteteenvideo","https://www.google.com/"
"","cute-teenz","https://www.google.com/"
"","cutethaibabes","https://www.google.com/"
"","cutethumbs","https://www.google.com/"
"","cutetina","https://www.google.com/"
"","cutetoons","https://www.google.com/"
"","cutetopless","https://www.google.com/"
"","cutetrailers","https://www.google.com/"
"","cutetrannies","https://www.google.com/"
"","cutetush","https://www.google.com/"
"","cutetwinkgays","https://www.google.com/"
"","cutetwinks","https://www.google.com/"
"","cutetwinksfuck","https://www.google.com/"
"","cutevamps","https://www.google.com/"
"","cute-virgins","https://www.google.com/"
"","cute-webcam","https://www.google.com/"
"","cutewebcamgirl","https://www.google.com/"
"","cutewebcams","https://www.google.com/"
"","cutewebgirls","https://www.google.com/"
"","cutewench","https://www.google.com/"
"","cutewhitepanties","https://www.google.com/"
"","cutewhitepanty","https://www.google.com/"
"","cute-whores","https://www.google.com/"
"","cutewhores","https://www.google.com/"
"","cutewifes","https://www.google.com/"
"","cutewomen","https://www.google.com/"
"","cutexxxlinks","https://www.google.com/"
"","cutexxxtube","https://www.google.com/"
"","cuteyoungboys","https://www.google.com/"
"","cuteyoungteen","https://www.google.com/"
"","cuteypies","https://www.google.com/"
"","cute-z","https://www.google.com/"
"","cutie3d","https://www.google.com/"
"","cutie82","https://www.google.com/"
"","cutie-booty","https://www.google.com/"
"","cutiebooty","https://www.google.com/"
"","cutiebucks","https://www.google.com/"
"","cutiebutts","https://www.google.com/"
"","cutiecamgirls","https://www.google.com/"
"","cutiecentral","https://www.google.com/"
"","cutieclips","https://www.google.com/"
"","cutie-fatty","https://www.google.com/"
"","cutiefrutti","https://www.google.com/"
"","cutiehoney-tgp","https://www.google.com/"
"","cutielist","https://www.google.com/"
