"﻿""id""","read","recommended"
"","3dsexmadness","https://www.google.com/"
"","3dsexmaniacs","https://www.google.com/"
"","3dsexmovie","https://www.google.com/"
"","3dsexmovies","https://www.google.com/"
"","3dsexpicsarchive","https://www.google.com/"
"","3dsex-pics","https://www.google.com/"
"","3dsexpics","https://www.google.com/"
"","3d-sex-pictures","https://www.google.com/"
"","3dsexpictures","https://www.google.com/"
"","3dsexplanet","https://www.google.com/"
"","3dsexreview","https://www.google.com/"
"","3dsexstories","https://www.google.com/"
"","3dsextales","https://www.google.com/"
"","3d-sex-thumbs","https://www.google.com/"
"","3dsextoon","https://www.google.com/"
"","3dsextoons","https://www.google.com/"
"","3dsextoy","https://www.google.com/"
"","3dsextoys","https://www.google.com/"
"","3dsextrooper","https://www.google.com/"
"","3d-sex-videos","https://www.google.com/"
"","3d-sex-villa","https://www.google.com/"
"","3dsexvilla","https://www.google.com/"
"","3dsexx","https://www.google.com/"
"","3dsexy","https://www.google.com/"
"","3dsexypics","https://www.google.com/"
"","3dsexys","https://www.google.com/"
"","3dshemale","https://www.google.com/"
"","3d-shemale-porn","https://www.google.com/"
"","3dshemales","https://www.google.com/"
"","3dshemalez","https://www.google.com/"
"","3dshiny","https://www.google.com/"
"","3dsilk","https://www.google.com/"
"","3dslag","https://www.google.com/"
"","3dslut","https://www.google.com/"
"","3dsluts","https://www.google.com/"
"","3dstripper","https://www.google.com/"
"","3dsupermodels","https://www.google.com/"
"","3dtabootoons","https://www.google.com/"
"","3dteenagers","https://www.google.com/"
"","3dteen","https://www.google.com/"
"","3dteendream","https://www.google.com/"
"","3dteenincest","https://www.google.com/"
"","3d-teens","https://www.google.com/"
"","3dteensluts","https://www.google.com/"
"","3dtentacle","https://www.google.com/"
"","3dtentacleporn","https://www.google.com/"
"","3dtgp","https://www.google.com/"
"","3d-thumbs","https://www.google.com/"
"","3dtits","https://www.google.com/"
"","3d-toon","https://www.google.com/"
"","3dtoon","https://www.google.com/"
"","3dtoonfuck","https://www.google.com/"
"","3dtoonmonsters","https://www.google.com/"
"","3dtoonporn","https://www.google.com/"
"","3d-toonsex","https://www.google.com/"
"","3dtoonsexx","https://www.google.com/"
"","3dtoonsmonster","https://www.google.com/"
"","3dtoonsporn","https://www.google.com/"
"","3dtoontube","https://www.google.com/"
"","3dtoonvids","https://www.google.com/"
"","3dtoonz","https://www.google.com/"
"","3d-torture","https://www.google.com/"
"","3dtorturepics","https://www.google.com/"
"","3dtube247","https://www.google.com/"
"","3dtube","https://www.google.com/"
"","3dtvporn","https://www.google.com/"
"","3dup","https://www.google.com/"
"","3dvdiso","https://www.google.com/"
"","3dvixens","https://www.google.com/"
"","3dvoyeur","https://www.google.com/"
"","3dvsex","https://www.google.com/"
"","3d-webcam","https://www.google.com/"
"","3d-webcamsex","https://www.google.com/"
"","3dwerewolfporn","https://www.google.com/"
"","3dwisecartoon","https://www.google.com/"
"","3dwowmovies","https://www.google.com/"
"","3dxbucks","https://www.google.com/"
"","3dxchat","https://www.google.com/"
"","3dx-games","https://www.google.com/"
"","3dx","https://www.google.com/"
"","3dxstar","https://www.google.com/"
"","3dxstarvideos","https://www.google.com/"
"","3dxtoons","https://www.google.com/"
"","3dxtube","https://www.google.com/"
"","3dxxpics","https://www.google.com/"
"","3dxxxadult","https://www.google.com/"
"","3dxxxcartoons","https://www.google.com/"
"","3d-xxx","https://www.google.com/"
"","3dxxxcreature","https://www.google.com/"
"","3dxxxgames","https://www.google.com/"
"","3dxxxhouse","https://www.google.com/"
"","3dxxxmonster","https://www.google.com/"
"","3dxxx","https://www.google.com/"
"","3dxxxpics","https://www.google.com/"
"","3dxxxs","https://www.google.com/"
"","3dxxxvideos","https://www.google.com/"
"","3d-xxxx","https://www.google.com/"
"","3d-young","https://www.google.com/"
"","3dyoungporn","https://www.google.com/"
"","3dzoo","https://www.google.com/"
