"﻿""id""","read","recommended"
"","getmywomen","https://www.google.com/"
"","getmyxxx","https://www.google.com/"
"","getnakedforus","https://www.google.com/"
"","getnakedinpublic","https://www.google.com/"
"","getnakedpics","https://www.google.com/"
"","getnakedwomen","https://www.google.com/"
"","getnaughtycash","https://www.google.com/"
"","getnaughtygirls","https://www.google.com/"
"","getnav","https://www.google.com/"
"","getniceass","https://www.google.com/"
"","getnookie","https://www.google.com/"
"","getnudes","https://www.google.com/"
"","getnudies","https://www.google.com/"
"","getoffgirls","https://www.google.com/"
"","getorgasmic","https://www.google.com/"
"","get-penis-enlargement","https://www.google.com/"
"","get-penis-enlargement-results","https://www.google.com/"
"","getphonesex","https://www.google.com/"
"","getphonesexnow","https://www.google.com/"
"","getplanetpron","https://www.google.com/"
"","getporn","https://www.google.com/"
"","getporned","https://www.google.com/"
"","getpornforabuck","https://www.google.com/"
"","getpornforwomen","https://www.google.com/"
"","getpornhub","https://www.google.com/"
"","getpornlinks","https://www.google.com/"
"","getpornlist","https://www.google.com/"
"","getpornmagazines","https://www.google.com/"
"","getpornpics","https://www.google.com/"
"","getpregnant","https://www.google.com/"
"","getpunished","https://www.google.com/"
"","getragene-hoeschen","https://www.google.com/"
"","getragenes","https://www.google.com/"
"","getragene-waesche","https://www.google.com/"
"","getrealtouch","https://www.google.com/"
"","getrichcash","https://www.google.com/"
"","getrichinporn","https://www.google.com/"
"","getrichtoday","https://www.google.com/"
"","getrightcash","https://www.google.com/"
"","getrightporn","https://www.google.com/"
"","getscorecash","https://www.google.com/"
"","getserver","https://www.google.com/"
"","getsex","https://www.google.com/"
"","getsexgames","https://www.google.com/"
"","getsexgyan","https://www.google.com/"
"","getsexhere","https://www.google.com/"
"","getsexnow","https://www.google.com/"
"","getsexual","https://www.google.com/"
"","getsexy","https://www.google.com/"
"","getsexygirls","https://www.google.com/"
"","getsexynow","https://www.google.com/"
"","getshe","https://www.google.com/"
"","getshemale","https://www.google.com/"
"","getshemales","https://www.google.com/"
"","getsmut","https://www.google.com/"
"","getspanked","https://www.google.com/"
"","getssex","https://www.google.com/"
"","getsucked","https://www.google.com/"
"","getswet","https://www.google.com/"
"","get-teased","https://www.google.com/"
"","getteentube","https://www.google.com/"
"","getthehorn","https://www.google.com/"
"","getthesex","https://www.google.com/"
"","getting-fucked","https://www.google.com/"
"","gettingit","https://www.google.com/"
"","gettingiton","https://www.google.com/"
"","gettinglaidnow","https://www.google.com/"
"","getting-personal","https://www.google.com/"
"","gettingporn","https://www.google.com/"
"","gettingscrewed","https://www.google.com/"
"","gettin","https://www.google.com/"
"","gettoby","https://www.google.com/"
"","gettogether","https://www.google.com/"
"","gettonasty","https://www.google.com/"
"","gettosex","https://www.google.com/"
"","gettyimages","https://www.google.com/"
"","getuoffbyphone","https://www.google.com/"
"","getuoff","https://www.google.com/"
"","getuporn","https://www.google.com/"
"","getverified","https://www.google.com/"
"","get-wet","https://www.google.com/"
"","getwildonline","https://www.google.com/"
"","getwowporn","https://www.google.com/"
"","getxxxtube","https://www.google.com/"
"","getxxxvideo","https://www.google.com/"
"","getyerrocksoff","https://www.google.com/"
"","getyourdailyspanking","https://www.google.com/"
"","getyourfreedvd","https://www.google.com/"
"","getyourporno","https://www.google.com/"
"","getyoursex","https://www.google.com/"
"","getyourstrokeon","https://www.google.com/"
"","getzoosex","https://www.google.com/"
"","gewaltpornos","https://www.google.com/"
"","gewerbecenter-carol-jones","https://www.google.com/"
"","gewinnspiele-gratis","https://www.google.com/"
"","gewoonsex","https://www.google.com/"
"","gexmo","https://www.google.com/"
"","gexo","https://www.google.com/"
"","gey","https://www.google.com/"
"","geymania","https://www.google.com/"
