"﻿""id""","read","recommended"
"","fetiche-extreme","https://www.google.com/"
"","fetiche-sexe-cinema","https://www.google.com/"
"","fetichesexshop","https://www.google.com/"
"","fetichfeet","https://www.google.com/"
"","fetichisma","https://www.google.com/"
"","fetichismebas","https://www.google.com/"
"","fetichisme-bdsm","https://www.google.com/"
"","fetichisme-club","https://www.google.com/"
"","fetichisme","https://www.google.com/"
"","fetichismepiedsx","https://www.google.com/"
"","fetichiste-online","https://www.google.com/"
"","fetichiste","https://www.google.com/"
"","fetichiste-pied","https://www.google.com/"
"","fetichistes","https://www.google.com/"
"","fetichix","https://www.google.com/"
"","fetichline","https://www.google.com/"
"","fetich","https://www.google.com/"
"","fetich-world","https://www.google.com/"
"","feticismo","https://www.google.com/"
"","feti-f","https://www.google.com/"
"","fetihs","https://www.google.com/"
"","fetisch3d","https://www.google.com/"
"","fetisch4all","https://www.google.com/"
"","fetisch6","https://www.google.com/"
"","fetisch-amateure","https://www.google.com/"
"","fetischamateure","https://www.google.com/"
"","fetisch-art","https://www.google.com/"
"","fetischartikel","https://www.google.com/"
"","fetischaudio","https://www.google.com/"
"","fetisch-bannertausch","https://www.google.com/"
"","fetischbase","https://www.google.com/"
"","fetischberlin","https://www.google.com/"
"","fetisch-bilder","https://www.google.com/"
"","fetischbizarr","https://www.google.com/"
"","fetisch-bizarre","https://www.google.com/"
"","fetisch-blog","https://www.google.com/"
"","fetisch-bondage","https://www.google.com/"
"","fetisch-boutique","https://www.google.com/"
"","fetisch","https://www.google.com/"
"","fetischcam","https://www.google.com/"
"","fetischcams","https://www.google.com/"
"","fetisch-cams","https://www.google.com/"
"","fetischcash","https://www.google.com/"
"","fetischcasting","https://www.google.com/"
"","fetisch-casting","https://www.google.com/"
"","fetisch-center","https://www.google.com/"
"","fetischcenter","https://www.google.com/"
"","fetisch-chat","https://www.google.com/"
"","fetischchats","https://www.google.com/"
"","fetisch-city","https://www.google.com/"
"","fetisch-concept","https://www.google.com/"
"","fetisch-content","https://www.google.com/"
"","fetisch-counter","https://www.google.com/"
"","fetischdates","https://www.google.com/"
"","fetischdating","https://www.google.com/"
"","fetisch-diva-nadja","https://www.google.com/"
"","fetisch-dom","https://www.google.com/"
"","fetisch-dominas","https://www.google.com/"
"","fetischdorado","https://www.google.com/"
"","fetisch-eisen","https://www.google.com/"
"","fetisch-erotik","https://www.google.com/"
"","fetischerotik","https://www.google.com/"
"","fetisches","https://www.google.com/"
"","fetisch-event","https://www.google.com/"
"","fetisch-exzess","https://www.google.com/"
"","fetisch-fantasy-chat","https://www.google.com/"
"","fetisch-feten","https://www.google.com/"
"","fetischfick","https://www.google.com/"
"","fetisch-film","https://www.google.com/"
"","fetischfilme","https://www.google.com/"
"","fetisch-filme","https://www.google.com/"
"","fetisch-finder","https://www.google.com/"
"","fetischfinder","https://www.google.com/"
"","fetisch-flat","https://www.google.com/"
"","fetischforen","https://www.google.com/"
"","fetischfoto","https://www.google.com/"
"","fetisch-fotografie","https://www.google.com/"
"","fetischfotos","https://www.google.com/"
"","fetisch-frau","https://www.google.com/"
"","fetischfrauen","https://www.google.com/"
"","fetischfreepage","https://www.google.com/"
"","fetisch-fuss","https://www.google.com/"
"","fetisch-fussfetisch","https://www.google.com/"
"","fetisch-galerien","https://www.google.com/"
"","fetischgalerien","https://www.google.com/"
"","fetischgirl","https://www.google.com/"
"","fetisch-girls","https://www.google.com/"
"","fetischgirls","https://www.google.com/"
"","fetischhall","https://www.google.com/"
"","fetisch-hardcore","https://www.google.com/"
"","fetischhaus","https://www.google.com/"
"","fetisch-high-heels","https://www.google.com/"
"","fetischhotel","https://www.google.com/"
"","fetischindex","https://www.google.com/"
"","fetischinfo","https://www.google.com/"
"","fetischismus","https://www.google.com/"
"","fetischistin","https://www.google.com/"
"","fetischistinnen","https://www.google.com/"
"","fetisch-kino","https://www.google.com/"
"","fetisch-klinik","https://www.google.com/"
