"﻿""id""","read","recommended"
"","3dfemdomporn","https://www.google.com/"
"","3dfetishgames","https://www.google.com/"
"","3d-fetish","https://www.google.com/"
"","3dfiends","https://www.google.com/"
"","3dfreeporn","https://www.google.com/"
"","3dfreesex","https://www.google.com/"
"","3dfuckfilms","https://www.google.com/"
"","3dfuckgalleries","https://www.google.com/"
"","3dfuckhouse","https://www.google.com/"
"","3dfuck","https://www.google.com/"
"","3dfuckpics","https://www.google.com/"
"","3dfucksluts","https://www.google.com/"
"","3dfuckvideos","https://www.google.com/"
"","3d-futanari","https://www.google.com/"
"","3dfutanari","https://www.google.com/"
"","3dgayart","https://www.google.com/"
"","3d-gay-boys","https://www.google.com/"
"","3dgaycartoons","https://www.google.com/"
"","3dgay","https://www.google.com/"
"","3dgay-comics","https://www.google.com/"
"","3dgaydirector","https://www.google.com/"
"","3dgay-drawings","https://www.google.com/"
"","3d-gayporn","https://www.google.com/"
"","3d-gay-porno","https://www.google.com/"
"","3dgay-porno","https://www.google.com/"
"","3dgay-sexx","https://www.google.com/"
"","3dgaysmut","https://www.google.com/"
"","3dgayvilla","https://www.google.com/"
"","3dgayworld","https://www.google.com/"
"","3dgayz","https://www.google.com/"
"","3dgiant","https://www.google.com/"
"","3-dgirl","https://www.google.com/"
"","3dgirlfriends","https://www.google.com/"
"","3dgirlsnude","https://www.google.com/"
"","3dgirlspics","https://www.google.com/"
"","3dgirlsporn","https://www.google.com/"
"","3dgirlz2","https://www.google.com/"
"","3dgirlz","https://www.google.com/"
"","3d-gogo","https://www.google.com/"
"","3dhardcoreporn","https://www.google.com/"
"","3dhardpics","https://www.google.com/"
"","3dhdmonsters","https://www.google.com/"
"","3dhentaianime","https://www.google.com/"
"","3d-hentai-anime","https://www.google.com/"
"","3dhentaiblog","https://www.google.com/"
"","3d-hentai","https://www.google.com/"
"","3dhentai","https://www.google.com/"
"","3d-hentai-incest","https://www.google.com/"
"","3dhentaimovie","https://www.google.com/"
"","3dhentaiporn","https://www.google.com/"
"","3dhentaisex","https://www.google.com/"
"","3dhentaisexgames","https://www.google.com/"
"","3dhentais","https://www.google.com/"
"","3dhentaitube","https://www.google.com/"
"","3dhentaivideoblog","https://www.google.com/"
"","3dhentaivideo","https://www.google.com/"
"","3dhentaix","https://www.google.com/"
"","3dhentaixxx","https://www.google.com/"
"","3dhotcomics","https://www.google.com/"
"","3d-immobilier","https://www.google.com/"
"","3d-incest-comic","https://www.google.com/"
"","3dincestdiary","https://www.google.com/"
"","3dincestmovies","https://www.google.com/"
"","3dinteraktiv","https://www.google.com/"
"","3d-interracial","https://www.google.com/"
"","3dinterracial","https://www.google.com/"
"","3d-interracial-porn","https://www.google.com/"
"","3djoe","https://www.google.com/"
"","3djoker","https://www.google.com/"
"","3dkatie","https://www.google.com/"
"","3dkink","https://www.google.com/"
"","3d-lab-av","https://www.google.com/"
"","3d-latex","https://www.google.com/"
"","3d-lesbian","https://www.google.com/"
"","3d-livesex24","https://www.google.com/"
"","3dlivesex","https://www.google.com/"
"","3dlolicon","https://www.google.com/"
"","3d-love-dolls","https://www.google.com/"
"","3dlovedolls","https://www.google.com/"
"","3d-luder","https://www.google.com/"
"","3dluder","https://www.google.com/"
"","3dlure","https://www.google.com/"
"","3dmagic","https://www.google.com/"
"","3dmaxi","https://www.google.com/"
"","3dmodelle","https://www.google.com/"
"","3dmodels","https://www.google.com/"
"","3dmomson","https://www.google.com/"
"","3d-monsterfuck","https://www.google.com/"
"","3dmonsterfuck","https://www.google.com/"
"","3dmonsterfucking","https://www.google.com/"
"","3dmonsterporn1","https://www.google.com/"
"","3dmonsterporns","https://www.google.com/"
"","3dmonsterpornxxx","https://www.google.com/"
"","3d-monsters","https://www.google.com/"
"","3dmonstersex247","https://www.google.com/"
"","3d-monster-sex","https://www.google.com/"
"","3d-monstersex","https://www.google.com/"
"","3dmonstersexxxx","https://www.google.com/"
"","3dmonstersexy","https://www.google.com/"
"","3dmonstersfucking","https://www.google.com/"
