"﻿""id""","read","recommended"
"","incest-porno","https://www.google.com/"
"","incestpornpost","https://www.google.com/"
"","incestporntube","https://www.google.com/"
"","incestpornvideos","https://www.google.com/"
"","incestprincesschrisy","https://www.google.com/"
"","incest-rape","https://www.google.com/"
"","incestrussianmature","https://www.google.com/"
"","incestsecrets","https://www.google.com/"
"","incestseks","https://www.google.com/"
"","incestseksfilm","https://www.google.com/"
"","incestseksverhaaltjes","https://www.google.com/"
"","incestserver","https://www.google.com/"
"","incest-sex","https://www.google.com/"
"","incestsexfamilies","https://www.google.com/"
"","incestsexfilm","https://www.google.com/"
"","incestsexfilms","https://www.google.com/"
"","incestsexfilmstube","https://www.google.com/"
"","incestsexlog","https://www.google.com/"
"","incestsex","https://www.google.com/"
"","incestsexpass","https://www.google.com/"
"","incestsextoons","https://www.google.com/"
"","incestsextube","https://www.google.com/"
"","incestsexverhaaltjes","https://www.google.com/"
"","incestsexvideos","https://www.google.com/"
"","incestsite","https://www.google.com/"
"","inceststories","https://www.google.com/"
"","incest-stories","https://www.google.com/"
"","inceststoriesvideos","https://www.google.com/"
"","incest-story","https://www.google.com/"
"","incest-storys","https://www.google.com/"
"","incesttaboo","https://www.google.com/"
"","incestt","https://www.google.com/"
"","incesttheatre","https://www.google.com/"
"","incesttoday","https://www.google.com/"
"","incest-toon","https://www.google.com/"
"","incest-toons","https://www.google.com/"
"","incesttubes","https://www.google.com/"
"","incesttubez","https://www.google.com/"
"","incestual","https://www.google.com/"
"","incestuosas","https://www.google.com/"
"","incestvideo3d","https://www.google.com/"
"","incestvideo","https://www.google.com/"
"","incest-videos","https://www.google.com/"
"","incest-vids","https://www.google.com/"
"","incestvidz","https://www.google.com/"
"","incestweb","https://www.google.com/"
"","incestxxxcartoons","https://www.google.com/"
"","incest-xxx","https://www.google.com/"
"","incestxxx","https://www.google.com/"
"","incestyou","https://www.google.com/"
"","incezt","https://www.google.com/"
"","in-charge","https://www.google.com/"
"","inchastitybelts","https://www.google.com/"
"","inchat","https://www.google.com/"
"","incise-soul","https://www.google.com/"
"","incognitopartyservice","https://www.google.com/"
"","incognitymous","https://www.google.com/"
"","incolle","https://www.google.com/"
"","incolors","https://www.google.com/"
"","incomeexplosion","https://www.google.com/"
"","incontrami","https://www.google.com/"
"","incontri-adulti","https://www.google.com/"
"","incontriamocitalia","https://www.google.com/"
"","incontridisesso","https://www.google.com/"
"","incontri-donne","https://www.google.com/"
"","incontriesesso","https://www.google.com/"
"","incontrigay","https://www.google.com/"
"","incontri-gratis","https://www.google.com/"
"","incontrihard","https://www.google.com/"
"","incontri-hot","https://www.google.com/"
"","incontrihot","https://www.google.com/"
"","incontriitalia","https://www.google.com/"
"","incontri-on-line","https://www.google.com/"
"","incontripro","https://www.google.com/"
"","incontri-ragazze","https://www.google.com/"
"","incontrireali","https://www.google.com/"
"","incontrisegreti","https://www.google.com/"
"","incontri-sessuali","https://www.google.com/"
"","incontrisex","https://www.google.com/"
"","incontri-sexy","https://www.google.com/"
"","incontritalia","https://www.google.com/"
"","incontriveri","https://www.google.com/"
"","incontriweb","https://www.google.com/"
"","incontri","https://www.google.com/"
"","increaseejaculate","https://www.google.com/"
"","increase-sperm-count","https://www.google.com/"
"","incrediblecam","https://www.google.com/"
"","incrediblecams","https://www.google.com/"
"","incrediblechat","https://www.google.com/"
"","incrediblecocks","https://www.google.com/"
"","incredibledollars","https://www.google.com/"
"","incredibleoffer","https://www.google.com/"
"","incredibleserver","https://www.google.com/"
"","incredibles-porn","https://www.google.com/"
"","incrediblysexy","https://www.google.com/"
"","incredihoes","https://www.google.com/"
"","incubustube","https://www.google.com/"
"","inculami","https://www.google.com/"
"","inculo","https://www.google.com/"
"","incumshot","https://www.google.com/"
