"﻿""id""","read","recommended"
"","cdfuck","https://www.google.com/"
"","cdfun","https://www.google.com/"
"","cd-gay","https://www.google.com/"
"","cdgirl","https://www.google.com/"
"","cdgirlgalleries","https://www.google.com/"
"","cdgirls","https://www.google.com/"
"","cdhot","https://www.google.com/"
"","cdiscunt","https://www.google.com/"
"","cdisex","https://www.google.com/"
"","cdlc-xxx","https://www.google.com/"
"","cdlsoutreach","https://www.google.com/"
"","cdmachine","https://www.google.com/"
"","cdmale","https://www.google.com/"
"","c-d","https://www.google.com/"
"","cdmnetworks","https://www.google.com/"
"","cdmodeling","https://www.google.com/"
"","cdmovies","https://www.google.com/"
"","cdn11tube","https://www.google.com/"
"","cdn12tube","https://www.google.com/"
"","cdn13","https://www.google.com/"
"","cdn13tube","https://www.google.com/"
"","cdn14tube","https://www.google.com/"
"","cdn15tube","https://www.google.com/"
"","cdn16tube","https://www.google.com/"
"","cdn17tube","https://www.google.com/"
"","cdn19tube","https://www.google.com/"
"","cdn20tube","https://www.google.com/"
"","cdn3x","https://www.google.com/"
"","cdnanp","https://www.google.com/"
"","cdnbay","https://www.google.com/"
"","cdnbm","https://www.google.com/"
"","cdncontents","https://www.google.com/"
"","cdndoe","https://www.google.com/"
"","cdngangsta","https://www.google.com/"
"","cdngirl","https://www.google.com/"
"","cdnjav","https://www.google.com/"
"","cdnshops","https://www.google.com/"
"","cdnsh","https://www.google.com/"
"","cdntraffic","https://www.google.com/"
"","cdnvideos","https://www.google.com/"
"","cdnxsalty2","https://www.google.com/"
"","cdnxsalty9","https://www.google.com/"
"","cdnxsalty","https://www.google.com/"
"","cdpics","https://www.google.com/"
"","cdpochettes","https://www.google.com/"
"","cdporn","https://www.google.com/"
"","cdporno","https://www.google.com/"
"","cdromcsc","https://www.google.com/"
"","cdsex","https://www.google.com/"
"","cdsexe","https://www.google.com/"
"","cdsissycaps","https://www.google.com/"
"","cdspub","https://www.google.com/"
"","cdteen","https://www.google.com/"
"","cdtgp","https://www.google.com/"
"","cdtranny","https://www.google.com/"
"","cdupont","https://www.google.com/"
"","cduporno","https://www.google.com/"
"","cdux","https://www.google.com/"
"","cdx","https://www.google.com/"
"","ceane","https://www.google.com/"
"","cearalynch","https://www.google.com/"
"","ceasarrotterdam","https://www.google.com/"
"","ceasars","https://www.google.com/"
"","cebbs","https://www.google.com/"
"","cebuanas","https://www.google.com/"
"","cebuoversea","https://www.google.com/"
"","cebuporn","https://www.google.com/"
"","cec18","https://www.google.com/"
"","cecash","https://www.google.com/"
"","ceces","https://www.google.com/"
"","ceciliavega","https://www.google.com/"
"","cedillasys","https://www.google.com/"
"","cedu","https://www.google.com/"
"","cefenterprises","https://www.google.com/"
"","cefoo","https://www.google.com/"
"","cegay","https://www.google.com/"
"","cehostedgalleries","https://www.google.com/"
"","ceinturegode","https://www.google.com/"
"","cekca","https://www.google.com/"
"","cekcshop","https://www.google.com/"
"","cekcu","https://www.google.com/"
"","cel901","https://www.google.com/"
"","celeb2000","https://www.google.com/"
"","celeb24","https://www.google.com/"
"","celeb360","https://www.google.com/"
"","celeb4nude","https://www.google.com/"
"","celeb4you","https://www.google.com/"
"","celeb50","https://www.google.com/"
"","celeb6free","https://www.google.com/"
"","celeb9","https://www.google.com/"
"","celebact","https://www.google.com/"
"","celebaddict","https://www.google.com/"
"","celebamour","https://www.google.com/"
"","celebarazzi","https://www.google.com/"
"","celebarchives","https://www.google.com/"
"","celebarea","https://www.google.com/"
"","celebarhive","https://www.google.com/"
"","celebaura","https://www.google.com/"
"","celebbabes","https://www.google.com/"
"","celeb-babes","https://www.google.com/"
