"﻿""id""","read","recommended"
"","golyshom","https://www.google.com/"
"","gomadonna","https://www.google.com/"
"","gomassagelondon","https://www.google.com/"
"","gomatch","https://www.google.com/"
"","gomaturesex","https://www.google.com/"
"","g-om","https://www.google.com/"
"","gomiblog","https://www.google.com/"
"","gomichele","https://www.google.com/"
"","gomilftube","https://www.google.com/"
"","gomomsex","https://www.google.com/"
"","gonaughty","https://www.google.com/"
"","gondoria","https://www.google.com/"
"","gonegf","https://www.google.com/"
"","gone-hollywood","https://www.google.com/"
"","gonevirile","https://www.google.com/"
"","gonewild","https://www.google.com/"
"","gonewildselfies","https://www.google.com/"
"","gonnalove","https://www.google.com/"
"","gonnet","https://www.google.com/"
"","gonomo","https://www.google.com/"
"","gonorar","https://www.google.com/"
"","gonudecams","https://www.google.com/"
"","gonzo4free","https://www.google.com/"
"","gonzoape","https://www.google.com/"
"","gonzo-blog","https://www.google.com/"
"","gonzo-clips","https://www.google.com/"
"","gonzo","https://www.google.com/"
"","gonzodino","https://www.google.com/"
"","gonzofap","https://www.google.com/"
"","gonzofilms","https://www.google.com/"
"","gonzogaytube","https://www.google.com/"
"","gonzohamster","https://www.google.com/"
"","gonzohardcore","https://www.google.com/"
"","gonzoio","https://www.google.com/"
"","gonzoland","https://www.google.com/"
"","gonzolinks","https://www.google.com/"
"","gonzoliving","https://www.google.com/"
"","gonzolobster","https://www.google.com/"
"","gonzomania","https://www.google.com/"
"","gonzo-movies","https://www.google.com/"
"","gonzomovies","https://www.google.com/"
"","gonzoporn","https://www.google.com/"
"","gonzoporno","https://www.google.com/"
"","gonzopornvideos","https://www.google.com/"
"","gonzopussy","https://www.google.com/"
"","gonzo-squad","https://www.google.com/"
"","gonzostars","https://www.google.com/"
"","gonzothumbs","https://www.google.com/"
"","gonzotorrents","https://www.google.com/"
"","gonzovids","https://www.google.com/"
"","gonzovision","https://www.google.com/"
"","gonzoxxx","https://www.google.com/st"
"","gonzoxxxmovies","https://www.google.com/"
"","gonzo-xxx","https://www.google.com/"
"","gooberporn","https://www.google.com/"
"","gooclips","https://www.google.com/"
"","goocumshots","https://www.google.com/"
"","good69","https://www.google.com/"
"","goodamateurpics","https://www.google.com/"
"","goodanal","https://www.google.com/"
"","goodasianporn","https://www.google.com/"
"","goodasiansex","https://www.google.com/"
"","goodasiantube","https://www.google.com/"
"","goodasyou","https://www.google.com/"
"","goodatsex","https://www.google.com/"
"","good-babes","https://www.google.com/"
"","goodbabes","https://www.google.com/"
"","goodbad","https://www.google.com/"
"","goodbbwporn","https://www.google.com/"
"","goodblowjob","https://www.google.com/"
"","goodbootygirls","https://www.google.com/"
"","goodboysex","https://www.google.com/"
"","goodbustytube","https://www.google.com/"
"","goodbyegay","https://www.google.com/"
"","goodbyemydarling","https://www.google.com/"
"","good-cdn","https://www.google.com/"
"","goodcummovies","https://www.google.com/"
"","gooddressup","https://www.google.com/"
"","gooddykeporn","https://www.google.com/"
"","goodfa","https://www.google.com/"
"","goodfemdom","https://www.google.com/"
"","goodforher","https://www.google.com/"
"","goodfreeporn","https://www.google.com/"
"","good-free-porn","https://www.google.com/"
"","goodfreesites","https://www.google.com/"
"","good-fuck","https://www.google.com/"
"","goodfuck","https://www.google.com/"
"","goodgalleries","https://www.google.com/"
"","goodgallerys","https://www.google.com/"
"","good-gay","https://www.google.com/"
"","goodgirlsbank","https://www.google.com/"
"","goodgirlsbeingbad","https://www.google.com/"
"","goodgirlsites","https://www.google.com/"
"","goodgirlspass","https://www.google.com/"
"","goodgirlspassmobile","https://www.google.com/"
"","goodgirlszips","https://www.google.com/"
"","goodgrandmotherpics","https://www.google.com/"
"","goodgrannyphotos","https://www.google.com/"
"","goodgrannypics","https://www.google.com/"
"","goodgrrls","https://www.google.com/"
