"﻿""id""","read","recommended"
"","3d-alienmonsters","https://www.google.com/"
"","3dalienporn","https://www.google.com/"
"","3dalienporno","https://www.google.com/"
"","3d-alien-sex","https://www.google.com/"
"","3dalien-sex","https://www.google.com/"
"","3daliententacle","https://www.google.com/"
"","3damandatoons","https://www.google.com/"
"","3danime-girls","https://www.google.com/"
"","3danimehentai","https://www.google.com/"
"","3danimemonster","https://www.google.com/"
"","3d-anime-porn","https://www.google.com/"
"","3d-animeporn","https://www.google.com/"
"","3danimeporn","https://www.google.com/"
"","3d-anime-porno","https://www.google.com/"
"","3d-anime-sex","https://www.google.com/"
"","3danimeworld","https://www.google.com/"
"","3darlings","https://www.google.com/"
"","3dartsex","https://www.google.com/"
"","3dart","https://www.google.com/"
"","3date","https://www.google.com/"
"","3dayweekend","https://www.google.com/"
"","3d-babes","https://www.google.com/"
"","3dbadgirls","https://www.google.com/"
"","3d-bdsm","https://www.google.com/"
"","3dbdsmcomix","https://www.google.com/"
"","3dbdsmdrawings","https://www.google.com/"
"","3dbdsm","https://www.google.com/"
"","3d-bdsm-pics","https://www.google.com/"
"","3dbdsmporn3","https://www.google.com/"
"","3d-bdsmporn","https://www.google.com/"
"","3dbdsmporn","https://www.google.com/"
"","3dbdsmporno","https://www.google.com/"
"","3dbeastporno","https://www.google.com/"
"","3d-big-tits","https://www.google.com/"
"","3dblowjobs","https://www.google.com/"
"","3dbondageart","https://www.google.com/"
"","3dbondagecomics","https://www.google.com/"
"","3d-bondage","https://www.google.com/"
"","3dbondagesex","https://www.google.com/"
"","3dboyfriends","https://www.google.com/"
"","3dbrutality","https://www.google.com/"
"","3dcamgirls","https://www.google.com/"
"","3dcartoonporn247","https://www.google.com/"
"","3d-cartoon-porn","https://www.google.com/"
"","3dcartoonporn","https://www.google.com/"
"","3dcartoons1","https://www.google.com/"
"","3dcartoonsex1","https://www.google.com/"
"","3dcartoons","https://www.google.com/"
"","3dcartoonsworld","https://www.google.com/"
"","3dcartoonsxxx","https://www.google.com/"
"","3dcentaurporn","https://www.google.com/"
"","3dcertified","https://www.google.com/"
"","3dcfnmbondage","https://www.google.com/"
"","3d-comics","https://www.google.com/"
"","3dcomicsporn","https://www.google.com/"
"","3dcomicssex","https://www.google.com/"
"","3dcomicssite","https://www.google.com/"
"","3dcomics","https://www.google.com/"
"","3d-comix","https://www.google.com/"
"","3d-comix-gallery","https://www.google.com/"
"","3dcomixgallery","https://www.google.com/"
"","3dcomix","https://www.google.com/"
"","3dcrazycomics","https://www.google.com/"
"","3dcrazyporn","https://www.google.com/"
"","3dcrazysex","https://www.google.com/"
"","3dcrazyworld","https://www.google.com/"
"","3dcreature","https://www.google.com/"
"","3dcreaturesex","https://www.google.com/"
"","3dcum","https://www.google.com/"
"","3dcuteteens","https://www.google.com/"
"","3ddarkdream","https://www.google.com/"
"","3ddaughter","https://www.google.com/"
"","3d-demonporn","https://www.google.com/"
"","3ddemonspleasure","https://www.google.com/"
"","3d-dirty","https://www.google.com/"
"","3ddollars","https://www.google.com/"
"","3ddollz","https://www.google.com/"
"","3d-eros","https://www.google.com/"
"","3derotica","https://www.google.com/"
"","3deroticpics","https://www.google.com/"
"","3devilattack","https://www.google.com/"
"","3devilfantasy","https://www.google.com/"
"","3devilmadness","https://www.google.com/"
"","3d-evil-monsters","https://www.google.com/"
"","3devilmonsters","https://www.google.com/"
"","3devil","https://www.google.com/"
"","3devilporn","https://www.google.com/"
"","3devilsex","https://www.google.com/"
"","3devilsexy","https://www.google.com/"
"","3devilxxx","https://www.google.com/"
"","3dexcellent","https://www.google.com/"
"","3d-family-comics","https://www.google.com/"
"","3dfamilycomics","https://www.google.com/"
"","3d-family-incest","https://www.google.com/"
"","3dfamilyorgies","https://www.google.com/"
"","3dfamilysex","https://www.google.com/"
"","3dfantasies","https://www.google.com/"
"","3dfantasyporn","https://www.google.com/"
"","3dfantasy","https://www.google.com/"
"","3d-femdom","https://www.google.com/"
