"﻿""id""","read","recommended"
"","audreylamore","https://www.google.com/"
"","audreyspage","https://www.google.com/"
"","auegs","https://www.google.com/"
"","aufeminin","https://www.google.com/"
"","aufgeschoben","https://www.google.com/"
"","aufgespritzt","https://www.google.com/"
"","aufklaeren","https://www.google.com/"
"","augenweide","https://www.google.com/"
"","augsburger-nachtleben","https://www.google.com/"
"","augsburg-girls","https://www.google.com/"
"","augsburgladies","https://www.google.com/"
"","augsburg-models","https://www.google.com/"
"","augustlive","https://www.google.com/"
"","aujourdhui","https://www.google.com/"
"","aujs","https://www.google.com/"
"","aukro","https://www.google.com/"
"","aulani","https://www.google.com/"
"","aulaporn","https://www.google.com/"
"","aulys","https://www.google.com/"
"","auna","https://www.google.com/"
"","auntbecki","https://www.google.com/"
"","aunt-elli","https://www.google.com/"
"","aunteria","https://www.google.com/"
"","auntfannie","https://www.google.com/"
"","auntie-annie","https://www.google.com/"
"","auntiebob","https://www.google.com/"
"","auntiem","https://www.google.com/"
"","auntie-phone-sex","https://www.google.com/"
"","auntiespantys","https://www.google.com/"
"","auntjudys","https://www.google.com/"
"","aunt-judys-mature-site","https://www.google.com/"
"","auntmia","https://www.google.com/"
"","auntpeg","https://www.google.com/"
"","auntsallys","https://www.google.com/"
"","auntura","https://www.google.com/"
"","auntvicki","https://www.google.com/"
"","auntyagony","https://www.google.com/"
"","auntykathy","https://www.google.com/"
"","aupair","https://www.google.com/"
"","aupantheondelaluxure","https://www.google.com/"
"","aupaysdusexe","https://www.google.com/"
"","au-plaisir-du-couple","https://www.google.com/"
"","aural-delights","https://www.google.com/"
"","aurapeople","https://www.google.com/"
"","aurealm","https://www.google.com/"
"","aurelie","https://www.google.com/"
"","aurelienleduc","https://www.google.com/"
"","aurevoirmadame","https://www.google.com/"
"","auriala","https://www.google.com/"
"","aurillac-rencontres","https://www.google.com/"
"","aurls","https://www.google.com/"
"","aurobrides","https://www.google.com/"
"","aurodreph","https://www.google.com/"
"","aurora-escort","https://www.google.com/"
"","auroraescorts","https://www.google.com/"
"","aurora-girl","https://www.google.com/"
"","aurorajolie","https://www.google.com/"
"","aurora-pro","https://www.google.com/"
"","aurorasnow","https://www.google.com/"
"","auroras-world","https://www.google.com/"
"","aurora-van-laak","https://www.google.com/"
"","aurora-z","https://www.google.com/"
"","aurum-escort","https://www.google.com/"
"","aurumescorts","https://www.google.com/"
"","aus99","https://www.google.com/"
"","au-sado-maso","https://www.google.com/"
"","ausadultvideo","https://www.google.com/"
"","ausbdsm","https://www.google.com/"
"","aus","https://www.google.com/"
"","au-sexe","https://www.google.com/"
"","ausexegratuit","https://www.google.com/"
"","ausexshop","https://www.google.com/"
"","ausextoy","https://www.google.com/"
"","ausgeleiert","https://www.google.com/"
"","ausgepeitscht","https://www.google.com/"
"","aus-germanien","https://www.google.com/"
"","aushessen","https://www.google.com/"
"","ausigirls","https://www.google.com/"
"","ausishopping","https://www.google.com/"
"","auslaenderberatung","https://www.google.com/"
"","ausmodels","https://www.google.com/"
"","ausnrw","https://www.google.com/"
"","aus-nude","https://www.google.com/"
"","auspeitschen","https://www.google.com/"
"","auspeitschung","https://www.google.com/"
"","auspeitschungen","https://www.google.com/"
"","auspremium","https://www.google.com/"
"","aussie-amateurs","https://www.google.com/"
"","aussieamateurs","https://www.google.com/"
"","aussieass","https://www.google.com/"
"","aussiebabes","https://www.google.com/"
"","aussiebbw","https://www.google.com/"
"","aussiebeachguys","https://www.google.com/"
"","aussiebikinimodels","https://www.google.com/"
"","aussiebondage","https://www.google.com/"
"","aussiebum","https://www.google.com/"
"","aussieescorts","https://www.google.com/"
"","aussiefellatioqueens","https://www.google.com/"
"","aussiegayguy","https://www.google.com/"
"","aussiegirlsblog","https://www.google.com/"
