"﻿""id""","read","recommended"
"","bdsmdate","https://www.google.com/"
"","bdsmdatelink","https://www.google.com/"
"","bdsmdates","https://www.google.com/"
"","bdsm-dating","https://www.google.com/"
"","bdsmdating","https://www.google.com/"
"","bdsmdatingplanet","https://www.google.com/"
"","bdsmdb","https://www.google.com/"
"","bd-sm","https://www.google.com/"
"","bdsmdeal","https://www.google.com/"
"","bdsmde","https://www.google.com/"
"","bdsmdeeds","https://www.google.com/"
"","bdsmden","https://www.google.com/"
"","bdsmdevils","https://www.google.com/"
"","bdsmdiablo","https://www.google.com/"
"","bdsmdigest","https://www.google.com/"
"","bdsm-dingen","https://www.google.com/"
"","bdsmdirect","https://www.google.com/"
"","bdsmdirectory","https://www.google.com/"
"","bdsm-discount","https://www.google.com/"
"","bdsmdiscountstore","https://www.google.com/"
"","bdsmdivas","https://www.google.com/"
"","bdsmdoctor","https://www.google.com/"
"","bdsm-dominatrix-mistress-fire","https://www.google.com/"
"","bdsmdonjon","https://www.google.com/"
"","bdsmdrawingsart","https://www.google.com/"
"","bdsm-drawings","https://www.google.com/"
"","bdsmdrive","https://www.google.com/"
"","bdsmdungeon","https://www.google.com/"
"","bdsmdvdtube","https://www.google.com/"
"","bdsmearth","https://www.google.com/"
"","bdsm-education","https://www.google.com/"
"","bdsmelement","https://www.google.com/"
"","bdsmeroticism","https://www.google.com/"
"","bdsmers","https://www.google.com/"
"","bdsm-est","https://www.google.com/"
"","bdsmexposed","https://www.google.com/"
"","bdsm-extrem","https://www.google.com/"
"","bdsmextreme","https://www.google.com/"
"","bdsmextrememovies","https://www.google.com/"
"","bdsmextremepics","https://www.google.com/"
"","bdsmextremetgp","https://www.google.com/"
"","bdsmfaces","https://www.google.com/"
"","bdsmfactor","https://www.google.com/"
"","bdsmfan","https://www.google.com/"
"","bdsm-fantaisie","https://www.google.com/"
"","bdsmfantasyblog","https://www.google.com/"
"","bdsmfatal","https://www.google.com/"
"","bdsmfavorite","https://www.google.com/"
"","bdsmfavorites","https://www.google.com/"
"","bdsmf","https://www.google.com/"
"","bdsmfear","https://www.google.com/"
"","bdsmfemdom","https://www.google.com/"
"","bdsmfemdomtraining","https://www.google.com/"
"","bdsm-fetichiste","https://www.google.com/"
"","bdsm-fetisch","https://www.google.com/"
"","bdsmfetishcams","https://www.google.com/"
"","bdsm-fetish","https://www.google.com/"
"","bdsmfetish","https://www.google.com/"
"","bdsmfetishes","https://www.google.com/"
"","bdsm-fetish-forum","https://www.google.com/"
"","bdsmfetishsex","https://www.google.com/"
"","bdsmfield","https://www.google.com/"
"","bdsm-files","https://www.google.com/"
"","bdsmfiles","https://www.google.com/"
"","bdsmfilm","https://www.google.com/"
"","bdsm-filme","https://www.google.com/"
"","bdsmfilms","https://www.google.com/"
"","bdsmfind","https://www.google.com/"
"","bdsmfinder","https://www.google.com/"
"","bdsm-fineart","https://www.google.com/"
"","bdsmfireworks","https://www.google.com/"
"","bdsmflash","https://www.google.com/"
"","bdsmfolder","https://www.google.com/"
"","bdsmforall","https://www.google.com/"
"","bdsmfor","https://www.google.com/"
"","bdsmfort","https://www.google.com/"
"","bdsm-forum","https://www.google.com/"
"","bdsm-fotos","https://www.google.com/"
"","bdsmfoundation","https://www.google.com/"
"","bdsm-frau","https://www.google.com/"
"","bdsm-free","https://www.google.com/"
"","bdsm-free-movie","https://www.google.com/"
"","bdsmfreeporn","https://www.google.com/"
"","bdsmfreesex","https://www.google.com/"
"","bdsm-free-videos","https://www.google.com/"
"","bdsmfreevideos","https://www.google.com/"
"","bdsmfreevids","https://www.google.com/"
"","bdsmfriendbook","https://www.google.com/"
"","bdsm-fuck","https://www.google.com/"
"","bdsmfuckers","https://www.google.com/"
"","bdsmfuckhard","https://www.google.com/"
"","bdsmfuckingtube","https://www.google.com/"
"","bdsm-gallery","https://www.google.com/"
"","bdsmgallery-surfer","https://www.google.com/"
"","bdsmgalls","https://www.google.com/"
"","bdsmgame","https://www.google.com/"
"","bdsm-gate","https://www.google.com/"
"","bdsm-gay-boys","https://www.google.com/"
"","bdsmgayclub","https://www.google.com/"
"","bdsm-gay","https://www.google.com/"
