"﻿""id""","read","recommended"
"","citedial","https://www.google.com/"
"","citedot","https://www.google.com/"
"","citedusexe","https://www.google.com/"
"","citegai","https://www.google.com/"
"","citegay","https://www.google.com/"
"","cite-porno","https://www.google.com/"
"","citesexe","https://www.google.com/"
"","citeweb","https://www.google.com/"
"","citewesh","https://www.google.com/"
"","citiboyzbucks","https://www.google.com/"
"","citiboyz","https://www.google.com/"
"","citiboyzcontent","https://www.google.com/"
"","citigirls","https://www.google.com/"
"","citinights","https://www.google.com/"
"","citiporn","https://www.google.com/"
"","citizenjournal","https://www.google.com/"
"","citizenparticipation","https://www.google.com/"
"","citizensex","https://www.google.com/"
"","citronnemoi","https://www.google.com/"
"","cittadelsesso","https://www.google.com/"
"","cittatrasgressive","https://www.google.com/"
"","city48","https://www.google.com/"
"","citybondage","https://www.google.com/"
"","citybordell","https://www.google.com/"
"","citybrat","https://www.google.com/"
"","citybrothel","https://www.google.com/"
"","citybutterflies","https://www.google.com/"
"","citycentreescorts","https://www.google.com/"
"","citychiconline","https://www.google.com/"
"","city-cul","https://www.google.com/"
"","citydatefinder","https://www.google.com/"
"","citydating","https://www.google.com/"
"","cityerotica","https://www.google.com/"
"","city-escorts","https://www.google.com/"
"","cityescorts","https://www.google.com/"
"","cityexoticreview","https://www.google.com/"
"","city-feet","https://www.google.com/"
"","cityflirt","https://www.google.com/"
"","cityflowergirl","https://www.google.com/"
"","cityfx","https://www.google.com/"
"","citygirl","https://www.google.com/"
"","citygirls","https://www.google.com/"
"","city-girls","https://www.google.com/"
"","cityhardcore","https://www.google.com/"
"","cityheaven","https://www.google.com/"
"","city-hentai","https://www.google.com/"
"","city-intim","https://www.google.com/"
"","citylickers","https://www.google.com/"
"","cityline24","https://www.google.com/"
"","city-lingerie","https://www.google.com/"
"","citylust","https://www.google.com/"
"","citymaker","https://www.google.com/"
"","citymaniac","https://www.google.com/"
"","citymax","https://www.google.com/"
"","city-models","https://www.google.com/"
"","cityofbuenosaires","https://www.google.com/"
"","cityofgay","https://www.google.com/"
"","cityofgirls","https://www.google.com/"
"","cityofhellville","https://www.google.com/"
"","cityoflove","https://www.google.com/"
"","cityoftaboo","https://www.google.com/"
"","cityofx","https://www.google.com/"
"","cityphotolab","https://www.google.com/"
"","cityporno","https://www.google.com/"
"","city-press","https://www.google.com/"
"","cityrag","https://www.google.com/"
"","city-rencontre","https://www.google.com/"
"","cityrose","https://www.google.com/"
"","citysexcash","https://www.google.com/"
"","citysex","https://www.google.com/"
"","citysexchat","https://www.google.com/"
"","citysexo","https://www.google.com/"
"","citysmile","https://www.google.com/"
"","city-source","https://www.google.com/"
"","citystreakers","https://www.google.com/"
"","citystudio","https://www.google.com/"
"","citystylecreations","https://www.google.com/"
"","citystylegirls","https://www.google.com/"
"","city-swingers","https://www.google.com/"
"","cityswingers","https://www.google.com/"
"","cityteens","https://www.google.com/"
"","citytocountrymagazine","https://www.google.com/"
"","cityton","https://www.google.com/"
"","citytours-gr","https://www.google.com/"
"","citytwinks","https://www.google.com/"
"","cityvibe","https://www.google.com/"
"","cityxguide","https://www.google.com/"
"","cityxxxtube","https://www.google.com/"
"","ciucciotto","https://www.google.com/"
"","ciudad-porno","https://www.google.com/"
"","ciudadtanga","https://www.google.com/"
"","civilrightsforum","https://www.google.com/"
"","civita","https://www.google.com/"
"","civ","https://www.google.com/"
"","cixteen","https://www.google.com/"
"","cizia","https://www.google.com/"
"","cjballphotography","https://www.google.com/"
"","cjbb","https://www.google.com/"
"","cjb","https://www.google.com/"
"","cjbremix","https://www.google.com/"
