"﻿""id""","read","recommended"
"","gaylondonguide","https://www.google.com/"
"","gaylook","https://www.google.com/"
"","gaylordfucker","https://www.google.com/"
"","gaylost","https://www.google.com/"
"","gaylouisville","https://www.google.com/"
"","gaylounge","https://www.google.com/"
"","gay-lounge","https://www.google.com/"
"","gaylove","https://www.google.com/"
"","gaylovecall","https://www.google.com/"
"","gay-love","https://www.google.com/"
"","gayloveprisoners","https://www.google.com/"
"","gaylover","https://www.google.com/"
"","gay-lovers","https://www.google.com/"
"","gaylovers","https://www.google.com/"
"","gayloves","https://www.google.com/"
"","gaylovesearch","https://www.google.com/"
"","gaylovetube","https://www.google.com/"
"","gaylovin","https://www.google.com/"
"","gay-luron","https://www.google.com/"
"","gaylux","https://www.google.com/"
"","gay-magazines","https://www.google.com/"
"","gaymagix","https://www.google.com/"
"","gaymailorder","https://www.google.com/"
"","gay-mailorder","https://www.google.com/"
"","gaymain","https://www.google.com/"
"","gaymainstreet","https://www.google.com/"
"","gaymaintube","https://www.google.com/"
"","gaymaleanalsex","https://www.google.com/"
"","gaymaleart","https://www.google.com/"
"","gaymaleblogs","https://www.google.com/"
"","gaymalecams","https://www.google.com/"
"","gay-male-celebs","https://www.google.com/"
"","gaymalecelebs","https://www.google.com/"
"","gaymaleclips","https://www.google.com/"
"","gay-male","https://www.google.com/"
"","gaymale","https://www.google.com/"
"","gaymaledirectory","https://www.google.com/"
"","gaymaleerotica","https://www.google.com/"
"","gaymaleescort","https://www.google.com/"
"","gaymalefuck","https://www.google.com/"
"","gaymalelinks","https://www.google.com/"
"","gay-male-movies","https://www.google.com/"
"","gaymaleonline","https://www.google.com/"
"","gaymalepics","https://www.google.com/"
"","gaymalepix","https://www.google.com/"
"","gaymale-porn","https://www.google.com/"
"","gaymaleporn","https://www.google.com/"
"","gaymaleporno","https://www.google.com/"
"","gaymales","https://www.google.com/"
"","gay-male-sex","https://www.google.com/"
"","gay-males","https://www.google.com/"
"","gaymalesporn","https://www.google.com/"
"","gaymaletube","https://www.google.com/"
"","gay-male-tube","https://www.google.com/"
"","gaymaletubeporncollection","https://www.google.com/"
"","gaymalevideo","https://www.google.com/"
"","gaymalexxx","https://www.google.com/"
"","gaymananalporn","https://www.google.com/"
"","gaymanblog","https://www.google.com/"
"","gayman","https://www.google.com/"
"","gaymandick","https://www.google.com/"
"","gaymanflicks","https://www.google.com/"
"","gaymanfuckpics","https://www.google.com/"
"","gaymanhunt","https://www.google.com/"
"","gaymania","https://www.google.com/"
"","gaymaniacs","https://www.google.com/"
"","gaymanicusblog","https://www.google.com/"
"","gaymanicus","https://www.google.com/"
"","gaymanicuslive","https://www.google.com/"
"","gaymanlinks","https://www.google.com/"
"","gaymanlist","https://www.google.com/"
"","gaymannaked","https://www.google.com/"
"","gaymanpicture","https://www.google.com/"
"","gaymanporn","https://www.google.com/"
"","gaymanpornpics","https://www.google.com/"
"","gaymansextoy","https://www.google.com/"
"","gaymansites","https://www.google.com/"
"","gaymanslinks","https://www.google.com/"
"","gaymansreviews","https://www.google.com/"
"","gaymap","https://www.google.com/"
"","gaymardigras","https://www.google.com/"
"","gay-mariage","https://www.google.com/"
"","gaymarkt","https://www.google.com/"
"","gay-markt","https://www.google.com/"
"","gaymartin","https://www.google.com/"
"","gaymassage","https://www.google.com/"
"","gaymassagevideos","https://www.google.com/"
"","gaymasseur","https://www.google.com/"
"","gaymasterandslave","https://www.google.com/"
"","gaymaster","https://www.google.com/"
"","gaymasters","https://www.google.com/"
"","gaymasturbation","https://www.google.com/"
"","gaymatch","https://www.google.com/"
"","gaymatchmaker","https://www.google.com/"
"","gaymatureandtwink","https://www.google.com/"
"","gaymaturedating","https://www.google.com/"
"","gaymaturexxx","https://www.google.com/"
"","gaymaximum","https://www.google.com/"
"","gay-mec","https://www.google.com/"
"","gaymec","https://www.google.com/"
