"﻿""id""","read","recommended"
"","hunterslair","https://www.google.com/"
"","huntersspace","https://www.google.com/"
"","huntervids","https://www.google.com/"
"","huntezine","https://www.google.com/"
"","huntforyourinnerslut","https://www.google.com/"
"","huntingebony","https://www.google.com/"
"","huntingforbambi","https://www.google.com/"
"","huntingforpussy","https://www.google.com/"
"","huntingmoon","https://www.google.com/"
"","hunting-trophies","https://www.google.com/"
"","huntlinks","https://www.google.com/"
"","huntmodels","https://www.google.com/"
"","huntporn","https://www.google.com/"
"","huntxxx","https://www.google.com/"
"","huole","https://www.google.com/"
"","hups","https://www.google.com/"
"","hupyee","https://www.google.com/"
"","hure","https://www.google.com/"
"","huren24","https://www.google.com/"
"","hurenanzeiger","https://www.google.com/"
"","huren","https://www.google.com/"
"","hurenauktion","https://www.google.com/"
"","hurenbilder","https://www.google.com/"
"","hurenbock","https://www.google.com/"
"","hurenchat","https://www.google.com/"
"","hurenclub","https://www.google.com/"
"","huren-datenbank","https://www.google.com/"
"","huren-dating","https://www.google.com/"
"","huren-exclusiv","https://www.google.com/"
"","hurenexclusiv","https://www.google.com/"
"","hurenfick","https://www.google.com/"
"","hurenficken","https://www.google.com/"
"","hurenfinden","https://www.google.com/"
"","hurenforen","https://www.google.com/"
"","huren-forum","https://www.google.com/"
"","hurenforum","https://www.google.com/"
"","hurenfuehrer","https://www.google.com/"
"","hurengang","https://www.google.com/"
"","hurenguide","https://www.google.com/"
"","hurenindex","https://www.google.com/"
"","hureninfo","https://www.google.com/"
"","huren-inserate","https://www.google.com/"
"","hurenkontakte24","https://www.google.com/"
"","huren-kontakte","https://www.google.com/"
"","hurenmagazin","https://www.google.com/"
"","huren-nrw","https://www.google.com/"
"","hurenportal","https://www.google.com/"
"","hurenseite","https://www.google.com/"
"","hurenservice","https://www.google.com/"
"","hurensex","https://www.google.com/"
"","huren-sex","https://www.google.com/"
"","hurensextreff","https://www.google.com/"
"","hurensohn","https://www.google.com/"
"","huren-taxi","https://www.google.com/"
"","huren-telefon","https://www.google.com/"
"","hurentest","https://www.google.com/"
"","hurentochter","https://www.google.com/"
"","huren-top100","https://www.google.com/"
"","huren-topliste","https://www.google.com/"
"","huren-treffen","https://www.google.com/"
"","hurenwelt","https://www.google.com/"
"","hurenworld","https://www.google.com/"
"","hurenxchange","https://www.google.com/"
"","hureporno","https://www.google.com/"
"","hurtigsex","https://www.google.com/"
"","hurtsex","https://www.google.com/"
"","hurtslaves","https://www.google.com/"
"","hurttube","https://www.google.com/"
"","husbandtv","https://www.google.com/"
"","huse","https://www.google.com/"
"","hushaccess","https://www.google.com/"
"","hushadultmag","https://www.google.com/"
"","hushgalleries","https://www.google.com/"
"","hush-hush","https://www.google.com/"
"","hushhush","https://www.google.com/"
"","hushmember","https://www.google.com/"
"","hushmoney","https://www.google.com/"
"","hush-pass","https://www.google.com/"
"","hushpass","https://www.google.com/"
"","hushx","https://www.google.com/"
"","huskygirls","https://www.google.com/"
"","huskyguys","https://www.google.com/"
"","husler","https://www.google.com/"
"","husmusen","https://www.google.com/"
"","hussiebabe","https://www.google.com/"
"","hussiemodels","https://www.google.com/"
"","hussy18","https://www.google.com/"
"","hussy3d","https://www.google.com/"
"","hussybook","https://www.google.com/"
"","hussysex","https://www.google.com/"
"","hussystore","https://www.google.com/"
"","hustlaz","https://www.google.com/"
"","hustleandwizdom","https://www.google.com/"
"","hustlebunny","https://www.google.com/"
"","hustle-girls","https://www.google.com/"
"","hustler18","https://www.google.com/"
"","hustler3dgame","https://www.google.com/"
"","hustleradult","https://www.google.com/"
"","hustlerarchive","https://www.google.com/"
"","hustlerbabes","https://www.google.com/"
