"﻿""id""","read","recommended"
"","adult-extreme","https://www.google.com/"
"","adultexxx","https://www.google.com/"
"","adulteyes","https://www.google.com/"
"","adulteyesonly","https://www.google.com/"
"","adultface","https://www.google.com/"
"","adultfactor","https://www.google.com/"
"","adultfactory","https://www.google.com/"
"","adultfairlinks","https://www.google.com/"
"","adultfamousshots","https://www.google.com/"
"","adultfanclubs","https://www.google.com/"
"","adult-fanfiction","https://www.google.com/"
"","adult-fantasy","https://www.google.com/"
"","adultfantasy","https://www.google.com/"
"","adultfantasynetwork","https://www.google.com/"
"","adultfantasypark","https://www.google.com/"
"","adult-faq","https://www.google.com/"
"","adultfeedback","https://www.google.com/"
"","adult-feeds","https://www.google.com/"
"","adultfemales","https://www.google.com/"
"","adultfetch","https://www.google.com/"
"","adultfetishblog","https://www.google.com/"
"","adult-fetish","https://www.google.com/"
"","adultfetish","https://www.google.com/"
"","adultfetishvod","https://www.google.com/"
"","adultfetishworld","https://www.google.com/"
"","adultfetishxxx","https://www.google.com/"
"","adult-files","https://www.google.com/"
"","adultfilmcentral","https://www.google.com/"
"","adultfilmchannels","https://www.google.com/"
"","adult-film","https://www.google.com/"
"","adultfilmdatabase","https://www.google.com/"
"","adultfilmfan","https://www.google.com/"
"","adultfilmflix","https://www.google.com/"
"","adultfilmjobs","https://www.google.com/"
"","adultfilmmaking","https://www.google.com/"
"","adultfilmpje","https://www.google.com/"
"","adult-films","https://www.google.com/"
"","adultfilmschool","https://www.google.com/"
"","adultfilmsexstars","https://www.google.com/"
"","adultfilmstar","https://www.google.com/"
"","adultfilmstarcontent","https://www.google.com/"
"","adultfilmstarlets","https://www.google.com/"
"","adult-film-zone","https://www.google.com/"
"","adultfilth","https://www.google.com/"
"","adultfindafriend","https://www.google.com/"
"","adult-find","https://www.google.com/"
"","adultfind","https://www.google.com/"
"","adultfinderblog","https://www.google.com/"
"","adultfinderblogs","https://www.google.com/"
"","adult-finder","https://www.google.com/"
"","adultfindercams","https://www.google.com/"
"","adultfinder","https://www.google.com/"
"","adult-finder-friend","https://www.google.com/"
"","adultfinderpersonals","https://www.google.com/"
"","adultfinders","https://www.google.com/"
"","adultfindfriender","https://www.google.com/"
"","adultfindout","https://www.google.com/"
"","adultfire","https://www.google.com/"
"","adultfishdating","https://www.google.com/"
"","adultfishdatingusa","https://www.google.com/"
"","adultfisting","https://www.google.com/"
"","adult-flash-games","https://www.google.com/"
"","adultflashgames","https://www.google.com/"
"","adultflashporn","https://www.google.com/"
"","adultflex","https://www.google.com/"
"","adultflicks","https://www.google.com/"
"","adultflics","https://www.google.com/"
"","adultflings","https://www.google.com/"
"","adultflirt","https://www.google.com/"
"","adultflirtxxx","https://www.google.com/"
"","adultflix","https://www.google.com/"
"","adult-florida","https://www.google.com/"
"","adultfone","https://www.google.com/"
"","adultforce","https://www.google.com/"
"","adultforceone","https://www.google.com/"
"","adultforum","https://www.google.com/"
"","adult-forum","https://www.google.com/"
"","adultforums","https://www.google.com/"
"","adultfotos","https://www.google.com/"
"","adultfreecams","https://www.google.com/"
"","adultfreedating","https://www.google.com/"
"","adultfree","https://www.google.com/"
"","adultfreedomfoundation","https://www.google.com/"
"","adultfreehostfinder","https://www.google.com/"
"","adult-free-movies","https://www.google.com/"
"","adultfreepersonals","https://www.google.com/"
"","adult-free-porn","https://www.google.com/"
"","adultfreepost","https://www.google.com/"
"","adultfreesexpics","https://www.google.com/"
"","adult-free-sites","https://www.google.com/"
"","adult-freespace","https://www.google.com/"
"","adultfreestories","https://www.google.com/"
"","adultfreex","https://www.google.com/"
"","adultfriend-contacts","https://www.google.com/"
"","adultfrienddatefinder","https://www.google.com/"
"","adult-friender","https://www.google.com/"
"","adultfriender","https://www.google.com/"
"","adultfriendfinde","https://www.google.com/"
"","adultfriendfinder4all","https://www.google.com/"
"","adultfriendfinder-adultfriends","https://www.google.com/"
