"﻿""id""","read","recommended"
"","dominationtheater","https://www.google.com/"
"","dominationtube","https://www.google.com/"
"","domination-tv","https://www.google.com/"
"","dominationwebcam","https://www.google.com/"
"","dominationwebcams","https://www.google.com/"
"","dominationworld","https://www.google.com/"
"","domination-x","https://www.google.com/"
"","domina-top100","https://www.google.com/"
"","domina-topliste","https://www.google.com/"
"","dominatori","https://www.google.com/"
"","dominatrice-au-telephone","https://www.google.com/"
"","dominatriceautelephone","https://www.google.com/"
"","dominatrice","https://www.google.com/"
"","dominatrice-france","https://www.google.com/"
"","dominatrice-maitresse","https://www.google.com/"
"","dominatrice-paris","https://www.google.com/"
"","dominatriceporn","https://www.google.com/"
"","dominatrices","https://www.google.com/"
"","dominatricesexe","https://www.google.com/"
"","dominatrices-fetish","https://www.google.com/"
"","dominatrices-maitresses","https://www.google.com/"
"","dominatrice-transexuelle","https://www.google.com/"
"","dominatricex","https://www.google.com/"
"","dominatrici","https://www.google.com/"
"","dominatrixanli","https://www.google.com/"
"","dominatrix-annabelle","https://www.google.com/"
"","dominatrixannabelle","https://www.google.com/"
"","dominatrixasian","https://www.google.com/"
"","dominatrixblog","https://www.google.com/"
"","dominatrixbreakroom","https://www.google.com/"
"","dominatrixcalls","https://www.google.com/"
"","dominatrixcamsex","https://www.google.com/"
"","dominatrixcamshow","https://www.google.com/"
"","dominatrixchannel","https://www.google.com/"
"","dominatrixchatcity","https://www.google.com/"
"","dominatrixchats","https://www.google.com/"
"","dominatrixcinara","https://www.google.com/"
"","dominatrix","https://www.google.com/"
"","dominatrixdating","https://www.google.com/"
"","dominatrixdesires","https://www.google.com/"
"","dominatrix-dinah","https://www.google.com/"
"","dominatrixdinah","https://www.google.com/"
"","dominatrixduo","https://www.google.com/"
"","dominatrixescort","https://www.google.com/"
"","dominatrixfemdom","https://www.google.com/"
"","dominatrixgirlcams","https://www.google.com/"
"","dominatrixguide","https://www.google.com/"
"","dominatrixiris","https://www.google.com/"
"","dominatrixlatex","https://www.google.com/"
"","dominatrixlingerie","https://www.google.com/"
"","dominatrixlisa","https://www.google.com/"
"","dominatrixlisting","https://www.google.com/"
"","dominatrixlivecams","https://www.google.com/"
"","dominatrixlive","https://www.google.com/"
"","dominatrixmontreal","https://www.google.com/"
"","dominatrixnextdoor","https://www.google.com/"
"","dominatrixnina","https://www.google.com/"
"","dominatrixpayperview","https://www.google.com/"
"","dominatrixpersonals","https://www.google.com/"
"","dominatrixphonesex","https://www.google.com/"
"","dominatrixphoto","https://www.google.com/"
"","dominatrixpicture","https://www.google.com/"
"","dominatrixrose","https://www.google.com/"
"","dominatrixsex","https://www.google.com/"
"","dominatrixsites","https://www.google.com/"
"","dominatrixtgp","https://www.google.com/"
"","dominatrixtrampling","https://www.google.com/"
"","dominatrixv","https://www.google.com/"
"","dominatrixwoman","https://www.google.com/"
"","dominatrixworld","https://www.google.com/"
"","dominatrixworlds","https://www.google.com/"
"","dominatrixxx","https://www.google.com/"
"","domina-tv","https://www.google.com/"
"","domina-und-bizarr-cams","https://www.google.com/"
"","domina-und-bizarr-fuehrer","https://www.google.com/"
"","domina-verzeichnis","https://www.google.com/"
"","dominav","https://www.google.com/"
"","dominawebcams","https://www.google.com/"
"","domina-webcams","https://www.google.com/"
"","domina-werbung","https://www.google.com/"
"","dominawerbung","https://www.google.com/"
"","dominaworship","https://www.google.com/"
"","domina-x","https://www.google.com/"
"","dominazara","https://www.google.com/"
"","domina-z","https://www.google.com/"
"","dominazone","https://www.google.com/"
"","domineighteen","https://www.google.com/"
"","dominem","https://www.google.com/"
"","domingas","https://www.google.com/"
"","dominicanasdesnudas","https://www.google.com/"
"","dominicanboys","https://www.google.com/"
"","dominicangirlsclub","https://www.google.com/"
"","dominicaninlove","https://www.google.com/"
"","dominicanrepublicwomen","https://www.google.com/"
"","dominicford","https://www.google.com/"
"","dominicpacifico","https://www.google.com/"
"","dominicwolfe","https://www.google.com/"
"","dominika-c","https://www.google.com/"
"","dominiofree","https://www.google.com/"
"","dominionsm","https://www.google.com/"
