"﻿""id""","read","recommended"
"","erotik-flirt","https://www.google.com/"
"","erotikflirtline","https://www.google.com/"
"","erotikflirt","https://www.google.com/"
"","erotikflirts","https://www.google.com/"
"","erotikfon","https://www.google.com/"
"","erotikforen","https://www.google.com/"
"","erotikforum69","https://www.google.com/"
"","erotik-forum","https://www.google.com/"
"","erotikforum","https://www.google.com/"
"","erotikforum-hamburg","https://www.google.com/"
"","erotikfoto","https://www.google.com/"
"","erotik-fotos","https://www.google.com/"
"","erotikfotos","https://www.google.com/"
"","erotik-four-fun","https://www.google.com/"
"","erotikfuehrer","https://www.google.com/"
"","erotik-fuehrer","https://www.google.com/"
"","erotikfuerfrauen","https://www.google.com/"
"","erotikfun","https://www.google.com/"
"","erotikfux","https://www.google.com/"
"","erotikgalerie-farm","https://www.google.com/"
"","erotikgate","https://www.google.com/"
"","erotikgay","https://www.google.com/"
"","erotikgays","https://www.google.com/"
"","erotikgebiet","https://www.google.com/"
"","erotikgeil","https://www.google.com/"
"","erotikgeiz-vip","https://www.google.com/"
"","erotik-gemaelde","https://www.google.com/"
"","erotik-geschichte","https://www.google.com/"
"","erotikgeschichten24h","https://www.google.com/"
"","erotik-geschichten","https://www.google.com/"
"","erotikgeschichten","https://www.google.com/"
"","erotikgewinn","https://www.google.com/"
"","erotikgratis","https://www.google.com/"
"","erotik-gratis","https://www.google.com/"
"","erotikgrossisten","https://www.google.com/"
"","erotikgrotte","https://www.google.com/"
"","erotikguide4u","https://www.google.com/"
"","erotikguide","https://www.google.com/"
"","erotikguide-dresden","https://www.google.com/"
"","erotikguide-mv","https://www.google.com/"
"","erotik-guides","https://www.google.com/"
"","erotikhaber","https://www.google.com/"
"","erotik-hamburg","https://www.google.com/"
"","erotik-hamm","https://www.google.com/"
"","erotik-hammer","https://www.google.com/"
"","erotik-handy","https://www.google.com/"
"","erotik-hardcore-sex","https://www.google.com/"
"","erotikhaus","https://www.google.com/"
"","erotikheft","https://www.google.com/"
"","erotik-hexe","https://www.google.com/"
"","erotikhikaye","https://www.google.com/"
"","erotikhit","https://www.google.com/"
"","erotikhof","https://www.google.com/"
"","erotikhoroskop","https://www.google.com/"
"","erotikhoster","https://www.google.com/"
"","erotikhosting","https://www.google.com/"
"","erotikhotel","https://www.google.com/"
"","erotiki","https://www.google.com/"
"","erotik-im-web","https://www.google.com/"
"","erotikimweb","https://www.google.com/"
"","erotikinbayern","https://www.google.com/"
"","erotikindex","https://www.google.com/"
"","erotik-index","https://www.google.com/"
"","erotik-info","https://www.google.com/"
"","erotikinfo","https://www.google.com/"
"","erotikino","https://www.google.com/"
"","erotikinserat","https://www.google.com/"
"","erotik-inserate","https://www.google.com/"
"","erotikinserate","https://www.google.com/"
"","erotikintern","https://www.google.com/"
"","erotik-internetshop","https://www.google.com/"
"","erotik-itiraf","https://www.google.com/"
"","erotikitiraf","https://www.google.com/"
"","erotikjet","https://www.google.com/"
"","erotik-jokes","https://www.google.com/"
"","erotik-kaiser","https://www.google.com/"
"","erotikkalender","https://www.google.com/"
"","erotikkanal","https://www.google.com/"
"","erotik-kartei","https://www.google.com/"
"","erotik-kataloge","https://www.google.com/"
"","erotik-katalog","https://www.google.com/"
"","erotik-kauf","https://www.google.com/"
"","erotikken","https://www.google.com/"
"","erotikking","https://www.google.com/"
"","erotikkino","https://www.google.com/"
"","erotik-kleinanzeigen","https://www.google.com/"
"","erotik-klik","https://www.google.com/"
"","erotikknett","https://www.google.com/"
"","erotikknorge","https://www.google.com/"
"","erotikknoveller","https://www.google.com/"
"","erotikkoeln","https://www.google.com/"
"","erotik-koeln","https://www.google.com/"
"","erotikkonsole","https://www.google.com/"
"","erotikkontakt24","https://www.google.com/"
"","erotikkontaktanzeigen24","https://www.google.com/"
"","erotikkontaktanzeigen","https://www.google.com/"
"","erotik-kontaktanzeigen","https://www.google.com/"
"","erotikkontaktboerse","https://www.google.com/"
"","erotik-kontakt","https://www.google.com/"
"","erotikkontakt","https://www.google.com/"
