"﻿""id""","read","recommended"
"","assesinpublic6","https://www.google.com/"
"","assesinpublic","https://www.google.com/"
"","assesinpublicmovies","https://www.google.com/"
"","assesinpublictgp","https://www.google.com/"
"","assesnude","https://www.google.com/"
"","assessmybreasts","https://www.google.com/"
"","asses-x","https://www.google.com/"
"","asseverywhere","https://www.google.com/"
"","assexories","https://www.google.com/"
"","assexyasitgets","https://www.google.com/"
"","assfantasies","https://www.google.com/"
"","assfantasy","https://www.google.com/"
"","assfarm","https://www.google.com/"
"","assfestival","https://www.google.com/"
"","assfiled","https://www.google.com/"
"","assfiles","https://www.google.com/"
"","assfilled","https://www.google.com/"
"","assfilms","https://www.google.com/"
"","assfinder","https://www.google.com/"
"","assfisted","https://www.google.com/"
"","assfistinggirls","https://www.google.com/"
"","ass-fixation","https://www.google.com/"
"","assfixation","https://www.google.com/"
"","assflash","https://www.google.com/"
"","ass-flashers","https://www.google.com/"
"","assflashing","https://www.google.com/"
"","assfocus","https://www.google.com/"
"","assfordick","https://www.google.com/"
"","assfox","https://www.google.com/"
"","assfrenzy","https://www.google.com/"
"","assfuck-analsex","https://www.google.com/"
"","assfuckcafe","https://www.google.com/"
"","assfuckdolls","https://www.google.com/"
"","assfuckedchicks","https://www.google.com/"
"","assfucked","https://www.google.com/"
"","assfuckedporn","https://www.google.com/"
"","assfucker","https://www.google.com/"
"","assfuckersworld","https://www.google.com/"
"","assfuckhard","https://www.google.com/"
"","assfucking101","https://www.google.com/"
"","assfuckingclub","https://www.google.com/"
"","assfucking","https://www.google.com/"
"","assfuckingfoto","https://www.google.com/"
"","assfuckingmovs","https://www.google.com/"
"","assfuckingpictures","https://www.google.com/"
"","assfuckingtubes","https://www.google.com/"
"","assfuckingvideo","https://www.google.com/"
"","assfuckingvideos","https://www.google.com/"
"","assfuckingworld","https://www.google.com/"
"","assfuck","https://www.google.com/"
"","ass-fucks","https://www.google.com/"
"","assfucksite","https://www.google.com/"
"","assfuckteens","https://www.google.com/"
"","assfuckz","https://www.google.com/"
"","assfullofcum","https://www.google.com/"
"","assgalleriesfree","https://www.google.com/"
"","assgalleries","https://www.google.com/"
"","assgay","https://www.google.com/"
"","assgaysex","https://www.google.com/"
"","assgfs","https://www.google.com/"
"","assgm","https://www.google.com/"
"","assgonzo","https://www.google.com/"
"","asshandlers","https://www.google.com/"
"","asshardcore","https://www.google.com/"
"","assholebang","https://www.google.com/"
"","assholedream","https://www.google.com/"
"","asshole-fetish","https://www.google.com/"
"","assholefever","https://www.google.com/"
"","assholefeverhd","https://www.google.com/"
"","assholekingdom","https://www.google.com/"
"","assholeplace","https://www.google.com/"
"","assholeporno","https://www.google.com/"
"","assholes","https://www.google.com/"
"","assholesex","https://www.google.com/"
"","assholevideos","https://www.google.com/"
"","asshome","https://www.google.com/"
"","asshotfuck","https://www.google.com/"
"","asshouse","https://www.google.com/"
"","asshuge","https://www.google.com/"
"","asshunter","https://www.google.com/"
"","asshunters","https://www.google.com/"
"","asshut","https://www.google.com/"
"","assialingerie","https://www.google.com/"
"","assinie","https://www.google.com/"
"","assinix","https://www.google.com/"
"","assinspector","https://www.google.com/"
"","assisass","https://www.google.com/"
"","assis","https://www.google.com/"
"","assistirhentai","https://www.google.com/"
"","assitis","https://www.google.com/"
"","assketball","https://www.google.com/"
"","asskicksass","https://www.google.com/"
"","assking","https://www.google.com/"
"","asslagoon","https://www.google.com/"
"","assland","https://www.google.com/"
"","ass-legs","https://www.google.com/"
"","asslickboys","https://www.google.com/"
"","asslick","https://www.google.com/"
"","asslickin","https://www.google.com/"
"","asslickingmatures","https://www.google.com/"
