"﻿""id""","read","recommended"
"","fantadream","https://www.google.com/"
"","fantaisie","https://www.google.com/"
"","fantasearch","https://www.google.com/"
"","fantasia-arts","https://www.google.com/"
"","fantasiachat","https://www.google.com/"
"","fantasiahomeparties","https://www.google.com/"
"","fantasiaporno","https://www.google.com/"
"","fantasiasamericas","https://www.google.com/"
"","fantasias","https://www.google.com/"
"","fantasiasex","https://www.google.com/"
"","fantasiasexuales","https://www.google.com/"
"","fantasiasguatemala","https://www.google.com/"
"","fantasiasx","https://www.google.com/"
"","fantasiawear","https://www.google.com/"
"","fantasiegirl","https://www.google.com/"
"","fantasien","https://www.google.com/"
"","fantasiesandfetishes","https://www.google.com/"
"","fantasies","https://www.google.com/"
"","fantasies-girls","https://www.google.com/"
"","fantasiesgirls","https://www.google.com/"
"","fantasies-in-lace-lingerie","https://www.google.com/"
"","fantasiesofseduction","https://www.google.com/"
"","fantasize","https://www.google.com/"
"","fantasmas","https://www.google.com/"
"","fantasme-charnel","https://www.google.com/"
"","fantasme","https://www.google.com/"
"","fantasmer","https://www.google.com/"
"","fantasmes","https://www.google.com/"
"","fantasmette","https://www.google.com/"
"","fantasmexxx","https://www.google.com/"
"","fantasmez","https://www.google.com/"
"","fantas-prod","https://www.google.com/"
"","fantassticbabes","https://www.google.com/"
"","fantastic3dsex","https://www.google.com/"
"","fantasticamateur","https://www.google.com/"
"","fantasticbabes","https://www.google.com/"
"","fantasti","https://www.google.com/"
"","fantastic-city","https://www.google.com/"
"","fantasticcumshots","https://www.google.com/"
"","fantasticfacials","https://www.google.com/"
"","fantasticfantasy","https://www.google.com/"
"","fantasticfemdom","https://www.google.com/"
"","fantasticmature","https://www.google.com/"
"","fantastic","https://www.google.com/"
"","fantasticnudes","https://www.google.com/"
"","fantasticnylon","https://www.google.com/"
"","fantastic-phone-sex","https://www.google.com/"
"","fantasticpictureshindig","https://www.google.com/"
"","fantasticpornstars","https://www.google.com/"
"","fantasticpussy","https://www.google.com/"
"","fantasticrubber","https://www.google.com/"
"","fantastic-screen","https://www.google.com/"
"","fantastictrannies","https://www.google.com/"
"","fantastictranny","https://www.google.com/"
"","fantastictrans","https://www.google.com/"
"","fantasticwomans","https://www.google.com/"
"","fantasticwomen","https://www.google.com/"
"","fantasticxxxteen","https://www.google.com/"
"","fantasticyoungporn","https://www.google.com/"
"","fantastory","https://www.google.com/"
"","fantastube","https://www.google.com/"
"","fantasy69","https://www.google.com/"
"","fantasy8","https://www.google.com/"
"","fantasyacam","https://www.google.com/"
"","fantasyagirls","https://www.google.com/"
"","fantasyalbum","https://www.google.com/"
"","fantasyalive","https://www.google.com/"
"","fantasyamusement","https://www.google.com/"
"","fantasyanalviolated","https://www.google.com/"
"","fantasy-and-art","https://www.google.com/"
"","fantasyandfetish","https://www.google.com/"
"","fantasya","https://www.google.com/"
"","fantasyanimation","https://www.google.com/"
"","fantasy-artwork","https://www.google.com/"
"","fantasybabes","https://www.google.com/"
"","fantasybay","https://www.google.com/"
"","fantasybeach","https://www.google.com/"
"","fantasyblog","https://www.google.com/"
"","fantasyblowjobs","https://www.google.com/"
"","fantasycall","https://www.google.com/"
"","fantasychatline","https://www.google.com/"
"","fantasychicks","https://www.google.com/"
"","fantasyclicks","https://www.google.com/"
"","fantasyclientscreening","https://www.google.com/"
"","fantasyclips","https://www.google.com/"
"","fantasy","https://www.google.com/"
"","fantasycreator","https://www.google.com/"
"","fantasycurves","https://www.google.com/"
"","fantasydancers","https://www.google.com/"
"","fantasy-design","https://www.google.com/"
"","fantasy-desire","https://www.google.com/"
"","fantasydesktops","https://www.google.com/"
"","fantasy-dungeons","https://www.google.com/"
"","fantasyenterprises","https://www.google.com/"
"","fantasyentertainment","https://www.google.com/"
"","fantasyerotica","https://www.google.com/"
"","fantasyerotic","https://www.google.com/"
"","fantasyescortblogs","https://www.google.com/"
"","fantasyescortguide","https://www.google.com/"
"","fantasyex","https://www.google.com/"
