"﻿""id""","read","recommended"
"","analmommy","https://www.google.com/"
"","analmoviearchive","https://www.google.com/"
"","analmovieclub","https://www.google.com/"
"","analmoviegirls","https://www.google.com/"
"","analmovies","https://www.google.com/"
"","analmoviesporn","https://www.google.com/"
"","analmpg","https://www.google.com/"
"","analmpgs","https://www.google.com/"
"","analmud","https://www.google.com/"
"","analnasty","https://www.google.com/"
"","analniche","https://www.google.com/"
"","analnightmare","https://www.google.com/"
"","analnippon","https://www.google.com/"
"","analnippons","https://www.google.com/"
"","analnoeporno","https://www.google.com/"
"","analnude","https://www.google.com/"
"","analnutten","https://www.google.com/"
"","analobsessions","https://www.google.com/"
"","analoff","https://www.google.com/"
"","analogchip","https://www.google.com/"
"","analog-girl","https://www.google.com/"
"","analog-pussy","https://www.google.com/"
"","analonly","https://www.google.com/"
"","anal-oral","https://www.google.com/"
"","analoralsex","https://www.google.com/"
"","analorgasms","https://www.google.com/"
"","analorgasmus","https://www.google.com/"
"","analorgies","https://www.google.com/"
"","analorgy","https://www.google.com/"
"","analosima","https://www.google.com/"
"","analovelis","https://www.google.com/"
"","analpals","https://www.google.com/"
"","anal-pantyhose","https://www.google.com/"
"","analpantyhose","https://www.google.com/"
"","analpasses","https://www.google.com/"
"","analpassions","https://www.google.com/"
"","analpath","https://www.google.com/"
"","analpayperview","https://www.google.com/"
"","anal-penetration","https://www.google.com/"
"","analpeople","https://www.google.com/"
"","anal-perv","https://www.google.com/"
"","analpetite","https://www.google.com/"
"","analph","https://www.google.com/"
"","analphoneaction","https://www.google.com/"
"","analphonesexangels","https://www.google.com/"
"","analphonesex","https://www.google.com/"
"","anal-phonesex-numbers","https://www.google.com/"
"","analphotoblog","https://www.google.com/"
"","anal-photo","https://www.google.com/"
"","analpics","https://www.google.com/"
"","analpicspass","https://www.google.com/"
"","analpicture","https://www.google.com/"
"","analpilot","https://www.google.com/"
"","analpink","https://www.google.com/"
"","analpix","https://www.google.com/"
"","analplay","https://www.google.com/"
"","analplaytime","https://www.google.com/"
"","anal-pleasure","https://www.google.com/"
"","analplus","https://www.google.com/"
"","analplus-x","https://www.google.com/"
"","analpoopers","https://www.google.com/"
"","analporn123","https://www.google.com/"
"","analporn24","https://www.google.com/"
"","analpornblog","https://www.google.com/"
"","analporn","https://www.google.com/"
"","analpornclips","https://www.google.com/"
"","analpornfan","https://www.google.com/"
"","analpornflix","https://www.google.com/"
"","analporngallery","https://www.google.com/"
"","analporngals","https://www.google.com/"
"","analpornhub","https://www.google.com/"
"","analpornjoy","https://www.google.com/"
"","analpornlinks","https://www.google.com/"
"","analpornlist","https://www.google.com/"
"","analpornlive","https://www.google.com/"
"","analpornmilf","https://www.google.com/"
"","anal-pornoarchiv","https://www.google.com/"
"","analpornoarchiv","https://www.google.com/"
"","analpornoclips","https://www.google.com/"
"","analporno","https://www.google.com/"
"","anal-porno","https://www.google.com/"
"","analpornography","https://www.google.com/"
"","analpornoizle","https://www.google.com/"
"","anal-porn","https://www.google.com/"
"","analpornosalope","https://www.google.com/"
"","analpornos","https://www.google.com/"
"","analpornosex","https://www.google.com/"
"","analpornostar","https://www.google.com/"
"","analpornpic","https://www.google.com/"
"","analpornpics","https://www.google.com/"
"","analpornpictures","https://www.google.com/"
"","analpornpix","https://www.google.com/"
"","analpornsex","https://www.google.com/"
"","analpornshot","https://www.google.com/"
"","analpornstarpics","https://www.google.com/"
"","analpornstars","https://www.google.com/"
"","analpornteen","https://www.google.com/"
"","analporntrip","https://www.google.com/"
"","analporntube","https://www.google.com/"
"","analporntubes","https://www.google.com/"
