"﻿""id""","read","recommended"
"","fickhasen","https://www.google.com/"
"","fickhexen","https://www.google.com/"
"","fick-himmel","https://www.google.com/"
"","fick-hoelle","https://www.google.com/"
"","fickindex","https://www.google.com/"
"","ficki","https://www.google.com/"
"","fickinserate","https://www.google.com/"
"","fickkiste","https://www.google.com/"
"","fick-klick","https://www.google.com/"
"","fick-klinik","https://www.google.com/"
"","fickklinik","https://www.google.com/"
"","fick-kontakt","https://www.google.com/"
"","fickkontakt","https://www.google.com/"
"","fickkontakte","https://www.google.com/"
"","fickkontakte-online","https://www.google.com/"
"","fickkontakte-sextreffen","https://www.google.com/"
"","fickleknickers","https://www.google.com/"
"","ficklexikon","https://www.google.com/"
"","fickliste","https://www.google.com/"
"","ficklounge","https://www.google.com/"
"","fick-luder","https://www.google.com/"
"","fickluder","https://www.google.com/"
"","fickmaschine","https://www.google.com/"
"","fickmaschinen","https://www.google.com/"
"","fickmaschinensex","https://www.google.com/"
"","fickmaus","https://www.google.com/"
"","fick-mich-opa","https://www.google.com/"
"","fickmichopa","https://www.google.com/"
"","fick-mich","https://www.google.com/"
"","fickmich","https://www.google.com/"
"","fickmoesen","https://www.google.com/"
"","fickmovies","https://www.google.com/"
"","ficknutte","https://www.google.com/"
"","ficknutten","https://www.google.com/"
"","fickomas","https://www.google.com/"
"","fickpages","https://www.google.com/"
"","fickpalast","https://www.google.com/"
"","fick-partner","https://www.google.com/"
"","fickpartner","https://www.google.com/"
"","fick-party","https://www.google.com/"
"","fickparty","https://www.google.com/"
"","fickpartys","https://www.google.com/"
"","fickpass","https://www.google.com/"
"","fickpics","https://www.google.com/"
"","fickplaetze","https://www.google.com/"
"","fickporno","https://www.google.com/"
"","fickpornos","https://www.google.com/"
"","fickportal","https://www.google.com/"
"","fickpuppe","https://www.google.com/"
"","fickreklame","https://www.google.com/"
"","fickschlampen","https://www.google.com/"
"","fickschlitten","https://www.google.com/"
"","fickseite","https://www.google.com/"
"","ficksexcams","https://www.google.com/"
"","fickshows","https://www.google.com/"
"","fickspalten","https://www.google.com/"
"","fickspiel","https://www.google.com/"
"","fickspiele","https://www.google.com/"
"","fickstab","https://www.google.com/"
"","fickstrip","https://www.google.com/"
"","fickstudio","https://www.google.com/"
"","fickstuten24","https://www.google.com/"
"","ficksuche","https://www.google.com/"
"","fickteam","https://www.google.com/"
"","fickteufel","https://www.google.com/"
"","ficktip","https://www.google.com/"
"","ficktoria","https://www.google.com/"
"","ficktour","https://www.google.com/"
"","ficktoys","https://www.google.com/"
"","ficktreff","https://www.google.com/"
"","ficktreffen","https://www.google.com/"
"","fick-treffs","https://www.google.com/"
"","fick-uns","https://www.google.com/"
"","fickvideos","https://www.google.com/"
"","fickwelt","https://www.google.com/"
"","fictionmania","https://www.google.com/"
"","fiction-mania","https://www.google.com/"
"","fierybabes","https://www.google.com/"
"","fierycams","https://www.google.com/"
"","fierygaytube","https://www.google.com/"
"","fieryhost","https://www.google.com/"
"","fierylatinas","https://www.google.com/"
"","fieryredheads","https://www.google.com/"
"","fiesta","https://www.google.com/"
"","fiestagirl","https://www.google.com/"
"","fiestasprivadas","https://www.google.com/"
"","fiestyfemales","https://www.google.com/"
"","fietsexclusief","https://www.google.com/"
"","fifa-no-bugs","https://www.google.com/"
"","fifoux","https://www.google.com/"
"","fifteenrestaurant","https://www.google.com/"
"","fifthavenuelingerie","https://www.google.com/"
"","fifthsin","https://www.google.com/"
"","fiftyrooms","https://www.google.com/"
"","figacalda","https://www.google.com/"
"","figacam","https://www.google.com/"
"","figa","https://www.google.com/"
"","figadoriente","https://www.google.com/"
"","figafoto","https://www.google.com/"
"","figaitaliana","https://www.google.com/"
