"﻿""id""","read","recommended"
"","hotgirlnextdoor","https://www.google.com/"
"","hotgirlphone","https://www.google.com/"
"","hotgirlpics","https://www.google.com/"
"","hotgirlpin","https://www.google.com/"
"","hotgirlpix","https://www.google.com/"
"","hotgirlporn","https://www.google.com/"
"","hotgirlpussy","https://www.google.com/"
"","hotgirls18","https://www.google.com/"
"","hotgirls24","https://www.google.com/"
"","hotgirls3d","https://www.google.com/"
"","hotgirls4all","https://www.google.com/"
"","hotgirls4phone","https://www.google.com/"
"","hotgirls8","https://www.google.com/"
"","hotgirlsandsexybabes","https://www.google.com/"
"","hotgirlsboard","https://www.google.com/"
"","hotgirlscafe","https://www.google.com/"
"","hot-girls","https://www.google.com/"
"","hotgirls","https://www.google.com/"
"","hotgirlsdream","https://www.google.com/"
"","hotgirlsdump","https://www.google.com/"
"","hotgirlseighteen","https://www.google.com/"
"","hotgirlselfies","https://www.google.com/"
"","hot-girl-sex","https://www.google.com/"
"","hotgirlsex","https://www.google.com/"
"","hot-girls-exposed","https://www.google.com/"
"","hotgirlsgallery","https://www.google.com/"
"","hotgirlsgonewild","https://www.google.com/"
"","hot-girls-in-bikinis","https://www.google.com/"
"","hotgirlslive","https://www.google.com/"
"","hotgirlsnaked","https://www.google.com/"
"","hotgirlspalace","https://www.google.com/"
"","hotgirlspeeing","https://www.google.com/"
"","hotgirlsphotos","https://www.google.com/"
"","hotgirlspics","https://www.google.com/"
"","hotgirlspictures","https://www.google.com/"
"","hotgirlsporn","https://www.google.com/"
"","hotgirlspussy","https://www.google.com/"
"","hot-girls-squirting","https://www.google.com/"
"","hot-girls-usa","https://www.google.com/"
"","hotgirlsvideos","https://www.google.com/"
"","hotgirlsvids","https://www.google.com/"
"","hot-girls-wallpapers","https://www.google.com/"
"","hotgirlswallpaper","https://www.google.com/"
"","hotgirlswithiphones","https://www.google.com/"
"","hotgirlswithtattoos","https://www.google.com/"
"","hotgirly20","https://www.google.com/"
"","hotglamourgirls","https://www.google.com/"
"","hotglamour","https://www.google.com/"
"","hotglamworld","https://www.google.com/"
"","hotglover","https://www.google.com/"
"","hotgoldenshower","https://www.google.com/"
"","hotgold","https://www.google.com/"
"","hotgonzo","https://www.google.com/"
"","hotgoocams","https://www.google.com/"
"","hotgoo","https://www.google.com/"
"","hotgoth","https://www.google.com/"
"","hotgo","https://www.google.com/"
"","hotgracieglam","https://www.google.com/"
"","hotgrafx","https://www.google.com/"
"","hotgrandmothers","https://www.google.com/"
"","hotgrannies","https://www.google.com/"
"","hot-granny","https://www.google.com/"
"","hotgranny","https://www.google.com/"
"","hotgrannypics","https://www.google.com/"
"","hotgrannypussy","https://www.google.com/"
"","hot-grannys","https://www.google.com/"
"","hotgrannytube","https://www.google.com/"
"","hotgrannyworld","https://www.google.com/"
"","hot-gratuit","https://www.google.com/"
"","hotgrils","https://www.google.com/"
"","hotgroupsex","https://www.google.com/"
"","hotgsm","https://www.google.com/"
"","hotguitarist","https://www.google.com/"
"","hotguy","https://www.google.com/"
"","hotguymag","https://www.google.com/"
"","hotguypics","https://www.google.com/"
"","hotguys","https://www.google.com/"
"","hotguysfuck","https://www.google.com/"
"","hotguysites","https://www.google.com/"
"","hotguysnextdoor","https://www.google.com/"
"","hotguysvids","https://www.google.com/"
"","hotguyswrestling","https://www.google.com/"
"","hotgvibe","https://www.google.com/"
"","hotgymnast","https://www.google.com/"
"","hothag","https://www.google.com/"
"","hothairyass","https://www.google.com/"
"","hothairybabes","https://www.google.com/"
"","hothairybushes","https://www.google.com/"
"","hothairygirls","https://www.google.com/"
"","hothairyhonies","https://www.google.com/"
"","hothairymuff","https://www.google.com/"
"","hothairyporn","https://www.google.com/"
"","hothairyteens","https://www.google.com/"
"","hothairywomen","https://www.google.com/"
"","hothaley","https://www.google.com/"
"","hothamster","https://www.google.com/"
"","hothandjobs","https://www.google.com/"
"","hothand","https://www.google.com/"
"","hothardcore","https://www.google.com/"
"","hothardcorepics","https://www.google.com/"
