"﻿""id""","read","recommended"
"","analdin","https://www.google.com/"
"","analdino","https://www.google.com/"
"","analdiscipline","https://www.google.com/"
"","analdistrict","https://www.google.com/"
"","analditch","https://www.google.com/"
"","analdogmovies","https://www.google.com/"
"","analdolls","https://www.google.com/"
"","analdom","https://www.google.com/"
"","analdreamhouse","https://www.google.com/"
"","analdreams","https://www.google.com/"
"","analdrilledteens","https://www.google.com/"
"","analdrive","https://www.google.com/"
"","analdriveway","https://www.google.com/"
"","analdudes","https://www.google.com/"
"","analeboys","https://www.google.com/"
"","analeclate","https://www.google.com/"
"","anal-eclate","https://www.google.com/"
"","anal-ecstasy","https://www.google.com/"
"","analecta","https://www.google.com/"
"","analectes","https://www.google.com/"
"","analefilms","https://www.google.com/"
"","analegrande","https://www.google.com/"
"","anale","https://www.google.com/"
"","analejongens","https://www.google.com/"
"","analenculesodomie","https://www.google.com/"
"","analentertaiment","https://www.google.com/"
"","analenvideos","https://www.google.com/"
"","analer","https://www.google.com/"
"","analerotic","https://www.google.com/"
"","analerotik","https://www.google.com/"
"","analersex","https://www.google.com/"
"","anale-seks","https://www.google.com/"
"","anale-sexe","https://www.google.com/"
"","analesex","https://www.google.com/"
"","anal-et-sodomie","https://www.google.com/"
"","analetsodomie","https://www.google.com/"
"","analeuro","https://www.google.com/"
"","analexploration","https://www.google.com/"
"","analextra","https://www.google.com/"
"","analextreme","https://www.google.com/"
"","analextremes","https://www.google.com/"
"","anal-exzesse","https://www.google.com/"
"","analfacial","https://www.google.com/"
"","anal-fanatics","https://www.google.com/"
"","analfancy","https://www.google.com/"
"","anal-faust","https://www.google.com/"
"","analfavorite","https://www.google.com/"
"","anal-fetish","https://www.google.com/"
"","analfetish","https://www.google.com/"
"","analfetishes","https://www.google.com/"
"","analfetishgirl","https://www.google.com/"
"","analfever","https://www.google.com/"
"","analfick-bilder","https://www.google.com/"
"","anal-fick","https://www.google.com/"
"","anal-ficken","https://www.google.com/"
"","analfick-pics","https://www.google.com/"
"","analfiesta","https://www.google.com/"
"","analfilme","https://www.google.com/"
"","analfilmes","https://www.google.com/"
"","anal-fissure","https://www.google.com/"
"","anal-fist","https://www.google.com/"
"","analfisting","https://www.google.com/"
"","analfistingsex","https://www.google.com/"
"","analfix","https://www.google.com/"
"","analflick","https://www.google.com/"
"","analflix","https://www.google.com/"
"","analforbreakfast","https://www.google.com/"
"","analforwomen","https://www.google.com/"
"","analfoto","https://www.google.com/"
"","analfotos","https://www.google.com/"
"","anal-frauen","https://www.google.com/"
"","analfreak","https://www.google.com/"
"","anal-free","https://www.google.com/"
"","analfreepage","https://www.google.com/"
"","analfreeporn","https://www.google.com/"
"","analfreesites","https://www.google.com/"
"","analfrench","https://www.google.com/"
"","analfreuden","https://www.google.com/"
"","analfriends","https://www.google.com/"
"","analfuck","https://www.google.com/"
"","anal-fuck","https://www.google.com/"
"","analfuckd","https://www.google.com/"
"","analfuckers","https://www.google.com/"
"","anal-fucking","https://www.google.com/"
"","analfucking","https://www.google.com/"
"","analfuckingpics","https://www.google.com/"
"","analfuckingpictures","https://www.google.com/"
"","analfuckingporn","https://www.google.com/"
"","analfuckingsex","https://www.google.com/"
"","analfuckpic","https://www.google.com/"
"","analfuckthrills","https://www.google.com/"
"","analfucktour","https://www.google.com/"
"","analfucktoys","https://www.google.com/"
"","analfuckvideo","https://www.google.com/"
"","analfuckvidz","https://www.google.com/"
"","analfuckworld","https://www.google.com/"
"","analfuntube","https://www.google.com/"
"","anal-galleries","https://www.google.com/"
"","analgalleries","https://www.google.com/"
"","analgalore","https://www.google.com/"
