"﻿""id""","read","recommended"
"","glamlivesex","https://www.google.com/"
"","glamography","https://www.google.com/"
"","glamorose","https://www.google.com/"
"","glamorous-amateurs","https://www.google.com/"
"","glamorousamateurs","https://www.google.com/"
"","glamorousbeauties","https://www.google.com/"
"","glamorous-bitch","https://www.google.com/"
"","glamorouschicks","https://www.google.com/"
"","glamorous-girls","https://www.google.com/"
"","glamorous-matures","https://www.google.com/"
"","glamors","https://www.google.com/"
"","glamortica","https://www.google.com/"
"","glamose","https://www.google.com/"
"","glamour101","https://www.google.com/"
"","glamouravenue","https://www.google.com/"
"","glamour-babes","https://www.google.com/"
"","glamourbabes","https://www.google.com/"
"","glamourbabez","https://www.google.com/"
"","glamour-bikini","https://www.google.com/"
"","glamourblog","https://www.google.com/"
"","glamourblowjobs","https://www.google.com/"
"","glamour-boys","https://www.google.com/"
"","glamourboys","https://www.google.com/"
"","glamourboyz","https://www.google.com/"
"","glamourbuckz","https://www.google.com/"
"","glamourcams","https://www.google.com/"
"","glamourcamz","https://www.google.com/"
"","glamourcenterfolds","https://www.google.com/"
"","glamour-chic","https://www.google.com/"
"","glamourclub","https://www.google.com/"
"","glamourcoed","https://www.google.com/"
"","glamourcon","https://www.google.com/"
"","glamour","https://www.google.com/"
"","glamourelite","https://www.google.com/"
"","glamour-escort","https://www.google.com/"
"","glamourescorts","https://www.google.com/"
"","glamoureyes","https://www.google.com/"
"","glamourfilms","https://www.google.com/"
"","glamourfinder","https://www.google.com/"
"","glamourflower","https://www.google.com/"
"","glamourfotograaf","https://www.google.com/"
"","glamourfree","https://www.google.com/"
"","glamour-galleries","https://www.google.com/"
"","glamourgalls","https://www.google.com/"
"","glamourgaze","https://www.google.com/"
"","glamourgirlcams","https://www.google.com/"
"","glamour-girl","https://www.google.com/"
"","glamourgirlescorts","https://www.google.com/"
"","glamourgirls","https://www.google.com/"
"","glamourgirlsofthesilverscreen","https://www.google.com/"
"","glamourgirlsuk","https://www.google.com/"
"","glamourgirl","https://www.google.com/"
"","glamourgoddes","https://www.google.com/"
"","glamourhairypussy","https://www.google.com/"
"","glamourholes","https://www.google.com/"
"","glamourhound","https://www.google.com/"
"","glamouridols","https://www.google.com/"
"","glamour-illustrated","https://www.google.com/"
"","glamourimages","https://www.google.com/"
"","glamourinfetish","https://www.google.com/"
"","glamourisma","https://www.google.com/"
"","glamour-ladies","https://www.google.com/"
"","glamour-lady","https://www.google.com/"
"","glamourlegs","https://www.google.com/"
"","glamour-lesbians","https://www.google.com/"
"","glamour-lingerie-bras","https://www.google.com/"
"","glamour-lingerie","https://www.google.com/"
"","glamourlist","https://www.google.com/"
"","glamourmagazine","https://www.google.com/"
"","glamour-mania","https://www.google.com/"
"","glamourmilf","https://www.google.com/"
"","glamourmodelmanagement","https://www.google.com/"
"","glamourmodel","https://www.google.com/"
"","glamourmodels","https://www.google.com/"
"","glamourmodelsdirectory","https://www.google.com/"
"","glamourmodelsgonebad1","https://www.google.com/"
"","glamourmodelsgonebad","https://www.google.com/"
"","glamour-models","https://www.google.com/"
"","glamourmodelsplus","https://www.google.com/"
"","glamour-model-west-midlands","https://www.google.com/"
"","glamourmoms","https://www.google.com/"
"","glamourmovies","https://www.google.com/"
"","glamournakedbabes","https://www.google.com/"
"","glamournylon","https://www.google.com/"
"","glamourous-amateurs","https://www.google.com/"
"","glamourousamateurs","https://www.google.com/"
"","glamourouslace","https://www.google.com/"
"","glamourousnudes","https://www.google.com/"
"","glamourparadise","https://www.google.com/"
"","glamourphotonet","https://www.google.com/"
"","glamour-photos","https://www.google.com/"
"","glamourporn","https://www.google.com/"
"","glamourpornstar","https://www.google.com/"
"","glamour-post","https://www.google.com/"
"","glamoursearch","https://www.google.com/"
"","glamour-seduction","https://www.google.com/"
"","glamoursexpics","https://www.google.com/"
"","glamour-sexy","https://www.google.com/"
"","glamoursexy","https://www.google.com/"
"","glamourshow","https://www.google.com/"
