"﻿""id""","read","recommended"
"","kaskoos","https://www.google.com/"
"","kassameisjes","https://www.google.com/"
"","kassandra","https://www.google.com/"
"","kassandraleigh","https://www.google.com/"
"","kasselladies","https://www.google.com/"
"","kasteelwaterloo","https://www.google.com/"
"","kastley","https://www.google.com/"
"","kasumik","https://www.google.com/"
"","kat9","https://www.google.com/"
"","katalogmodelek","https://www.google.com/"
"","katalogporno","https://www.google.com/"
"","kataloguj","https://www.google.com/"
"","katame","https://www.google.com/"
"","katarynka","https://www.google.com/"
"","katastro","https://www.google.com/"
"","kataweb","https://www.google.com/"
"","katblack-author","https://www.google.com/"
"","katdestruction","https://www.google.com/"
"","kateblondeandfriends","https://www.google.com/"
"","katebrenner","https://www.google.com/"
"","katedominic","https://www.google.com/"
"","katefrost","https://www.google.com/"
"","kategalleries","https://www.google.com/"
"","kategrace","https://www.google.com/"
"","kateground","https://www.google.com/"
"","kate-hill","https://www.google.com/"
"","kateklass","https://www.google.com/"
"","katelyn","https://www.google.com/"
"","katemoss","https://www.google.com/"
"","kate-playground","https://www.google.com/"
"","katerina-hartlova","https://www.google.com/"
"","katerinakayxxx","https://www.google.com/"
"","katers","https://www.google.com/"
"","kates-chix","https://www.google.com/"
"","katesclub","https://www.google.com/"
"","katesescorts","https://www.google.com/"
"","katesfan","https://www.google.com/"
"","katespinups","https://www.google.com/"
"","kates-playground","https://www.google.com/"
"","katesplayground","https://www.google.com/"
"","katesplayground-fan","https://www.google.com/"
"","katesplaygroundishot","https://www.google.com/"
"","katesplaygroundmobile","https://www.google.com/"
"","katesplaygroundzips","https://www.google.com/"
"","katestar","https://www.google.com/"
"","katesteele","https://www.google.com/"
"","katesthumbs","https://www.google.com/"
"","katestube","https://www.google.com/"
"","katestubelive","https://www.google.com/"
"","katetube","https://www.google.com/"
"","kate-winslet","https://www.google.com/"
"","katewinslet","https://www.google.com/"
"","katheoys","https://www.google.com/"
"","katherine-heigl","https://www.google.com/"
"","kathoey","https://www.google.com/"
"","kathoeypics","https://www.google.com/"
"","kathoeyporn","https://www.google.com/"
"","kathoeys","https://www.google.com/"
"","kathrynmacgregor","https://www.google.com/"
"","kathyash","https://www.google.com/"
"","kathyklyne","https://www.google.com/"
"","kathyskage","https://www.google.com/"
"","kathywest","https://www.google.com/"
"","katiaescort","https://www.google.com/"
"","katiebanks","https://www.google.com/"
"","katiecramer","https://www.google.com/"
"","katiefey","https://www.google.com/"
"","katiegold","https://www.google.com/"
"","katiegrace","https://www.google.com/"
"","katie-holmes","https://www.google.com/"
"","katieholmesnude","https://www.google.com/"
"","katiepink","https://www.google.com/"
"","katiereynolds","https://www.google.com/"
"","katieroseintimates","https://www.google.com/"
"","katiesgarden","https://www.google.com/"
"","katies-world","https://www.google.com/"
"","katiethomas","https://www.google.com/"
"","katietube","https://www.google.com/"
"","katifey","https://www.google.com/"
"","katimodel","https://www.google.com/"
"","katinkas-sexpaleis","https://www.google.com/"
"","katip","https://www.google.com/"
"","katirudlova","https://www.google.com/"
"","katjakassinblog","https://www.google.com/"
"","katjakassin","https://www.google.com/"
"","katja-minx","https://www.google.com/"
"","katja-runiello","https://www.google.com/"
"","katjayoung","https://www.google.com/"
"","katkleevage","https://www.google.com/"
"","katmeyers","https://www.google.com/"
"","katmod","https://www.google.com/"
"","katmovies","https://www.google.com/"
"","katoey-blog","https://www.google.com/"
"","katoeyclub","https://www.google.com/"
"","katoey","https://www.google.com/"
"","katoeys","https://www.google.com/"
"","katorga","https://www.google.com/"
"","katorporn","https://www.google.com/"
"","katorsex","https://www.google.com/"
"","katoyasia","https://www.google.com/"
