"﻿""id""","read","recommended"
"","extrem-shop","https://www.google.com/"
"","extrem-show","https://www.google.com/"
"","extrem-sm","https://www.google.com/"
"","extremtabulos","https://www.google.com/"
"","extrem-tabulos","https://www.google.com/"
"","extremteensex","https://www.google.com/"
"","extremtube","https://www.google.com/"
"","extremvideo","https://www.google.com/"
"","extrem-videos","https://www.google.com/"
"","extremxxx","https://www.google.com/"
"","extremy","https://www.google.com/"
"","extremzofe","https://www.google.com/"
"","extwinks","https://www.google.com/"
"","exuberant","https://www.google.com/"
"","exulte","https://www.google.com/"
"","e-xvideo","https://www.google.com/"
"","exvid","https://www.google.com/"
"","exvotzen","https://www.google.com/"
"","exvriendin","https://www.google.com/"
"","ex-weiber","https://www.google.com/"
"","exwifeporn","https://www.google.com/"
"","exwifeporno","https://www.google.com/"
"","exwifesexbook","https://www.google.com/"
"","exwives","https://www.google.com/"
"","exxtragalls","https://www.google.com/"
"","exxtrem","https://www.google.com/"
"","exxtreme","https://www.google.com/"
"","exxxcapade","https://www.google.com/"
"","exxxcellent","https://www.google.com/"
"","exxxclusion","https://www.google.com/"
"","exxxclusive-content","https://www.google.com/"
"","exxxclusive","https://www.google.com/"
"","exxxclusive-search","https://www.google.com/"
"","e-xxx","https://www.google.com/"
"","exxxcursion","https://www.google.com/"
"","exxxgf","https://www.google.com/"
"","exxxhaust","https://www.google.com/"
"","exxxlusive","https://www.google.com/"
"","exxxotica","https://www.google.com/"
"","exxxoticaexpo","https://www.google.com/"
"","exxxotique","https://www.google.com/"
"","exxxpired","https://www.google.com/"
"","exxxplorer","https://www.google.com/"
"","exxxp","https://www.google.com/"
"","exxxposers","https://www.google.com/"
"","exxxtasis","https://www.google.com/"
"","exxxtasy","https://www.google.com/"
"","exxxtra","https://www.google.com/"
"","exxxtras","https://www.google.com/"
"","exxxtrasmall","https://www.google.com/"
"","exxxtreem","https://www.google.com/"
"","exxxtremalne","https://www.google.com/"
"","exxxtremeasia","https://www.google.com/"
"","exxxtreme","https://www.google.com/"
"","exxxtremeerotica","https://www.google.com/"
"","exxxtrememovie","https://www.google.com/"
"","exxxx","https://www.google.com/"
"","e-x","https://www.google.com/"
"","eyaculatormovies","https://www.google.com/"
"","eyeballsex","https://www.google.com/"
"","eyeballson","https://www.google.com/"
"","eyebrowz","https://www.google.com/"
"","eyecandie","https://www.google.com/"
"","eyecandyavenue","https://www.google.com/"
"","eyecandyclothes","https://www.google.com/"
"","eyecandyinternational","https://www.google.com/"
"","eyecandymovies","https://www.google.com/"
"","eyecandyphotos","https://www.google.com/"
"","eyecandystriptease","https://www.google.com/"
"","eyecandyxotic","https://www.google.com/"
"","eyecandyxtreme","https://www.google.com/"
"","eyefeast","https://www.google.com/"
"","eyekandeeapparel","https://www.google.com/"
"","eyelandproject","https://www.google.com/"
"","eyemind","https://www.google.com/"
"","eyeofporn","https://www.google.com/"
"","eyeofthecyclone","https://www.google.com/"
"","eyes","https://www.google.com/"
"","eyesdown","https://www.google.com/"
"","eyesonher","https://www.google.com/"
"","eyesontheworld","https://www.google.com/"
"","eyeswideshut","https://www.google.com/"
"","eyevoyeur","https://www.google.com/"
"","eyla","https://www.google.com/"
"","eylol","https://www.google.com/"
"","e-yoru","https://www.google.com/"
"","e-yoshiwara","https://www.google.com/"
"","eyzwideshut","https://www.google.com/"
"","ez4it","https://www.google.com/"
"","ez4u2do","https://www.google.com/"
"","ez5ez5xxx","https://www.google.com/"
"","ez69","https://www.google.com/"
"","ez800phonesexnumbers","https://www.google.com/"
"","ezacash","https://www.google.com/"
"","ezadultdesigns","https://www.google.com/"
"","ezadulthosting","https://www.google.com/"
"","ezadulttoys","https://www.google.com/"
"","ezasians","https://www.google.com/"
"","ezbed","https://www.google.com/"
"","ezcamz","https://www.google.com/"
