"﻿""id""","read","recommended"
"","kelcul","https://www.google.com/"
"","kelemenanna","https://www.google.com/"
"","kelepir","https://www.google.com/"
"","kelgay","https://www.google.com/"
"","kellemarie","https://www.google.com/"
"","kellemesest","https://www.google.com/"
"","kelleyandsusan","https://www.google.com/"
"","kelleycabbana","https://www.google.com/"
"","kelli","https://www.google.com/"
"","kellislip","https://www.google.com/"
"","kellisparks","https://www.google.com/"
"","kelliusa","https://www.google.com/"
"","kelliyoung","https://www.google.com/"
"","kellokauppa","https://www.google.com/"
"","kellonaseeb","https://www.google.com/"
"","kelly4cash","https://www.google.com/"
"","kelly4free","https://www.google.com/"
"","kellyabbass","https://www.google.com/"
"","kellyangel","https://www.google.com/"
"","kellybreaux","https://www.google.com/"
"","kellybrooke","https://www.google.com/"
"","kellybrookonline","https://www.google.com/"
"","kellycane","https://www.google.com/"
"","kellycash","https://www.google.com/"
"","kellycole","https://www.google.com/"
"","kellydee","https://www.google.com/"
"","kellydivineclub","https://www.google.com/"
"","kellydivine","https://www.google.com/"
"","kelly-e","https://www.google.com/"
"","kelly-find","https://www.google.com/"
"","kellyfind","https://www.google.com/"
"","kellygirl","https://www.google.com/"
"","kellyjaye","https://www.google.com/"
"","kelly-kalashnik","https://www.google.com/"
"","kellyknox","https://www.google.com/"
"","kellykole","https://www.google.com/"
"","kellykroft","https://www.google.com/"
"","kellylauren","https://www.google.com/"
"","kellylist","https://www.google.com/"
"","kellylovesit","https://www.google.com/"
"","kellymadison","https://www.google.com/"
"","kellymadisontubes","https://www.google.com/"
"","kellyniagara","https://www.google.com/"
"","kellyphonesex","https://www.google.com/"
"","kellyq","https://www.google.com/"
"","kellysasianflowers","https://www.google.com/"
"","kellyschat","https://www.google.com/"
"","kellysfootfetish","https://www.google.com/"
"","kellyshore","https://www.google.com/"
"","kellyshouse","https://www.google.com/"
"","kellyskittens","https://www.google.com/"
"","kellysmovies","https://www.google.com/"
"","kellys-place","https://www.google.com/"
"","kellystafford","https://www.google.com/"
"","kellystube","https://www.google.com/"
"","kellystylesxxx","https://www.google.com/"
"","kellysummer","https://www.google.com/"
"","kelly-trump","https://www.google.com/"
"","kellytrump","https://www.google.com/"
"","kellywolf","https://www.google.com/"
"","kellyxoxo","https://www.google.com/"
"","kelseyeducation","https://www.google.com/"
"","kelseymichaels","https://www.google.com/"
"","kelseyobsession","https://www.google.com/"
"","kelseyxxx","https://www.google.com/"
"","kelstars","https://www.google.com/"
"","kelsurf","https://www.google.com/"
"","keltube","https://www.google.com/"
"","kelyana","https://www.google.com/"
"","kemacostudio","https://www.google.com/"
"","kemenyszex","https://www.google.com/"
"","kemj","https://www.google.com/"
"","kemo","https://www.google.com/"
"","kempten-models","https://www.google.com/"
"","kemule","https://www.google.com/"
"","kendallblaze","https://www.google.com/"
"","kendraexposed","https://www.google.com/"
"","kendralist","https://www.google.com/"
"","kendralust","https://www.google.com/"
"","kendralustxxx","https://www.google.com/"
"","kendrarain","https://www.google.com/"
"","kendrasinclaire","https://www.google.com/"
"","kendrassecret","https://www.google.com/"
"","kene","https://www.google.com/"
"","kenh12","https://www.google.com/"
"","kenhdaihoc","https://www.google.com/"
"","kenmarcus","https://www.google.com/"
"","kenmarcuserotica","https://www.google.com/"
"","kenmovies","https://www.google.com/"
"","kennedynet","https://www.google.com/"
"","kennenlerngarantie","https://www.google.com/"
"","kennl","https://www.google.com/"
"","kennycomix","https://www.google.com/"
"","kennyspennies","https://www.google.com/"
"","kenpell-tech","https://www.google.com/"
"","kenryker","https://www.google.com/"
"","kensgoldclub","https://www.google.com/"
"","kensingtonfantasies","https://www.google.com/"
"","kenstwistedmind","https://www.google.com/"
"","kentartworks","https://www.google.com/"
