"﻿""id""","read","recommended"
"","black-women","https://www.google.com/"
"","blackwomenlive","https://www.google.com/"
"","black-world","https://www.google.com/"
"","blackwrestling","https://www.google.com/"
"","blackx","https://www.google.com/"
"","blackxgf","https://www.google.com/"
"","blackxlgirls","https://www.google.com/"
"","blackxlmamas","https://www.google.com/"
"","blackxposure","https://www.google.com/"
"","blackxtreme","https://www.google.com/"
"","blackxxxass","https://www.google.com/"
"","blackxxxclips","https://www.google.com/"
"","blackxxx","https://www.google.com/"
"","blackxxxdownload","https://www.google.com/"
"","blackxxxgalleries","https://www.google.com/"
"","blackxxxgirls","https://www.google.com/"
"","blackxxxmag","https://www.google.com/"
"","blackxxxphotos","https://www.google.com/"
"","blackxxxpics","https://www.google.com/"
"","blackxxxpussy","https://www.google.com/"
"","blackxxxsex","https://www.google.com/"
"","blackxxxvideos","https://www.google.com/"
"","blackxxxvids","https://www.google.com/"
"","blackxxxwoman","https://www.google.com/"
"","blackygirls","https://www.google.com/"
"","blackyoung","https://www.google.com/"
"","blackzandu","https://www.google.com/"
"","blackzaur","https://www.google.com/"
"","blackz","https://www.google.com/"
"","bladi","https://www.google.com/"
"","bladowxxx","https://www.google.com/"
"","bladz","https://www.google.com/"
"","b-lagoon","https://www.google.com/"
"","blagoticone","https://www.google.com/"
"","blaguesdroles","https://www.google.com/"
"","blaguesexy","https://www.google.com/"
"","blaguesflash","https://www.google.com/"
"","blagues","https://www.google.com/"
"","blagueurs","https://www.google.com/"
"","blague-video","https://www.google.com/"
"","blairbitch2","https://www.google.com/"
"","blairsauna","https://www.google.com/"
"","blakberry","https://www.google.com/"
"","blakelogan","https://www.google.com/"
"","blakemason","https://www.google.com/"
"","blakemitchell","https://www.google.com/"
"","blakeroseblog","https://www.google.com/"
"","blakersjapan","https://www.google.com/"
"","blakkfrogg","https://www.google.com/"
"","bl","https://www.google.com/"
"","blankaslegs","https://www.google.com/"
"","blanke-fotze","https://www.google.com/"
"","blankepussy","https://www.google.com/"
"","blankesabels","https://www.google.com/"
"","blank-rasiert","https://www.google.com/"
"","blankslate","https://www.google.com/"
"","blaporn","https://www.google.com/"
"","blasbox","https://www.google.com/"
"","blasebilder","https://www.google.com/"
"","blasen","https://www.google.com/"
"","blasen-bumsen","https://www.google.com/"
"","blasencams","https://www.google.com/"
"","blasen-live","https://www.google.com/"
"","blasen-und-analsex","https://www.google.com/"
"","blasen-und-lecken","https://www.google.com/"
"","blaskonzert","https://www.google.com/"
"","blasluder","https://www.google.com/"
"","blasmaschine","https://www.google.com/"
"","blasmaul","https://www.google.com/"
"","blast21","https://www.google.com/"
"","blastedhardcore","https://www.google.com/"
"","blastentertainment","https://www.google.com/"
"","blastertube","https://www.google.com/"
"","blastoff","https://www.google.com/"
"","blatex","https://www.google.com/"
"","blatino","https://www.google.com/"
"","blatinostuds","https://www.google.com/"
"","blatinoworld","https://www.google.com/"
"","blauelagune-nk","https://www.google.com/"
"","blauweogen","https://www.google.com/"
"","blauwepanter","https://www.google.com/"
"","blaxxxploitation","https://www.google.com/"
"","blazedup","https://www.google.com/"
"","blazenhotphonesex","https://www.google.com/"
"","blazevideo","https://www.google.com/"
"","blazin420","https://www.google.com/"
"","blazingbucks","https://www.google.com/"
"","blazinghotporn","https://www.google.com/"
"","blazinglink","https://www.google.com/"
"","blazingporn","https://www.google.com/"
"","blazingpornstars","https://www.google.com/"
"","blazingsex","https://www.google.com/"
"","blazinpunani","https://www.google.com/"
"","blboys","https://www.google.com/"
"","blboyslive","https://www.google.com/"
"","blboystube","https://www.google.com/"
"","bleacheatingfreaks","https://www.google.com/"
"","bleacherbitches","https://www.google.com/"
"","bleach-hentai-blog","https://www.google.com/"
"","bleach-hentai","https://www.google.com/"
