"﻿""id""","read","recommended"
"","comics3dporn","https://www.google.com/"
"","comicsandtoons","https://www.google.com/"
"","comicsavenue","https://www.google.com/"
"","comicsband","https://www.google.com/"
"","comicsbb","https://www.google.com/"
"","comicsbookonline","https://www.google.com/"
"","comic-s","https://www.google.com/"
"","comicsdatabase","https://www.google.com/"
"","comic-sex","https://www.google.com/"
"","comicsex","https://www.google.com/"
"","comicsextoon","https://www.google.com/"
"","comicsheap","https://www.google.com/"
"","comicshentai","https://www.google.com/"
"","comicshouse","https://www.google.com/"
"","comicslibrary","https://www.google.com/"
"","comics-line","https://www.google.com/"
"","comicsmanga","https://www.google.com/"
"","comics-mania","https://www.google.com/"
"","comicsmania","https://www.google.com/"
"","comicsoid","https://www.google.com/"
"","comicsorgy","https://www.google.com/"
"","comicsparty","https://www.google.com/"
"","comics-porn","https://www.google.com/"
"","comicsporn","https://www.google.com/"
"","comicsporno","https://www.google.com/"
"","comicspornohentai","https://www.google.com/"
"","comicsporns","https://www.google.com/"
"","comicssexy","https://www.google.com/"
"","comicstash","https://www.google.com/"
"","comicstorture","https://www.google.com/"
"","comicstv","https://www.google.com/"
"","comicsxd","https://www.google.com/"
"","comicsxxx","https://www.google.com/"
"","comics-xxx","https://www.google.com/"
"","comicsxxxgratis","https://www.google.com/"
"","comicunivers","https://www.google.com/"
"","comicxx","https://www.google.com/"
"","comida-rapida","https://www.google.com/"
"","comihon","https://www.google.com/"
"","comikzone","https://www.google.com/"
"","comingattraction","https://www.google.com/"
"","cominout","https://www.google.com/"
"","comixnetwork","https://www.google.com/"
"","comix-pic","https://www.google.com/"
"","comix-porn","https://www.google.com/"
"","comixporn","https://www.google.com/"
"","comixtop","https://www.google.com/"
"","comixx","https://www.google.com/"
"","comixxx","https://www.google.com/"
"","comix-zone","https://www.google.com/"
"","comlivejasmin","https://www.google.com/"
"","commandersophie","https://www.google.com/"
"","commanderspank","https://www.google.com/"
"","commando-cams","https://www.google.com/"
"","comme-des-anges","https://www.google.com/"
"","commedesanges","https://www.google.com/"
"","commedesfuckdown","https://www.google.com/"
"","commencamarche","https://www.google.com/"
"","commentfairelamour","https://www.google.com/"
"","comment-faire","https://www.google.com/"
"","commentfaireunefellation","https://www.google.com/"
"","commentseduire","https://www.google.com/"
"","commevous","https://www.google.com/"
"","com-models","https://www.google.com/"
"","commongirls","https://www.google.com/"
"","commonsensual","https://www.google.com/"
"","communities","https://www.google.com/"
"","communities-magazine","https://www.google.com/"
"","communityadult","https://www.google.com/"
"","communityerotica","https://www.google.com/"
"","communitykink","https://www.google.com/"
"","communitysan","https://www.google.com/"
"","communitysexy","https://www.google.com/"
"","communitywirelesssummit","https://www.google.com/"
"","comni","https://www.google.com/"
"","comnudity","https://www.google.com/"
"","comodo","https://www.google.com/"
"","com-o","https://www.google.com/"
"","comomasturbarse","https://www.google.com/"
"","comonline","https://www.google.com/"
"","comosemasturbar","https://www.google.com/"
"","compagniadellafortezza","https://www.google.com/"
"","compagnie","https://www.google.com/"
"","companioncam","https://www.google.com/"
"","companion-deluxe","https://www.google.com/"
"","companion-escortmoscow","https://www.google.com/"
"","companionsescortsca","https://www.google.com/"
"","companionstars","https://www.google.com/"
"","companymen","https://www.google.com/"
"","comparateur-plaisir","https://www.google.com/"
"","comparateur-rencontre","https://www.google.com/"
"","compatiblepoker","https://www.google.com/"
"","competitiveenterprisestv","https://www.google.com/"
"","compics","https://www.google.com/"
"","compiegne-rencontres","https://www.google.com/"
"","compilationx","https://www.google.com/"
"","completeamateur","https://www.google.com/"
"","completelyconsumed","https://www.google.com/"
"","completelyfreeporn","https://www.google.com/"
"","completelyfreesex","https://www.google.com/"
