"﻿""id""","read","recommended"
"","escortboys","https://www.google.com/"
"","escort-branchenbuch","https://www.google.com/"
"","escortbriljan","https://www.google.com/"
"","escortbriljant","https://www.google.com/"
"","escortbristol","https://www.google.com/"
"","escort-bucharest","https://www.google.com/"
"","escortbureau","https://www.google.com/"
"","escort-callgirl","https://www.google.com/"
"","escortcash","https://www.google.com/"
"","escortcentrum","https://www.google.com/"
"","escortcharts","https://www.google.com/"
"","escortchat","https://www.google.com/"
"","escortchennai","https://www.google.com/"
"","escortchicas","https://www.google.com/"
"","escortchics","https://www.google.com/"
"","escort-cindy","https://www.google.com/"
"","escortcircle","https://www.google.com/"
"","escortclicks","https://www.google.com/"
"","escort-club","https://www.google.com/"
"","escort-club-essen","https://www.google.com/"
"","escortcollegegirls","https://www.google.com/"
"","escortcommunity","https://www.google.com/"
"","escortcompany","https://www.google.com/"
"","escort-concorden","https://www.google.com/"
"","escortconnections","https://www.google.com/"
"","escortcontacten","https://www.google.com/"
"","escort-cpc","https://www.google.com/"
"","escortdaddy","https://www.google.com/"
"","escort-dame","https://www.google.com/"
"","escort-dames","https://www.google.com/"
"","escortdatabank","https://www.google.com/"
"","escortdate","https://www.google.com/"
"","escort-date","https://www.google.com/"
"","escortdates","https://www.google.com/"
"","escortdating","https://www.google.com/"
"","escort-dating","https://www.google.com/"
"","escortdatingservice","https://www.google.com/"
"","escortdatingsites","https://www.google.com/"
"","escortdb","https://www.google.com/"
"","escortdelujo","https://www.google.com/"
"","escort-deluxe","https://www.google.com/"
"","escortdesigners","https://www.google.com/"
"","escort-desire","https://www.google.com/"
"","escortdesire","https://www.google.com/"
"","escortdial","https://www.google.com/"
"","escortdiamonds","https://www.google.com/"
"","escort-direct","https://www.google.com/"
"","escortdirectories","https://www.google.com/"
"","escortdirectory","https://www.google.com/"
"","escort-directory","https://www.google.com/"
"","escortdirectory-uk","https://www.google.com/"
"","escortdistrict","https://www.google.com/"
"","escortdiva","https://www.google.com/"
"","escortdivky","https://www.google.com/"
"","escortdollars","https://www.google.com/"
"","escorteam","https://www.google.com/"
"","escortedames","https://www.google.com/"
"","escortedelux","https://www.google.com/"
"","escort-eden","https://www.google.com/"
"","escortefrance","https://www.google.com/"
"","escorte-girl","https://www.google.com/"
"","escortegirl","https://www.google.com/"
"","escorteindhoven","https://www.google.com/"
"","escortemeisjes","https://www.google.com/"
"","escortemporium","https://www.google.com/"
"","escorteneuken","https://www.google.com/"
"","escort-england","https://www.google.com/"
"","escorten","https://www.google.com/"
"","escort-en-privedames","https://www.google.com/"
"","escortenprive","https://www.google.com/"
"","escortenpriveontvangst","https://www.google.com/"
"","escortenvinden","https://www.google.com/"
"","escort-enz","https://www.google.com/"
"","escortera","https://www.google.com/"
"","escort-erotica","https://www.google.com/"
"","escort-erotic","https://www.google.com/"
"","escortes-de-france","https://www.google.com/"
"","escorte","https://www.google.com/"
"","escortesexy","https://www.google.com/"
"","escorteurope","https://www.google.com/"
"","escort-europe-vip","https://www.google.com/"
"","escorteweb","https://www.google.com/"
"","escortexchange","https://www.google.com/"
"","escortexclusiv","https://www.google.com/"
"","escortex","https://www.google.com/"
"","escort-exklusiv","https://www.google.com/"
"","escortexposure","https://www.google.com/"
"","escort-express","https://www.google.com/"
"","escortextra","https://www.google.com/"
"","escortfantasy","https://www.google.com/"
"","escortfiles","https://www.google.com/"
"","escortfinderaustralia","https://www.google.com/"
"","escortfirm","https://www.google.com/"
"","escortflirt","https://www.google.com/"
"","escortforum","https://www.google.com/"
"","escortfotos","https://www.google.com/"
"","escort-france","https://www.google.com/"
"","escortfrance","https://www.google.com/"
"","escortfrankfurt","https://www.google.com/"
"","escort-frauen","https://www.google.com/"
