"﻿""id""","read","recommended"
"","bbw-library","https://www.google.com/"
"","bbwlibrary","https://www.google.com/"
"","bbwline","https://www.google.com/"
"","bbwlivecam","https://www.google.com/"
"","bbwloop","https://www.google.com/"
"","bbw-love","https://www.google.com/"
"","bbwlovers","https://www.google.com/"
"","bbwlovesearch","https://www.google.com/"
"","bbwlovetube","https://www.google.com/"
"","bbwlunalove","https://www.google.com/"
"","bbwlylaeverwettt","https://www.google.com/"
"","bbwmatchmate","https://www.google.com/"
"","bbwmature","https://www.google.com/"
"","bbwmax","https://www.google.com/"
"","bbwmegatube","https://www.google.com/"
"","bbw-milf","https://www.google.com/"
"","bbw-milf-tube","https://www.google.com/"
"","bbwmilftube","https://www.google.com/"
"","bbw-mistresses","https://www.google.com/"
"","bbwmix","https://www.google.com/"
"","bbwmonster","https://www.google.com/"
"","bbwmovies","https://www.google.com/"
"","bbwmoviezz","https://www.google.com/"
"","bbw-mpegs","https://www.google.com/"
"","bbwnakedgirls","https://www.google.com/"
"","bbwnegro","https://www.google.com/"
"","bbwnetwork","https://www.google.com/"
"","bbwnfat","https://www.google.com/"
"","bbwnow","https://www.google.com/"
"","bbw-nude","https://www.google.com/"
"","bbwnude","https://www.google.com/"
"","bbwnudepics","https://www.google.com/"
"","bbwnudetube","https://www.google.com/"
"","bbwnudist","https://www.google.com/"
"","bbw-online","https://www.google.com/"
"","bbwonline","https://www.google.com/"
"","b-b-w","https://www.google.com/"
"","bbworgasms","https://www.google.com/"
"","bbworgies","https://www.google.com/"
"","bbwpantyhose","https://www.google.com/"
"","bbw-passion","https://www.google.com/"
"","bbwpayperminute","https://www.google.com/"
"","bbwpayperview","https://www.google.com/"
"","bbwpedia","https://www.google.com/"
"","bbwpersonals","https://www.google.com/"
"","bbwpersonalsplus","https://www.google.com/"
"","bbwphonesexcalls","https://www.google.com/"
"","bbw-phonesex","https://www.google.com/"
"","bbwphonesexfreaks","https://www.google.com/"
"","bbwphonesexgirl","https://www.google.com/"
"","bbwphonesexgirls","https://www.google.com/"
"","bbwphonesluts","https://www.google.com/"
"","bbw-photo","https://www.google.com/"
"","bbwpickup","https://www.google.com/"
"","bbwpic","https://www.google.com/"
"","bbwpicpost","https://www.google.com/"
"","bbwpics","https://www.google.com/"
"","bbw-pics","https://www.google.com/"
"","bbw-picture","https://www.google.com/"
"","bbw-pictures","https://www.google.com/"
"","bbwpictures","https://www.google.com/"
"","bbwplace","https://www.google.com/"
"","bbwplaymate","https://www.google.com/"
"","bbwpleasuredome","https://www.google.com/"
"","bbwplumpersex","https://www.google.com/"
"","bbwplumpgirls","https://www.google.com/"
"","bbw-porn","https://www.google.com/"
"","bbwpornblog","https://www.google.com/"
"","bbwpornclips","https://www.google.com/"
"","bbw--porn","https://www.google.com/"
"","bbwpornfilm","https://www.google.com/"
"","bbwporngalls","https://www.google.com/"
"","bbwpornhd","https://www.google.com/"
"","bbwpornhub","https://www.google.com/"
"","bbwporn","https://www.google.com/"
"","bbw-porn-lovers","https://www.google.com/"
"","bbw-porn-movies","https://www.google.com/"
"","bbwpornmovs","https://www.google.com/"
"","bbwpornmpegs","https://www.google.com/"
"","bbw-porno","https://www.google.com/"
"","bbwporno","https://www.google.com/"
"","bbwpornography","https://www.google.com/"
"","bbwpornomovies","https://www.google.com/"
"","bbwpornpics","https://www.google.com/"
"","bbwpornpictures","https://www.google.com/"
"","bbwpornsex","https://www.google.com/"
"","bbw-porn-site","https://www.google.com/"
"","bbwporntgp","https://www.google.com/"
"","bbw-porn-tube","https://www.google.com/"
"","bbwporntubex","https://www.google.com/"
"","bbwporntv","https://www.google.com/"
"","bbwpornx","https://www.google.com/"
"","bbwpornz","https://www.google.com/"
"","bbwpost","https://www.google.com/"
"","bbwpower","https://www.google.com/"
"","bbwprincessmary","https://www.google.com/"
"","bbwprivate","https://www.google.com/"
"","bbwpussytube","https://www.google.com/"
"","bbwqueens","https://www.google.com/"
"","bbwreality","https://www.google.com/"
