"﻿""id""","read","recommended"
"","aza-movies","https://www.google.com/"
"","azarbani","https://www.google.com/"
"","azatube","https://www.google.com/"
"","azautoinst","https://www.google.com/"
"","azbabes","https://www.google.com/"
"","azbc","https://www.google.com/"
"","azblowjobtube","https://www.google.com/"
"","azbnk","https://www.google.com/"
"","azbukasexa","https://www.google.com/"
"","azcelebritytube","https://www.google.com/"
"","azcharme","https://www.google.com/"
"","azcrazy","https://www.google.com/"
"","azdirici","https://www.google.com/"
"","azds","https://www.google.com/"
"","azebar","https://www.google.com/"
"","azerbros","https://www.google.com/"
"","azerisex","https://www.google.com/"
"","azermilfblog","https://www.google.com/"
"","azermilf","https://www.google.com/"
"","azermilfmovies","https://www.google.com/"
"","azerothica","https://www.google.com/"
"","azgals","https://www.google.com/"
"","azhentai","https://www.google.com/"
"","azhotporn","https://www.google.com/"
"","az-hotties","https://www.google.com/"
"","aziangals","https://www.google.com/"
"","aziani","https://www.google.com/"
"","azianigirls","https://www.google.com/"
"","azianigold","https://www.google.com/"
"","azianiiron","https://www.google.com/"
"","azianimodels","https://www.google.com/"
"","azianixposed","https://www.google.com/"
"","azianvidz","https://www.google.com/"
"","aziatische","https://www.google.com/"
"","aziatischesex","https://www.google.com/"
"","aziatki-porno","https://www.google.com/"
"","aziende-web","https://www.google.com/"
"","azimuthmovies","https://www.google.com/"
"","aziza","https://www.google.com/"
"","azjatki","https://www.google.com/"
"","azkempire","https://www.google.com/"
"","azleaantistia","https://www.google.com/"
"","azleaantistiaxxx","https://www.google.com/"
"","azlea","https://www.google.com/"
"","az-lingerie","https://www.google.com/"
"","azmedisoft","https://www.google.com/"
"","azncams","https://www.google.com/"
"","azncommunity","https://www.google.com/"
"","aznmale","https://www.google.com/"
"","aznmovies","https://www.google.com/"
"","aznudecelebs","https://www.google.com/"
"","aznude","https://www.google.com/"
"","aznudedudes","https://www.google.com/"
"","aznudes","https://www.google.com/"
"","aznultra","https://www.google.com/"
"","azo1","https://www.google.com/"
"","azo3","https://www.google.com/"
"","a-z-porn","https://www.google.com/"
"","azporncomics","https://www.google.com/"
"","a-z-pornostars","https://www.google.com/"
"","a-z-pornstars","https://www.google.com/"
"","azpornvideos","https://www.google.com/"
"","azrencontres","https://www.google.com/"
"","az","https://www.google.com/"
"","azsemt","https://www.google.com/"
"","az-sexe","https://www.google.com/"
"","azsexoffender","https://www.google.com/"
"","aztecaporno","https://www.google.com/"
"","aztecapornogratis","https://www.google.com/"
"","aztecrichescasino","https://www.google.com/"
"","a-z-telefonsex","https://www.google.com/"
"","aztepajas","https://www.google.com/"
"","aztgp","https://www.google.com/"
"","aztrx","https://www.google.com/"
"","azubine","https://www.google.com/"
"","azumifans","https://www.google.com/"
"","azurablue","https://www.google.com/"
"","azureblue","https://www.google.com/"
"","azurecash","https://www.google.com/"
"","azuremodels","https://www.google.com/"
"","azurus","https://www.google.com/"
"","azvids","https://www.google.com/"
"","azwad","https://www.google.com/"
"","azxxl","https://www.google.com/"
"","az-xxx","https://www.google.com/"
"","azxxx","https://www.google.com/"
"","azxxxporn","https://www.google.com/"
"","azzerz","https://www.google.com/"
"","azziana","https://www.google.com/"
"","azz-overload","https://www.google.com/"
"","azzporn","https://www.google.com/"
"","azzuma","https://www.google.com/"
"","azzurratopclass","https://www.google.com/"
"","azz","https://www.google.com/"
"","azzvidz","https://www.google.com/"
"","azzweb","https://www.google.com/"
"","b00ty","https://www.google.com/"
"","b0q","https://www.google.com/"
"","b10f","https://www.google.com/"
"","b13","https://www.google.com/"
