"﻿""id""","read","recommended"
"","bitchwatch","https://www.google.com/"
"","bitchwives","https://www.google.com/"
"","bitchworship","https://www.google.com/"
"","bitchybeauties","https://www.google.com/"
"","bitchybeauty","https://www.google.com/"
"","bitchy-boss","https://www.google.com/"
"","bitchy","https://www.google.com/"
"","bitchyfemdom","https://www.google.com/"
"","bitchy-girls","https://www.google.com/"
"","bitchyourfamous","https://www.google.com/"
"","bitchypoo","https://www.google.com/"
"","bitchyporn","https://www.google.com/"
"","bitchzez","https://www.google.com/"
"","bitcoinporn","https://www.google.com/"
"","bitcomet","https://www.google.com/"
"","bitdig","https://www.google.com/"
"","bite-back","https://www.google.com/"
"","bitebang","https://www.google.com/"
"","bitecul","https://www.google.com/"
"","bite-dressee","https://www.google.com/"
"","biteenbeton","https://www.google.com/"
"","bi-teen","https://www.google.com/"
"","bi-teens","https://www.google.com/"
"","bite-gay","https://www.google.com/"
"","biteland","https://www.google.com/"
"","bitelasvegas","https://www.google.com/"
"","bitenova","https://www.google.com/"
"","bite","https://www.google.com/"
"","bites","https://www.google.com/"
"","bitesxxl","https://www.google.com/"
"","bitetheass","https://www.google.com/"
"","bitethebrown","https://www.google.com/"
"","bitethis","https://www.google.com/"
"","bitgags","https://www.google.com/"
"","bi-the-way","https://www.google.com/"
"","bitingsatire","https://www.google.com/"
"","bitlover","https://www.google.com/"
"","bitoffun","https://www.google.com/"
"","bitofsex","https://www.google.com/"
"","bitoku","https://www.google.com/"
"","bitporno","https://www.google.com/"
"","bitrios","https://www.google.com/"
"","bitroll","https://www.google.com/"
"","bitshare","https://www.google.com/"
"","bitteficken","https://www.google.com/"
"","bitte-jetzt-poppen","https://www.google.com/"
"","bitte-poppen","https://www.google.com/"
"","bitterhoney","https://www.google.com/"
"","bitterness","https://www.google.com/"
"","bitterslut","https://www.google.com/"
"","bittiebucks","https://www.google.com/"
"","bittorrent","https://www.google.com/"
"","bit-torrent","https://www.google.com/"
"","bitubes","https://www.google.com/"
"","biurokredytowe","https://www.google.com/"
"","bivixencam","https://www.google.com/"
"","biweb","https://www.google.com/"
"","bi-welcome","https://www.google.com/"
"","biwife","https://www.google.com/"
"","biwitched","https://www.google.com/"
"","biwivesclub","https://www.google.com/"
"","biwives","https://www.google.com/"
"","biwomenseeking","https://www.google.com/"
"","biwot","https://www.google.com/"
"","biz19","https://www.google.com/"
"","biza","https://www.google.com/"
"","bizadulte","https://www.google.com/"
"","biz-adultes","https://www.google.com/"
"","bizarcentral","https://www.google.com/"
"","bizar","https://www.google.com/"
"","bizarextreem","https://www.google.com/"
"","bizarfetish","https://www.google.com/"
"","bizar-fisting","https://www.google.com/"
"","bizar-insertions","https://www.google.com/"
"","bizarinstituut","https://www.google.com/"
"","bizarix","https://www.google.com/"
"","bizarmolly","https://www.google.com/"
"","bizarpicpost","https://www.google.com/"
"","bizarradies","https://www.google.com/"
"","bizarrbanner","https://www.google.com/"
"","bizarr-bdsm","https://www.google.com/"
"","bizarrblog","https://www.google.com/"
"","bizarr-cams","https://www.google.com/"
"","bizarrcams","https://www.google.com/"
"","bizarr","https://www.google.com/"
"","bizarrclub","https://www.google.com/"
"","bizarr-club","https://www.google.com/"
"","bizarr-date","https://www.google.com/"
"","bizarr-dates","https://www.google.com/"
"","bizarrdates","https://www.google.com/"
"","bizarre100","https://www.google.com/"
"","bizarreabyss","https://www.google.com/"
"","bizarreadult","https://www.google.com/"
"","bizarre-amateurs","https://www.google.com/"
"","bizarreamputation","https://www.google.com/"
"","bizarreamputee","https://www.google.com/"
"","bizarreanimalfuck","https://www.google.com/"
"","bizarreanimalsex","https://www.google.com/"
"","bizarrebazaar","https://www.google.com/"
"","bizarrebestiality","https://www.google.com/"
