"﻿""id""","read","recommended"
"","amateurboobtubelive","https://www.google.com/"
"","amateurbook","https://www.google.com/"
"","amateurbookmark","https://www.google.com/"
"","amateurbound","https://www.google.com/"
"","amateurbox","https://www.google.com/"
"","amateurboy","https://www.google.com/"
"","amateurboyfriend","https://www.google.com/"
"","amateur-boy-porn","https://www.google.com/"
"","amateurboyscams","https://www.google.com/"
"","amateurboys","https://www.google.com/"
"","amateurboysex","https://www.google.com/"
"","amateurboyslive","https://www.google.com/"
"","amateurboysnude","https://www.google.com/"
"","amateurboyz","https://www.google.com/"
"","amateurbrapics","https://www.google.com/"
"","amateurbrazil","https://www.google.com/"
"","amateurbritishhousewives","https://www.google.com/"
"","amateurbritishporn","https://www.google.com/"
"","amateurbrits","https://www.google.com/"
"","amateurbuffet","https://www.google.com/"
"","amateurbukkake","https://www.google.com/"
"","amateurbumps","https://www.google.com/"
"","amateurbusters","https://www.google.com/"
"","amateurbutt","https://www.google.com/"
"","amateurbuttholes","https://www.google.com/"
"","amateurbutts","https://www.google.com/"
"","amateurcafe","https://www.google.com/"
"","amateurcalientes","https://www.google.com/"
"","amateurcam4u","https://www.google.com/"
"","amateurcambabes","https://www.google.com/"
"","amateurcam","https://www.google.com/"
"","amateurcamchat","https://www.google.com/"
"","amateur-camclub","https://www.google.com/"
"","amateur-cam","https://www.google.com/"
"","amateurcamera","https://www.google.com/"
"","amateurcameras","https://www.google.com/"
"","amateur-camgirls","https://www.google.com/"
"","amateurcam-girls","https://www.google.com/"
"","amateurcamgirls","https://www.google.com/"
"","amateurcamhouse","https://www.google.com/"
"","amateurcamnetwork","https://www.google.com/"
"","amateurcams24","https://www.google.com/"
"","amateurcams-69","https://www.google.com/"
"","amateurcams","https://www.google.com/"
"","amateurcamsex24","https://www.google.com/"
"","amateurcamsex","https://www.google.com/"
"","amateurcamshows","https://www.google.com/"
"","amateurcamsluts","https://www.google.com/"
"","amateur-cams","https://www.google.com/"
"","amateurcams-user","https://www.google.com/"
"","amateurcamweb","https://www.google.com/"
"","amateurcamwhores","https://www.google.com/"
"","amateurcamz","https://www.google.com/"
"","amateurcanada","https://www.google.com/"
"","amateurcanadiangirls","https://www.google.com/"
"","amateurcastingcall","https://www.google.com/"
"","amateurcastle","https://www.google.com/"
"","amateurcat","https://www.google.com/"
"","amateurcave","https://www.google.com/"
"","amateurcfnm","https://www.google.com/"
"","amateurchantal","https://www.google.com/"
"","amateurcharm","https://www.google.com/"
"","amateurcharms","https://www.google.com/"
"","amateurchat","https://www.google.com/"
"","amateur-chat","https://www.google.com/"
"","amateur-chats","https://www.google.com/"
"","amateurchats","https://www.google.com/"
"","amateurchickstube","https://www.google.com/"
"","amateurchickz","https://www.google.com/"
"","amateurchix","https://www.google.com/"
"","amateurchixxx","https://www.google.com/"
"","amateurcinema","https://www.google.com/"
"","amateurcities","https://www.google.com/"
"","amateurcity","https://www.google.com/"
"","amateurcj","https://www.google.com/"
"","amateurclan","https://www.google.com/"
"","amateurclick","https://www.google.com/"
"","amateur-clip","https://www.google.com/"
"","amateurclipsonline","https://www.google.com/"
"","amateurclipz","https://www.google.com/"
"","amateurclit","https://www.google.com/"
"","amateurclits","https://www.google.com/"
"","amateurclubporn","https://www.google.com/"
"","amateurclub","https://www.google.com/"
"","amateurcocksucker","https://www.google.com/"
"","amateurcocksucking","https://www.google.com/"
"","amateur-coeds","https://www.google.com/"
"","amateur-collection","https://www.google.com/"
"","amateurcollegecoeds","https://www.google.com/"
"","amateurcollege","https://www.google.com/"
"","amateurcollegemen","https://www.google.com/"
"","amateur-college-pics","https://www.google.com/"
"","amateurcollegepussy","https://www.google.com/"
"","amateurcollegesex","https://www.google.com/"
"","amateurcommunity-18","https://www.google.com/"
"","amateur-community24","https://www.google.com/"
"","amateurcommunity","https://www.google.com/"
"","amateurcommunitys","https://www.google.com/"
"","amateur-community","https://www.google.com/"
"","amateurcomunity","https://www.google.com/"
