"﻿""id""","read","recommended"
"","hgclub-movies","https://www.google.com/"
"","hgdcongress","https://www.google.com/"
"","hg-leathercreations","https://www.google.com/"
"","hgmo","https://www.google.com/"
"","hg","https://www.google.com/"
"","hgxxx","https://www.google.com/"
"","hhaaiirryy","https://www.google.com/"
"","hh-deerns","https://www.google.com/"
"","hhdeerns","https://www.google.com/"
"","hhentai","https://www.google.com/"
"","hhforum","https://www.google.com/"
"","hhg","https://www.google.com/"
"","hhhhhh","https://www.google.com/"
"","hhjcc","https://www.google.com/"
"","hhlooks","https://www.google.com/"
"","hh","https://www.google.com/"
"","hhoneys","https://www.google.com/"
"","hhorny","https://www.google.com/"
"","hh-sex","https://www.google.com/"
"","hhsex","https://www.google.com/"
"","hhslap","https://www.google.com/"
"","hhslut","https://www.google.com/"
"","hi5","https://www.google.com/"
"","hi99","https://www.google.com/"
"","hiasianporn","https://www.google.com/"
"","hibasex","https://www.google.com/"
"","hibbli3d","https://www.google.com/"
"","hiboobs","https://www.google.com/"
"","hic","https://www.google.com/"
"","hicelebs","https://www.google.com/"
"","hicksphoto","https://www.google.com/"
"","hicksphotos","https://www.google.com/"
"","hiddenamateur","https://www.google.com/"
"","hiddenamateurs","https://www.google.com/"
"","hiddencam","https://www.google.com/"
"","hidden-camera","https://www.google.com/"
"","hiddencamera","https://www.google.com/"
"","hiddencameradressingroom","https://www.google.com/"
"","hidden-camera-masturbation","https://www.google.com/"
"","hiddencameraporn","https://www.google.com/"
"","hiddencameras","https://www.google.com/"
"","hiddencameratapes","https://www.google.com/"
"","hiddencamhospital","https://www.google.com/"
"","hiddencamporntube","https://www.google.com/"
"","hiddencam-portal","https://www.google.com/"
"","hiddencams","https://www.google.com/"
"","hiddencamsex","https://www.google.com/"
"","hiddencamsfree","https://www.google.com/"
"","hiddencamshots","https://www.google.com/"
"","hiddencamsluts","https://www.google.com/"
"","hiddencamsporn","https://www.google.com/"
"","hiddencamsvideo","https://www.google.com/"
"","hiddencastle","https://www.google.com/"
"","hiddencelebs","https://www.google.com/"
"","hiddencinema","https://www.google.com/"
"","hiddendelites","https://www.google.com/"
"","hiddendoor","https://www.google.com/"
"","hiddeneyes","https://www.google.com/"
"","hiddenfreeporn","https://www.google.com/"
"","hiddenfuck","https://www.google.com/"
"","hiddengaycams","https://www.google.com/"
"","hiddenhomemade","https://www.google.com/"
"","hidden-incest","https://www.google.com/"
"","hiddenjav","https://www.google.com/"
"","hidden-layers","https://www.google.com/"
"","hiddenpics","https://www.google.com/"
"","hiddenpics","https://www.google.com/"
"","hidden-pissing","https://www.google.com/"
"","hiddenpix","https://www.google.com/"
"","hiddenpleasure","https://www.google.com/"
"","hiddenpleasures","https://www.google.com/"
"","hiddenporn","https://www.google.com/"
"","hidden-porno","https://www.google.com/"
"","hiddensexcam","https://www.google.com/"
"","hidden-sex-cam","https://www.google.com/"
"","hiddensexcameras","https://www.google.com/"
"","hiddensexspy","https://www.google.com/"
"","hidden-showers","https://www.google.com/"
"","hiddenspycamerasex","https://www.google.com/"
"","hiddentop","https://www.google.com/"
"","hiddenvideos","https://www.google.com/"
"","hiddenvoyeur","https://www.google.com/"
"","hiddenvoyeurporn","https://www.google.com/"
"","hiddenvoyeurspy","https://www.google.com/"
"","hiddenwebcam","https://www.google.com/"
"","hiddenwebcams","https://www.google.com/"
"","hidden-zone","https://www.google.com/"
"","hiddnewife","https://www.google.com/"
"","hidebehind","https://www.google.com/"
"","hidefporn","https://www.google.com/"
"","hidefspanking","https://www.google.com/"
"","hidenylons","https://www.google.com/"
"","hidollshop","https://www.google.com/"
"","hidporn","https://www.google.com/"
"","hidwin","https://www.google.com/"
"","hierbegintporno","https://www.google.com/"
"","hiere","https://www.google.com/"
"","hierishetgeil","https://www.google.com/"
"","hierkomjesnel","https://www.google.com/"
"","hierotic","https://www.google.com/"
