"﻿""id""","read","recommended"
"","broslingerie","https://www.google.com/"
"","brosmatures","https://www.google.com/"
"","brosmilfs","https://www.google.com/"
"","brosmovs","https://www.google.com/"
"","brosome","https://www.google.com/"
"","brosteens","https://www.google.com/"
"","brostoons","https://www.google.com/"
"","brostube","https://www.google.com/"
"","brothalovers","https://www.google.com/"
"","brothasfuckteens","https://www.google.com/"
"","brothelangelsladies","https://www.google.com/"
"","brothelcams","https://www.google.com/"
"","brothel-guide","https://www.google.com/"
"","brothels","https://www.google.com/"
"","brothelsexguide","https://www.google.com/"
"","brothercrush","https://www.google.com/"
"","brotherdick","https://www.google.com/"
"","brotherlover","https://www.google.com/"
"","brothersincash","https://www.google.com/"
"","brothersisterincest","https://www.google.com/"
"","brothersisterincestphonesex","https://www.google.com/"
"","brothersistersex","https://www.google.com/"
"","brotherslive","https://www.google.com/"
"","brothers","https://www.google.com/"
"","brothersstudio","https://www.google.com/"
"","brotherundercover","https://www.google.com/"
"","brotobro","https://www.google.com/"
"","brotube","https://www.google.com/"
"","brotuber","https://www.google.com/"
"","brovning","https://www.google.com/"
"","brownass","https://www.google.com/"
"","brownbabes","https://www.google.com/"
"","brownbodies","https://www.google.com/"
"","brownbottle","https://www.google.com/"
"","brownbucks","https://www.google.com/"
"","brown-bunnies","https://www.google.com/"
"","brownbunnies","https://www.google.com/"
"","brownclipz","https://www.google.com/"
"","browneye","https://www.google.com/"
"","brown-fetish","https://www.google.com/"
"","brownflowers","https://www.google.com/"
"","brownhairgirls","https://www.google.com/"
"","brownlove","https://www.google.com/"
"","brownmaids","https://www.google.com/"
"","brownporntube","https://www.google.com/"
"","brownpuma","https://www.google.com/"
"","brownsugarsluts","https://www.google.com/"
"","brownthumbs","https://www.google.com/"
"","browseaway","https://www.google.com/"
"","browsebitches","https://www.google.com/"
"","browserwelt","https://www.google.com/"
"","browsex","https://www.google.com/"
"","browsin4sex","https://www.google.com/"
"","broxxx","https://www.google.com/"
"","brpass","https://www.google.com/"
"","brscash","https://www.google.com/"
"","brucecameronmusic","https://www.google.com/"
"","bruderundschwester","https://www.google.com/"
"","brudnyromans","https://www.google.com/"
"","brueste","https://www.google.com/"
"","bruisedandabused","https://www.google.com/"
"","brulante","https://www.google.com/"
"","brulantes","https://www.google.com/"
"","brullen","https://www.google.com/"
"","brummell","https://www.google.com/"
"","brunaporn","https://www.google.com/"
"","brunasurfistinha","https://www.google.com/"
"","brune","https://www.google.com/"
"","brunes-fatales","https://www.google.com/"
"","brunetki","https://www.google.com/"
"","brunetteangel","https://www.google.com/"
"","brunetteangels","https://www.google.com/"
"","brunettebattle","https://www.google.com/"
"","brunetteblowjobs","https://www.google.com/"
"","brunette","https://www.google.com/"
"","brunettefuckvideo","https://www.google.com/"
"","brunettemodels1","https://www.google.com/"
"","brunetteporno","https://www.google.com/"
"","brunetteregistry","https://www.google.com/"
"","brunettes4u","https://www.google.com/"
"","brunettes","https://www.google.com/"
"","brunettesexvideo","https://www.google.com/"
"","brunettesexvidz","https://www.google.com/"
"","brunettesexy","https://www.google.com/"
"","brunetteshavemorefun","https://www.google.com/"
"","brunetteslovedick","https://www.google.com/"
"","brunettesonly","https://www.google.com/"
"","brunetteteenblog","https://www.google.com/"
"","brunette-tube","https://www.google.com/"
"","brunettexxxmag","https://www.google.com/"
"","brunettexxxtubes","https://www.google.com/"
"","brunk","https://www.google.com/"
"","brunnette","https://www.google.com/"
"","brunob","https://www.google.com/"
"","brunobeast","https://www.google.com/"
"","brunobreloaded","https://www.google.com/"
"","brunogmuender","https://www.google.com/"
"","brunoymaria","https://www.google.com/"
"","brunst","https://www.google.com/"
"","brusselairline","https://www.google.com/"
