"﻿""id""","read","recommended"
"","celebgalls","https://www.google.com/"
"","celebgallsfree","https://www.google.com/"
"","celebgalz","https://www.google.com/"
"","celebgay","https://www.google.com/"
"","celebgeek","https://www.google.com/"
"","celebgifs","https://www.google.com/"
"","celebglitz","https://www.google.com/"
"","celebgonebad","https://www.google.com/"
"","celebgossipz","https://www.google.com/"
"","celebguru","https://www.google.com/"
"","celebhardcore","https://www.google.com/"
"","celebheat","https://www.google.com/"
"","celeb-heat","https://www.google.com/"
"","celebhentai","https://www.google.com/"
"","celebhoo","https://www.google.com/"
"","celebhotel","https://www.google.com/"
"","celeb-hotline","https://www.google.com/"
"","celebhotline","https://www.google.com/"
"","celebhotornot","https://www.google.com/"
"","celebhottie","https://www.google.com/"
"","celebhotties","https://www.google.com/"
"","celebhound","https://www.google.com/"
"","celebhunt","https://www.google.com/"
"","celebhype","https://www.google.com/"
"","celebimages","https://www.google.com/"
"","celebindex","https://www.google.com/"
"","celebios","https://www.google.com/"
"","celebirony","https://www.google.com/"
"","celebism","https://www.google.com/"
"","celebitchy","https://www.google.com/"
"","celebjihad","https://www.google.com/"
"","celebjuice","https://www.google.com/"
"","celebjunction","https://www.google.com/"
"","celebjunkie","https://www.google.com/"
"","celebkey","https://www.google.com/"
"","celebkings","https://www.google.com/"
"","celebkiss","https://www.google.com/"
"","celeblatinas","https://www.google.com/"
"","celeblaw","https://www.google.com/"
"","celeblink","https://www.google.com/"
"","celeblinks","https://www.google.com/"
"","celeblist","https://www.google.com/"
"","celeblite","https://www.google.com/"
"","celeblounge","https://www.google.com/"
"","celeblust","https://www.google.com/"
"","celeblux","https://www.google.com/"
"","celeblynx","https://www.google.com/"
"","celebmagic","https://www.google.com/"
"","celebmale","https://www.google.com/"
"","celebmales","https://www.google.com/"
"","celebmart","https://www.google.com/"
"","celebmasta","https://www.google.com/"
"","celebmaster","https://www.google.com/"
"","celebmatch","https://www.google.com/"
"","celebmatrix","https://www.google.com/"
"","celebmegasite","https://www.google.com/"
"","celebmen","https://www.google.com/"
"","celebmobile","https://www.google.com/"
"","celebmoney","https://www.google.com/"
"","celebmovie","https://www.google.com/"
"","celebmovies","https://www.google.com/"
"","celebnaked","https://www.google.com/"
"","celebnakedness","https://www.google.com/"
"","celebnation","https://www.google.com/"
"","celebnet","https://www.google.com/"
"","celeb-network","https://www.google.com/"
"","celebnewsonline","https://www.google.com/"
"","celebnewswire","https://www.google.com/"
"","celebnextdoor","https://www.google.com/"
"","celebnipples","https://www.google.com/"
"","celebnipslipblog","https://www.google.com/"
"","celeb-nude","https://www.google.com/"
"","celebnude","https://www.google.com/"
"","celebnudepics","https://www.google.com/"
"","celeb-nude-pictures","https://www.google.com/"
"","celebnudepix","https://www.google.com/"
"","celebnuder","https://www.google.com/"
"","celebnudesblog","https://www.google.com/"
"","celeb-nudes","https://www.google.com/"
"","celebnudes","https://www.google.com/"
"","celebnudesphotos","https://www.google.com/"
"","celebnudevideo","https://www.google.com/"
"","celebnudez","https://www.google.com/"
"","celeb-nudity","https://www.google.com/"
"","celebnudity","https://www.google.com/"
"","celeb-nues","https://www.google.com/"
"","celebnymphos","https://www.google.com/"
"","celebonly","https://www.google.com/"
"","celeb-oops","https://www.google.com/"
"","celebopedia","https://www.google.com/"
"","celeb-o-rama","https://www.google.com/"
"","celeborama","https://www.google.com/"
"","celebpalace","https://www.google.com/"
"","celebpaparatzi","https://www.google.com/"
"","celebpapers","https://www.google.com/"
"","celebparade","https://www.google.com/"
"","celebparasite","https://www.google.com/"
"","celebpay","https://www.google.com/"
"","celebpays","https://www.google.com/"
"","celebpecs","https://www.google.com/"
