"﻿""id""","read","recommended"
"","jmsp","https://www.google.com/"
"","jnkkorea","https://www.google.com/"
"","jnrc","https://www.google.com/"
"","jns-grp","https://www.google.com/"
"","joak","https://www.google.com/"
"","joanabliss","https://www.google.com/"
"","joana-redgrave","https://www.google.com/"
"","joanddavid","https://www.google.com/"
"","joanelloyd","https://www.google.com/"
"","joanieallum","https://www.google.com/"
"","joannaangelbucks","https://www.google.com/"
"","joannaangel","https://www.google.com/"
"","joannajet","https://www.google.com/"
"","joannalark","https://www.google.com/"
"","joannasdiary","https://www.google.com/"
"","joannathomas","https://www.google.com/"
"","joanwisecatfights","https://www.google.com/"
"","joanwiseclassics","https://www.google.com/"
"","joanwisetv","https://www.google.com/"
"","jobbienooner","https://www.google.com/"
"","jobbydealer","https://www.google.com/"
"","jobcar","https://www.google.com/"
"","jo-blog","https://www.google.com/"
"","job-passion","https://www.google.com/"
"","job-sexy","https://www.google.com/"
"","jobsinporn","https://www.google.com/"
"","jobsite","https://www.google.com/"
"","jobs-xxx","https://www.google.com/"
"","jobsympa","https://www.google.com/"
"","jocelynerobert","https://www.google.com/"
"","jocelyn-escort","https://www.google.com/"
"","jocie","https://www.google.com/"
"","jockboylocker","https://www.google.com/"
"","jockbutt","https://www.google.com/"
"","jockcash","https://www.google.com/"
"","jockchat","https://www.google.com/"
"","jockcum","https://www.google.com/"
"","jockdirectory","https://www.google.com/"
"","jockdorm","https://www.google.com/"
"","jockertube","https://www.google.com/"
"","jockgayporn","https://www.google.com/"
"","jocknights","https://www.google.com/"
"","jockornot","https://www.google.com/"
"","jockpayperview","https://www.google.com/"
"","jockpics","https://www.google.com/"
"","jocksbyrj","https://www.google.com/"
"","jockscocks","https://www.google.com/"
"","jocksinsocks","https://www.google.com/"
"","jocks-n-cocks","https://www.google.com/"
"","jocksonline","https://www.google.com/"
"","jocksstudios","https://www.google.com/"
"","jockstrapcentral","https://www.google.com/"
"","jockstrap","https://www.google.com/"
"","jock-strap","https://www.google.com/"
"","jockstrapping","https://www.google.com/"
"","jockstraps","https://www.google.com/"
"","jockuniversity","https://www.google.com/"
"","jockvideos","https://www.google.com/"
"","jocoboclips","https://www.google.com/"
"","jocobo","https://www.google.com/"
"","jocollins","https://www.google.com/"
"","jodete","https://www.google.com/"
"","jodic-forum","https://www.google.com/"
"","jodiegasson","https://www.google.com/"
"","jodiets","https://www.google.com/"
"","jodivine","https://www.google.com/"
"","jodiwest","https://www.google.com/"
"","jody","https://www.google.com/"
"","joebabes","https://www.google.com/"
"","joebosco","https://www.google.com/"
"","joebucks","https://www.google.com/"
"","joecoool","https://www.google.com/"
"","joed","https://www.google.com/"
"","joedonato","https://www.google.com/"
"","joegage","https://www.google.com/"
"","joegagemen","https://www.google.com/"
"","joeking","https://www.google.com/"
"","joeknowsgayporn","https://www.google.com/"
"","joelatex","https://www.google.com/"
"","joellebarros","https://www.google.com/"
"","joelseb","https://www.google.com/"
"","joelssalon","https://www.google.com/"
"","joepornstar","https://www.google.com/"
"","joepusher","https://www.google.com/"
"","joesboys","https://www.google.com/"
"","joeschmoevideos","https://www.google.com/"
"","joes-porn","https://www.google.com/"
"","joespornlinks","https://www.google.com/"
"","joespunk","https://www.google.com/"
"","joe-steel","https://www.google.com/"
"","joesteel","https://www.google.com/"
"","joethepervertblog","https://www.google.com/"
"","joethepervert","https://www.google.com/"
"","joethepornstar","https://www.google.com/"
"","joey","https://www.google.com/"
"","joeylee","https://www.google.com/"
"","joeyscuteclub","https://www.google.com/"
"","joeysilvera","https://www.google.com/"
"","joeysilveraporn","https://www.google.com/"
"","joeysilverasworld","https://www.google.com/"
