"﻿""id""","read","recommended"
"","fookler","https://www.google.com/"
"","fookmi","https://www.google.com/"
"","fooks","https://www.google.com/"
"","fooktube","https://www.google.com/"
"","foolsex","https://www.google.com/"
"","fooltoon","https://www.google.com/"
"","foot245lp","https://www.google.com/"
"","foot4play","https://www.google.com/"
"","foot4you","https://www.google.com/"
"","foot6","https://www.google.com/"
"","foot888","https://www.google.com/"
"","footalicious","https://www.google.com/"
"","footamateur","https://www.google.com/"
"","footandnylons","https://www.google.com/"
"","footandstockingfetish","https://www.google.com/"
"","footangels","https://www.google.com/"
"","foot-art","https://www.google.com/"
"","foot","https://www.google.com/"
"","footbabes","https://www.google.com/"
"","footbaby","https://www.google.com/"
"","football365","https://www.google.com/"
"","footballandchicks","https://www.google.com/"
"","football-babes","https://www.google.com/"
"","footballbiggins","https://www.google.com/"
"","footballhandicappers","https://www.google.com/"
"","footballschedules","https://www.google.com/"
"","footballstatistics","https://www.google.com/"
"","footbuddies","https://www.google.com/"
"","footcams","https://www.google.com/"
"","footcatalog","https://www.google.com/"
"","footcharms","https://www.google.com/"
"","footcleaningcaffe","https://www.google.com/"
"","footcravings","https://www.google.com/"
"","foot-cuckold","https://www.google.com/"
"","footcuckold","https://www.google.com/"
"","footdesires","https://www.google.com/"
"","footdiary","https://www.google.com/"
"","footdivas","https://www.google.com/"
"","footdombaroness","https://www.google.com/"
"","footdombitches","https://www.google.com/"
"","footdom-galleries","https://www.google.com/"
"","footdomgallery","https://www.google.com/"
"","footdominas","https://www.google.com/"
"","foot-domination","https://www.google.com/"
"","footdominationchat","https://www.google.com/"
"","footdomination","https://www.google.com/"
"","footdomlinks","https://www.google.com/"
"","footdom","https://www.google.com/"
"","footdomtube","https://www.google.com/"
"","footdomunited","https://www.google.com/"
"","footdomutopia","https://www.google.com/"
"","footdomvideos","https://www.google.com/"
"","footease","https://www.google.com/"
"","foot-empire","https://www.google.com/"
"","footerotica","https://www.google.com/"
"","footfactory","https://www.google.com/"
"","footfantasyland","https://www.google.com/"
"","footfantasyparty","https://www.google.com/"
"","footfeetfetish","https://www.google.com/"
"","footfemdom","https://www.google.com/"
"","footfemme","https://www.google.com/"
"","foot-fetisch","https://www.google.com/"
"","footfetish100","https://www.google.com/"
"","footfetishaddiction","https://www.google.com/"
"","footfetishattitude","https://www.google.com/"
"","footfetishavenue","https://www.google.com/"
"","footfetishbar","https://www.google.com/"
"","footfetishbeauties","https://www.google.com/"
"","footfetishbox","https://www.google.com/"
"","footfetishbrats","https://www.google.com/"
"","foot-fetish","https://www.google.com/"
"","footfetishcams","https://www.google.com/"
"","footfetishcash","https://www.google.com/"
"","footfetishcenter","https://www.google.com/"
"","footfetishchat","https://www.google.com/"
"","footfetishcity","https://www.google.com/"
"","footfetishclips","https://www.google.com/"
"","footfetish-club","https://www.google.com/"
"","footfetishcollection","https://www.google.com/"
"","footfetishculture","https://www.google.com/"
"","footfetishcuties","https://www.google.com/"
"","footfetishdaily","https://www.google.com/"
"","footfetishdatingpersonals","https://www.google.com/"
"","footfetishdepot","https://www.google.com/"
"","footfetishdirectory","https://www.google.com/"
"","footfetishdreams","https://www.google.com/"
"","footfetisherotica","https://www.google.com/"
"","foot-fetishes","https://www.google.com/"
"","footfetishexplorer","https://www.google.com/"
"","foot-fetish-feet","https://www.google.com/"
"","footfetishfemdom","https://www.google.com/"
"","footfetish-footfetish","https://www.google.com/"
"","footfetishforums","https://www.google.com/"
"","footfetishfree","https://www.google.com/"
"","footfetishfun","https://www.google.com/"
"","footfetishgalaxy","https://www.google.com/"
"","footfetish-girls","https://www.google.com/"
"","footfetishhd","https://www.google.com/"
"","foot-fetishism","https://www.google.com/"
"","footfetishjob","https://www.google.com/"
