"﻿""id""","read","recommended"
"","dns2go","https://www.google.com/"
"","dns4biz","https://www.google.com/"
"","dnsart","https://www.google.com/"
"","dns","https://www.google.com/"
"","dnvideos","https://www.google.com/"
"","dnyx","https://www.google.com/"
"","doahentai","https://www.google.com/"
"","do","https://www.google.com/"
"","doanalu","https://www.google.com/"
"","doanimesex","https://www.google.com/"
"","doasianporn","https://www.google.com/"
"","dobabe","https://www.google.com/"
"","dobbyporn","https://www.google.com/"
"","dobdsm","https://www.google.com/"
"","do-bill","https://www.google.com/"
"","dobongs","https://www.google.com/"
"","dobozos","https://www.google.com/"
"","dobraerotyka","https://www.google.com/"
"","dobrasil","https://www.google.com/"
"","dobreporno","https://www.google.com/"
"","dobuttstuff","https://www.google.com/"
"","docciafredda","https://www.google.com/"
"","doccool","https://www.google.com/"
"","docecam","https://www.google.com/"
"","doc-foufoune","https://www.google.com/"
"","docile","https://www.google.com/"
"","docjohnson","https://www.google.com/"
"","dockera","https://www.google.com/"
"","doc-monkey","https://www.google.com/"
"","docmorrow","https://www.google.com/"
"","docomics","https://www.google.com/"
"","docparadise","https://www.google.com/"
"","docreno","https://www.google.com/"
"","docsexo","https://www.google.com/"
"","docsfunnies","https://www.google.com/"
"","docsic","https://www.google.com/"
"","docteur-g","https://www.google.com/"
"","doctissimo","https://www.google.com/"
"","doctor6","https://www.google.com/"
"","doctoraddict","https://www.google.com/"
"","doctoradventure","https://www.google.com/"
"","doctoradventures","https://www.google.com/"
"","doctorassmaster","https://www.google.com/"
"","doctorbizarre","https://www.google.com/"
"","doctorbondage","https://www.google.com/"
"","doctordirty","https://www.google.com/"
"","doctorfantasy","https://www.google.com/"
"","doctorg","https://www.google.com/"
"","doctorgoodporn","https://www.google.com/"
"","doctorgynoblog","https://www.google.com/"
"","doctorgynoexam","https://www.google.com/"
"","doctorhiddencam","https://www.google.com/"
"","doctorloves","https://www.google.com/"
"","doctorlucia","https://www.google.com/"
"","doctornaughty","https://www.google.com/"
"","doctorperv","https://www.google.com/"
"","doctorpiss","https://www.google.com/"
"","doctorplespankingasure","https://www.google.com/"
"","doctorsexo","https://www.google.com/"
"","doctorsexpresswatertown","https://www.google.com/"
"","doctorslick","https://www.google.com/"
"","doctors-link","https://www.google.com/"
"","doctorsmedicalgroup","https://www.google.com/"
"","doctorsplash","https://www.google.com/"
"","doctorspycam","https://www.google.com/"
"","doctorsticky","https://www.google.com/"
"","doctorswitch","https://www.google.com/"
"","doctorteen","https://www.google.com/"
"","doctortit","https://www.google.com/"
"","doctor-traffic","https://www.google.com/"
"","doctortrickles","https://www.google.com/"
"","doctortushy","https://www.google.com/"
"","doctortwink","https://www.google.com/"
"","doctorvoluptua","https://www.google.com/"
"","doctorx","https://www.google.com/"
"","doctruyen","https://www.google.com/"
"","doctruyenma","https://www.google.com/"
"","doctsai","https://www.google.com/"
"","docufiler","https://www.google.com/"
"","documentingreality","https://www.google.com/"
"","docxxx","https://www.google.com/"
"","dodgersexcartoons","https://www.google.com/"
"","dodirty","https://www.google.com/"
"","dodocar","https://www.google.com/"
"","dodsonandross","https://www.google.com/"
"","doeboyz","https://www.google.com/"
"","doeda","https://www.google.com/"
"","doener-kebab","https://www.google.com/"
"","doep","https://www.google.com/"
"","doeprojects","https://www.google.com/"
"","does","https://www.google.com/"
"","doesithaveapenis","https://www.google.com/"
"","doesntsuck","https://www.google.com/"
"","doesshedoanal","https://www.google.com/"
"","doetube","https://www.google.com/"
"","dofantasy","https://www.google.com/"
"","dofap","https://www.google.com/"
"","dofiga","https://www.google.com/"
"","dogays","https://www.google.com/"
"","dogaysex","https://www.google.com/"
