"﻿""id""","read","recommended"
"","doubleanalfucking","https://www.google.com/"
"","doubleanalpenetration","https://www.google.com/"
"","double-bubble","https://www.google.com/"
"","double-check","https://www.google.com/"
"","doublecreampiedmoms","https://www.google.com/"
"","doubledbabes","https://www.google.com/"
"","double-d","https://www.google.com/"
"","doubledicking","https://www.google.com/"
"","doubledomme","https://www.google.com/"
"","doubledongdivas","https://www.google.com/"
"","double-d-productions","https://www.google.com/"
"","doubledproductions","https://www.google.com/"
"","doubledrilledclips","https://www.google.com/"
"","doubledutchmen","https://www.google.com/"
"","doubledutch","https://www.google.com/"
"","double","https://www.google.com/"
"","doublefucker","https://www.google.com/"
"","doublegalleries","https://www.google.com/"
"","doublegaysex","https://www.google.com/"
"","doublegear","https://www.google.com/"
"","doubleheaders","https://www.google.com/"
"","doublehertrouble","https://www.google.com/"
"","double-je","https://www.google.com/"
"","doublemydating","https://www.google.com/"
"","double-pene","https://www.google.com/"
"","double-penetration2","https://www.google.com/"
"","doublepenetration","https://www.google.com/"
"","doublepenetrationgirl","https://www.google.com/"
"","doublepenetrations","https://www.google.com/"
"","double-penetrations","https://www.google.com/"
"","doublepenetrationx","https://www.google.com/"
"","doublepimp","https://www.google.com/"
"","doubleplugged","https://www.google.com/"
"","doubleporn","https://www.google.com/"
"","doublesex","https://www.google.com/"
"","doubletakemicrowear","https://www.google.com/"
"","doubletakemodels","https://www.google.com/"
"","doubleteamedteens","https://www.google.com/"
"","doubleteamsuckers","https://www.google.com/"
"","doubletgp","https://www.google.com/"
"","doublethunder","https://www.google.com/"
"","doubletubevideos","https://www.google.com/"
"","doublevids","https://www.google.com/"
"","doubleviewcasting","https://www.google.com/"
"","doubleviking","https://www.google.com/"
"","doubleyourdating","https://www.google.com/"
"","douce-eva","https://www.google.com/"
"","douceromance","https://www.google.com/"
"","douces-lesbiennes","https://www.google.com/"
"","douche2sperme","https://www.google.com/"
"","doucheapied","https://www.google.com/"
"","douche","https://www.google.com/"
"","douchegay","https://www.google.com/"
"","douches-collectives","https://www.google.com/"
"","douches","https://www.google.com/"
"","douching","https://www.google.com/"
"","douchingteens","https://www.google.com/"
"","doufla","https://www.google.com/"
"","douga","https://www.google.com/"
"","dougahakkutsu","https://www.google.com/"
"","dougasukie","https://www.google.com/"
"","douglasavenue","https://www.google.com/"
"","douglassimonson","https://www.google.com/"
"","dougmarkwith","https://www.google.com/"
"","dougnagy","https://www.google.com/"
"","dougstanhope","https://www.google.com/"
"","douhou","https://www.google.com/"
"","doujinantena","https://www.google.com/"
"","doujindaily","https://www.google.com/"
"","doujindomination","https://www.google.com/"
"","doujin-francais","https://www.google.com/"
"","doujinlife","https://www.google.com/"
"","doujinmangahentai","https://www.google.com/"
"","doujin-moe","https://www.google.com/"
"","doujin-online","https://www.google.com/"
"","doujinparadise","https://www.google.com/"
"","doujinreader","https://www.google.com/"
"","doujins","https://www.google.com/"
"","doujinshianime","https://www.google.com/"
"","doujinshi","https://www.google.com/"
"","doujin-world","https://www.google.com/"
"","douleur-exquise","https://www.google.com/"
"","dou-lolicon","https://www.google.com/"
"","doumigirls","https://www.google.com/"
"","douseeme","https://www.google.com/"
"","douwant2play","https://www.google.com/"
"","douxporno","https://www.google.com/"
"","dov","https://www.google.com/"
"","dowith","https://www.google.com/"
"","downalapitvany","https://www.google.com/"
"","downblouseamateur","https://www.google.com/"
"","downblouse","https://www.google.com/"
"","downblousejerk","https://www.google.com/"
"","downblouselovingcash","https://www.google.com/"
"","downblouseloving","https://www.google.com/"
"","downblouseuk","https://www.google.com/"
"","downblousewow","https://www.google.com/"
"","downloadableporn","https://www.google.com/"
"","downloadablepornomovies","https://www.google.com/"
"","downloadbigtits","https://www.google.com/"
