"﻿""id""","read","recommended"
"","alica-club","https://www.google.com/"
"","alicaescort","https://www.google.com/"
"","alicante-live","https://www.google.com/"
"","alicdn","https://www.google.com/"
"","alice007","https://www.google.com/"
"","alice18club","https://www.google.com/"
"","alice-amatrice","https://www.google.com/"
"","alice","https://www.google.com/"
"","aliceaupaysdesmerveilles","https://www.google.com/"
"","alicecaglisse","https://www.google.com/"
"","alicehentai","https://www.google.com/"
"","aliceinbondageland","https://www.google.com/"
"","aliceinswingland","https://www.google.com/"
"","alicejapan","https://www.google.com/"
"","alice-kinky-show","https://www.google.com/"
"","alicelove","https://www.google.com/"
"","alice-malice","https://www.google.com/"
"","alice-massagen","https://www.google.com/"
"","alicerabbit","https://www.google.com/"
"","alice-sex","https://www.google.com/"
"","alicesxxxtoybox","https://www.google.com/"
"","alice-underground","https://www.google.com/"
"","alicevip","https://www.google.com/"
"","alicewonderbang","https://www.google.com/"
"","alicex","https://www.google.com/"
"","alicia4uoncam","https://www.google.com/"
"","aliciacaron","https://www.google.com/"
"","aliciadreams","https://www.google.com/"
"","alicia-loren","https://www.google.com/"
"","aliciamonetxxx","https://www.google.com/"
"","alicia","https://www.google.com/"
"","alicianude","https://www.google.com/"
"","aliciapanettiere","https://www.google.com/"
"","aliciaroze","https://www.google.com/"
"","alicia-secrets","https://www.google.com/"
"","aliciasilver","https://www.google.com/"
"","aliciatop","https://www.google.com/"
"","alida-extrem","https://www.google.com/"
"","alida","https://www.google.com/"
"","alidas-nylonfeet","https://www.google.com/"
"","alien3dsex","https://www.google.com/"
"","alienbondage","https://www.google.com/"
"","aliencathouse","https://www.google.com/"
"","alien-erotica","https://www.google.com/"
"","alienfuckers-3d","https://www.google.com/"
"","aliengays","https://www.google.com/"
"","alienlovespredator","https://www.google.com/"
"","alienporn","https://www.google.com/"
"","alientechnologie","https://www.google.com/"
"","aliessa","https://www.google.com/"
"","alimodelo","https://www.google.com/"
"","alina-balletstar","https://www.google.com/"
"","alina-heels","https://www.google.com/"
"","alinahenessy","https://www.google.com/"
"","alinali","https://www.google.com/"
"","alina-malina-escort","https://www.google.com/"
"","alinasauna","https://www.google.com/"
"","alinda-vip-escort-paris","https://www.google.com/"
"","aline-amatrice","https://www.google.com/"
"","alinesex","https://www.google.com/"
"","alinom","https://www.google.com/"
"","alinternal","https://www.google.com/"
"","aliraastro","https://www.google.com/"
"","alisakiss","https://www.google.com/"
"","alisexshop","https://www.google.com/"
"","alisextube","https://www.google.com/"
"","alishaaggarwal","https://www.google.com/"
"","alison-angel-1","https://www.google.com/"
"","alison-angel","https://www.google.com/"
"","alisonangel","https://www.google.com/"
"","alisonangelmovie","https://www.google.com/"
"","alisonescort","https://www.google.com/"
"","alison-tyler","https://www.google.com/"
"","alisontyler","https://www.google.com/"
"","alisontylervip","https://www.google.com/"
"","alissablack","https://www.google.com/"
"","alissa-escort","https://www.google.com/"
"","alistphonesex","https://www.google.com/"
"","alistpics","https://www.google.com/"
"","alistsmokinhotties","https://www.google.com/"
"","alittleagency","https://www.google.com/"
"","alittlebitnaughty","https://www.google.com/"
"","alivechat","https://www.google.com/"
"","alivegirls","https://www.google.com/"
"","alive","https://www.google.com/"
"","alivesex","https://www.google.com/"
"","alix-escorte","https://www.google.com/"
"","alixia","https://www.google.com/"
"","alixxx","https://www.google.com/"
"","aliyasinha","https://www.google.com/"
"","aliye","https://www.google.com/"
"","alizevids","https://www.google.com/"
"","alizia","https://www.google.com/"
"","alkalmipartner","https://www.google.com/"
"","alkofops","https://www.google.com/"
"","alkrys","https://www.google.com/"
"","all18stgp","https://www.google.com/"
"","all18xxx","https://www.google.com/"
"","all3dmonster","https://www.google.com/"
"","all3dsex","https://www.google.com/"
