"﻿""id""","read","recommended"
"","dumbassdaily","https://www.google.com/"
"","dumbdomme","https://www.google.com/"
"","dumbie","https://www.google.com/"
"","dumbppl","https://www.google.com/"
"","dumbr","https://www.google.com/"
"","dumbvirgins","https://www.google.com/"
"","dumme-exfreundin","https://www.google.com/"
"","dummficktgut","https://www.google.com/"
"","dummgefickt","https://www.google.com/"
"","dump69","https://www.google.com/"
"","dump7","https://www.google.com/"
"","dumpaporn","https://www.google.com/"
"","dumparump","https://www.google.com/"
"","dump","https://www.google.com/"
"","dumphead","https://www.google.com/"
"","dumphub","https://www.google.com/"
"","dumpnova","https://www.google.com/"
"","dumppix","https://www.google.com/"
"","dumpporn","https://www.google.com/"
"","dumps69","https://www.google.com/"
"","dumpshack","https://www.google.com/"
"","dumpstack","https://www.google.com/"
"","dumpstersluts","https://www.google.com/"
"","dumpxxl","https://www.google.com/"
"","dumpxxx","https://www.google.com/"
"","dumpz","https://www.google.com/"
"","dumstersluts","https://www.google.com/"
"","dundalkescorts","https://www.google.com/"
"","dundika","https://www.google.com/"
"","dunefeet","https://www.google.com/"
"","dungeonbears","https://www.google.com/"
"","dungeonbondage","https://www.google.com/"
"","dungeonboys","https://www.google.com/"
"","dungeoncam","https://www.google.com/"
"","dungeoncorp","https://www.google.com/"
"","dungeon-enterprises","https://www.google.com/"
"","dungeon-erotopia","https://www.google.com/"
"","dungeonfuck","https://www.google.com/"
"","dungeonlosangeles","https://www.google.com/"
"","dungeonmagic","https://www.google.com/"
"","dungeonmaidens","https://www.google.com/"
"","dungeonmasters","https://www.google.com/"
"","dungeonmodels","https://www.google.com/"
"","dungeonnet","https://www.google.com/"
"","dungeonofdarkdesires","https://www.google.com/"
"","dungeonpass","https://www.google.com/"
"","dungeonpersonals","https://www.google.com/"
"","dungeonplace","https://www.google.com/"
"","dungeons-and-dragons","https://www.google.com/"
"","dungeonsexcams","https://www.google.com/"
"","dungeonsex","https://www.google.com/"
"","dungeonsextoys","https://www.google.com/"
"","dungeon-slaves","https://www.google.com/"
"","dungeonvideochat","https://www.google.com/"
"","dungeonvids","https://www.google.com/"
"","dungeonvirgins","https://www.google.com/"
"","dungeonware","https://www.google.com/"
"","dungeonwarehouse","https://www.google.com/"
"","dungeonwitches","https://www.google.com/"
"","dungtube","https://www.google.com/"
"","dunia-gelap","https://www.google.com/"
"","duniamontenegro","https://www.google.com/"
"","duniasex","https://www.google.com/"
"","dunjav","https://www.google.com/"
"","dunkelglanz","https://www.google.com/"
"","dunyasex","https://www.google.com/"
"","duo2424","https://www.google.com/"
"","duocams","https://www.google.com/"
"","duoclub","https://www.google.com/"
"","duodirect","https://www.google.com/"
"","duo-gay","https://www.google.com/"
"","duolesbienne","https://www.google.com/"
"","duo","https://www.google.com/"
"","duoporn","https://www.google.com/"
"","duo-sexe-3g","https://www.google.com/"
"","duosexe","https://www.google.com/"
"","duosexy","https://www.google.com/"
"","duo-telephone-rose","https://www.google.com/"
"","duo-tel-rose","https://www.google.com/"
"","duox","https://www.google.com/"
"","dupa","https://www.google.com/"
"","du-papillon","https://www.google.com/"
"","dupcie","https://www.google.com/"
"","dupcing","https://www.google.com/"
"","dupeczki","https://www.google.com/"
"","du-plaisir","https://www.google.com/"
"","dupodajki","https://www.google.com/"
"","duporn","https://www.google.com/"
"","dupornoagogo","https://www.google.com/"
"","dupornoasiatique","https://www.google.com/"
"","dupornoblack","https://www.google.com/"
"","duporno","https://www.google.com/"
"","du-porno-gratuit","https://www.google.com/"
"","dupornohardcore","https://www.google.com/"
"","dupornos","https://www.google.com/"
"","dupos","https://www.google.com/"
"","dupose","https://www.google.com/"
"","dupy","https://www.google.com/"
"","duqduq","https://www.google.com/"
"","duracuir","https://www.google.com/"
