"﻿""id""","read","recommended"
"","celebsexfilms","https://www.google.com/"
"","celebsexnews","https://www.google.com/"
"","celebsexphotos","https://www.google.com/"
"","celebsexpics","https://www.google.com/"
"","celebsexploited","https://www.google.com/"
"","celebsexplosion","https://www.google.com/"
"","celebsexposed","https://www.google.com/"
"","celebsex-secrets","https://www.google.com/"
"","celebsexsecrets","https://www.google.com/"
"","celebsexstories","https://www.google.com/"
"","celebsextape","https://www.google.com/"
"","celebsextapes","https://www.google.com/"
"","celebsextube","https://www.google.com/"
"","celebsexy","https://www.google.com/"
"","celebsfilms","https://www.google.com/"
"","celebsflash","https://www.google.com/"
"","celebs-foto","https://www.google.com/"
"","celebs-gallery","https://www.google.com/"
"","celebsgonebad","https://www.google.com/"
"","celebsgonemad","https://www.google.com/"
"","celebsgonenude","https://www.google.com/"
"","celebsgonewild","https://www.google.com/"
"","celebs-hookers","https://www.google.com/"
"","celebshop","https://www.google.com/"
"","celebshotpics","https://www.google.com/"
"","celebshouse","https://www.google.com/"
"","celebshunter","https://www.google.com/"
"","celebsilove","https://www.google.com/"
"","celebsinbikini","https://www.google.com/"
"","celebsinc","https://www.google.com/"
"","celebs-index","https://www.google.com/"
"","celebsinfo","https://www.google.com/"
"","celebsinsuspenders","https://www.google.com/"
"","celebsites","https://www.google.com/"
"","celebskin","https://www.google.com/"
"","celebsking","https://www.google.com/"
"","celebskins","https://www.google.com/"
"","celebsland","https://www.google.com/"
"","celebslap","https://www.google.com/"
"","celebslatest","https://www.google.com/"
"","celebslip","https://www.google.com/"
"","celebslipups","https://www.google.com/"
"","celebslist","https://www.google.com/"
"","celebslut","https://www.google.com/"
"","celebsluts","https://www.google.com/"
"","celebsmix","https://www.google.com/"
"","celebsmodels","https://www.google.com/"
"","celebsmovies","https://www.google.com/"
"","celebsmovies-online","https://www.google.com/"
"","celebsmut","https://www.google.com/"
"","celebsnaked","https://www.google.com/"
"","celebsnet","https://www.google.com/"
"","celebs-n-models","https://www.google.com/"
"","celebsnow","https://www.google.com/"
"","celebs-nude","https://www.google.com/"
"","celebsnude","https://www.google.com/"
"","celebsnudefree","https://www.google.com/"
"","celebsnudeindex","https://www.google.com/"
"","celebs-nude-movies","https://www.google.com/"
"","celebsnudepics","https://www.google.com/"
"","celebsnudesex","https://www.google.com/"
"","celebsnudeworld","https://www.google.com/"
"","celebs-n-vintage","https://www.google.com/"
"","celebsoid","https://www.google.com/"
"","celebsonit","https://www.google.com/"
"","celebs-online","https://www.google.com/"
"","celebsonline","https://www.google.com/"
"","celebsonly","https://www.google.com/"
"","celebsonvideo","https://www.google.com/"
"","celebsoup","https://www.google.com/"
"","celebsource","https://www.google.com/"
"","celebspace","https://www.google.com/"
"","celebspalace","https://www.google.com/"
"","celebspank","https://www.google.com/"
"","celebspictures","https://www.google.com/"
"","celebsplace","https://www.google.com/"
"","celebsplanet","https://www.google.com/"
"","celebsplayground","https://www.google.com/"
"","celebspornclips","https://www.google.com/"
"","celebs-porno","https://www.google.com/"
"","celebspornstar","https://www.google.com/"
"","celebsporntube","https://www.google.com/"
"","celebspotlight","https://www.google.com/"
"","celebsprivatescenes","https://www.google.com/"
"","celebspussy","https://www.google.com/"
"","celebspy","https://www.google.com/"
"","celebsquotes","https://www.google.com/"
"","celebsrate","https://www.google.com/"
"","celebsrc","https://www.google.com/"
"","celebsrecords","https://www.google.com/"
"","celebsreviews","https://www.google.com/"
"","celebsroulette","https://www.google.com/"
"","celebssex","https://www.google.com/"
"","celebs-sex-scenes","https://www.google.com/"
"","celebssextube","https://www.google.com/"
"","celebsta","https://www.google.com/"
"","celebstapes","https://www.google.com/"
"","celebstar","https://www.google.com/"
"","celebstars","https://www.google.com/"
"","celebstart","https://www.google.com/"
