"﻿""id""","read","recommended"
"","evaparadisxxx","https://www.google.com/"
"","evaroberts","https://www.google.com/"
"","evaserfaringer","https://www.google.com/"
"","evasexe","https://www.google.com/"
"","evasexycam","https://www.google.com/"
"","evasexy","https://www.google.com/"
"","evasfreegalleries","https://www.google.com/"
"","evasgarden","https://www.google.com/"
"","eva-shine","https://www.google.com/"
"","evashine","https://www.google.com/"
"","evasioncoquine","https://www.google.com/"
"","evasiveangels","https://www.google.com/"
"","evasonline","https://www.google.com/"
"","evastoys","https://www.google.com/"
"","evateens","https://www.google.com/"
"","evatrans","https://www.google.com/"
"","evaundbea","https://www.google.com/"
"","evavirgin","https://www.google.com/"
"","eva-vortex","https://www.google.com/"
"","evavortex","https://www.google.com/"
"","evazoekt","https://www.google.com/"
"","eveandreslavedriver","https://www.google.com/"
"","eve-angel","https://www.google.com/"
"","eveangel","https://www.google.com/"
"","eveangelofficial","https://www.google.com/"
"","eveencounters","https://www.google.com/"
"","evefanclub","https://www.google.com/"
"","eve","https://www.google.com/"
"","eve-group","https://www.google.com/"
"","eveilsensuel","https://www.google.com/"
"","eveknows","https://www.google.com/"
"","eveline-model","https://www.google.com/"
"","evelive","https://www.google.com/"
"","evelouise","https://www.google.com/"
"","evelyndream","https://www.google.com/"
"","evelynlin","https://www.google.com/"
"","evemaitresse","https://www.google.com/"
"","evemcguire","https://www.google.com/"
"","evemodels","https://www.google.com/"
"","evenavarro","https://www.google.com/"
"","evenchillen","https://www.google.com/"
"","even","https://www.google.com/"
"","evenement","https://www.google.com/"
"","eveningmovies","https://www.google.com/"
"","evenmoreftv","https://www.google.com/"
"","evenslikken","https://www.google.com/"
"","eventlive","https://www.google.com/"
"","eventlove","https://www.google.com/"
"","eventplannersplus","https://www.google.com/"
"","eventspokesmodels","https://www.google.com/"
"","eventyrpigerne","https://www.google.com/"
"","eveofeden","https://www.google.com/"
"","eveparis","https://www.google.com/"
"","everba","https://www.google.com/"
"","everestcash","https://www.google.com/"
"","everestcasino","https://www.google.com/"
"","everest-poker","https://www.google.com/"
"","everfuck","https://www.google.com/"
"","everlastingblort","https://www.google.com/"
"","everlastinglove","https://www.google.com/"
"","evernightpublishing","https://www.google.com/"
"","everotic","https://www.google.com/"
"","eversexy","https://www.google.com/"
"","evershark","https://www.google.com/"
"","ever-so-sexy","https://www.google.com/"
"","everux","https://www.google.com/"
"","everybit","https://www.google.com/"
"","every-butt","https://www.google.com/"
"","everydadsnightmare","https://www.google.com/"
"","everydayfun","https://www.google.com/"
"","everydaygirls","https://www.google.com/"
"","every-day","https://www.google.com/"
"","everydayporn","https://www.google.com/"
"","everydaysexism","https://www.google.com/"
"","everydaysexygirls","https://www.google.com/"
"","every-escort","https://www.google.com/"
"","everygallery","https://www.google.com/"
"","everyjoke","https://www.google.com/"
"","everymansdream","https://www.google.com/"
"","everymanzdream","https://www.google.com/"
"","everymature","https://www.google.com/"
"","everynudecelebrity","https://www.google.com/"
"","everynudeteen","https://www.google.com/"
"","everyoneisgay","https://www.google.com/"
"","everyonelovesaslut","https://www.google.com/"
"","everyonelovesmilfs","https://www.google.com/"
"","everyone","https://www.google.com/"
"","everypodcast","https://www.google.com/"
"","everysexy","https://www.google.com/"
"","everysixseconds","https://www.google.com/"
"","everythingass","https://www.google.com/"
"","everythingbondage","https://www.google.com/"
"","everythingbut","https://www.google.com/"
"","everythingbuttbutts","https://www.google.com/"
"","everythingbutt","https://www.google.com/"
"","everythingbutts","https://www.google.com/"
"","everything-casino","https://www.google.com/"
"","everythingdating","https://www.google.com/"
"","everythingjae","https://www.google.com/"
"","everythingoral","https://www.google.com/"
