"﻿""id""","read","recommended"
"","discreetangels","https://www.google.com/"
"","discreetcheaters","https://www.google.com/"
"","discreetchicks","https://www.google.com/"
"","discreetdeliveries","https://www.google.com/"
"","discreetheat","https://www.google.com/"
"","discreetlifestyle","https://www.google.com/"
"","discreetlywrapped","https://www.google.com/"
"","discreetly-yours","https://www.google.com/"
"","discreetmen","https://www.google.com/"
"","discreet-romance","https://www.google.com/"
"","discreetsales","https://www.google.com/"
"","discreetsecrets","https://www.google.com/"
"","discreetsexdates","https://www.google.com/"
"","discreetsexshop","https://www.google.com/"
"","discreetsextoys","https://www.google.com/"
"","discreetswingers","https://www.google.com/"
"","discreteadults","https://www.google.com/"
"","discretecams","https://www.google.com/"
"","discrete","https://www.google.com/"
"","discretesexdate","https://www.google.com/"
"","discretesextoys","https://www.google.com/"
"","discretion","https://www.google.com/"
"","discretos","https://www.google.com/"
"","discret-sexshop","https://www.google.com/"
"","discret-store","https://www.google.com/"
"","discretxxx","https://www.google.com/"
"","discu","https://www.google.com/"
"","discussion-corner","https://www.google.com/"
"","discutfree","https://www.google.com/"
"","disenomedia","https://www.google.com/"
"","disgraced18","https://www.google.com/"
"","disgraced18girls","https://www.google.com/"
"","disgracefulandsexy","https://www.google.com/"
"","disgracethatbitch","https://www.google.com/"
"","disgrasian","https://www.google.com/"
"","disgruntledhousewife","https://www.google.com/"
"","dishvideos","https://www.google.com/"
"","diskacompanhantes","https://www.google.com/"
"","diskmans","https://www.google.com/"
"","disko","https://www.google.com/"
"","diskret-bar","https://www.google.com/"
"","diskrete-affairen","https://www.google.com/"
"","diskrete-kontakte","https://www.google.com/"
"","diskretekontakte","https://www.google.com/"
"","diskret-escort","https://www.google.com/"
"","diskrete-zimmer","https://www.google.com/"
"","diskretne","https://www.google.com/"
"","disksexo","https://www.google.com/"
"","disney-anime","https://www.google.com/"
"","disney-cartoons","https://www.google.com/"
"","disneyfansites","https://www.google.com/"
"","disney-porn-blog","https://www.google.com/"
"","disneypornland","https://www.google.com/"
"","disneyporn","https://www.google.com/"
"","disneyporno","https://www.google.com/"
"","disney-pussy","https://www.google.com/"
"","disneysex","https://www.google.com/"
"","disney-x","https://www.google.com/"
"","dispuestas","https://www.google.com/"
"","disqus","https://www.google.com/"
"","dissoluteporn","https://www.google.com/"
"","dissolutesecretaries","https://www.google.com/"
"","dissolute-teen","https://www.google.com/"
"","dissolutetube","https://www.google.com/"
"","distancedomination","https://www.google.com/"
"","distantdoor","https://www.google.com/"
"","distinctimage","https://www.google.com/"
"","distinctlykinky","https://www.google.com/"
"","distingay","https://www.google.com/"
"","distintas","https://www.google.com/"
"","distintasperu","https://www.google.com/"
"","distortedview","https://www.google.com/"
"","distributionx","https://www.google.com/"
"","distrissex","https://www.google.com/"
"","disturbingauctions","https://www.google.com/"
"","disturbx","https://www.google.com/"
"","disunion","https://www.google.com/"
"","dita","https://www.google.com/"
"","ditasdomain","https://www.google.com/"
"","ditatube","https://www.google.com/"
"","ditavontease","https://www.google.com/"
"","ditavonteese","https://www.google.com/"
"","ditb","https://www.google.com/"
"","ditisporno","https://www.google.com/"
"","ditk","https://www.google.com/"
"","ditto","https://www.google.com/"
"","ditvaolon","https://www.google.com/"
"","ditvl","https://www.google.com/"
"","ditwiljenietzien","https://www.google.com/"
"","ditzidani","https://www.google.com/"
"","div3x","https://www.google.com/"
"","diva4u","https://www.google.com/"
"","divababes","https://www.google.com/"
"","divabikini","https://www.google.com/"
"","divabizarre","https://www.google.com/"
"","diva-chat","https://www.google.com/"
"","divacuties","https://www.google.com/"
"","divaescort","https://www.google.com/"
"","diva-escort","https://www.google.com/"
"","divafiles","https://www.google.com/"
