"﻿""id""","read","recommended"
"","drop-dead-girls","https://www.google.com/"
"","dropmaza","https://www.google.com/"
"","dross","https://www.google.com/"
"","drowle","https://www.google.com/"
"","drowninginculture","https://www.google.com/"
"","drpecker","https://www.google.com/"
"","drpeter-enis","https://www.google.com/"
"","drpic","https://www.google.com/"
"","drpics","https://www.google.com/"
"","drporner","https://www.google.com/"
"","dr-porno","https://www.google.com/"
"","drpornofilme","https://www.google.com/"
"","drpornogratis","https://www.google.com/"
"","drpornogratisx","https://www.google.com/"
"","drpornopimp","https://www.google.com/"
"","drporno","https://www.google.com/"
"","drporntube","https://www.google.com/"
"","drpussy","https://www.google.com/"
"","dr-reviews","https://www.google.com/"
"","drrogerlibby","https://www.google.com/"
"","drrozgordon","https://www.google.com/"
"","drruth","https://www.google.com/"
"","drseks","https://www.google.com/"
"","drsex","https://www.google.com/"
"","drsnysvet","https://www.google.com/"
"","drsquirts","https://www.google.com/"
"","drstrangelove","https://www.google.com/"
"","drsusanblock","https://www.google.com/"
"","drsusanblockinstitute","https://www.google.com/"
"","drteens","https://www.google.com/"
"","drtgp","https://www.google.com/"
"","drtits","https://www.google.com/"
"","drtst","https://www.google.com/"
"","drtuber","https://www.google.com/"
"","drtuberfree","https://www.google.com/"
"","drtuberonline","https://www.google.com/"
"","drtubersex","https://www.google.com/"
"","druberrymore","https://www.google.com/"
"","druberrymoreprivatesessions","https://www.google.com/"
"","drubskin","https://www.google.com/"
"","drudwyn-arts","https://www.google.com/"
"","druggedandfucked","https://www.google.com/"
"","drugged-assault","https://www.google.com/"
"","druggedassault","https://www.google.com/"
"","drugsforsex","https://www.google.com/"
"","drumcash","https://www.google.com/"
"","drum-n-sex","https://www.google.com/"
"","drumstube","https://www.google.com/"
"","drunk6","https://www.google.com/"
"","drunk-amateurs","https://www.google.com/"
"","drunkamateurs","https://www.google.com/"
"","drunkattentionwhores","https://www.google.com/"
"","drunkband","https://www.google.com/"
"","drunkboys","https://www.google.com/"
"","drunkcam","https://www.google.com/"
"","drunk","https://www.google.com/"
"","drunkchicks","https://www.google.com/"
"","drunkcow","https://www.google.com/"
"","drunkdating","https://www.google.com/"
"","drunkdial","https://www.google.com/"
"","drunkenams","https://www.google.com/"
"","drunkenbabe","https://www.google.com/"
"","drunkenbi","https://www.google.com/"
"","drunkendelight","https://www.google.com/"
"","drunkendog","https://www.google.com/"
"","drunkengay","https://www.google.com/"
"","drunkengaysex","https://www.google.com/"
"","drunkenmoms","https://www.google.com/"
"","drunkensailor","https://www.google.com/"
"","drunkenstepfather","https://www.google.com/"
"","drunkenteenorgies","https://www.google.com/"
"","drunkentop","https://www.google.com/"
"","drunker","https://www.google.com/"
"","drunkfactor","https://www.google.com/"
"","drunk-family","https://www.google.com/"
"","drunkfantasy","https://www.google.com/"
"","drunk-fuck","https://www.google.com/"
"","drunkfuck","https://www.google.com/"
"","drunkgfs","https://www.google.com/"
"","drunkgirlsblowjob","https://www.google.com/"
"","drunkgirls","https://www.google.com/"
"","drunkgirlsflashing","https://www.google.com/"
"","drunk-girls-kissing","https://www.google.com/"
"","drunk-girls","https://www.google.com/"
"","drunkgirlz","https://www.google.com/"
"","drunk-hardcore","https://www.google.com/"
"","drunkhardcore","https://www.google.com/"
"","drunkheads","https://www.google.com/"
"","drunkhole","https://www.google.com/"
"","drunkhollywood","https://www.google.com/"
"","drunkhomeparty","https://www.google.com/"
"","drunkhousewives","https://www.google.com/"
"","drunkin","https://www.google.com/"
"","drunkmail","https://www.google.com/"
"","drunkmamas","https://www.google.com/"
"","drunkmodels","https://www.google.com/"
"","drunkmom","https://www.google.com/"
"","drunkmoms","https://www.google.com/"
"","drunk-moms-pictures","https://www.google.com/"
"","drunkmovies","https://www.google.com/"
