"﻿""id""","read","recommended"
"","freeadultpics","https://www.google.com/"
"","free-adult-pics","https://www.google.com/"
"","freeadultpictures4you","https://www.google.com/"
"","free-adult-pictures","https://www.google.com/"
"","freeadultpictures","https://www.google.com/"
"","freeadultpornblogs","https://www.google.com/"
"","freeadultpornchat","https://www.google.com/"
"","freeadultpornhd","https://www.google.com/"
"","freeadultporn","https://www.google.com/"
"","freeadultresource","https://www.google.com/"
"","free-adults","https://www.google.com/"
"","freeadults","https://www.google.com/"
"","freeadultsexchat","https://www.google.com/"
"","free-adult-sex-galleries","https://www.google.com/"
"","freeadultsexmovies","https://www.google.com/"
"","freeadultsexpics","https://www.google.com/"
"","freeadultsexpictures","https://www.google.com/"
"","freeadultsexsites","https://www.google.com/"
"","freeadultsite","https://www.google.com/"
"","free-adult-sites","https://www.google.com/"
"","freeadultsource","https://www.google.com/"
"","free-adult-videochat","https://www.google.com/"
"","freeadultvideochat","https://www.google.com/"
"","freeadultvideo","https://www.google.com/"
"","freeadultvivo","https://www.google.com/"
"","freeadultvivos","https://www.google.com/"
"","free-adult-web-cam","https://www.google.com/"
"","freeadultwebcam","https://www.google.com/"
"","free-adult-web-cam-girls","https://www.google.com/"
"","freeadultwebcamgirls","https://www.google.com/"
"","free-adult-webcam","https://www.google.com/"
"","freeadultwebcams","https://www.google.com/"
"","freeadultweb","https://www.google.com/"
"","freeadultwebhosting","https://www.google.com/"
"","freeadultwebsites","https://www.google.com/"
"","freeadultxxx","https://www.google.com/"
"","freeadultxxxmovies","https://www.google.com/"
"","freeadultxxxpics","https://www.google.com/"
"","freeadultxxxporn","https://www.google.com/"
"","free-adult-xxx-site","https://www.google.com/"
"","free-african-porn","https://www.google.com/"
"","free-albums","https://www.google.com/"
"","freealettaocean","https://www.google.com/"
"","freeall","https://www.google.com/"
"","freeamateurcams","https://www.google.com/"
"","freeamateurclub","https://www.google.com/"
"","freeamateur","https://www.google.com/"
"","free-amateur-creampie","https://www.google.com/"
"","freeamateurcumshots","https://www.google.com/"
"","free-amateurgallery","https://www.google.com/"
"","freeamateurgals","https://www.google.com/"
"","free-amateurgirls","https://www.google.com/"
"","free-amateur-hardcore","https://www.google.com/"
"","freeamateurhardcore","https://www.google.com/"
"","freeamateurhomevideo","https://www.google.com/"
"","freeamateurmovs","https://www.google.com/"
"","freeamateurnudepics","https://www.google.com/"
"","freeamateurpassport","https://www.google.com/"
"","free-amateur-pics","https://www.google.com/"
"","freeamateurporn","https://www.google.com/"
"","freeamateurporno","https://www.google.com/"
"","freeamateurpussy","https://www.google.com/"
"","freeamateursexblog","https://www.google.com/"
"","free-amateur-sex","https://www.google.com/"
"","freeamateursexphotos","https://www.google.com/"
"","freeamateursexpics","https://www.google.com/"
"","freeamateur-sexporn-pussypics","https://www.google.com/"
"","freeamateurstube","https://www.google.com/"
"","freeamateurs","https://www.google.com/"
"","freeamateurteens","https://www.google.com/"
"","freeamateurvideo","https://www.google.com/"
"","free-amateur-xxx","https://www.google.com/"
"","freeamateurxxx","https://www.google.com/"
"","free-amature-porn","https://www.google.com/"
"","freeamatureporn","https://www.google.com/"
"","freeamaturesex","https://www.google.com/"
"","freeanalcams","https://www.google.com/"
"","freeanal","https://www.google.com/"
"","freeanalmovies","https://www.google.com/"
"","freeanalpass","https://www.google.com/"
"","freeanalpassport","https://www.google.com/"
"","free-anal-pic","https://www.google.com/"
"","freeanalsex","https://www.google.com/"
"","freeanalsexphotos","https://www.google.com/"
"","free-analsexpics","https://www.google.com/"
"","freeanalsexpics","https://www.google.com/"
"","freeanalsexpix","https://www.google.com/"
"","freeanalsexpixs","https://www.google.com/"
"","freeanalsexvideo","https://www.google.com/"
"","freeanalteen","https://www.google.com/"
"","freeanaltoons","https://www.google.com/"
"","freeanaltube","https://www.google.com/"
"","freeanalvideos","https://www.google.com/"
"","free-anal-vids","https://www.google.com/"
"","freeanalxxx","https://www.google.com/"
"","freeandkinky","https://www.google.com/"
"","freeandsexy","https://www.google.com/"
"","freeanimal","https://www.google.com/"
"","freeanimalpornclips","https://www.google.com/"
"","freeanimalporn","https://www.google.com/"
