"﻿""id""","read","recommended"
"","bluexotica","https://www.google.com/"
"","blueyonder","https://www.google.com/"
"","bluezebracabaret","https://www.google.com/"
"","bluf","https://www.google.com/"
"","bluffyporn","https://www.google.com/"
"","blumediastudios","https://www.google.com/"
"","blumpkintube","https://www.google.com/"
"","bluntsex","https://www.google.com/"
"","bluntwrap","https://www.google.com/"
"","blupix","https://www.google.com/"
"","blupoint","https://www.google.com/"
"","bluporn","https://www.google.com/"
"","blurofinsanity","https://www.google.com/"
"","blurty","https://www.google.com/"
"","blushingbeauties","https://www.google.com/"
"","blushingbooks","https://www.google.com/"
"","blushlingerie","https://www.google.com/"
"","blush","https://www.google.com/"
"","blushnovelties","https://www.google.com/"
"","bluteau","https://www.google.com/"
"","blutschande","https://www.google.com/"
"","bluvelvet","https://www.google.com/"
"","bluvistaclub","https://www.google.com/"
"","bluxxx","https://www.google.com/"
"","bluzbroz","https://www.google.com/"
"","blwp","https://www.google.com/"
"","blyadstvo","https://www.google.com/"
"","blyaha-muha","https://www.google.com/"
"","blya","https://www.google.com/"
"","bmalik","https://www.google.com/"
"","bmav","https://www.google.com/"
"","bmbc","https://www.google.com/"
"","bmc-broadway","https://www.google.com/"
"","bmc-video","https://www.google.com/"
"","bmevideo","https://www.google.com/"
"","bmeworld","https://www.google.com/"
"","bmezine","https://www.google.com/"
"","bmi-berekenen","https://www.google.com/"
"","b-movie","https://www.google.com/"
"","bmwear","https://www.google.com/"
"","b-nasty","https://www.google.com/"
"","bnasty","https://www.google.com/"
"","bnbabes","https://www.google.com/"
"","bnbe","https://www.google.com/"
"","bnctv","https://www.google.com/"
"","bnews","https://www.google.com/"
"","bnfchat","https://www.google.com/"
"","bngbus","https://www.google.com/"
"","bngpt","https://www.google.com/"
"","bnnd","https://www.google.com/"
"","bnt","https://www.google.com/"
"","bnude","https://www.google.com/"
"","boaby","https://www.google.com/"
"","boafoda","https://www.google.com/"
"","boa","https://www.google.com/"
"","boamovies","https://www.google.com/"
"","boann","https://www.google.com/"
"","board","https://www.google.com/"
"","boardhost","https://www.google.com/"
"","boardreader","https://www.google.com/"
"","boardroom","https://www.google.com/"
"","boards1","https://www.google.com/"
"","boardtracker","https://www.google.com/"
"","boardwalkbar","https://www.google.com/"
"","boartube","https://www.google.com/"
"","boasdecama","https://www.google.com/"
"","boatbangers","https://www.google.com/"
"","boatbangersxxx","https://www.google.com/"
"","boatnbabes","https://www.google.com/"
"","boatsluts","https://www.google.com/"
"","bob4men","https://www.google.com/"
"","bobandtom","https://www.google.com/"
"","bobbakazoo","https://www.google.com/"
"","bobbibillard","https://www.google.com/"
"","bobbi-eden","https://www.google.com/"
"","bobbiedenlive","https://www.google.com/"
"","bobbieden","https://www.google.com/"
"","bobbieroxxs","https://www.google.com/"
"","bobbo","https://www.google.com/"
"","bobbyslist","https://www.google.com/"
"","bobbystube","https://www.google.com/"
"","bobbytube","https://www.google.com/"
"","bobcatsss2008","https://www.google.com/"
"","bobcoshandjobs","https://www.google.com/"
"","bobcrane","https://www.google.com/"
"","bobcul","https://www.google.com/"
"","bobgiorgi","https://www.google.com/"
"","bobik","https://www.google.com/"
"","bobiporn","https://www.google.com/"
"","boblog111","https://www.google.com/"
"","bobmovs","https://www.google.com/"
"","bobocams","https://www.google.com/"
"","bobolike","https://www.google.com/"
"","bobonthehill","https://www.google.com/"
"","bobo-porno","https://www.google.com/"
"","bobporno","https://www.google.com/"
"","bobr","https://www.google.com/"
"","bobsaget","https://www.google.com/"
"","bobsbabes","https://www.google.com/"
"","bobsbestboobs","https://www.google.com/"
