"﻿""id""","read","recommended"
"","erotic-sex-stories","https://www.google.com/"
"","eroticsexstories","https://www.google.com/"
"","erotic-sex-stories-porn","https://www.google.com/"
"","eroticsextales","https://www.google.com/"
"","eroticsextoys","https://www.google.com/"
"","erotic-sex-toys","https://www.google.com/"
"","eroticsexualart","https://www.google.com/"
"","eroticsexual","https://www.google.com/"
"","eroticsexvideos","https://www.google.com/"
"","eroticsexybabes","https://www.google.com/"
"","eroticsexyshop","https://www.google.com/"
"","eroticshack","https://www.google.com/"
"","eroticshadows","https://www.google.com/"
"","eroticshirts","https://www.google.com/"
"","eroticshoes","https://www.google.com/"
"","eroticshop","https://www.google.com/"
"","erotic-shop","https://www.google.com/"
"","erotic-shopping","https://www.google.com/"
"","eroticshops","https://www.google.com/"
"","eroticshots","https://www.google.com/"
"","erotic-show","https://www.google.com/"
"","eroticshow","https://www.google.com/"
"","erotic-shows","https://www.google.com/"
"","eroticsite","https://www.google.com/"
"","eroticslut","https://www.google.com/"
"","eroticsluts","https://www.google.com/"
"","eroticsmalltits","https://www.google.com/"
"","eroticsmoking","https://www.google.com/"
"","eroticsnapfan","https://www.google.com/"
"","eroticsouls","https://www.google.com/"
"","eroticspam","https://www.google.com/"
"","eroticspank","https://www.google.com/"
"","eroticspankinginternet","https://www.google.com/"
"","eroticspankings","https://www.google.com/"
"","erotic-spanking-stories","https://www.google.com/"
"","eroticspectator","https://www.google.com/"
"","erotic-sports","https://www.google.com/"
"","erotics","https://www.google.com/"
"","eroticstart","https://www.google.com/"
"","eroticsteen","https://www.google.com/"
"","eroticstore","https://www.google.com/"
"","erotic-store","https://www.google.com/"
"","eroticstories4u","https://www.google.com/"
"","erotic-stories-always","https://www.google.com/"
"","eroticstoriesclub","https://www.google.com/"
"","eroticstories","https://www.google.com/"
"","erotic-stories","https://www.google.com/"
"","eroticstoriesonline","https://www.google.com/"
"","erotic-stories-pussy-sex-pictures","https://www.google.com/"
"","eroticstoriesxxx","https://www.google.com/"
"","eroticstory","https://www.google.com/"
"","eroticstorypost","https://www.google.com/"
"","eroticstoryteller","https://www.google.com/"
"","eroticstoryvault","https://www.google.com/"
"","eroticstream","https://www.google.com/"
"","erotic-style","https://www.google.com/"
"","erotic-suche","https://www.google.com/"
"","erotic-suchmaschine","https://www.google.com/"
"","eroticsunshine","https://www.google.com/"
"","eroticsuperheroines","https://www.google.com/"
"","erotic-superstore","https://www.google.com/"
"","eroticsurf","https://www.google.com/"
"","eroticsurprise","https://www.google.com/"
"","erotic-sweeties","https://www.google.com/"
"","eroticsweeties","https://www.google.com/"
"","eroticsymphonies","https://www.google.com/"
"","erotic-szene","https://www.google.com/"
"","erotictaboophone","https://www.google.com/"
"","erotictales","https://www.google.com/"
"","erotictalk","https://www.google.com/"
"","erotictalkphonesex","https://www.google.com/"
"","erotictanlines","https://www.google.com/"
"","erotic-tavern","https://www.google.com/"
"","eroticteasers","https://www.google.com/"
"","eroticteenart","https://www.google.com/"
"","eroticteenbabes","https://www.google.com/"
"","erotic-teen","https://www.google.com/"
"","eroticteen","https://www.google.com/"
"","eroticteendreams","https://www.google.com/"
"","eroticteengirl","https://www.google.com/"
"","eroticteengirls","https://www.google.com/"
"","eroticteenpics","https://www.google.com/"
"","eroticteenpictures","https://www.google.com/"
"","eroticteenpussy","https://www.google.com/"
"","eroticteens","https://www.google.com/"
"","eroticteensphotos","https://www.google.com/"
"","eroticteenwhores","https://www.google.com/"
"","erotictest","https://www.google.com/"
"","erotic-tgp","https://www.google.com/"
"","eroticthemepark","https://www.google.com/"
"","erotic-times","https://www.google.com/"
"","erotictonaughty","https://www.google.com/"
"","erotic-toons","https://www.google.com/"
"","erotictop100","https://www.google.com/"
"","erotictop","https://www.google.com/"
"","erotictopliste","https://www.google.com/"
"","erotictops","https://www.google.com/"
"","erotictorture","https://www.google.com/"
"","erotictourist","https://www.google.com/"
"","erotictournai","https://www.google.com/"
