"﻿""id""","read","recommended"
"","dirtywhores","https://www.google.com/"
"","dirtywhoreswives","https://www.google.com/"
"","dirtywifemovies","https://www.google.com/"
"","dirtywish","https://www.google.com/"
"","dirtywivesclub","https://www.google.com/"
"","dirty-wives","https://www.google.com/"
"","dirtywivesexposed","https://www.google.com/"
"","dirtyworld","https://www.google.com/"
"","dirtyworlds","https://www.google.com/"
"","dirty-world-tour","https://www.google.com/"
"","dirtywrestlingpit","https://www.google.com/"
"","dirty-x","https://www.google.com/"
"","dirtyxmaniac","https://www.google.com/"
"","dirtyxmas","https://www.google.com/"
"","dirtyxporn","https://www.google.com/"
"","dirtyxtube","https://www.google.com/"
"","dirtyxvideo","https://www.google.com/"
"","dirtyxxxclips","https://www.google.com/"
"","dirtyxxxcomics","https://www.google.com/"
"","dirtyxxxsex","https://www.google.com/"
"","dirtyxxxtube","https://www.google.com/"
"","dirtyxxxvideo","https://www.google.com/"
"","dirtyyoungbitches","https://www.google.com/"
"","dirwebcams","https://www.google.com/"
"","disamicon","https://www.google.com/"
"","disappointedvirginity","https://www.google.com/"
"","discempire","https://www.google.com/"
"","disciplinaria","https://www.google.com/"
"","disciplinarywivesclub","https://www.google.com/"
"","disciplineanddesire","https://www.google.com/"
"","disciplinedbottoms","https://www.google.com/"
"","discipline","https://www.google.com/"
"","disciplinetop","https://www.google.com/"
"","discipline-uk","https://www.google.com/"
"","disco-girls","https://www.google.com/"
"","discoporn","https://www.google.com/"
"","disco-sexe","https://www.google.com/"
"","discosexe","https://www.google.com/"
"","discotheque-le7","https://www.google.com/"
"","discount-adult-dvds","https://www.google.com/"
"","discountadultshopping","https://www.google.com/"
"","discountairlines","https://www.google.com/"
"","discountairtravel","https://www.google.com/"
"","discountanimepass","https://www.google.com/"
"","discountasianpass","https://www.google.com/"
"","discountbbwpass","https://www.google.com/"
"","discountbestporn","https://www.google.com/"
"","discountbroadbandpass","https://www.google.com/"
"","discountcondomking","https://www.google.com/"
"","discountedgayporn","https://www.google.com/"
"","discountedporn","https://www.google.com/"
"","discountedsextoys","https://www.google.com/"
"","discountgangbangpass","https://www.google.com/"
"","discountgayclosetmovies","https://www.google.com/"
"","discountgaydvds","https://www.google.com/"
"","discountgayvideos","https://www.google.com/"
"","discountguitars","https://www.google.com/"
"","discountinterracialpass","https://www.google.com/"
"","discountlatinapass","https://www.google.com/"
"","discountlingerie","https://www.google.com/"
"","discountlivecampass","https://www.google.com/"
"","discountmarstours","https://www.google.com/"
"","discountmilitarypass","https://www.google.com/"
"","discountmoontours","https://www.google.com/"
"","discountmoviepass","https://www.google.com/"
"","discountours","https://www.google.com/"
"","discountpetitepass","https://www.google.com/"
"","discountporn","https://www.google.com/"
"","discountporndeals","https://www.google.com/"
"","discountpornreviews","https://www.google.com/"
"","discountpornstarpass","https://www.google.com/"
"","discountpornstars","https://www.google.com/"
"","discountpussy","https://www.google.com/"
"","discountrealitysites","https://www.google.com/"
"","discount-sex","https://www.google.com/"
"","discount-sex-shop","https://www.google.com/"
"","discountsexshop","https://www.google.com/"
"","discountsextoy","https://www.google.com/"
"","discountsextoys","https://www.google.com/"
"","discountshemalepass","https://www.google.com/"
"","discountshop","https://www.google.com/"
"","discountspacefare","https://www.google.com/"
"","discountspacetours","https://www.google.com/"
"","discountspacetravel","https://www.google.com/"
"","discountsrealitysite","https://www.google.com/"
"","discount-swimwear","https://www.google.com/"
"","discountvacations","https://www.google.com/"
"","discount-vetement","https://www.google.com/"
"","discountvibrators","https://www.google.com/"
"","discountvideopass","https://www.google.com/"
"","discountxxx","https://www.google.com/"
"","discountxxxvideos","https://www.google.com/"
"","discovergirls","https://www.google.com/"
"","discoverhergspot","https://www.google.com/"
"","discoveringlayley","https://www.google.com/"
"","discovermodels","https://www.google.com/"
"","discoveros","https://www.google.com/"
"","discoverphonesex","https://www.google.com/"
"","discreetadultshop","https://www.google.com/"
"","discreet-affair","https://www.google.com/"
