"﻿""id""","read","recommended"
"","dickgirls-manga","https://www.google.com/"
"","dickgirlsmanga","https://www.google.com/"
"","dickgirlsporn","https://www.google.com/"
"","dickgirlvideo","https://www.google.com/"
"","dickgirlvids","https://www.google.com/"
"","dickgoo","https://www.google.com/"
"","dickhandy","https://www.google.com/"
"","dickhead","https://www.google.com/"
"","dickhumiliation","https://www.google.com/"
"","dickhurts","https://www.google.com/"
"","dickiesgirl","https://www.google.com/"
"","dickievirgin","https://www.google.com/"
"","dickinaround","https://www.google.com/"
"","dick-in-pantyhose","https://www.google.com/"
"","dickism","https://www.google.com/"
"","dickjockey","https://www.google.com/"
"","dickjuice","https://www.google.com/"
"","dicklicking","https://www.google.com/"
"","dicklovers","https://www.google.com/"
"","dickmag","https://www.google.com/"
"","dickmanagement","https://www.google.com/"
"","dickmeat","https://www.google.com/"
"","dickme","https://www.google.com/"
"","dickmilkingtable","https://www.google.com/"
"","dicknetwork","https://www.google.com/"
"","dick-n-jane","https://www.google.com/"
"","dickontrip","https://www.google.com/"
"","dickorclit","https://www.google.com/"
"","dickpages","https://www.google.com/"
"","dickpalace","https://www.google.com/"
"","dickpal","https://www.google.com/"
"","dickpics1","https://www.google.com/"
"","dick-pics","https://www.google.com/"
"","dickpics","https://www.google.com/"
"","dickpictures","https://www.google.com/"
"","dickporn","https://www.google.com/"
"","dickporntube","https://www.google.com/"
"","dickpound","https://www.google.com/"
"","dickproof","https://www.google.com/"
"","dickpumpers","https://www.google.com/"
"","dickpumps","https://www.google.com/"
"","dickpussy","https://www.google.com/"
"","dickrider","https://www.google.com/"
"","dicks4u","https://www.google.com/"
"","dicksandmilfs","https://www.google.com/"
"","dicksbattle","https://www.google.com/"
"","dicksboardstore","https://www.google.com/"
"","dickscabaret","https://www.google.com/"
"","dickscastingcouch","https://www.google.com/"
"","dicks","https://www.google.com/"
"","dicksdicksdicks","https://www.google.com/"
"","dicksex","https://www.google.com/"
"","dickshark","https://www.google.com/"
"","dickshots","https://www.google.com/"
"","dickshow","https://www.google.com/"
"","dicksinchicks","https://www.google.com/"
"","dickslipsblog","https://www.google.com/"
"","dick-slips","https://www.google.com/"
"","dicksmoking","https://www.google.com/"
"","dicksnot","https://www.google.com/"
"","dicksontits","https://www.google.com/"
"","dickspits","https://www.google.com/"
"","dicksporno","https://www.google.com/"
"","dickspornography","https://www.google.com/"
"","dickssexshop","https://www.google.com/"
"","dicksucker","https://www.google.com/"
"","dicksuckers","https://www.google.com/"
"","dicksucking","https://www.google.com/"
"","dicksuckingsluts","https://www.google.com/"
"","dickswithtits","https://www.google.com/"
"","dicksychicks","https://www.google.com/"
"","dicktader","https://www.google.com/"
"","dicktease","https://www.google.com/"
"","dickteaser","https://www.google.com/"
"","dicktickle","https://www.google.com/"
"","dicktoy","https://www.google.com/"
"","dicktrick","https://www.google.com/"
"","dicktricks","https://www.google.com/"
"","dickundrund","https://www.google.com/"
"","dick-und-willig","https://www.google.com/"
"","dickuptube","https://www.google.com/"
"","dickwadd","https://www.google.com/"
"","dickybitches","https://www.google.com/"
"","dickys","https://www.google.com/"
"","dickzone","https://www.google.com/"
"","dicodusexe","https://www.google.com/"
"","dico-gay","https://www.google.com/"
"","dictionnaire-sexuel","https://www.google.com/"
"","didclips","https://www.google.com/"
"","diddyandserena","https://www.google.com/"
"","diddydoesit","https://www.google.com/"
"","diddylicious","https://www.google.com/"
"","diddyliciousmobile","https://www.google.com/"
"","diddyssextape","https://www.google.com/"
"","didicam","https://www.google.com/"
"","didiercarre-galerie","https://www.google.com/"
"","didilist","https://www.google.com/"
"","didioffendyou","https://www.google.com/"
"","didixx","https://www.google.com/"
"","didju","https://www.google.com/"
