"﻿""id""","read","recommended"
"","latinporno","https://www.google.com/"
"","latinpornomovies","https://www.google.com/"
"","latinporn","https://www.google.com/"
"","latin-pornvideos","https://www.google.com/"
"","latinpornxxx","https://www.google.com/"
"","latinpov","https://www.google.com/"
"","latinpussy","https://www.google.com/"
"","latins247","https://www.google.com/"
"","latinschoolgirl","https://www.google.com/"
"","latinsexbombs","https://www.google.com/"
"","latinsex","https://www.google.com/"
"","latinsexdates","https://www.google.com/"
"","latinsexdevil","https://www.google.com/"
"","latinsexlovers","https://www.google.com/"
"","latinsexpictures","https://www.google.com/"
"","latinsexvideos","https://www.google.com/"
"","latinsex-x","https://www.google.com/"
"","latinsexygays","https://www.google.com/"
"","latinsfinest","https://www.google.com/"
"","latin-shemale","https://www.google.com/"
"","latin-shemales","https://www.google.com/"
"","latinsinglesconnection","https://www.google.com/"
"","latinslut","https://www.google.com/"
"","latinslutporn","https://www.google.com/"
"","latinsmokers","https://www.google.com/"
"","latin-smut","https://www.google.com/"
"","latinspicegirls","https://www.google.com/"
"","latinstuds","https://www.google.com/"
"","latinteencash","https://www.google.com/"
"","latinteen","https://www.google.com/"
"","latinteencuties","https://www.google.com/"
"","latinteengirls","https://www.google.com/"
"","latinteenpassblog","https://www.google.com/"
"","latinteenpass","https://www.google.com/"
"","latintgp","https://www.google.com/"
"","latinthumbs","https://www.google.com/"
"","latintower","https://www.google.com/"
"","latintransescort","https://www.google.com/"
"","latintubeporn","https://www.google.com/"
"","latinvid","https://www.google.com/"
"","latinvirgins","https://www.google.com/"
"","latin-webcams","https://www.google.com/"
"","latinwildparties","https://www.google.com/"
"","latinwoman","https://www.google.com/"
"","latin-women","https://www.google.com/"
"","latinwomenonline","https://www.google.com/"
"","latinxxxgirls","https://www.google.com/"
"","latitude22","https://www.google.com/"
"","latitude28","https://www.google.com/"
"","latoilegay","https://www.google.com/"
"","latrixa","https://www.google.com/"
"","latroyaibiza","https://www.google.com/"
"","lattecaldo","https://www.google.com/"
"","latvporno","https://www.google.com/"
"","latx","https://www.google.com/"
"","latynoski","https://www.google.com/"
"","laufhaus-eros","https://www.google.com/"
"","laufhaus-hamburg","https://www.google.com/"
"","laufhaus-karlsruhe","https://www.google.com/"
"","laufhaussuche","https://www.google.com/"
"","laufhaus-vitalia","https://www.google.com/"
"","laufmasche","https://www.google.com/"
"","laughingasians","https://www.google.com/"
"","laughingcock","https://www.google.com/"
"","laughinglarry","https://www.google.com/"
"","laughinglynx","https://www.google.com/"
"","laughingsex","https://www.google.com/"
"","laughingstar","https://www.google.com/"
"","laugh","https://www.google.com/"
"","laughparty","https://www.google.com/"
"","launch","https://www.google.com/"
"","lauraalicia","https://www.google.com/"
"","laura-angel","https://www.google.com/"
"","lauraangel","https://www.google.com/"
"","lauraangelonline","https://www.google.com/"
"","laura-cam","https://www.google.com/"
"","lauracam","https://www.google.com/"
"","laura-escort","https://www.google.com/"
"","laura-institut","https://www.google.com/"
"","lauralionclub","https://www.google.com/"
"","lauralion","https://www.google.com/"
"","lauralionxxx","https://www.google.com/"
"","lauraloveskatrina","https://www.google.com/"
"","lauraloveskatrinapics","https://www.google.com/"
"","lauralust","https://www.google.com/"
"","lauramodeling","https://www.google.com/"
"","laurana","https://www.google.com/"
"","lauranylon","https://www.google.com/"
"","lauraorsolyaxxx","https://www.google.com/"
"","lauraperverse","https://www.google.com/"
"","lauraprivat","https://www.google.com/"
"","laurasblacklusts","https://www.google.com/"
"","laurasgirls","https://www.google.com/"
"","laura-und-freundinnen","https://www.google.com/"
"","laurax","https://www.google.com/"
"","laureen-pink","https://www.google.com/"
"","laurenafton","https://www.google.com/"
"","laurenbared","https://www.google.com/"
"","laurenhottie","https://www.google.com/"
"","laurenkelly","https://www.google.com/"
