"﻿""id""","read","recommended"
"","backalleyhookers","https://www.google.com/"
"","backbreakingboobs","https://www.google.com/"
"","backdoorallstars","https://www.google.com/"
"","backdoorbabe","https://www.google.com/"
"","back-doorbabes","https://www.google.com/"
"","backdoor-babes","https://www.google.com/"
"","backdoorbeauty","https://www.google.com/"
"","backdoorbondage","https://www.google.com/"
"","backdoorboys","https://www.google.com/"
"","backdoorbrazil","https://www.google.com/"
"","backdoordamage","https://www.google.com/"
"","backdoorfantasy","https://www.google.com/"
"","backdoorfucks","https://www.google.com/"
"","backdoor-girls","https://www.google.com/"
"","backdoorlatinos","https://www.google.com/"
"","backdoorlesbians","https://www.google.com/"
"","backdoormoms","https://www.google.com/"
"","backdoor-scat","https://www.google.com/"
"","backdoors","https://www.google.com/"
"","backdoorsurprise","https://www.google.com/"
"","backdoortwinks","https://www.google.com/"
"","backdoorxxx","https://www.google.com/"
"","backdrop","https://www.google.com/"
"","backendvod","https://www.google.com/"
"","backpage","https://www.google.com/"
"","backpage-escorts","https://www.google.com/"
"","backpageusa","https://www.google.com/"
"","backroomboutiqueonline","https://www.google.com/"
"","backroomcastingcouch","https://www.google.com/"
"","backroom-facials","https://www.google.com/"
"","backroomfacials","https://www.google.com/"
"","backroomfuckers","https://www.google.com/"
"","backroommilf","https://www.google.com/"
"","back-seat-bangers","https://www.google.com/"
"","backseatbangers","https://www.google.com/"
"","backseatbangers-pics","https://www.google.com/"
"","backseatbangersportal","https://www.google.com/"
"","backseatblowjob","https://www.google.com/"
"","backseat","https://www.google.com/"
"","backseatcuddler","https://www.google.com/"
"","backseats-bangers","https://www.google.com/"
"","backsidebonanza","https://www.google.com/"
"","backstabbingsluts","https://www.google.com/"
"","backstage24","https://www.google.com/"
"","backstageass","https://www.google.com/"
"","backstageporno","https://www.google.com/"
"","backstreetporn","https://www.google.com/"
"","backtofront","https://www.google.com/"
"","backupporn","https://www.google.com/"
"","backway","https://www.google.com/"
"","backyardbitches","https://www.google.com/"
"","bad18","https://www.google.com/"
"","badabing","https://www.google.com/"
"","badabingphonesex","https://www.google.com/"
"","badabingstrip","https://www.google.com/"
"","badaddytube","https://www.google.com/"
"","badamateursex","https://www.google.com/"
"","badandbald","https://www.google.com/"
"","badandie","https://www.google.com/"
"","badan","https://www.google.com/"
"","badashley","https://www.google.com/"
"","badasianpussy","https://www.google.com/"
"","badasianwife","https://www.google.com/"
"","badassamateurs","https://www.google.com/"
"","badassangelbaby","https://www.google.com/"
"","badassangels","https://www.google.com/"
"","bad-ass-babes","https://www.google.com/"
"","badassboobs","https://www.google.com/"
"","badassbuddy","https://www.google.com/"
"","badasschick","https://www.google.com/"
"","badassfeeds","https://www.google.com/"
"","badassforum","https://www.google.com/"
"","badassfuckers","https://www.google.com/"
"","badassgirlfriends","https://www.google.com/"
"","badassgirlz","https://www.google.com/"
"","badasslatinas","https://www.google.com/"
"","badassmistress","https://www.google.com/"
"","badassmodels","https://www.google.com/"
"","badassmofo","https://www.google.com/"
"","badassmotherfucker","https://www.google.com/"
"","badassmothers","https://www.google.com/"
"","badassmovieimages","https://www.google.com/"
"","badassteens","https://www.google.com/"
"","badassxxx","https://www.google.com/"
"","badattitude","https://www.google.com/"
"","bad-babez","https://www.google.com/"
"","badbabygirlphonesex","https://www.google.com/"
"","badback","https://www.google.com/"
"","badbadboy","https://www.google.com/"
"","badbad-brenda","https://www.google.com/"
"","badbaretop","https://www.google.com/"
"","badbears","https://www.google.com/"
"","badbeatjackpot","https://www.google.com/"
"","badbeautifulbroads","https://www.google.com/"
"","badbitch","https://www.google.com/"
"","badblackbabes","https://www.google.com/"
"","badblog","https://www.google.com/"
"","badbone","https://www.google.com/"
"","badboobs","https://www.google.com/"
"","badboybillysboulevard","https://www.google.com/"
