"﻿""id""","read","recommended"
"","fullporndvds","https://www.google.com/"
"","fullpornlist","https://www.google.com/"
"","fullpornmovie","https://www.google.com/"
"","fullpornmovies","https://www.google.com/"
"","fullpornomovies","https://www.google.com/"
"","fullporno","https://www.google.com/"
"","fullporn","https://www.google.com/"
"","fullpornpass","https://www.google.com/"
"","fullpornsearch","https://www.google.com/"
"","fullpornsex","https://www.google.com/"
"","fullporntube","https://www.google.com/"
"","fullpornvid","https://www.google.com/"
"","fullredsex","https://www.google.com/"
"","fullredtube","https://www.google.com/"
"","fullretroporn","https://www.google.com/"
"","fullrips","https://www.google.com/"
"","fullrubber","https://www.google.com/"
"","fullsail-av","https://www.google.com/"
"","fullscreensex","https://www.google.com/"
"","fullscreenteen","https://www.google.com/"
"","fullserviceadultsonly","https://www.google.com/"
"","fullservicephonesex","https://www.google.com/"
"","fullsex","https://www.google.com/"
"","fullsexfilms","https://www.google.com/"
"","fullsexmobile","https://www.google.com/"
"","fullsexmovies","https://www.google.com/"
"","fullsexmovs","https://www.google.com/"
"","full-sex","https://www.google.com/"
"","fullsexo","https://www.google.com/"
"","fullsexsex","https://www.google.com/"
"","fullshemaleporn","https://www.google.com/"
"","fullshemaletube","https://www.google.com/"
"","fullsize","https://www.google.com/"
"","fullsizehentai","https://www.google.com/"
"","fullsports","https://www.google.com/"
"","fullteensex","https://www.google.com/"
"","fullteensporn","https://www.google.com/"
"","fullthroat","https://www.google.com/"
"","fulltrannyporn","https://www.google.com/"
"","fulltrannytube","https://www.google.com/"
"","fulltube8","https://www.google.com/"
"","fulltubemovies","https://www.google.com/"
"","fulltube","https://www.google.com/"
"","fullvideoporntube","https://www.google.com/"
"","full-videos","https://www.google.com/"
"","fullvideoz","https://www.google.com/"
"","full-vids","https://www.google.com/"
"","fullvintageporn","https://www.google.com/"
"","fullwam","https://www.google.com/"
"","fullxcinema","https://www.google.com/"
"","fullxhamster","https://www.google.com/"
"","fullxmovies","https://www.google.com/"
"","fullxnxx","https://www.google.com/"
"","fullxxxclips","https://www.google.com/"
"","fullxxxmovies","https://www.google.com/"
"","fullxxxtube","https://www.google.com/"
"","fullxxxvideos","https://www.google.com/"
"","fullyclothedfetish","https://www.google.com/"
"","fullyclothedpissing","https://www.google.com/"
"","fully-clothed-sex","https://www.google.com/"
"","fullyclothedsex","https://www.google.com/"
"","fullyerect","https://www.google.com/"
"","fullyfucked","https://www.google.com/"
"","fullyhot","https://www.google.com/"
"","fullyoungsex","https://www.google.com/"
"","fullyporn","https://www.google.com/"
"","fully","https://www.google.com/"
"","fullyshaved","https://www.google.com/"
"","fullyvideo","https://www.google.com/"
"","fulpornoseyret","https://www.google.com/"
"","fulvialeopardi","https://www.google.com/"
"","fumettimanga","https://www.google.com/"
"","fumettinrete","https://www.google.com/"
"","fummelbude","https://www.google.com/"
"","fummelcams","https://www.google.com/"
"","fummelsex","https://www.google.com/"
"","fummelteufel","https://www.google.com/"
"","fu-mobile","https://www.google.com/"
"","fun2000","https://www.google.com/"
"","fun2you","https://www.google.com/"
"","fun4ever","https://www.google.com/"
"","fun4fun","https://www.google.com/"
"","fun4gay","https://www.google.com/"
"","fun4lovers","https://www.google.com/"
"","fun4two","https://www.google.com/"
"","fun4us","https://www.google.com/"
"","fun-ab-18","https://www.google.com/"
"","funakt","https://www.google.com/"
"","funandgamesonly","https://www.google.com/"
"","fun-and-hard","https://www.google.com/"
"","funarena","https://www.google.com/"
"","funat40","https://www.google.com/"
"","funatico","https://www.google.com/"
"","funbags","https://www.google.com/"
"","funbase4u","https://www.google.com/"
"","funberry","https://www.google.com/"
"","funbestporn","https://www.google.com/"
"","funblacks","https://www.google.com/"
"","funbolt","https://www.google.com/"
"","funbookmarks","https://www.google.com/"
