"﻿""id""","read","recommended"
"","ehwiki","https://www.google.com/"
"","ehyz","https://www.google.com/"
"","eidos","https://www.google.com/"
"","eiforia","https://www.google.com/"
"","eigenoverzicht","https://www.google.com/"
"","eigenpage","https://www.google.com/"
"","eigenstart","https://www.google.com/"
"","eight08","https://www.google.com/"
"","eighteenbeauty","https://www.google.com/"
"","eighteencams","https://www.google.com/"
"","eighteeners","https://www.google.com/"
"","eighteengirls","https://www.google.com/"
"","eighteenmovs","https://www.google.com/"
"","eighteenpix","https://www.google.com/"
"","eighteens","https://www.google.com/"
"","eighteensex","https://www.google.com/"
"","eighteen","https://www.google.com/"
"","eightiespornstars","https://www.google.com/"
"","eightporn","https://www.google.com/"
"","eightseconds","https://www.google.com/"
"","eightteen","https://www.google.com/"
"","eightteenhoneys","https://www.google.com/"
"","eightteenplus","https://www.google.com/"
"","eightteens","https://www.google.com/"
"","eightysixed","https://www.google.com/"
"","eilan","https://www.google.com/"
"","eileen","https://www.google.com/"
"","eileenputman","https://www.google.com/"
"","eileensdream","https://www.google.com/"
"","eimeo","https://www.google.com/"
"","eincest","https://www.google.com/"
"","eindelijksex","https://www.google.com/"
"","eindhovenprive","https://www.google.com/"
"","eine-line","https://www.google.com/"
"","einets","https://www.google.com/"
"","einfach-ficken","https://www.google.com/"
"","einfachgeiler","https://www.google.com/"
"","einfachgeil","https://www.google.com/"
"","einfachporno","https://www.google.com/"
"","einfachso","https://www.google.com/"
"","eingepisst","https://www.google.com/"
"","einpinkeln","https://www.google.com/"
"","einpissen","https://www.google.com/"
"","einpornovideo","https://www.google.com/"
"","einsame-frauen","https://www.google.com/"
"","einsamefrauen","https://www.google.com/"
"","einsamegirls","https://www.google.com/"
"","einsame-hausfrauen","https://www.google.com/"
"","einsamen","https://www.google.com/"
"","einsamer","https://www.google.com/"
"","einsames-vergnuegen","https://www.google.com/"
"","e-inserieren","https://www.google.com/"
"","einsteins-universe","https://www.google.com/"
"","e-internet","https://www.google.com/"
"","ein","https://www.google.com/"
"","einxxx","https://www.google.com/"
"","einzigartig-intim","https://www.google.com/"
"","eis","https://www.google.com/"
"","eisenbein","https://www.google.com/"
"","eispop","https://www.google.com/"
"","eiterblase","https://www.google.com/"
"","ejac-blog","https://www.google.com/"
"","ejacfacialex","https://www.google.com/"
"","ejac-facial","https://www.google.com/"
"","ejac","https://www.google.com/"
"","ejacpipefellationsperme","https://www.google.com/"
"","ejacs","https://www.google.com/"
"","ejacs-online","https://www.google.com/"
"","ejacs-pipes","https://www.google.com/"
"","ejacs-videos","https://www.google.com/"
"","ejacula","https://www.google.com/"
"","ejaculateurprecoce","https://www.google.com/"
"","ejaculating","https://www.google.com/"
"","ejaculatingladies","https://www.google.com/"
"","ejaculation","https://www.google.com/"
"","ejaculation-faciale-gay","https://www.google.com/"
"","ejaculation-feminine","https://www.google.com/"
"","ejaculationfemininex","https://www.google.com/"
"","ejaculation-master","https://www.google.com/"
"","ejaculationprecoce","https://www.google.com/"
"","ejaculations-precoces","https://www.google.com/"
"","ejaculator","https://www.google.com/"
"","ejacule","https://www.google.com/"
"","ejaculer","https://www.google.com/"
"","ejacumax","https://www.google.com/"
"","ejakulation","https://www.google.com/"
"","ejapangirls","https://www.google.com/"
"","ejaver","https://www.google.com/"
"","ejb","https://www.google.com/"
"","ejizz","https://www.google.com/"
"","ejova","https://www.google.com/"
"","ejoy","https://www.google.com/"
"","ejs","https://www.google.com/"
"","ejszakaipillangok","https://www.google.com/"
"","ekasex","https://www.google.com/"
"","ekgd","https://www.google.com/"
"","ekgentertainment","https://www.google.com/"
"","ekiss","https://www.google.com/"
"","ekk-art","https://www.google.com/"
"","ekkomi","https://www.google.com/"
