"﻿""id""","read","recommended"
"","boysnude","https://www.google.com/"
"","boysocute","https://www.google.com/"
"","boysofafrica","https://www.google.com/"
"","boysofaustralia","https://www.google.com/"
"","boysofjapan","https://www.google.com/"
"","boysofporn","https://www.google.com/"
"","boysome","https://www.google.com/"
"","boysoncam","https://www.google.com/"
"","boysoncams","https://www.google.com/"
"","boysondate","https://www.google.com/"
"","boysondemand","https://www.google.com/"
"","boysonfile","https://www.google.com/"
"","boysonfilm","https://www.google.com/"
"","boysongirls","https://www.google.com/"
"","boysontape","https://www.google.com/"
"","boysontheprowl","https://www.google.com/"
"","boysontube","https://www.google.com/"
"","boysonvideo","https://www.google.com/"
"","boysorgasm","https://www.google.com/"
"","boysorgy","https://www.google.com/"
"","boysource","https://www.google.com/"
"","boyspack","https://www.google.com/"
"","boyspassion","https://www.google.com/"
"","boyspatrol","https://www.google.com/"
"","boyspeepee","https://www.google.com/"
"","boyspics4u","https://www.google.com/"
"","boyspin","https://www.google.com/"
"","boyspissingandcumming","https://www.google.com/"
"","boys-pissing","https://www.google.com/"
"","boysplay","https://www.google.com/"
"","boyspool","https://www.google.com/"
"","boyspop","https://www.google.com/"
"","boyspornogay","https://www.google.com/"
"","boyspornpics","https://www.google.com/"
"","boysporntubes","https://www.google.com/"
"","boyspreview","https://www.google.com/"
"","boysproject","https://www.google.com/"
"","boyspun","https://www.google.com/"
"","boyspycam","https://www.google.com/"
"","boyspy","https://www.google.com/"
"","boysreview","https://www.google.com/"
"","boysrus","https://www.google.com/"
"","boyssextube","https://www.google.com/"
"","boys-smoking","https://www.google.com/"
"","boysspankingboysblog","https://www.google.com/"
"","boyssperm","https://www.google.com/"
"","boysstarmovie","https://www.google.com/"
"","boysstuff","https://www.google.com/"
"","boystaboo","https://www.google.com/"
"","boystation","https://www.google.com/"
"","boysteachers","https://www.google.com/"
"","boysteengaysfree","https://www.google.com/"
"","boysterritory","https://www.google.com/"
"","boystore","https://www.google.com/"
"","boystorm","https://www.google.com/"
"","boystospank","https://www.google.com/"
"","boystown","https://www.google.com/"
"","boystreet","https://www.google.com/"
"","boys-try-moms","https://www.google.com/"
"","boystrymoms","https://www.google.com/"
"","boystuds","https://www.google.com/"
"","boystuff","https://www.google.com/"
"","boys-tv","https://www.google.com/"
"","boysugar","https://www.google.com/"
"","boysunderattack","https://www.google.com/"
"","boysundermatures","https://www.google.com/"
"","boysvideofotofree","https://www.google.com/"
"","boysvinden","https://www.google.com/"
"","boyswantmoms","https://www.google.com/"
"","boyswearinggirlsunderwear","https://www.google.com/"
"","boysweat","https://www.google.com/"
"","boyswedding","https://www.google.com/"
"","boyswillbegirls","https://www.google.com/"
"","boyswire","https://www.google.com/"
"","boyswithboners","https://www.google.com/"
"","boysworld","https://www.google.com/"
"","boysyoung","https://www.google.com/"
"","boytakes","https://www.google.com/"
"","boytales","https://www.google.com/"
"","boytaur","https://www.google.com/"
"","boyteen","https://www.google.com/"
"","boy-teen-pics","https://www.google.com/"
"","boy-tgp","https://www.google.com/"
"","boytickle","https://www.google.com/"
"","boytop","https://www.google.com/"
"","boytoy","https://www.google.com/"
"","boytoydolls","https://www.google.com/"
"","boytoydvd","https://www.google.com/"
"","boytoylive","https://www.google.com/"
"","boy-toys","https://www.google.com/"
"","boytoys","https://www.google.com/"
"","boytoystory","https://www.google.com/"
"","boytoytwinks","https://www.google.com/"
"","boytube","https://www.google.com/"
"","boytubesex","https://www.google.com/"
"","boytwinks","https://www.google.com/"
"","boytwinktube","https://www.google.com/"
"","boyversum","https://www.google.com/"
"","boyvid","https://www.google.com/"
"","boyvipdream","https://www.google.com/"
