"﻿""id""","read","recommended"
"","autrechosequedesmotherfuckers","https://www.google.com/"
"","autrement-chez-soi","https://www.google.com/"
"","autresexe","https://www.google.com/"
"","autumn-jade","https://www.google.com/"
"","autumnraynexxx","https://www.google.com/"
"","autumnriley","https://www.google.com/"
"","autumnrileynude","https://www.google.com/"
"","auu","https://www.google.com/"
"","aux1001plaisirs63","https://www.google.com/"
"","aux","https://www.google.com/"
"","aux-desirs","https://www.google.com/"
"","auxnuitscoquines","https://www.google.com/"
"","auxplaisirsinterdits","https://www.google.com/"
"","auxxxion","https://www.google.com/"
"","av0204","https://www.google.com/"
"","av127","https://www.google.com/"
"","av25hrs","https://www.google.com/"
"","av266","https://www.google.com/"
"","av33","https://www.google.com/"
"","av-365","https://www.google.com/"
"","av4610","https://www.google.com/"
"","av4","https://www.google.com/"
"","av69blog","https://www.google.com/"
"","av69","https://www.google.com/"
"","av9191","https://www.google.com/"
"","av9898","https://www.google.com/"
"","av9898fhg","https://www.google.com/"
"","av998","https://www.google.com/"
"","av9","https://www.google.com/"
"","av9vcd","https://www.google.com/"
"","avaaddams","https://www.google.com/"
"","avacadell","https://www.google.com/"
"","avadawn","https://www.google.com/"
"","avadevineblog","https://www.google.com/"
"","avadevine","https://www.google.com/"
"","avadevineonline","https://www.google.com/"
"","avadollxxx","https://www.google.com/"
"","avaescorts","https://www.google.com/"
"","avafuck","https://www.google.com/"
"","availablegirls","https://www.google.com/"
"","availablerape","https://www.google.com/"
"","availablewomen","https://www.google.com/"
"","avair","https://www.google.com/"
"","avala","https://www.google.com/"
"","avalanchedesperme","https://www.google.com/"
"","avaleuse","https://www.google.com/"
"","avaleuse-de-sperme","https://www.google.com/"
"","avaleuse-foutre","https://www.google.com/"
"","avaleuses","https://www.google.com/"
"","avaleusesperme","https://www.google.com/"
"","avalon-berlin","https://www.google.com/"
"","avalon-movies","https://www.google.com/"
"","avalonmovies","https://www.google.com/"
"","avalon-nude","https://www.google.com/"
"","avalon-residenz","https://www.google.com/"
"","avanal","https://www.google.com/"
"","avandis","https://www.google.com/"
"","avantajadas","https://www.google.com/"
"","avantajados","https://www.google.com/"
"","avante-swingers","https://www.google.com/"
"","av-apa","https://www.google.com/"
"","avatar-airbender-porn","https://www.google.com/"
"","avatarcash","https://www.google.com/"
"","avatarfleshtoy","https://www.google.com/"
"","avatarla","https://www.google.com/"
"","avatar-msn","https://www.google.com/"
"","avatarporn","https://www.google.com/"
"","avatarsdb","https://www.google.com/"
"","avatarshop","https://www.google.com/"
"","avatarstock","https://www.google.com/"
"","av-babes","https://www.google.com/"
"","avbabes","https://www.google.com/"
"","avchina","https://www.google.com/"
"","avcool","https://www.google.com/"
"","avcrempie","https://www.google.com/"
"","avdeluxe","https://www.google.com/"
"","avdmm","https://www.google.com/"
"","avdreams","https://www.google.com/"
"","avdvd","https://www.google.com/"
"","ave55","https://www.google.com/"
"","av-e-body","https://www.google.com/"
"","avecelle","https://www.google.com/"
"","avecsexe","https://www.google.com/"
"","avecsonchien","https://www.google.com/"
"","ave-e","https://www.google.com/"
"","avelip","https://www.google.com/"
"","aveliporn","https://www.google.com/"
"","aventertainments","https://www.google.com/"
"","aventuraseroticas","https://www.google.com/"
"","aventure","https://www.google.com/"
"","aventures-interdites","https://www.google.com/"
"","aventuresmatures","https://www.google.com/"
"","avenueblue","https://www.google.com/"
"","avenue-casino","https://www.google.com/"
"","avenuedelalingerie","https://www.google.com/"
"","avenueduporno","https://www.google.com/"
"","avenue-lingerie","https://www.google.com/"
"","avenue-privee","https://www.google.com/"
"","avenueservices","https://www.google.com/"
"","avenuesexy","https://www.google.com/"
