"﻿""id""","read","recommended"
"","cjcooke","https://www.google.com/"
"","cjcummings","https://www.google.com/"
"","cjfriends","https://www.google.com/"
"","cjgirls","https://www.google.com/"
"","cj-list","https://www.google.com/"
"","cjlog","https://www.google.com/"
"","cjsgangbangs","https://www.google.com/"
"","cjtraffic","https://www.google.com/"
"","cjtube","https://www.google.com/"
"","cjv","https://www.google.com/"
"","cjwebmasters","https://www.google.com/"
"","cj-window","https://www.google.com/"
"","cjwrightxxxanal","https://www.google.com/"
"","cjwrightxxx","https://www.google.com/"
"","cjxxx","https://www.google.com/"
"","cke18","https://www.google.com/"
"","ckm","https://www.google.com/"
"","ckrweb","https://www.google.com/"
"","ckxgirl","https://www.google.com/"
"","ckxmodels","https://www.google.com/"
"","ckyka","https://www.google.com/"
"","cl-adagio","https://www.google.com/"
"","cladina","https://www.google.com/"
"","clago","https://www.google.com/"
"","claimbtc","https://www.google.com/"
"","claire-escort-toulon-paca","https://www.google.com/"
"","claireforlani","https://www.google.com/"
"","clairepetite","https://www.google.com/"
"","clairesslaves","https://www.google.com/"
"","clairethompson","https://www.google.com/"
"","clairobscur","https://www.google.com/"
"","clamhunter","https://www.google.com/"
"","clammedia","https://www.google.com/"
"","clamsamateurs","https://www.google.com/"
"","clamsangels","https://www.google.com/"
"","clamscams","https://www.google.com/"
"","clamscuties","https://www.google.com/"
"","clandestine","https://www.google.com/"
"","clangay","https://www.google.com/"
"","clangers","https://www.google.com/"
"","clanofthecats","https://www.google.com/"
"","clanpage","https://www.google.com/"
"","clan","https://www.google.com/"
"","clappingfetus","https://www.google.com/"
"","claraboutique","https://www.google.com/"
"","claraleclerc","https://www.google.com/"
"","claram","https://www.google.com/"
"","claramorgane","https://www.google.com/"
"","claramorgan","https://www.google.com/"
"","clara","https://www.google.com/"
"","claranet","https://www.google.com/"
"","clarasex","https://www.google.com/"
"","clarasexe","https://www.google.com/"
"","claravenger","https://www.google.com/"
"","claredaledistributors","https://www.google.com/"
"","clarefondacash","https://www.google.com/"
"","clarefondapass","https://www.google.com/"
"","clarespanksmen","https://www.google.com/"
"","clarissahouse","https://www.google.com/"
"","clashoflightsdownload","https://www.google.com/"
"","class3arms","https://www.google.com/"
"","classactcash","https://www.google.com/"
"","classaffiliates","https://www.google.com/"
"","classamateurs","https://www.google.com/"
"","class-blowjob","https://www.google.com/"
"","classcomics","https://www.google.com/"
"","classconn","https://www.google.com/"
"","classescort","https://www.google.com/"
"","classescorte","https://www.google.com/"
"","classe-x","https://www.google.com/"
"","classicadultstars","https://www.google.com/"
"","classicageporn","https://www.google.com/"
"","classically-elegant","https://www.google.com/"
"","classical-porn","https://www.google.com/"
"","classicandvintageporn","https://www.google.com/"
"","classic-babes","https://www.google.com/"
"","classicbareback","https://www.google.com/"
"","classic-bdsm","https://www.google.com/"
"","classicbondagepics","https://www.google.com/"
"","classiccarladies","https://www.google.com/"
"","classic-charm","https://www.google.com/"
"","classiccorsets","https://www.google.com/"
"","classiccrissy","https://www.google.com/"
"","classicenema","https://www.google.com/"
"","classiceroticpictures","https://www.google.com/"
"","classiceuroporn","https://www.google.com/"
"","classic-exotic-lingerie","https://www.google.com/"
"","classichard","https://www.google.com/"
"","classic-ladies","https://www.google.com/"
"","classic-lady","https://www.google.com/"
"","classiclesbianmovies","https://www.google.com/"
"","classic-lingerie","https://www.google.com/"
"","classic-moms","https://www.google.com/"
"","classicmoviechannel","https://www.google.com/"
"","classicmovies","https://www.google.com/"
"","classicnude","https://www.google.com/"
"","classicnudepinups","https://www.google.com/"
"","classicnylons","https://www.google.com/"
"","classicnylontease","https://www.google.com/"
"","classicpanties","https://www.google.com/"
