"﻿""id""","read","recommended"
"","kochon","https://www.google.com/"
"","kociaki","https://www.google.com/"
"","kociak","https://www.google.com/"
"","kocice","https://www.google.com/"
"","kodiefiles","https://www.google.com/"
"","koduk","https://www.google.com/"
"","kodylt","https://www.google.com/"
"","koekenzoopie","https://www.google.com/"
"","koeln-lunke","https://www.google.com/"
"","koersexplosie","https://www.google.com/"
"","kofilmproductions","https://www.google.com/"
"","kogal","https://www.google.com/"
"","kogo","https://www.google.com/"
"","kohaku","https://www.google.com/"
"","kohit","https://www.google.com/"
"","koi-de-neuf","https://www.google.com/"
"","koierotica","https://www.google.com/"
"","koi-i","https://www.google.com/"
"","koimedia","https://www.google.com/"
"","koketka","https://www.google.com/"
"","kokine","https://www.google.com/"
"","kokinette","https://www.google.com/"
"","kokinkokine","https://www.google.com/"
"","kokobum","https://www.google.com/"
"","kokoko","https://www.google.com/"
"","kokotka","https://www.google.com/"
"","koktebel","https://www.google.com/"
"","koktube","https://www.google.com/"
"","kokuhakutoukou","https://www.google.com/"
"","kolido","https://www.google.com/"
"","kolikkopelit-netissa","https://www.google.com/"
"","kolkataescortagency","https://www.google.com/"
"","kolkataexcellentescorts","https://www.google.com/"
"","kolkatasexybabes","https://www.google.com/"
"","kolkatasexyescorts","https://www.google.com/"
"","kolobkov","https://www.google.com/"
"","kolonialisten","https://www.google.com/"
"","koloporno","https://www.google.com/"
"","kolore","https://www.google.com/"
"","kolorysexu","https://www.google.com/"
"","kolyan","https://www.google.com/"
"","komanaal","https://www.google.com/"
"","komandaputina","https://www.google.com/"
"","kombijmebinnen","https://www.google.com/"
"","komdaten","https://www.google.com/"
"","komersyal","https://www.google.com/"
"","komixxx","https://www.google.com/"
"","komjespelen","https://www.google.com/"
"","komklaarcam","https://www.google.com/"
"","komm-gleich","https://www.google.com/"
"","kommgleich","https://www.google.com/"
"","komm-herein","https://www.google.com/"
"","komnu","https://www.google.com/"
"","kompoz2","https://www.google.com/"
"","kompoz","https://www.google.com/"
"","komsinice","https://www.google.com/"
"","komsnel","https://www.google.com/"
"","komsu","https://www.google.com/"
"","komtoo","https://www.google.com/"
"","komuroyuri","https://www.google.com/"
"","konachan","https://www.google.com/"
"","konasutra","https://www.google.com/"
"","kondom24","https://www.google.com/"
"","kondombutiken","https://www.google.com/"
"","kondomeriet","https://www.google.com/"
"","konebytte","https://www.google.com/"
"","konferencje-eventy","https://www.google.com/"
"","kongdong","https://www.google.com/"
"","kongmu","https://www.google.com/"
"","kongworld","https://www.google.com/"
"","kongzilla","https://www.google.com/"
"","kontakt-24","https://www.google.com/"
"","kontakt69","https://www.google.com/"
"","kontaktangebote","https://www.google.com/"
"","kontaktannonsen","https://www.google.com/"
"","kontaktannonserna","https://www.google.com/"
"","kontaktanzeige-flirten","https://www.google.com/"
"","kontaktanzeigen-deutschland","https://www.google.com/"
"","kontaktanzeigen-flirten-chat","https://www.google.com/"
"","kontaktanzeigen-flirts","https://www.google.com/"
"","kontaktanzeigen-fotos","https://www.google.com/"
"","kontaktanzeigen-guide","https://www.google.com/"
"","kontaktanzeigen-internet","https://www.google.com/"
"","kontaktanzeigen-kostenlos","https://www.google.com/"
"","kontaktanzeigen-magazin","https://www.google.com/"
"","kontakt-anzeigenmarkt","https://www.google.com/"
"","kontaktanzeigen-markt","https://www.google.com/"
"","kontaktanzeigenmarkt","https://www.google.com/"
"","kontaktanzeigen-now","https://www.google.com/"
"","kontaktanzeigenpool","https://www.google.com/"
"","kontaktanzeigen-schweiz","https://www.google.com/"
"","kontaktanzeigen-sex","https://www.google.com/"
"","kontaktanzeigen-singles","https://www.google.com/"
"","kontaktanzeigenworld","https://www.google.com/"
"","kontaktarm","https://www.google.com/"
"","kontaktbazar","https://www.google.com/"
"","kontaktblitz","https://www.google.com/"
"","kontaktbox","https://www.google.com/"
"","kontaktbuch","https://www.google.com/"
"","kontaktchannel","https://www.google.com/"
