"﻿""id""","read","recommended"
"","blowjobgirl","https://www.google.com/"
"","blowjobgirls","https://www.google.com/"
"","blow-job-heaven","https://www.google.com/"
"","blowjobheaven","https://www.google.com/"
"","blowjobhome","https://www.google.com/"
"","blowjobhotline","https://www.google.com/"
"","blowjobhotties","https://www.google.com/"
"","blowjobhow","https://www.google.com/"
"","blowjobhowto","https://www.google.com/"
"","blowjobindex","https://www.google.com/"
"","blowjobindianporn","https://www.google.com/"
"","blowjobjade","https://www.google.com/"
"","blowjobjapan","https://www.google.com/"
"","blowjobjunkie","https://www.google.com/"
"","blowjobjunky","https://www.google.com/"
"","blowjobland","https://www.google.com/"
"","blowjoblist","https://www.google.com/"
"","blowjoblocker","https://www.google.com/"
"","blowjoblovers","https://www.google.com/"
"","blowjoblust","https://www.google.com/"
"","blowjobmachine","https://www.google.com/"
"","blowjob-madness","https://www.google.com/"
"","blowjobmagic","https://www.google.com/"
"","blowjobme","https://www.google.com/"
"","blowjobmilfporn","https://www.google.com/"
"","blowjobmodels","https://www.google.com/"
"","blowjobmom","https://www.google.com/"
"","blowjobmovie1","https://www.google.com/"
"","blowjobmovie","https://www.google.com/"
"","blowjobmovies","https://www.google.com/"
"","blowjobmpeg","https://www.google.com/"
"","blowjobmpegs","https://www.google.com/"
"","blowjobmpg","https://www.google.com/"
"","blowjobnation","https://www.google.com/"
"","blowjobneeded","https://www.google.com/"
"","blowjobnextdoor","https://www.google.com/"
"","blowjobninjas","https://www.google.com/"
"","blowjobnudes","https://www.google.com/"
"","blowjoboff","https://www.google.com/"
"","blowjobold","https://www.google.com/"
"","blowjobology","https://www.google.com/"
"","blowjobpage","https://www.google.com/"
"","blowjobparty","https://www.google.com/"
"","blowjobpayperview","https://www.google.com/"
"","blowjobphone","https://www.google.com/"
"","blowjobphonesex","https://www.google.com/"
"","blowjobphoto","https://www.google.com/"
"","blowjobphotos","https://www.google.com/"
"","blowjobpic","https://www.google.com/"
"","blowjobpics","https://www.google.com/"
"","blowjob-pics","https://www.google.com/"
"","blowjobpicts","https://www.google.com/"
"","blowjobpicture","https://www.google.com/"
"","blowjob-pictures","https://www.google.com/"
"","blowjobpictures","https://www.google.com/"
"","blowjobpimps","https://www.google.com/"
"","blowjobpix","https://www.google.com/"
"","blowjobpixs","https://www.google.com/"
"","blow-job","https://www.google.com/"
"","blowjobplanet","https://www.google.com/"
"","blowjob-porn","https://www.google.com/"
"","blowjobporn","https://www.google.com/"
"","blowjobporno","https://www.google.com/"
"","blowjob-pornos","https://www.google.com/"
"","blowjobpornpics","https://www.google.com/"
"","blowjobporntubes","https://www.google.com/"
"","blowjobpros","https://www.google.com/"
"","blowjobraces","https://www.google.com/"
"","blowjobregistry","https://www.google.com/"
"","blowjobreviewer","https://www.google.com/"
"","blowjobreviews","https://www.google.com/"
"","blowjobring","https://www.google.com/"
"","blowjobs100","https://www.google.com/"
"","blow-jobs-4you","https://www.google.com/"
"","blowjobsandhandjobs","https://www.google.com/"
"","blowjobs","https://www.google.com/"
"","blowjobsbabes","https://www.google.com/"
"","blowjobsboss","https://www.google.com/"
"","blow-jobs","https://www.google.com/"
"","blowjobsecrets","https://www.google.com/"
"","blowjob-sex","https://www.google.com/"
"","blowjobsex","https://www.google.com/"
"","blowjobsexypics","https://www.google.com/"
"","blowjobsfacials","https://www.google.com/"
"","blowjobsforcash","https://www.google.com/"
"","blowjobsforfree","https://www.google.com/"
"","blowjobsfree","https://www.google.com/"
"","blowjobs-hd","https://www.google.com/"
"","blowjobshots","https://www.google.com/"
"","blowjobsites","https://www.google.com/"
"","blowjobsletten","https://www.google.com/"
"","blowjobslive","https://www.google.com/"
"","blowjobslut","https://www.google.com/"
"","blowjobsmile","https://www.google.com/"
"","blowjobsmovies","https://www.google.com/"
"","blowjobsondemand","https://www.google.com/"
"","blowjobs-photo","https://www.google.com/"
"","blowjobs-porn","https://www.google.com/"
"","blowjobsporn","https://www.google.com/"
"","blowjobsquad","https://www.google.com/"
