"﻿""id""","read","recommended"
"","internetswinger","https://www.google.com/"
"","internetswinging","https://www.google.com/"
"","internet-trafic","https://www.google.com/"
"","internettutorial","https://www.google.com/"
"","internetwatchdog","https://www.google.com/"
"","internetxxx","https://www.google.com/"
"","internext-expo","https://www.google.com/"
"","interno69","https://www.google.com/"
"","interotica","https://www.google.com/"
"","interporn","https://www.google.com/"
"","interrace-sex","https://www.google.com/"
"","interracial3dsex","https://www.google.com/"
"","interracial4free","https://www.google.com/"
"","interracial6","https://www.google.com/"
"","interracial-action","https://www.google.com/"
"","interracialads","https://www.google.com/"
"","interracialaffairs","https://www.google.com/"
"","interracial-amateur-1","https://www.google.com/"
"","interracialamateur","https://www.google.com/"
"","interracialanalsex","https://www.google.com/"
"","interracialarchive","https://www.google.com/"
"","interracial-art","https://www.google.com/"
"","interracialauditions","https://www.google.com/"
"","interracialbangblog","https://www.google.com/"
"","interracialbest","https://www.google.com/"
"","interracialblowbang","https://www.google.com/"
"","interracial-blowjob1","https://www.google.com/"
"","interracialblowjobs","https://www.google.com/"
"","interracialblowout","https://www.google.com/"
"","interracial-bukkake","https://www.google.com/"
"","interracialbukkakes","https://www.google.com/"
"","interracialcam","https://www.google.com/"
"","interracial-candy","https://www.google.com/"
"","interracialchatcity","https://www.google.com/"
"","interracialclip","https://www.google.com/"
"","interracialclub","https://www.google.com/"
"","interracial-cock","https://www.google.com/"
"","interracial","https://www.google.com/"
"","interracialcomics247","https://www.google.com/"
"","interracial-comics","https://www.google.com/"
"","interracialcomicstgp","https://www.google.com/"
"","interracial-comix","https://www.google.com/"
"","interracialconfessions","https://www.google.com/"
"","interracialconnect","https://www.google.com/"
"","interracialcontacts","https://www.google.com/"
"","interracialcouch","https://www.google.com/"
"","interracialcougarsex","https://www.google.com/"
"","interracialcouples","https://www.google.com/"
"","interracialcreampiez","https://www.google.com/"
"","interracial-cuckold","https://www.google.com/"
"","interracial-cuckold-cartoon","https://www.google.com/"
"","interracialcuckoldpictures","https://www.google.com/"
"","interracialcuckoldsex","https://www.google.com/"
"","interracialcuckolds","https://www.google.com/"
"","interracialcuckoldvideo","https://www.google.com/"
"","interracialcumshot","https://www.google.com/"
"","interracialcumshots","https://www.google.com/"
"","interracialcumwhore","https://www.google.com/"
"","interracialcumwhores","https://www.google.com/"
"","interracialdatelink","https://www.google.com/"
"","interracial-dating-1","https://www.google.com/"
"","interracialdating","https://www.google.com/"
"","interracial-dating","https://www.google.com/"
"","interracialdeluxe","https://www.google.com/"
"","interracialdvd","https://www.google.com/"
"","interracialerotica","https://www.google.com/"
"","interracial-erotic-stories","https://www.google.com/"
"","interracialexposed","https://www.google.com/"
"","interracialextreme","https://www.google.com/"
"","interracialfacials","https://www.google.com/"
"","interracialflixxx","https://www.google.com/"
"","interracialforum","https://www.google.com/"
"","interracialfreepage","https://www.google.com/"
"","interracialfriends","https://www.google.com/"
"","interracialfuckfan","https://www.google.com/"
"","interracialfuckingsex","https://www.google.com/"
"","interracialfuckorgy","https://www.google.com/"
"","interracialfuck","https://www.google.com/"
"","interracialfuture","https://www.google.com/"
"","interracialgal","https://www.google.com/"
"","interracial-gallery-1","https://www.google.com/"
"","interracial-gangbang1","https://www.google.com/"
"","interracial-gangbang2","https://www.google.com/"
"","interracialgangbangs","https://www.google.com/"
"","interracialgangbangx","https://www.google.com/"
"","interracialgangbangz","https://www.google.com/"
"","interracialgaydating","https://www.google.com/"
"","interracialgaysexvideos","https://www.google.com/"
"","interracialgfs","https://www.google.com/"
"","interracialgfvideos","https://www.google.com/"
"","interracial-girls","https://www.google.com/"
"","interracialhall","https://www.google.com/"
"","interracial-hard","https://www.google.com/"
"","interracialhard","https://www.google.com/"
"","interracial-hardcore1","https://www.google.com/"
"","interracialhardcore","https://www.google.com/"
"","interracialhardcoretranny","https://www.google.com/"
"","interracialhardfuck","https://www.google.com/"
"","interracialhardsex","https://www.google.com/"
"","interracialhermit","https://www.google.com/"
