"﻿""id""","read","recommended"
"","fetishsexshow","https://www.google.com/"
"","fetishsexsites","https://www.google.com/"
"","fetishsexsymbol","https://www.google.com/"
"","fetishsextgp","https://www.google.com/"
"","fetishsexvideos","https://www.google.com/"
"","fetishsexvidz","https://www.google.com/"
"","fetishsexworld","https://www.google.com/"
"","fetishsexxxpass","https://www.google.com/"
"","fetishsexxxx","https://www.google.com/"
"","fetish-sex-zone","https://www.google.com/"
"","fetishshark","https://www.google.com/"
"","fetishshemale","https://www.google.com/"
"","fetish-shoes","https://www.google.com/"
"","fetish-shooting","https://www.google.com/"
"","fetishshop24","https://www.google.com/"
"","fetishshop","https://www.google.com/"
"","fetish-shop","https://www.google.com/"
"","fetishshots","https://www.google.com/"
"","fetish-shows","https://www.google.com/"
"","fetishshrine","https://www.google.com/"
"","fetishsideshow","https://www.google.com/"
"","fetish-site","https://www.google.com/"
"","fetishsite","https://www.google.com/"
"","fetishsitereviews","https://www.google.com/"
"","fetish-sites","https://www.google.com/"
"","fetishsitez","https://www.google.com/"
"","fetish-sluts","https://www.google.com/"
"","fetishsluts","https://www.google.com/"
"","fetish-sm","https://www.google.com/"
"","fetishsmoke","https://www.google.com/"
"","fetishsnake","https://www.google.com/"
"","fetishsofia","https://www.google.com/"
"","fetishsource","https://www.google.com/"
"","fetish-space","https://www.google.com/"
"","fetish-spanking","https://www.google.com/"
"","fetishspanking","https://www.google.com/"
"","fetishsphere","https://www.google.com/"
"","fetishstar","https://www.google.com/"
"","fetish-stars","https://www.google.com/"
"","fetishstars","https://www.google.com/"
"","fetishstash","https://www.google.com/"
"","fetishsteel","https://www.google.com/"
"","fetish-stories","https://www.google.com/"
"","fetishstories","https://www.google.com/"
"","fetishstory","https://www.google.com/"
"","fetishstraponsex","https://www.google.com/"
"","fetishstreaming","https://www.google.com/"
"","fetishstream","https://www.google.com/"
"","fetishstreet","https://www.google.com/"
"","fetishstudios","https://www.google.com/"
"","fetish-style","https://www.google.com/"
"","fetish-succubus","https://www.google.com/"
"","fetishsurf","https://www.google.com/"
"","fetishswingers","https://www.google.com/"
"","fetishtaboophonesex","https://www.google.com/"
"","fetishtainment","https://www.google.com/"
"","fetishtalk","https://www.google.com/"
"","fetishteen","https://www.google.com/"
"","fetishtees","https://www.google.com/"
"","fetishtemple","https://www.google.com/"
"","fetishtgp","https://www.google.com/"
"","fetishtheatre","https://www.google.com/"
"","fetishtiger","https://www.google.com/"
"","fetishtimes","https://www.google.com/"
"","fetishtips","https://www.google.com/"
"","fetish-tits","https://www.google.com/"
"","fetishtool","https://www.google.com/"
"","fetishtoon","https://www.google.com/"
"","fetishtop1000","https://www.google.com/"
"","fetish-top10","https://www.google.com/"
"","fetishtops","https://www.google.com/"
"","fetish-total","https://www.google.com/"
"","fetishtoybox","https://www.google.com/"
"","fetishtoyshop","https://www.google.com/"
"","fetishtoys","https://www.google.com/"
"","fetishtrail","https://www.google.com/"
"","fetishtrain","https://www.google.com/"
"","fetishtraining","https://www.google.com/"
"","fetishtrans","https://www.google.com/"
"","fetishtransexuals","https://www.google.com/"
"","fetishtransformation","https://www.google.com/"
"","fetishtry","https://www.google.com/"
"","fetishtryouts","https://www.google.com/"
"","fetishtube101","https://www.google.com/"
"","fetishtube4u","https://www.google.com/"
"","fetishtube","https://www.google.com/"
"","fetishtubez","https://www.google.com/"
"","fetish-tv","https://www.google.com/"
"","fetishtv","https://www.google.com/"
"","fetishtwist","https://www.google.com/"
"","fetishuniformsex","https://www.google.com/"
"","fetishuniverse","https://www.google.com/"
"","fetish-up","https://www.google.com/"
"","fetishupdates","https://www.google.com/"
"","fetish-usa","https://www.google.com/"
"","fetish-vampires","https://www.google.com/"
"","fetish-vanessa","https://www.google.com/"
"","fetishversand","https://www.google.com/"
"","fetishvices","https://www.google.com/"
"","fetishvid","https://www.google.com/"
