"﻿""id""","read","recommended"
"","3xsexxx","https://www.google.com/"
"","3xshemales","https://www.google.com/"
"","3x-sites","https://www.google.com/"
"","3xstockings","https://www.google.com/"
"","3xstrapon","https://www.google.com/"
"","3xtech","https://www.google.com/"
"","3xthumbs","https://www.google.com/"
"","3xtoons","https://www.google.com/"
"","3xtoplist","https://www.google.com/"
"","3xtoys","https://www.google.com/"
"","3xtraffic","https://www.google.com/"
"","3x-trans","https://www.google.com/"
"","3xtubez","https://www.google.com/"
"","3xupdate","https://www.google.com/"
"","3xupload","https://www.google.com/"
"","3xvdo","https://www.google.com/"
"","3xvid","https://www.google.com/"
"","3xvideos","https://www.google.com/"
"","3x-web","https://www.google.com/"
"","3xwebdesign","https://www.google.com/"
"","3xwebhosting","https://www.google.com/"
"","3xwifefucking","https://www.google.com/"
"","3xww","https://www.google.com/"
"","3xx","https://www.google.com/"
"","3xxx","https://www.google.com/"
"","3xxxvideos","https://www.google.com/"
"","3yen","https://www.google.com/"
"","400nudes","https://www.google.com/"
"","403porn","https://www.google.com/"
"","404freakparty","https://www.google.com/"
"","404girls","https://www.google.com/"
"","404-not-found","https://www.google.com/"
"","404porn","https://www.google.com/"
"","404server","https://www.google.com/"
"","408vip","https://www.google.com/"
"","40allteenpics","https://www.google.com/"
"","40andplum","https://www.google.com/"
"","40best","https://www.google.com/"
"","40ch","https://www.google.com/"
"","40ddd","https://www.google.com/"
"","40inchass","https://www.google.com/"
"","40inch","https://www.google.com/"
"","40inchplus1","https://www.google.com/"
"","40inchplusblog","https://www.google.com/"
"","40inchplus","https://www.google.com/"
"","40inchplus-index","https://www.google.com/"
"","40inchpluslinks","https://www.google.com/"
"","40inchplusweblog","https://www.google.com/"
"","40let","https://www.google.com/"
"","40momporntube","https://www.google.com/"
"","40nup","https://www.google.com/"
"","40obfam","https://www.google.com/"
"","40oldmoms","https://www.google.com/"
"","40ozbounce","https://www.google.com/"
"","40ozbouncefun","https://www.google.com/"
"","40plus50plus","https://www.google.com/"
"","40plus50plusphonesex","https://www.google.com/"
"","40-plus","https://www.google.com/"
"","40plushoeren","https://www.google.com/"
"","40pluspussy","https://www.google.com/"
"","40plussex","https://www.google.com/"
"","40plus-wives","https://www.google.com/"
"","40porn","https://www.google.com/"
"","40pussy","https://www.google.com/"
"","40sex","https://www.google.com/"
"","40smthmag","https://www.google.com/"
"","40somethingmag","https://www.google.com/"
"","40somethingwomen","https://www.google.com/"
"","40svintageporn","https://www.google.com/"
"","40til5","https://www.google.com/"
"","4-1-1","https://www.google.com/"
"","411erotica","https://www.google.com/"
"","411-gambling","https://www.google.com/"
"","411girls","https://www.google.com/"
"","411love","https://www.google.com/"
"","411onlinedating","https://www.google.com/"
"","411-singles","https://www.google.com/"
"","411-swingers","https://www.google.com/"
"","411transgender","https://www.google.com/"
"","413pro","https://www.google.com/"
"","41tube","https://www.google.com/"
"","420babes","https://www.google.com/"
"","420butts","https://www.google.com/"
"","420chan","https://www.google.com/"
"","420girls","https://www.google.com/"
"","420porn","https://www.google.com/"
"","429cash","https://www.google.com/"
"","429members","https://www.google.com/"
"","429tube","https://www.google.com/"
"","429videos","https://www.google.com/"
"","429wm","https://www.google.com/"
"","42adult","https://www.google.com/"
"","42dd","https://www.google.com/"
"","42jj","https://www.google.com/"
"","42stores","https://www.google.com/"
"","42t","https://www.google.com/"
"","444porn","https://www.google.com/"
"","44d","https://www.google.com/"
"","44dd-big-boobs","https://www.google.com/"
"","44jjjkim","https://www.google.com/"
