"﻿""id""","read","recommended"
"","9adultsexgames","https://www.google.com/"
"","9bat","https://www.google.com/"
"","9buckamateursex","https://www.google.com/"
"","9buckasiangirls","https://www.google.com/"
"","9buckbutts","https://www.google.com/"
"","9buckfatgirls","https://www.google.com/"
"","9buckgrannies","https://www.google.com/"
"","9buckshemalesex","https://www.google.com/"
"","9cc","https://www.google.com/"
"","9cs","https://www.google.com/"
"","9cy","https://www.google.com/"
"","9fudb","https://www.google.com/"
"","9gag2","https://www.google.com/"
"","9gag","https://www.google.com/"
"","9gay","https://www.google.com/"
"","9hentai","https://www.google.com/"
"","9hz","https://www.google.com/"
"","9inchdicks","https://www.google.com/"
"","9inchmales","https://www.google.com/"
"","9jf","https://www.google.com/"
"","9linesslots","https://www.google.com/"
"","9maza","https://www.google.com/"
"","9-online","https://www.google.com/"
"","9pipe","https://www.google.com/"
"","9porn","https://www.google.com/"
"","9s2","https://www.google.com/"
"","9sex","https://www.google.com/"
"","9sm","https://www.google.com/"
"","9taxi","https://www.google.com/"
"","9-teens","https://www.google.com/"
"","9teensluts","https://www.google.com/"
"","9teens","https://www.google.com/"
"","9t","https://www.google.com/"
"","9xlust","https://www.google.com/"
"","9xvideo","https://www.google.com/"
"","9yb","https://www.google.com/"
"","9y","https://www.google.com/"
"","9zehn","https://www.google.com/"
"","9zl","https://www.google.com/"
"","a06","https://www.google.com/"
"","a14a","https://www.google.com/"
"","a14k","https://www.google.com/"
"","a19d","https://www.google.com/"
"","a1adultebooks","https://www.google.com/"
"","a1adultsextoys","https://www.google.com/"
"","a1-analingus","https://www.google.com/"
"","a1a-penis-enlargement","https://www.google.com/"
"","a1-asian","https://www.google.com/"
"","a1-bannertausch","https://www.google.com/"
"","a1bdsm","https://www.google.com/"
"","a1bestdate","https://www.google.com/"
"","a-1blowjobs","https://www.google.com/"
"","a1boulevard","https://www.google.com/"
"","a1cams","https://www.google.com/"
"","a1cum","https://www.google.com/"
"","a1-dating","https://www.google.com/"
"","a1der-babe","https://www.google.com/"
"","a1ebooks","https://www.google.com/"
"","a1finder","https://www.google.com/"
"","a1footfetish","https://www.google.com/"
"","a1galleries","https://www.google.com/"
"","a1gayfreepics","https://www.google.com/"
"","a1hc","https://www.google.com/"
"","a1latinaphonesex","https://www.google.com/"
"","a1photos","https://www.google.com/"
"","a1porno","https://www.google.com/"
"","a1prime","https://www.google.com/"
"","a1singles","https://www.google.com/"
"","a1stars","https://www.google.com/"
"","a1tgp","https://www.google.com/"
"","a1twinks","https://www.google.com/"
"","a1uk","https://www.google.com/"
"","a1xxx","https://www.google.com/"
"","a24-7pornsite","https://www.google.com/"
"","a-24","https://www.google.com/"
"","a2b-immobilier","https://www.google.com/"
"","a2g","https://www.google.com/"
"","a2-rencontre","https://www.google.com/"
"","a2zconstruction","https://www.google.com/"
"","a2zee","https://www.google.com/"
"","a2zmasturbation","https://www.google.com/"
"","a2zmen","https://www.google.com/"
"","a2zporn","https://www.google.com/"
"","a2zsexlinks","https://www.google.com/"
"","a2zsexshop","https://www.google.com/"
"","a3a","https://www.google.com/"
"","a3dporn","https://www.google.com/"
"","a3","https://www.google.com/"
"","a40ans","https://www.google.com/"
"","a4patas","https://www.google.com/"
"","a4pattes","https://www.google.com/"
"","a4rooms","https://www.google.com/"
"","a4u","https://www.google.com/"
"","a4w","https://www.google.com/"
"","a69","https://www.google.com/"
"","a6","https://www.google.com/"
"","a6inc","https://www.google.com/"
"","a74","https://www.google.com/"
"","a79h","https://www.google.com/"
"","a985","https://www.google.com/"
