"﻿""id""","read","recommended"
"","altusco","https://www.google.com/"
"","altxxx","https://www.google.com/"
"","alucinante","https://www.google.com/"
"","alun","https://www.google.com/"
"","alura","https://www.google.com/"
"","alurajensonxxx","https://www.google.com/"
"","alutio","https://www.google.com/"
"","alvideos","https://www.google.com/"
"","alwaysadream","https://www.google.com/"
"","alwaysamateur","https://www.google.com/"
"","alwayscute","https://www.google.com/"
"","alwaysdiscreet","https://www.google.com/"
"","alwaysfetish","https://www.google.com/"
"","alwaysforme","https://www.google.com/"
"","alwaysfreeporn","https://www.google.com/"
"","alwaysfreepornmovies","https://www.google.com/"
"","alwaysfreexxx","https://www.google.com/"
"","alwaysgay","https://www.google.com/"
"","alwaysgirls","https://www.google.com/"
"","alwayshard","https://www.google.com/"
"","alwayshardcore","https://www.google.com/"
"","alwayshorny","https://www.google.com/"
"","alwaysme","https://www.google.com/"
"","alwaysout","https://www.google.com/"
"","alwayspantyhose","https://www.google.com/"
"","alyclips","https://www.google.com/"
"","alymovies","https://www.google.com/"
"","alyshablog","https://www.google.com/"
"","alyshaford","https://www.google.com/"
"","alysinclair","https://www.google.com/"
"","alyssadivinexxx","https://www.google.com/"
"","alyssadoll","https://www.google.com/"
"","alyssaluxor","https://www.google.com/"
"","alyssalynn","https://www.google.com/"
"","alyssarocks","https://www.google.com/"
"","alyssaroxi","https://www.google.com/"
"","alyssateen","https://www.google.com/"
"","alyssatyler","https://www.google.com/"
"","alyze","https://www.google.com/"
"","amabitch","https://www.google.com/"
"","amables","https://www.google.com/"
"","amabucks","https://www.google.com/"
"","ama-cam","https://www.google.com/"
"","amacams","https://www.google.com/"
"","amadeosoflove","https://www.google.com/"
"","amadeus-girls","https://www.google.com/"
"","amadise","https://www.google.com/"
"","amadoras","https://www.google.com/"
"","amadorasbr","https://www.google.com/"
"","amadorasdando","https://www.google.com/"
"","amadorasfamintas","https://www.google.com/"
"","amadorasgratis","https://www.google.com/"
"","amadorasnacionais","https://www.google.com/"
"","amadorasninfetas","https://www.google.com/"
"","amadorasperfeitas","https://www.google.com/"
"","amadorasporno","https://www.google.com/"
"","amadoraspornos","https://www.google.com/"
"","amadorastube","https://www.google.com/"
"","amadorasvideos","https://www.google.com/"
"","amadoraz","https://www.google.com/"
"","amadores","https://www.google.com/"
"","amadorporno","https://www.google.com/"
"","amaduras","https://www.google.com/"
"","amaexgf","https://www.google.com/"
"","amafanatic","https://www.google.com/"
"","amagay","https://www.google.com/"
"","amagays","https://www.google.com/"
"","amagirls","https://www.google.com/"
"","amahose","https://www.google.com/"
"","amahzon","https://www.google.com/"
"","amaking","https://www.google.com/"
"","amakings","https://www.google.com/"
"","amaland","https://www.google.com/"
"","amalandtube","https://www.google.com/"
"","amamanor","https://www.google.com/"
"","amamarla","https://www.google.com/"
"","amamilf","https://www.google.com/"
"","amamostravestis","https://www.google.com/"
"","amamovies","https://www.google.com/"
"","amanda3dporn","https://www.google.com/"
"","amandaamore","https://www.google.com/"
"","amandacam","https://www.google.com/"
"","amandacane","https://www.google.com/"
"","amandacarrington","https://www.google.com/"
"","amandacrush","https://www.google.com/"
"","amanda","https://www.google.com/"
"","amandadiary","https://www.google.com/"
"","amandadouglasforcongress","https://www.google.com/"
"","amandafaux","https://www.google.com/"
"","amandaford","https://www.google.com/"
"","amandahome","https://www.google.com/"
"","amandahope","https://www.google.com/"
"","amandakayxo","https://www.google.com/"
"","amandalaurent","https://www.google.com/"
"","amandalist","https://www.google.com/"
"","amandalove","https://www.google.com/"
"","amandamanhattan","https://www.google.com/"
"","amandamirelli","https://www.google.com/"
"","amanda-nylons","https://www.google.com/"
"","amandapeetfan","https://www.google.com/"
