"﻿""id""","read","recommended"
"","candyfilms","https://www.google.com/"
"","candyflossbabes","https://www.google.com/"
"","candyford","https://www.google.com/"
"","candyfox","https://www.google.com/"
"","candygayporn","https://www.google.com/"
"","candygaysex","https://www.google.com/"
"","candygaytube","https://www.google.com/"
"","candyg","https://www.google.com/"
"","candygirlcash","https://www.google.com/"
"","candy-girl","https://www.google.com/"
"","candygirlpass","https://www.google.com/"
"","candygirlphonesex","https://www.google.com/"
"","candygirls","https://www.google.com/"
"","candy-girls","https://www.google.com/"
"","candygirlslive","https://www.google.com/"
"","candygirlsvideo","https://www.google.com/"
"","candygirl","https://www.google.com/"
"","candygirlvideo","https://www.google.com/"
"","candyglam","https://www.google.com/"
"","candyheels","https://www.google.com/"
"","candyhouse","https://www.google.com/"
"","candyinvegas","https://www.google.com/"
"","candykemp","https://www.google.com/"
"","candykitty","https://www.google.com/"
"","candy-lee","https://www.google.com/"
"","candylegs","https://www.google.com/"
"","candylesbiantube","https://www.google.com/"
"","candylips","https://www.google.com/"
"","candylist","https://www.google.com/"
"","candylistgirls","https://www.google.com/"
"","candylists","https://www.google.com/"
"","candylist","https://www.google.com/"
"","candylive","https://www.google.com/"
"","candylog","https://www.google.com/"
"","candylove","https://www.google.com/"
"","candymamas","https://www.google.com/"
"","candymansononline","https://www.google.com/"
"","candymantv","https://www.google.com/"
"","candymay","https://www.google.com/"
"","candymelons","https://www.google.com/"
"","candymilfs","https://www.google.com/"
"","candy-monroe","https://www.google.com/"
"","candymonroe","https://www.google.com/"
"","candymovies","https://www.google.com/"
"","candy-network","https://www.google.com/"
"","candypages","https://www.google.com/"
"","candypasses","https://www.google.com/"
"","candypervs","https://www.google.com/"
"","candyphonesex","https://www.google.com/"
"","candypixxx","https://www.google.com/"
"","candypleasure","https://www.google.com/"
"","candypost","https://www.google.com/"
"","candypussysex","https://www.google.com/"
"","candysamira","https://www.google.com/"
"","candysamplesonline","https://www.google.com/"
"","candysclips","https://www.google.com/"
"","candyscorner","https://www.google.com/"
"","candysex","https://www.google.com/"
"","candysexpecting","https://www.google.com/"
"","candysexshop","https://www.google.com/"
"","candyshack","https://www.google.com/"
"","candyshemaletube","https://www.google.com/"
"","candyshome","https://www.google.com/"
"","candyshopescorts","https://www.google.com/"
"","candyshopteens","https://www.google.com/"
"","candyshouse","https://www.google.com/"
"","candyskye","https://www.google.com/"
"","candyslice","https://www.google.com/"
"","candysluts","https://www.google.com/"
"","candys","https://www.google.com/"
"","candysroom","https://www.google.com/"
"","candystripers","https://www.google.com/"
"","candysummers","https://www.google.com/"
"","candy-teenies","https://www.google.com/"
"","candyteens","https://www.google.com/"
"","candyteensxxx","https://www.google.com/"
"","candyteentube","https://www.google.com/"
"","candyteenxxx","https://www.google.com/"
"","candythongs","https://www.google.com/"
"","candythumb","https://www.google.com/"
"","candythumbs","https://www.google.com/"
"","candytoes","https://www.google.com/"
"","candytranny","https://www.google.com/"
"","candytube247","https://www.google.com/"
"","candytube","https://www.google.com/"
"","candytv","https://www.google.com/"
"","candytwinks","https://www.google.com/"
"","candyvegas","https://www.google.com/"
"","candyvids","https://www.google.com/"
"","candyviva","https://www.google.com/"
"","candywhore","https://www.google.com/"
"","candywhores","https://www.google.com/"
"","candyworld","https://www.google.com/"
"","candyxxx","https://www.google.com/"
"","candyxxxplayhouse","https://www.google.com/"
"","caned4cash","https://www.google.com/"
"","canedangel","https://www.google.com/"
"","canedbottom","https://www.google.com/"
"","canedgirl","https://www.google.com/"
"","canedgirls","https://www.google.com/"
