"﻿""id""","read","recommended"
"","arabsextubes","https://www.google.com/"
"","arabsexuniversity","https://www.google.com/"
"","arabsexweb","https://www.google.com/"
"","arabsexxxtube","https://www.google.com/"
"","arabshemale","https://www.google.com/"
"","arabsluts","https://www.google.com/"
"","arabsonweb","https://www.google.com/"
"","arabstraightboys","https://www.google.com/"
"","arabstreethookers","https://www.google.com/"
"","arabtube","https://www.google.com/"
"","arabuncovered","https://www.google.com/"
"","arabvirgin","https://www.google.com/"
"","arabxxxporn","https://www.google.com/"
"","arabxxxporno","https://www.google.com/"
"","arabxxxsex","https://www.google.com/"
"","arabysexy","https://www.google.com/"
"","arachne","https://www.google.com/"
"","arachnes-web","https://www.google.com/"
"","arachnes-welt","https://www.google.com/"
"","aragornsfeetlinks","https://www.google.com/"
"","aramancash","https://www.google.com/"
"","aranchasex","https://www.google.com/"
"","araneo","https://www.google.com/"
"","aranio","https://www.google.com/"
"","aranita","https://www.google.com/"
"","aranypok","https://www.google.com/"
"","ararza","https://www.google.com/"
"","arashi-supergirl","https://www.google.com/"
"","aratama","https://www.google.com/"
"","arbkos","https://www.google.com/"
"","arbredesplaisirs","https://www.google.com/"
"","arbuzik","https://www.google.com/"
"","arc04","https://www.google.com/"
"","arcadedomination","https://www.google.com/"
"","arcadehentai","https://www.google.com/"
"","arcadepages","https://www.google.com/"
"","arcadepunk","https://www.google.com/"
"","arcadewank","https://www.google.com/"
"","arcadexl","https://www.google.com/"
"","arcadialakexxx","https://www.google.com/"
"","arcanesattic","https://www.google.com/"
"","arcanus-art","https://www.google.com/"
"","arcate","https://www.google.com/"
"","arcaton","https://www.google.com/"
"","arcebus","https://www.google.com/"
"","archangelschool","https://www.google.com/"
"","archangels","https://www.google.com/"
"","archangelvideo","https://www.google.com/"
"","archatheatre","https://www.google.com/"
"","archenemys","https://www.google.com/"
"","archertube","https://www.google.com/"
"","archet","https://www.google.com/"
"","archibalds","https://www.google.com/"
"","archie19","https://www.google.com/"
"","archipeldusexe","https://www.google.com/"
"","archiporno","https://www.google.com/"
"","archisexe","https://www.google.com/"
"","architetto-online","https://www.google.com/"
"","archive3x","https://www.google.com/"
"","archive-adulte","https://www.google.com/"
"","archivebay","https://www.google.com/"
"","archiveconnection","https://www.google.com/"
"","archive","https://www.google.com/"
"","archivedvd","https://www.google.com/"
"","archive-dvd","https://www.google.com/"
"","archivegalls","https://www.google.com/"
"","archivegay","https://www.google.com/"
"","archivegirls","https://www.google.com/"
"","archivehentai","https://www.google.com/"
"","archiveofourown","https://www.google.com/"
"","archiveofsins","https://www.google.com/"
"","archive-porno","https://www.google.com/"
"","archiveporno","https://www.google.com/"
"","archivepornxxx","https://www.google.com/"
"","archivesderos","https://www.google.com/"
"","archive-sexe","https://www.google.com/"
"","archivesexy","https://www.google.com/"
"","archives-hentai","https://www.google.com/"
"","archives-videos-gay","https://www.google.com/"
"","archivevideos","https://www.google.com/"
"","archivex","https://www.google.com/"
"","archivexxx","https://www.google.com/"
"","archivio-porno","https://www.google.com/"
"","archiviosex","https://www.google.com/"
"","archivioxxx","https://www.google.com/"
"","archivodefamosas","https://www.google.com/"
"","archivodevideos","https://www.google.com/"
"","archw","https://www.google.com/"
"","arcticera","https://www.google.com/"
"","ardart","https://www.google.com/"
"","ardenmassage","https://www.google.com/"
"","ardentblacksex","https://www.google.com/"
"","ardentcunt","https://www.google.com/"
"","ardent-desire","https://www.google.com/"
"","ardentes","https://www.google.com/"
"","ardenthentai","https://www.google.com/"
"","ardentmovies","https://www.google.com/"
"","ardentmums","https://www.google.com/"
"","ardentporn","https://www.google.com/"
"","ardentspirits","https://www.google.com/"
