"﻿""id""","read","recommended"
"","allxxx","https://www.google.com/"
"","allxxxlinks","https://www.google.com/"
"","allxxxmovies","https://www.google.com/"
"","all-xxx-pass","https://www.google.com/"
"","allxxxpictures","https://www.google.com/"
"","allxxxporno","https://www.google.com/"
"","all-xxx-porno-videos","https://www.google.com/"
"","all-xxx-sex","https://www.google.com/"
"","allxxxsiterips","https://www.google.com/"
"","allxxxstars","https://www.google.com/"
"","allxxxtgp","https://www.google.com/"
"","allxxxtoon","https://www.google.com/"
"","allxxxtubes","https://www.google.com/"
"","allxxxvideo","https://www.google.com/"
"","allxxxvideos","https://www.google.com/"
"","allxxxvod","https://www.google.com/"
"","allya-sex","https://www.google.com/"
"","allyfun","https://www.google.com/"
"","allyoucaneat","https://www.google.com/"
"","allyoucanfeet","https://www.google.com/"
"","allyoung-hardcore","https://www.google.com/"
"","allyoungs","https://www.google.com/"
"","allyourbitches","https://www.google.com/"
"","allyourdesirez","https://www.google.com/"
"","allyourdreamscometrue","https://www.google.com/"
"","allyoursexbase","https://www.google.com/"
"","allyrianoir","https://www.google.com/"
"","allyurizanbeltran","https://www.google.com/"
"","allzoomovies","https://www.google.com/"
"","almacendefamosas","https://www.google.com/"
"","almacenerotico","https://www.google.com/"
"","almacenx","https://www.google.com/"
"","almachua","https://www.google.com/"
"","almanegra-sexy","https://www.google.com/"
"","almaporn","https://www.google.com/"
"","almatube","https://www.google.com/"
"","almbrand","https://www.google.com/"
"","almenbiesbosch","https://www.google.com/"
"","almightycontent","https://www.google.com/"
"","almightylinks","https://www.google.com/"
"","almightyzeus","https://www.google.com/"
"","almond-tease-1","https://www.google.com/"
"","almondtease","https://www.google.com/"
"","almostbi","https://www.google.com/"
"","almostevilcash","https://www.google.com/"
"","almostevilgirls","https://www.google.com/"
"","almostfemale","https://www.google.com/"
"","almostgay","https://www.google.com/"
"","almostnudeteens","https://www.google.com/"
"","almostvirgins","https://www.google.com/"
"","aloadineveryhole","https://www.google.com/"
"","aloak","https://www.google.com/"
"","aloan","https://www.google.com/"
"","alocalfuck","https://www.google.com/"
"","aloha-club","https://www.google.com/"
"","alohaporntube","https://www.google.com/"
"","alohateens","https://www.google.com/"
"","alohatime","https://www.google.com/"
"","alohatube","https://www.google.com/"
"","aloha-tube","https://www.google.com/"
"","alohatubeporn","https://www.google.com/"
"","alohatubesex","https://www.google.com/"
"","alohatubez","https://www.google.com/"
"","alohaxxxsex","https://www.google.com/"
"","alo","https://www.google.com/"
"","aloisia","https://www.google.com/"
"","alomovie","https://www.google.com/"
"","a-london-escorts","https://www.google.com/"
"","aloneinmyroom","https://www.google.com/"
"","aloneteens","https://www.google.com/"
"","alongporn","https://www.google.com/"
"","aloofly","https://www.google.com/"
"","alopics","https://www.google.com/"
"","alorelax","https://www.google.com/"
"","alotofasians","https://www.google.com/"
"","alotofbestsex","https://www.google.com/"
"","alotofcams","https://www.google.com/"
"","alotofmodels","https://www.google.com/"
"","alotofpussies","https://www.google.com/"
"","alotofteens","https://www.google.com/"
"","alotporn","https://www.google.com/"
"","alovejourney","https://www.google.com/"
"","alovelinksplus","https://www.google.com/"
"","alovelynite","https://www.google.com/"
"","alovelyone","https://www.google.com/"
"","aloveshop","https://www.google.com/"
"","a-lovestory","https://www.google.com/"
"","alpcandy","https://www.google.com/"
"","alpcash","https://www.google.com/"
"","alpengirls","https://www.google.com/"
"","alpen-koenigin","https://www.google.com/"
"","alpenluder","https://www.google.com/"
"","alpenrammler","https://www.google.com/"
"","alpensex","https://www.google.com/"
"","alp-girls","https://www.google.com/"
"","alpgirls","https://www.google.com/"
"","alphababes","https://www.google.com/"
"","alphablogdesigns","https://www.google.com/"
"","alphabluearchives","https://www.google.com/"
"","alphabluevod","https://www.google.com/"
