"﻿""id""","read","recommended"
"","erodatingnederland","https://www.google.com/"
"","erodelight","https://www.google.com/"
"","erodepa","https://www.google.com/"
"","erodes","https://www.google.com/"
"","erodesi","https://www.google.com/"
"","erodies","https://www.google.com/"
"","erodirect","https://www.google.com/"
"","ero-discount","https://www.google.com/"
"","erodiva","https://www.google.com/"
"","erodorm","https://www.google.com/"
"","erodose","https://www.google.com/"
"","ero-douga","https://www.google.com/"
"","erodouga","https://www.google.com/"
"","erodownloads","https://www.google.com/"
"","erodreams","https://www.google.com/"
"","erodrom","https://www.google.com/"
"","erodrunks","https://www.google.com/"
"","erodvd","https://www.google.com/"
"","erodvdland","https://www.google.com/"
"","erodvdwinkel","https://www.google.com/"
"","erodynamics","https://www.google.com/"
"","erodzina","https://www.google.com/"
"","eroengros","https://www.google.com/"
"","eroero7","https://www.google.com/"
"","eroero","https://www.google.com/"
"","eroeroero","https://www.google.com/"
"","eroero-mansion","https://www.google.com/"
"","eroeronavi","https://www.google.com/"
"","eroerooyaji","https://www.google.com/"
"","eroerozip","https://www.google.com/"
"","erofacies","https://www.google.com/"
"","erofan","https://www.google.com/"
"","ero-fantasie","https://www.google.com/"
"","erofantasy","https://www.google.com/"
"","erofaves","https://www.google.com/"
"","erofeeds","https://www.google.com/"
"","erofetish","https://www.google.com/"
"","erofight","https://www.google.com/"
"","ero-filmy","https://www.google.com/"
"","erofinder","https://www.google.com/"
"","ero-finder","https://www.google.com/"
"","erofind","https://www.google.com/"
"","erofix","https://www.google.com/"
"","erofla","https://www.google.com/"
"","eroflirt","https://www.google.com/"
"","eroforum","https://www.google.com/"
"","ero-forum","https://www.google.com/"
"","eroforyou","https://www.google.com/"
"","erofotki","https://www.google.com/"
"","erofree","https://www.google.com/"
"","erofreeporn","https://www.google.com/"
"","erofun","https://www.google.com/"
"","erofus","https://www.google.com/"
"","eroga","https://www.google.com/"
"","erogame","https://www.google.com/"
"","erogames","https://www.google.com/"
"","ero-games","https://www.google.com/"
"","erogance","https://www.google.com/"
"","ero-gays","https://www.google.com/"
"","erogazoo555","https://www.google.com/"
"","erogazooo","https://www.google.com/"
"","erogazo-sekurosu","https://www.google.com/"
"","erogazou-choice","https://www.google.com/"
"","erogazou","https://www.google.com/"
"","erogazoukeijiban","https://www.google.com/"
"","erogazouman","https://www.google.com/"
"","erogazou-mirunavi","https://www.google.com/"
"","erogazounosuke","https://www.google.com/"
"","erogazou-porn","https://www.google.com/"
"","erog","https://www.google.com/"
"","erogedownload","https://www.google.com/"
"","erogeen","https://www.google.com/"
"","erogenezone","https://www.google.com/"
"","erogen","https://www.google.com/"
"","erogenous","https://www.google.com/"
"","erogenshop","https://www.google.com/"
"","ero-geschichten","https://www.google.com/"
"","eroges","https://www.google.com/"
"","erogirls","https://www.google.com/"
"","ero-g","https://www.google.com/"
"","erograaf","https://www.google.com/"
"","erogs","https://www.google.com/"
"","ero-guide","https://www.google.com/"
"","erohall","https://www.google.com/"
"","erohits4u","https://www.google.com/"
"","erohits","https://www.google.com/"
"","erohome","https://www.google.com/"
"","ero-hosting","https://www.google.com/"
"","erohosting","https://www.google.com/"
"","erohot","https://www.google.com/"
"","erohouse","https://www.google.com/"
"","erohtica","https://www.google.com/"
"","erohut","https://www.google.com/"
"","eroika","https://www.google.com/"
"","eroimgbbs","https://www.google.com/"
"","eroindex","https://www.google.com/"
"","eroinsider","https://www.google.com/"
"","eroisite","https://www.google.com/"
"","eroita","https://www.google.com/"
"","erojapanese","https://www.google.com/"
