"﻿""id""","read","recommended"
"","cheezburger","https://www.google.com/"
"","chefgcooks","https://www.google.com/"
"","cheggit","https://www.google.com/"
"","che-guevara","https://www.google.com/"
"","cheil","https://www.google.com/"
"","chekera","https://www.google.com/"
"","chekirdek","https://www.google.com/"
"","chelcifox","https://www.google.com/"
"","chelledelmar","https://www.google.com/"
"","chelseacharms","https://www.google.com/"
"","chelsea-charms-huge-tits","https://www.google.com/"
"","chelseaescortagency","https://www.google.com/"
"","chelseaescort","https://www.google.com/"
"","chelsea-escorte","https://www.google.com/"
"","chelseafrench","https://www.google.com/"
"","chelseagirlescorts","https://www.google.com/"
"","chelseaguys","https://www.google.com/"
"","chelseaincallescorts","https://www.google.com/"
"","chelsea-marie","https://www.google.com/"
"","chelseaoflondon","https://www.google.com/"
"","chelseashepard","https://www.google.com/"
"","chelseasofnewyork","https://www.google.com/"
"","chelseasweet","https://www.google.com/"
"","chelseaxxx","https://www.google.com/"
"","chelseyminx","https://www.google.com/"
"","chelsie","https://www.google.com/"
"","cheltenhamescorts","https://www.google.com/"
"","cheltenham-escorts","https://www.google.com/"
"","chemal","https://www.google.com/"
"","chemicalcontent","https://www.google.com/"
"","chemnitz-hostessen","https://www.google.com/"
"","chemnitz-models","https://www.google.com/"
"","chennaiescorts","https://www.google.com/"
"","chennaihotescorts","https://www.google.com/"
"","chenninblanc","https://www.google.com/"
"","cheonan21","https://www.google.com/"
"","cheporno","https://www.google.com/"
"","cherbourg-rencontres","https://www.google.com/"
"","cherche-cougar","https://www.google.com/"
"","chercheducul","https://www.google.com/"
"","cherche-du-sexe","https://www.google.com/"
"","cherche-plan-cul","https://www.google.com/"
"","chercheplanculgratuit","https://www.google.com/"
"","chercheplansexe","https://www.google.com/"
"","chercherducul","https://www.google.com/"
"","chercherdusexe","https://www.google.com/"
"","cherche-x","https://www.google.com/"
"","cherchex","https://www.google.com/"
"","cherchez-gratuit","https://www.google.com/"
"","chere","https://www.google.com/"
"","cheri-baum","https://www.google.com/"
"","cheri","https://www.google.com/"
"","cheriebar","https://www.google.com/"
"","cheriedeville","https://www.google.com/"
"","cherie-noir","https://www.google.com/"
"","cherieontop","https://www.google.com/"
"","cherieroberts","https://www.google.com/"
"","cherie-suce-moi","https://www.google.com/"
"","cherie-surf","https://www.google.com/"
"","cherimagazine","https://www.google.com/"
"","cherishescorts","https://www.google.com/"
"","cherix","https://www.google.com/"
"","cherokeechick","https://www.google.com/"
"","cherokeedass","https://www.google.com/"
"","cherokeesfetishes","https://www.google.com/"
"","cherokeexxx","https://www.google.com/"
"","cherriesblog","https://www.google.com/"
"","cherries","https://www.google.com/"
"","cherripie","https://www.google.com/"
"","cherry19","https://www.google.com/"
"","cherry1","https://www.google.com/"
"","cherry2257","https://www.google.com/"
"","cherry69","https://www.google.com/"
"","cherryallensexstories","https://www.google.com/"
"","cherryasia","https://www.google.com/"
"","cherryasianfeet","https://www.google.com/"
"","cherryasians","https://www.google.com/"
"","cherrybabe","https://www.google.com/"
"","cherrybabes","https://www.google.com/"
"","cherrybanana","https://www.google.com/"
"","cherrybee","https://www.google.com/"
"","cherrybliss","https://www.google.com/"
"","cherrybloss","https://www.google.com/"
"","cherryboy","https://www.google.com/"
"","cherryboys","https://www.google.com/"
"","cherrybrady","https://www.google.com/"
"","cherrybuddy","https://www.google.com/"
"","cherrybuster","https://www.google.com/"
"","cherrybusters","https://www.google.com/"
"","cherrycaprice","https://www.google.com/"
"","cherrycartoons","https://www.google.com/"
"","cherry","https://www.google.com/"
"","cherrycharm","https://www.google.com/"
"","cherrychat","https://www.google.com/"
"","cherrychick","https://www.google.com/"
"","cherrycream","https://www.google.com/"
"","cherrydating","https://www.google.com/"
"","cherrydelish","https://www.google.com/"
"","cherrydoll","https://www.google.com/"
"","cherrydolls","https://www.google.com/"
