"﻿""id""","read","recommended"
"","dikketietenneuken","https://www.google.com/"
"","dikketieten","https://www.google.com/"
"","dikketiet","https://www.google.com/"
"","dikkevrouw","https://www.google.com/"
"","dikkevrouwencam","https://www.google.com/"
"","dikkevrouwen","https://www.google.com/"
"","dikke-vrouwen","https://www.google.com/"
"","dikkevrouwensex","https://www.google.com/"
"","dikkevrouwensexcams","https://www.google.com/"
"","dikkevrouwensexcontact","https://www.google.com/"
"","dikkevrouwensexdates","https://www.google.com/"
"","dikkevrouwensexdating","https://www.google.com/"
"","dikkevrouwenwebcamsex","https://www.google.com/"
"","dikkewebcamgirls","https://www.google.com/"
"","dikkewijvenseksfilms","https://www.google.com/"
"","dikneuken","https://www.google.com/"
"","dikzakken","https://www.google.com/"
"","dilatadoresanales","https://www.google.com/"
"","dilatedpussy","https://www.google.com/"
"","dilate","https://www.google.com/"
"","dilber","https://www.google.com/"
"","dildine","https://www.google.com/"
"","dildoaction","https://www.google.com/"
"","dildoart","https://www.google.com/"
"","dildobattle","https://www.google.com/"
"","dildo","https://www.google.com/"
"","dildobj","https://www.google.com/"
"","dildobrutality","https://www.google.com/"
"","dildocam","https://www.google.com/"
"","dildocamera","https://www.google.com/"
"","dildocameras","https://www.google.com/"
"","dildo-cam","https://www.google.com/"
"","dildocams","https://www.google.com/"
"","dildocanada","https://www.google.com/"
"","dildoclub","https://www.google.com/"
"","dil-do","https://www.google.com/"
"","dildodiaries","https://www.google.com/"
"","dildo-dildo","https://www.google.com/"
"","dildodippers","https://www.google.com/"
"","dildodiscounter","https://www.google.com/"
"","dildodoll","https://www.google.com/"
"","dildo-dolls","https://www.google.com/"
"","dildoed","https://www.google.com/"
"","dildoerotica","https://www.google.com/"
"","dildoerotik","https://www.google.com/"
"","dildofantasies","https://www.google.com/"
"","dildofest","https://www.google.com/"
"","dildofestival","https://www.google.com/"
"","dildofuck","https://www.google.com/"
"","dildo-fuck","https://www.google.com/"
"","dildofucking","https://www.google.com/"
"","dildofuckingmachine","https://www.google.com/"
"","dildogeil","https://www.google.com/"
"","dildogiganti","https://www.google.com/"
"","dildogirls","https://www.google.com/"
"","dildo-girls","https://www.google.com/"
"","dildoguys","https://www.google.com/"
"","dildohardcore","https://www.google.com/"
"","dildohoneys","https://www.google.com/"
"","dildohotties","https://www.google.com/"
"","dildoinfo","https://www.google.com/"
"","dildoinmijnkut","https://www.google.com/"
"","dildoinsertion","https://www.google.com/"
"","dildo-king","https://www.google.com/"
"","dildoking","https://www.google.com/"
"","dildolive","https://www.google.com/"
"","dildoluder","https://www.google.com/"
"","dildomachinesex","https://www.google.com/"
"","dildomania","https://www.google.com/"
"","dildo-mart","https://www.google.com/"
"","dildomart","https://www.google.com/"
"","dildomaschine","https://www.google.com/"
"","dildomaschinen","https://www.google.com/"
"","dildomaster","https://www.google.com/"
"","dildomaus","https://www.google.com/"
"","dildomonster","https://www.google.com/"
"","dildomovie","https://www.google.com/"
"","dildomovies","https://www.google.com/"
"","dildomovs","https://www.google.com/"
"","dildonsextoys","https://www.google.com/"
"","dildooftheday","https://www.google.com/"
"","dildo-online","https://www.google.com/"
"","dildoorgies","https://www.google.com/"
"","dildootjes","https://www.google.com/"
"","dildoparadise","https://www.google.com/"
"","dildoparty","https://www.google.com/"
"","dildopenetrations","https://www.google.com/"
"","dildopic","https://www.google.com/"
"","dildoplanet","https://www.google.com/"
"","dildoplay","https://www.google.com/"
"","dildoporn","https://www.google.com/"
"","dildoporr","https://www.google.com/"
"","dildo-rado","https://www.google.com/"
"","dildoriderz","https://www.google.com/"
"","dildos","https://www.google.com/"
"","dildoschlampen","https://www.google.com/"
"","dildoserver","https://www.google.com/"
"","dildosex","https://www.google.com/"
"","dildo-sexcam","https://www.google.com/"
"","dildo-sexcams","https://www.google.com/"
