"﻿""id""","read","recommended"
"","delicieuse","https://www.google.com/"
"","delicieuse-lingerie","https://www.google.com/"
"","deliciousbabes","https://www.google.com/"
"","deliciousboys","https://www.google.com/"
"","deliciouscocks","https://www.google.com/"
"","deliciouscorsets","https://www.google.com/"
"","deliciousdee","https://www.google.com/"
"","deliciousdykes","https://www.google.com/"
"","delicious-escort","https://www.google.com/"
"","deliciousfeet","https://www.google.com/"
"","deliciousfreeporn","https://www.google.com/"
"","deliciousfuck","https://www.google.com/"
"","deliciousgalleries","https://www.google.com/"
"","deliciouslesboporn","https://www.google.com/"
"","deliciousmovies","https://www.google.com/"
"","deliciousondemand","https://www.google.com/"
"","deliciouspenis","https://www.google.com/"
"","deliciousporn","https://www.google.com/"
"","deliciousporntube","https://www.google.com/"
"","deliciousxxx","https://www.google.com/"
"","delicon","https://www.google.com/"
"","deliden","https://www.google.com/"
"","delidol","https://www.google.com/"
"","delieux","https://www.google.com/"
"","delightcam","https://www.google.com/"
"","delightescortsgirls","https://www.google.com/"
"","delightful","https://www.google.com/"
"","delightfulhentai","https://www.google.com/"
"","delightfulmodels","https://www.google.com/"
"","delightfultouch","https://www.google.com/"
"","delightgirls","https://www.google.com/"
"","delightlinks","https://www.google.com/"
"","delightmovies","https://www.google.com/"
"","delightsextoys","https://www.google.com/"
"","delights","https://www.google.com/"
"","delightxxx","https://www.google.com/"
"","delih","https://www.google.com/"
"","delihel","https://www.google.com/"
"","delihel-time","https://www.google.com/"
"","delihelwalker","https://www.google.com/"
"","deli-ken","https://www.google.com/"
"","delikli","https://www.google.com/"
"","delilahdevlin","https://www.google.com/"
"","delilahs","https://www.google.com/"
"","delilites","https://www.google.com/"
"","deli-max","https://www.google.com/"
"","delimit","https://www.google.com/"
"","deli-m","https://www.google.com/"
"","deliporn","https://www.google.com/"
"","delirant","https://www.google.com/"
"","delire2star","https://www.google.com/"
"","delire-porno","https://www.google.com/"
"","delireve","https://www.google.com/"
"","delireweb","https://www.google.com/"
"","delirioporno","https://www.google.com/"
"","delirioushunter","https://www.google.com/"
"","deliriozoo","https://www.google.com/"
"","delirius","https://www.google.com/"
"","delishbabes","https://www.google.com/"
"","deli-spot","https://www.google.com/"
"","delisuki","https://www.google.com/"
"","delitraff","https://www.google.com/"
"","deliversexpress","https://www.google.com/"
"","deliveryboys","https://www.google.com/"
"","delivery-sexshops","https://www.google.com/"
"","delix9","https://www.google.com/"
"","deli-x","https://www.google.com/"
"","dellaitwins","https://www.google.com/"
"","della","https://www.google.com/"
"","delletjes","https://www.google.com/"
"","dellsdiner","https://www.google.com/"
"","delokos","https://www.google.com/"
"","deloresdarling","https://www.google.com/"
"","delsic","https://www.google.com/"
"","deltaairline","https://www.google.com/"
"","deltaamateurradio","https://www.google.com/"
"","deltablogpost","https://www.google.com/"
"","delta-comp","https://www.google.com/"
"","deltango","https://www.google.com/"
"","deltaofvenus","https://www.google.com/"
"","deltastat","https://www.google.com/"
"","deltawhitesblog","https://www.google.com/"
"","deltax18","https://www.google.com/"
"","deluree","https://www.google.com/"
"","deluxe1","https://www.google.com/"
"","deluxeamateurs","https://www.google.com/"
"","deluxearchive","https://www.google.com/"
"","deluxeasianporn","https://www.google.com/"
"","deluxeautointeriors","https://www.google.com/"
"","deluxe-babes","https://www.google.com/"
"","deluxebabes","https://www.google.com/"
"","deluxeblonde","https://www.google.com/"
"","deluxeblondes","https://www.google.com/"
"","deluxe-celebs","https://www.google.com/"
"","deluxecoin","https://www.google.com/"
"","deluxecumshot","https://www.google.com/"
"","deluxedirectory","https://www.google.com/"
"","deluxe-escorts","https://www.google.com/"
"","deluxegays","https://www.google.com/"
"","deluxekey","https://www.google.com/"
