"﻿""id""","read","recommended"
"","asiangirlfriend","https://www.google.com/"
"","asiangirlfriends","https://www.google.com/"
"","asiangirlgirl","https://www.google.com/"
"","asiangirlnaked","https://www.google.com/"
"","asian-girl-nasty","https://www.google.com/"
"","asian-girl","https://www.google.com/"
"","asiangirlnude","https://www.google.com/"
"","asiangirlnudity","https://www.google.com/"
"","asiangirlonline","https://www.google.com/"
"","asiangirlpictures","https://www.google.com/"
"","asiangirlpix","https://www.google.com/"
"","asiangirlregistry","https://www.google.com/"
"","asiangirls4u","https://www.google.com/"
"","asiangirls8","https://www.google.com/"
"","asiangirlsblog","https://www.google.com/"
"","asiangirlscave","https://www.google.com/"
"","asian-girls","https://www.google.com/"
"","asiangirls","https://www.google.com/"
"","asian-girls-dating","https://www.google.com/"
"","asiangirlsdb","https://www.google.com/"
"","asian-girl-sex","https://www.google.com/"
"","asiangirlsex","https://www.google.com/"
"","asiangirlsexpics","https://www.google.com/"
"","asiangirlsexposed","https://www.google.com/"
"","asiangirlsexy","https://www.google.com/"
"","asiangirlsfucked","https://www.google.com/"
"","asiangirlshub","https://www.google.com/"
"","asiangirlsi","https://www.google.com/"
"","asiangirlsinlondon","https://www.google.com/"
"","asiangirlsinporn","https://www.google.com/"
"","asiangirlslive","https://www.google.com/"
"","asiangirlslivewebcams","https://www.google.com/"
"","asiangirlsmasturbating","https://www.google.com/"
"","asiangirlsmovie","https://www.google.com/"
"","asiangirlsnextdoor","https://www.google.com/"
"","asiangirlsnude","https://www.google.com/"
"","asian-girls-online","https://www.google.com/"
"","asian-girlsonline","https://www.google.com/"
"","asiangirlsonly","https://www.google.com/"
"","asian-girls-pictures","https://www.google.com/"
"","asian-girls-porn","https://www.google.com/"
"","asiangirlsporn","https://www.google.com/"
"","asian-girls-tube","https://www.google.com/"
"","asiangirlstube","https://www.google.com/"
"","asiangirlsurprise","https://www.google.com/"
"","asiangirlsvideos","https://www.google.com/"
"","asiangirlsx","https://www.google.com/"
"","asian-girl-tube","https://www.google.com/"
"","asianglobus","https://www.google.com/"
"","asiangonzo","https://www.google.com/"
"","asiangranny","https://www.google.com/"
"","asian-group-sex","https://www.google.com/"
"","asianguys","https://www.google.com/"
"","asianhamster","https://www.google.com/"
"","asianhappytugs","https://www.google.com/"
"","asian-hardcore-babe","https://www.google.com/"
"","asian-hardcore","https://www.google.com/"
"","asian-hardcore-porn","https://www.google.com/"
"","asianhardcoreporn","https://www.google.com/"
"","asian-hardcore-sex-pics","https://www.google.com/"
"","asianhardcoresexpics","https://www.google.com/"
"","asianhardcorevideos","https://www.google.com/"
"","asianhdsex","https://www.google.com/"
"","asianhdv","https://www.google.com/"
"","asianheart","https://www.google.com/"
"","asianhearts","https://www.google.com/"
"","asian-heat","https://www.google.com/"
"","asianheats","https://www.google.com/"
"","asian-hoes","https://www.google.com/"
"","asianhomefuck","https://www.google.com/"
"","asianhomesex","https://www.google.com/"
"","asianhonkers","https://www.google.com/"
"","asianhooker","https://www.google.com/"
"","asianhookers","https://www.google.com/"
"","asianhornybabes","https://www.google.com/"
"","asianhose","https://www.google.com/"
"","asianhot","https://www.google.com/"
"","asianhotbodies","https://www.google.com/"
"","asianhotbunnies","https://www.google.com/"
"","asianhotcams","https://www.google.com/"
"","asian-hot","https://www.google.com/"
"","asianhotgals","https://www.google.com/"
"","asianhotlist","https://www.google.com/"
"","asianhotspot","https://www.google.com/"
"","asianhotteens","https://www.google.com/"
"","asian-hotties","https://www.google.com/"
"","asianhottietube","https://www.google.com/"
"","asianhotty","https://www.google.com/"
"","asianhotvideo","https://www.google.com/"
"","asianhotvideos","https://www.google.com/"
"","asianhotxxx","https://www.google.com/"
"","asianhotzone","https://www.google.com/"
"","asianhq","https://www.google.com/"
"","asianhqporn","https://www.google.com/"
"","asian-hub","https://www.google.com/"
"","asianhubporn","https://www.google.com/"
"","asianhumpers","https://www.google.com/"
"","asianhumps","https://www.google.com/"
"","asian-idol","https://www.google.com/"
"","asianidols69","https://www.google.com/"
