"﻿""id""","read","recommended"
"","britishpornsites","https://www.google.com/"
"","britishporntube","https://www.google.com/"
"","britishpussyonline","https://www.google.com/"
"","britishreaderswives","https://www.google.com/"
"","britishsexclub","https://www.google.com/"
"","britishsex","https://www.google.com/"
"","britishsexcontacts","https://www.google.com/"
"","british-sexcontacts","https://www.google.com/"
"","british-sex","https://www.google.com/"
"","britishsexfilms","https://www.google.com/"
"","britishsexlinks","https://www.google.com/"
"","britishsextube","https://www.google.com/"
"","britishsingles","https://www.google.com/"
"","britishslags","https://www.google.com/"
"","britishslappers","https://www.google.com/"
"","british-sluts","https://www.google.com/"
"","britishspankers","https://www.google.com/"
"","britishspanking","https://www.google.com/"
"","britishspunkers","https://www.google.com/"
"","britishstockings","https://www.google.com/"
"","britishswingersex","https://www.google.com/"
"","britishteenstube","https://www.google.com/"
"","british-tgirls","https://www.google.com/"
"","britishtop100","https://www.google.com/"
"","britishtotty","https://www.google.com/"
"","britishuniform","https://www.google.com/"
"","britishupskirtpantypervert","https://www.google.com/"
"","britishvideosex","https://www.google.com/"
"","britishwankers","https://www.google.com/"
"","britishwebcambabes","https://www.google.com/"
"","british-webcams","https://www.google.com/"
"","britishwebcamteens","https://www.google.com/"
"","britishwhores","https://www.google.com/"
"","britishwifeswapping","https://www.google.com/"
"","britishwives","https://www.google.com/"
"","britishwomen","https://www.google.com/"
"","britishxxxcash","https://www.google.com/"
"","britishxxxporn","https://www.google.com/"
"","britlips","https://www.google.com/"
"","britmen","https://www.google.com/"
"","britneyamber","https://www.google.com/"
"","britneybraces","https://www.google.com/"
"","britneyescortswiss","https://www.google.com/"
"","britneylightspeed","https://www.google.com/"
"","britneynews","https://www.google.com/"
"","britneys-free-young-teen-shaved-pussy-pornno-pictures","https://www.google.com/"
"","britneyspearnudes","https://www.google.com/"
"","britneyspears","https://www.google.com/"
"","britney-spears-comics","https://www.google.com/"
"","britneyswallows","https://www.google.com/"
"","britneyvalentine","https://www.google.com/"
"","britneyvirgin","https://www.google.com/"
"","britneyzone","https://www.google.com/"
"","britnipornstar","https://www.google.com/"
"","britpornsites","https://www.google.com/"
"","britsexcash","https://www.google.com/"
"","britsextube","https://www.google.com/"
"","britsite","https://www.google.com/"
"","britspank","https://www.google.com/"
"","brittanyandrews","https://www.google.com/"
"","brittany-avalon","https://www.google.com/"
"","brittanyblu","https://www.google.com/"
"","brittanyblue","https://www.google.com/"
"","brittanyoconnell","https://www.google.com/"
"","brittanyoneil","https://www.google.com/"
"","brittanysbod","https://www.google.com/"
"","brittanysbodishot","https://www.google.com/"
"","brittanysplace","https://www.google.com/"
"","brittanystjordan","https://www.google.com/"
"","brittanyteen","https://www.google.com/"
"","britt-escort","https://www.google.com/"
"","brittescort","https://www.google.com/"
"","brittescorts","https://www.google.com/"
"","brittje30","https://www.google.com/"
"","brittneyjonesconfidential","https://www.google.com/"
"","brittney-skye","https://www.google.com/"
"","brittneyskye","https://www.google.com/"
"","brittneyskyexxx","https://www.google.com/"
"","brittny","https://www.google.com/"
"","brittsdominion","https://www.google.com/"
"","britvids","https://www.google.com/"
"","brizis","https://www.google.com/"
"","brmodels","https://www.google.com/"
"","brnosex","https://www.google.com/"
"","broadband69","https://www.google.com/"
"","broadbandbingo","https://www.google.com/"
"","broadbandbroads","https://www.google.com/"
"","broadbandgold","https://www.google.com/"
"","broadbandpayperview","https://www.google.com/"
"","broadbandpornsites","https://www.google.com/"
"","broadbandpussy","https://www.google.com/"
"","broadbandsex","https://www.google.com/"
"","broadbandspanking","https://www.google.com/"
"","broadband-xxx","https://www.google.com/"
"","broadcastsex","https://www.google.com/"
"","broadcastyourass","https://www.google.com/"
"","broadwaybodycare","https://www.google.com/"
"","brobang-blog","https://www.google.com/"
"","brobang","https://www.google.com/"
"","broced","https://www.google.com/"
