"﻿""id""","read","recommended"
"","b18","https://www.google.com/"
"","b1gt1ts","https://www.google.com/"
"","b1sex","https://www.google.com/"
"","b24","https://www.google.com/"
"","b2g","https://www.google.com/"
"","b2wblog","https://www.google.com/"
"","b3","https://www.google.com/"
"","b3ta","https://www.google.com/"
"","b42","https://www.google.com/"
"","b44","https://www.google.com/"
"","b4busty","https://www.google.com/"
"","b4butts","https://www.google.com/"
"","b4dgirls","https://www.google.com/"
"","b4rbi3","https://www.google.com/"
"","b4tm","https://www.google.com/"
"","b-4u","https://www.google.com/"
"","b-52","https://www.google.com/"
"","b6x","https://www.google.com/"
"","b9","https://www.google.com/"
"","baalee","https://www.google.com/"
"","babae","https://www.google.com/"
"","babajaga","https://www.google.com/"
"","babak","https://www.google.com/"
"","babaosex","https://www.google.com/"
"","babasucks","https://www.google.com/"
"","babbelboxen","https://www.google.com/"
"","babbelboxxx","https://www.google.com/"
"","babbelt","https://www.google.com/"
"","babblesex","https://www.google.com/"
"","babe18","https://www.google.com/"
"","babe2babe","https://www.google.com/"
"","babe2","https://www.google.com/"
"","babe4u","https://www.google.com/"
"","babe6","https://www.google.com/"
"","babe7","https://www.google.com/"
"","babe8","https://www.google.com/"
"","babeaddicts","https://www.google.com/"
"","babeanus","https://www.google.com/"
"","babe-archive","https://www.google.com/"
"","babearena","https://www.google.com/"
"","babearkivet","https://www.google.com/"
"","babeart","https://www.google.com/"
"","babeasiantube","https://www.google.com/"
"","babebanger","https://www.google.com/"
"","babe-barians","https://www.google.com/"
"","babe-blog","https://www.google.com/"
"","babeblvd","https://www.google.com/"
"","babeboard","https://www.google.com/"
"","babebox","https://www.google.com/"
"","babebuffet","https://www.google.com/"
"","babebulletin","https://www.google.com/"
"","babebunker","https://www.google.com/"
"","babeburg","https://www.google.com/"
"","babecake","https://www.google.com/"
"","babecam","https://www.google.com/"
"","babecams","https://www.google.com/"
"","babecast","https://www.google.com/"
"","babecastle","https://www.google.com/"
"","babecenterfolds","https://www.google.com/"
"","babecentral","https://www.google.com/"
"","babecentrum","https://www.google.com/"
"","babechannels","https://www.google.com/"
"","babecharts","https://www.google.com/"
"","babechat","https://www.google.com/"
"","babecheck","https://www.google.com/"
"","babecity","https://www.google.com/"
"","babeclass","https://www.google.com/"
"","babeclix","https://www.google.com/"
"","babeclub","https://www.google.com/"
"","babecoin","https://www.google.com/"
"","babe-collection","https://www.google.com/"
"","babe","https://www.google.com/"
"","babecompany","https://www.google.com/"
"","babecompetition","https://www.google.com/"
"","babecunt","https://www.google.com/"
"","babeczki","https://www.google.com/"
"","babedex","https://www.google.com/"
"","babediary","https://www.google.com/"
"","babedirect","https://www.google.com/"
"","babedisplay","https://www.google.com/"
"","babedoll","https://www.google.com/"
"","babedose","https://www.google.com/"
"","babedot","https://www.google.com/"
"","babedream","https://www.google.com/"
"","babedrop","https://www.google.com/"
"","babedump","https://www.google.com/"
"","babedumper","https://www.google.com/"
"","babeem","https://www.google.com/"
"","babeerotica","https://www.google.com/"
"","babeeworld","https://www.google.com/"
"","babeexplorer","https://www.google.com/"
"","babefair","https://www.google.com/"
"","babefanatic","https://www.google.com/"
"","babefans","https://www.google.com/"
"","babefanz","https://www.google.com/"
"","babefever","https://www.google.com/"
"","babefinder","https://www.google.com/"
"","babefinders","https://www.google.com/"
"","babeflood","https://www.google.com/"
"","babefocus","https://www.google.com/"
