"﻿""id""","read","recommended"
"","javfim","https://www.google.com/"
"","javfind","https://www.google.com/"
"","javfinder","https://www.google.com/"
"","javfindx","https://www.google.com/"
"","javflix","https://www.google.com/"
"","javfor","https://www.google.com/"
"","javforme","https://www.google.com/"
"","javforum","https://www.google.com/"
"","javfree","https://www.google.com/"
"","javfreefull","https://www.google.com/"
"","javfreestreaming","https://www.google.com/"
"","javfuck","https://www.google.com/"
"","javfucker","https://www.google.com/"
"","javfull","https://www.google.com/"
"","javfun","https://www.google.com/"
"","javgalleries","https://www.google.com/"
"","javgay","https://www.google.com/"
"","javgiga","https://www.google.com/"
"","javgirls","https://www.google.com/"
"","javgle","https://www.google.com/"
"","javhardcore","https://www.google.com/"
"","javhaven","https://www.google.com/"
"","javhay","https://www.google.com/"
"","javhd3","https://www.google.com/"
"","javhd3x","https://www.google.com/"
"","javhd4k","https://www.google.com/"
"","javhd4u","https://www.google.com/"
"","javhd","https://www.google.com/"
"","javhdbox","https://www.google.com/"
"","javhdfree","https://www.google.com/"
"","javhdhay","https://www.google.com/"
"","javhdmovies","https://www.google.com/"
"","javhdonline","https://www.google.com/"
"","javhdporn","https://www.google.com/"
"","javhdporntube","https://www.google.com/"
"","javhdr","https://www.google.com/"
"","javhdstream","https://www.google.com/"
"","javhd",""
"","javhd","https://www.google.com/kyo"
"","javhdx","https://www.google.com/"
"","javhentaitv","https://www.google.com/"
"","javhihi","https://www.google.com/"
"","javhitz","https://www.google.com/"
"","javhole","https://www.google.com/"
"","javhome","https://www.google.com/"
"","javhotgirl","https://www.google.com/"
"","javhotgirls","https://www.google.com/"
"","jav-hot","https://www.google.com/"
"","javhottest","https://www.google.com/"
"","javhq","https://www.google.com/"
"","javhtml5","https://www.google.com/"
"","javhub","https://www.google.com/"
"","javhuge","https://www.google.com/"
"","javichuparadise","https://www.google.com/"
"","javicon","https://www.google.com/"
"","javidol","https://www.google.com/"
"","javidolmovies","https://www.google.com/"
"","javidolphotos","https://www.google.com/"
"","javiheros","https://www.google.com/"
"","javism","https://www.google.com/"
"","javjack","https://www.google.com/"
"","javjap","https://www.google.com/"
"","jav-jav","https://www.google.com/"
"","javjh","https://www.google.com/"
"","javjunkies","https://www.google.com/"
"","javkaka","https://www.google.com/"
"","javkey","https://www.google.com/"
"","javkimochiii","https://www.google.com/"
"","javladies","https://www.google.com/"
"","javleak","https://www.google.com/"
"","jav-legend","https://www.google.com/"
"","javlib2","https://www.google.com/"
"","javlibrary","https://www.google.com/"
"","javl","https://www.google.com/"
"","javlinks","https://www.google.com/"
"","javlordhd","https://www.google.com/"
"","javlot","https://www.google.com/"
"","javlovers","https://www.google.com/"
"","javlx","https://www.google.com/"
"","javmain","https://www.google.com/"
"","javmama","https://www.google.com/"
"","javmap","https://www.google.com/"
"","javmec","https://www.google.com/"
"","javme","https://www.google.com/"
"","javmimi","https://www.google.com/"
"","javmobile","https://www.google.com/"
"","javmodel","https://www.google.com/"
"","javmojo","https://www.google.com/"
"","javmomtube","https://www.google.com/"
"","javmonster","https://www.google.com/"
"","javmost","https://www.google.com/"
"","javmovie","https://www.google.com/"
"","jav-movie","https://www.google.com/"
"","javmovs","https://www.google.com/"
"","javmun","https://www.google.com/"
"","javnetwork","https://www.google.com/"
"","javnew","https://www.google.com/"
"","javnofilm","https://www.google.com/"
"","javno","https://www.google.com/"
"","javocado","https://www.google.com/"
