"﻿""id""","read","recommended"
"","cheatahs","https://www.google.com/"
"","cheatbox","https://www.google.com/"
"","cheaterads","https://www.google.com/"
"","cheatersexspy","https://www.google.com/"
"","cheaters","https://www.google.com/"
"","cheatersporn","https://www.google.com/"
"","cheatersweb","https://www.google.com/"
"","cheatersxxx","https://www.google.com/"
"","cheatingbrides","https://www.google.com/"
"","cheating-celebs","https://www.google.com/"
"","cheating","https://www.google.com/"
"","cheatingexgf","https://www.google.com/"
"","cheatingfemale","https://www.google.com/"
"","cheatinggirlfriendporn","https://www.google.com/"
"","cheatinghousewife","https://www.google.com/"
"","cheating-housewives","https://www.google.com/"
"","cheatinglesbians","https://www.google.com/"
"","cheating-matures","https://www.google.com/"
"","cheatingmommies","https://www.google.com/"
"","cheatingmymilf","https://www.google.com/"
"","cheatingnetwork","https://www.google.com/"
"","cheating-partners","https://www.google.com/"
"","cheatingslut","https://www.google.com/"
"","cheating-sluts","https://www.google.com/"
"","cheatingsluts","https://www.google.com/"
"","cheatingslutwives","https://www.google.com/"
"","cheatingswingerwives","https://www.google.com/"
"","cheatingteensex","https://www.google.com/"
"","cheatinguncensored","https://www.google.com/"
"","cheatingwhorewives","https://www.google.com/"
"","cheatingwifeonline","https://www.google.com/"
"","cheatingwifeporn","https://www.google.com/"
"","cheating-wifes","https://www.google.com/"
"","cheatingwifesexstories","https://www.google.com/"
"","cheatingwifesextapes","https://www.google.com/"
"","cheatingwifes","https://www.google.com/"
"","cheatingwifestories","https://www.google.com/"
"","cheatingwife","https://www.google.com/"
"","cheating-wife-videos","https://www.google.com/"
"","cheatingwithlatinamaids","https://www.google.com/"
"","cheating-wives-3","https://www.google.com/"
"","cheatingwives","https://www.google.com/"
"","cheatingwivesdatelink","https://www.google.com/"
"","cheatingwivesgalleries","https://www.google.com/"
"","cheatingwivesmovies","https://www.google.com/"
"","cheating-wives","https://www.google.com/"
"","cheatingxxxwife","https://www.google.com/"
"","cheatmatch","https://www.google.com/"
"","cheat","https://www.google.com/"
"","cheatonher","https://www.google.com/"
"","cheatwife","https://www.google.com/"
"","cheatwithme","https://www.google.com/"
"","cheatwithteen","https://www.google.com/"
"","cheavensgallery","https://www.google.com/"
"","chebby","https://www.google.com/"
"","chebelle","https://www.google.com/"
"","check2go","https://www.google.com/"
"","checkasianporn","https://www.google.com/"
"","checkcasino","https://www.google.com/"
"","checkforporn","https://www.google.com/"
"","checkgold","https://www.google.com/"
"","checkhentai","https://www.google.com/"
"","checkhot","https://www.google.com/"
"","checkindiansex","https://www.google.com/"
"","check-in-now","https://www.google.com/"
"","checkkey","https://www.google.com/"
"","checkleads","https://www.google.com/"
"","checkmama","https://www.google.com/"
"","checkmates","https://www.google.com/"
"","checkmich","https://www.google.com/"
"","checkmomporn","https://www.google.com/"
"","check-movies","https://www.google.com/"
"","checkmyboobs","https://www.google.com/"
"","checkmygranny","https://www.google.com/"
"","checkmymilf","https://www.google.com/"
"","checknet","https://www.google.com/"
"","checknewporn","https://www.google.com/"
"","checkorders","https://www.google.com/"
"","checkoutmychick","https://www.google.com/"
"","checkoutmypicture","https://www.google.com/"
"","checkperu","https://www.google.com/"
"","checkpoint-alex","https://www.google.com/"
"","checkporn","https://www.google.com/"
"","checkteen","https://www.google.com/"
"","check-this-out","https://www.google.com/"
"","check","https://www.google.com/ys"
"","checktube","https://www.google.com/"
"","checkyourmale","https://www.google.com/"
"","cheek2cheek","https://www.google.com/"
"","cheekie","https://www.google.com/"
"","cheekmate","https://www.google.com/"
"","cheekybabes","https://www.google.com/"
"","cheekybanners","https://www.google.com/"
"","cheekybits","https://www.google.com/"
"","cheekybratgirls","https://www.google.com/"
"","cheekycheeks","https://www.google.com/"
"","cheekycunt","https://www.google.com/"
"","cheekyflirt","https://www.google.com/"
"","cheekymarie","https://www.google.com/"
"","cheekyminx","https://www.google.com/"
