"﻿""id""","read","recommended"
"","africangfvideos","https://www.google.com/"
"","africangirlsclub","https://www.google.com/"
"","africangirls","https://www.google.com/"
"","african-girls","https://www.google.com/"
"","african-goddesses","https://www.google.com/"
"","africanlesbians","https://www.google.com/"
"","africannudes","https://www.google.com/"
"","africanporn","https://www.google.com/"
"","african-porn","https://www.google.com/"
"","africanpornpics","https://www.google.com/"
"","africanpornpictures","https://www.google.com/"
"","africanprincess","https://www.google.com/"
"","africanpussy","https://www.google.com/"
"","african-pussy","https://www.google.com/"
"","africanqueens","https://www.google.com/"
"","african-sex","https://www.google.com/"
"","africansexslaves","https://www.google.com/"
"","africanslut","https://www.google.com/"
"","africantube","https://www.google.com/"
"","african-women","https://www.google.com/"
"","african-xxx","https://www.google.com/"
"","africapornfilm","https://www.google.com/"
"","africaporn","https://www.google.com/"
"","africapussy","https://www.google.com/"
"","africasexxx","https://www.google.com/"
"","africasexy","https://www.google.com/"
"","africunt","https://www.google.com/"
"","afrikaansemeisjes","https://www.google.com/"
"","afrikakampos","https://www.google.com/"
"","afrikanadventure","https://www.google.com/"
"","afrikasex","https://www.google.com/"
"","afrilov","https://www.google.com/"
"","afrique-asie","https://www.google.com/"
"","afrique-porno","https://www.google.com/"
"","afriqueporno","https://www.google.com/"
"","afrit69","https://www.google.com/"
"","afro69","https://www.google.com/"
"","afro6","https://www.google.com/"
"","afroamerica","https://www.google.com/"
"","afrobitches","https://www.google.com/"
"","afroblue","https://www.google.com/"
"","afroconnections","https://www.google.com/"
"","afrodisiaque","https://www.google.com/"
"","afroditasonline","https://www.google.com/"
"","afroditax","https://www.google.com/"
"","afroditeannuncierotici","https://www.google.com/"
"","afrodite","https://www.google.com/"
"","afrodite-love","https://www.google.com/"
"","afrodite-ringsted","https://www.google.com/"
"","afro-dites","https://www.google.com/"
"","afroditesexshop","https://www.google.com/"
"","afrodiziakum","https://www.google.com/"
"","afroerotik","https://www.google.com/"
"","afrofreaks","https://www.google.com/"
"","afrofun","https://www.google.com/"
"","afrogirls","https://www.google.com/"
"","afroho","https://www.google.com/"
"","afrohoertjes","https://www.google.com/"
"","afrohung","https://www.google.com/"
"","afrointerracial","https://www.google.com/"
"","afrointroductions","https://www.google.com/"
"","afroinvasion","https://www.google.com/"
"","afrolicious","https://www.google.com/"
"","afromessenger","https://www.google.com/"
"","afroonblondes","https://www.google.com/"
"","afroporn","https://www.google.com/"
"","afropussy","https://www.google.com/"
"","afroretro","https://www.google.com/"
"","afrosex","https://www.google.com/"
"","afrosexe","https://www.google.com/"
"","afrotgp","https://www.google.com/"
"","afrothick","https://www.google.com/"
"","afrovids","https://www.google.com/"
"","afrowhores","https://www.google.com/"
"","afspraakje","https://www.google.com/"
"","afspraakjes4u","https://www.google.com/"
"","afspraakjes","https://www.google.com/"
"","afspraakjes-in","https://www.google.com/"
"","afspraakvoorsex","https://www.google.com/"
"","afspreeklijn","https://www.google.com/"
"","after11","https://www.google.com/"
"","after-all","https://www.google.com/"
"","afterclassadventure","https://www.google.com/"
"","afterclassadventures","https://www.google.com/"
"","afterdarkaudio","https://www.google.com/"
"","afterdarkclubwear","https://www.google.com/"
"","afterdark-entertainment","https://www.google.com/"
"","afterdarkescort","https://www.google.com/"
"","afterdark-group","https://www.google.com/"
"","afterdark-online","https://www.google.com/"
"","afterdarkphonesex","https://www.google.com/"
"","aftereighteen","https://www.google.com/"
"","afterellen","https://www.google.com/"
"","afterelton","https://www.google.com/"
"","afterglow-photo","https://www.google.com/"
"","afterhourcams","https://www.google.com/"
"","afterhourpleasures","https://www.google.com/"
"","afterhoursclub","https://www.google.com/"
"","afterhoursdc","https://www.google.com/"
"","afterhoursexposed","https://www.google.com/"
