"﻿""id""","read","recommended"
"","jimbagallery","https://www.google.com/"
"","jimbapost","https://www.google.com/"
"","jimboporn","https://www.google.com/"
"","jimdo","https://www.google.com/"
"","jimenasex","https://www.google.com/"
"","jimgunn","https://www.google.com/"
"","jimhancockproductions","https://www.google.com/"
"","jimiizrael","https://www.google.com/"
"","jimisbad","https://www.google.com/"
"","jimlegman","https://www.google.com/"
"","jimmiles","https://www.google.com/"
"","jimmybling","https://www.google.com/"
"","jimmycanon","https://www.google.com/"
"","jimmydiamond","https://www.google.com/"
"","jimmydoof","https://www.google.com/"
"","jimmyjane","https://www.google.com/"
"","jimmyregina","https://www.google.com/"
"","jimmysonline","https://www.google.com/"
"","jimmyzproductions","https://www.google.com/"
"","jimperial","https://www.google.com/"
"","jimslip","https://www.google.com/"
"","jim-slip","https://www.google.com/"
"","jimsmegahost","https://www.google.com/"
"","jimsplace","https://www.google.com/"
"","jimspornlist","https://www.google.com/"
"","jinaki","https://www.google.com/"
"","jindoo","https://www.google.com/"
"","jingjai","https://www.google.com/"
"","jinglecams","https://www.google.com/"
"","jin-kun","https://www.google.com/"
"","jinmin","https://www.google.com/"
"","jinniblack","https://www.google.com/"
"","jino-net","https://www.google.com/"
"","jinzhizhu","https://www.google.com/"
"","jirky","https://www.google.com/"
"","jislaaik","https://www.google.com/"
"","jism","https://www.google.com/"
"","jisms","https://www.google.com/"
"","jivebunnys","https://www.google.com/"
"","jivefreak","https://www.google.com/"
"","jixx","https://www.google.com/"
"","jizlee","https://www.google.com/"
"","jizmark","https://www.google.com/"
"","jizqueen","https://www.google.com/"
"","jizz18","https://www.google.com/"
"","jizz24","https://www.google.com/"
"","jizz2","https://www.google.com/"
"","jizz4u","https://www.google.com/"
"","jizz99","https://www.google.com/"
"","jizzaddiction","https://www.google.com/"
"","jizzads","https://www.google.com/"
"","jizzall","https://www.google.com/"
"","jizzarchives","https://www.google.com/"
"","jizzaround","https://www.google.com/"
"","jizzbabes","https://www.google.com/"
"","jizzblastedbitches","https://www.google.com/"
"","jizzblog","https://www.google.com/"
"","jizzboat","https://www.google.com/"
"","jizzbo","https://www.google.com/"
"","jizzbomb","https://www.google.com/"
"","jizzboom","https://www.google.com/"
"","jizzbox","https://www.google.com/"
"","jizzbunker","https://www.google.com/"
"","jizzcatcher","https://www.google.com/"
"","jizzclipz","https://www.google.com/"
"","jizzcoat","https://www.google.com/"
"","jizzday","https://www.google.com/"
"","jizzdb","https://www.google.com/"
"","jizzdevil","https://www.google.com/"
"","jizzeden","https://www.google.com/"
"","jizzed","https://www.google.com/"
"","jizzedon","https://www.google.com/"
"","jizzedonface","https://www.google.com/"
"","jizzert","https://www.google.com/"
"","jizzex","https://www.google.com/"
"","jizzexplosion","https://www.google.com/"
"","jizzface","https://www.google.com/"
"","jizzfever","https://www.google.com/"
"","jizzfiesta","https://www.google.com/"
"","jizzfilms","https://www.google.com/"
"","jizzfinder","https://www.google.com/"
"","jizzflixxx","https://www.google.com/"
"","jizzforladies","https://www.google.com/"
"","jizzgalleries","https://www.google.com/"
"","jizzgals","https://www.google.com/"
"","jizzgames","https://www.google.com/"
"","jizzgfs","https://www.google.com/"
"","jizzgirl","https://www.google.com/"
"","jizzhappy","https://www.google.com/"
"","jizzhardcore","https://www.google.com/"
"","jizzhut","https://www.google.com/"
"","jizzie","https://www.google.com/"
"","jizzindian","https://www.google.com/"
"","jizzjugglers","https://www.google.com/"
"","jizzking","https://www.google.com/"
"","jizzle","https://www.google.com/"
"","jizzled","https://www.google.com/"
"","jizzledhoes","https://www.google.com/"
"","jizzlickers","https://www.google.com/"
"","jizzmaker","https://www.google.com/"
