"﻿""id""","read","recommended"
"","1stcool","https://www.google.com/"
"","1stekeer","https://www.google.com/"
"","1stepersonals","https://www.google.com/"
"","1st-escort","https://www.google.com/"
"","1stflirt","https://www.google.com/"
"","1stfreecam","https://www.google.com/"
"","1stgay","https://www.google.com/"
"","1stgaysex","https://www.google.com/"
"","1stgroupsex","https://www.google.com/"
"","1sthandjob","https://www.google.com/"
"","1sthardcore","https://www.google.com/"
"","1stingirl","https://www.google.com/"
"","1st-knight","https://www.google.com/"
"","1stlatin","https://www.google.com/"
"","1stlesbiankiss","https://www.google.com/"
"","1stlive","https://www.google.com/"
"","1stlondonescorts","https://www.google.com/"
"","1stmag","https://www.google.com/"
"","1st-models","https://www.google.com/"
"","1stockings","https://www.google.com/"
"","1stok","https://www.google.com/"
"","1stoldyoungporn","https://www.google.com/"
"","1st-onlinemovies","https://www.google.com/"
"","1-stop-blowjobs-and-cumshots","https://www.google.com/"
"","1stopfetishvideos","https://www.google.com/"
"","1stoppictures","https://www.google.com/"
"","1stopromance","https://www.google.com/"
"","1storalsex","https://www.google.com/"
"","1stpornblog","https://www.google.com/"
"","1stpornstreet","https://www.google.com/"
"","1strapon","https://www.google.com/"
"","1strunner","https://www.google.com/"
"","1stsex","https://www.google.com/"
"","1stsexstories","https://www.google.com/"
"","1stspanking","https://www.google.com/"
"","1ststories","https://www.google.com/"
"","1sttimeanal","https://www.google.com/"
"","1sttimeblackamateurs","https://www.google.com/"
"","1stube","https://www.google.com/"
"","1superbabes","https://www.google.com/"
"","1superdvd","https://www.google.com/"
"","1supergay","https://www.google.com/"
"","1superporn","https://www.google.com/"
"","1supervideo","https://www.google.com/"
"","1sweetass","https://www.google.com/"
"","1sweethost","https://www.google.com/"
"","1sylviasaint","https://www.google.com/"
"","1teenfuk","https://www.google.com/"
"","1teen","https://www.google.com/"
"","1teenporn","https://www.google.com/"
"","1teenporno","https://www.google.com/"
"","1teenpornvideos","https://www.google.com/"
"","1-teen-sex","https://www.google.com/"
"","1teensex","https://www.google.com/"
"","1teentube","https://www.google.com/"
"","1-telephone-rose","https://www.google.com/"
"","1tgp","https://www.google.com/"
"","1tightpussy","https://www.google.com/"
"","1tizer","https://www.google.com/"
"","1to1cams","https://www.google.com/"
"","1-toons","https://www.google.com/"
"","1top-arabes","https://www.google.com/"
"","1top-lesbiennes","https://www.google.com/"
"","1toy","https://www.google.com/"
"","1tpe","https://www.google.com/"
"","1trannytube","https://www.google.com/"
"","1-trans","https://www.google.com/"
"","1transexuel","https://www.google.com/"
"","1travesti","https://www.google.com/"
"","1ts17","https://www.google.com/"
"","1tstube","https://www.google.com/"
"","1tu","https://www.google.com/"
"","1tube","https://www.google.com/"
"","1tubehd","https://www.google.com/"
"","1tvporn","https://www.google.com/"
"","1twat","https://www.google.com/"
"","1underground","https://www.google.com/"
"","1up","https://www.google.com/"
"","1","https://www.google.com/"
"","1videoamateur","https://www.google.com/"
"","1video-porno","https://www.google.com/"
"","1video-sexe","https://www.google.com/"
"","1-vieille","https://www.google.com/"
"","1vintage","https://www.google.com/"
"","1vintagetube","https://www.google.com/"
"","1vulve-poilue","https://www.google.com/"
"","1w9","https://www.google.com/"
"","1wasteland","https://www.google.com/"
"","1watchmygf","https://www.google.com/"
"","1way2sex","https://www.google.com/"
"","1way","https://www.google.com/"
"","1webcamgirls","https://www.google.com/"
"","1webcam-gratuite","https://www.google.com/"
"","1webcamporn","https://www.google.com/"
"","1webcam-sexy","https://www.google.com/"
"","1webcamtube","https://www.google.com/"
"","1web","https://www.google.com/"
"","1went","https://www.google.com/"
"","1wetpanties","https://www.google.com/"
"","1wetpussy","https://www.google.com/"
