"﻿""id""","read","recommended"
"","hungarian-babes","https://www.google.com/"
"","hungarianbuttsluts","https://www.google.com/"
"","hungarianhoneys","https://www.google.com/"
"","hungarian-starlets","https://www.google.com/"
"","hungaryteens","https://www.google.com/"
"","hungbfs","https://www.google.com/"
"","hungbfvideos","https://www.google.com/"
"","hungblackbabes","https://www.google.com/"
"","hungboynextdoor","https://www.google.com/"
"","hungboys","https://www.google.com/"
"","hungcash","https://www.google.com/"
"","hungcocks","https://www.google.com/"
"","hung","https://www.google.com/"
"","hungdaddy","https://www.google.com/"
"","hungdevils","https://www.google.com/"
"","hungerpages","https://www.google.com/"
"","hunggirlz","https://www.google.com/"
"","hungguys","https://www.google.com/"
"","hunghelen","https://www.google.com/"
"","hungirly","https://www.google.com/"
"","hunglikeawhore","https://www.google.com/"
"","hungmale","https://www.google.com/"
"","hungmales","https://www.google.com/"
"","hungry4cock","https://www.google.com/"
"","hungryclit","https://www.google.com/"
"","hungrycock","https://www.google.com/"
"","hungrygranny","https://www.google.com/"
"","hungrymales","https://www.google.com/"
"","hungrymature","https://www.google.com/"
"","hungrymatures","https://www.google.com/"
"","hungry-pussies","https://www.google.com/"
"","hungry-pussy","https://www.google.com/"
"","hungrypussy","https://www.google.com/"
"","hungrytwink","https://www.google.com/"
"","hungrywife","https://www.google.com/"
"","hungry-wives","https://www.google.com/"
"","hungsex","https://www.google.com/"
"","hungshemale","https://www.google.com/"
"","hungshemalesex","https://www.google.com/"
"","hungshemales","https://www.google.com/"
"","hungstud","https://www.google.com/"
"","hungstuds","https://www.google.com/"
"","hung-ya","https://www.google.com/"
"","hunibe","https://www.google.com/"
"","hunkcams","https://www.google.com/"
"","hunkcandy","https://www.google.com/"
"","hunkdirectory","https://www.google.com/"
"","hunkdujour","https://www.google.com/"
"","hunkexclusives","https://www.google.com/"
"","hunkfreesites","https://www.google.com/"
"","hunkgaytube","https://www.google.com/"
"","hunkhunters","https://www.google.com/"
"","hunklist","https://www.google.com/"
"","hunklovers","https://www.google.com/"
"","hunkmania","https://www.google.com/"
"","hunkmansion","https://www.google.com/"
"","hunkmen","https://www.google.com/"
"","hunkmoney","https://www.google.com/"
"","hunkmovies","https://www.google.com/"
"","hunknetwork","https://www.google.com/"
"","hunk-o-mania","https://www.google.com/"
"","hunkomania","https://www.google.com/"
"","hunkomanianyc","https://www.google.com/"
"","hunkomaniausa","https://www.google.com/"
"","hunkporn","https://www.google.com/"
"","hunkporntube","https://www.google.com/"
"","hunks4u","https://www.google.com/"
"","hunksandhoneys","https://www.google.com/"
"","hunks-for-women","https://www.google.com/"
"","hunksgays","https://www.google.com/"
"","hunksmut","https://www.google.com/"
"","hunksnation","https://www.google.com/"
"","hunksofhollywood","https://www.google.com/"
"","hunksuncut","https://www.google.com/"
"","hunks","https://www.google.com/"
"","hunktube","https://www.google.com/"
"","hunkvideo","https://www.google.com/"
"","hunk","https://www.google.com/"
"","hunkycams","https://www.google.com/"
"","hunkyhunks","https://www.google.com/"
"","hunkymalestars","https://www.google.com/"
"","hunkynhotmen4phonesex","https://www.google.com/"
"","hunkynudeboys","https://www.google.com/"
"","hunkystrippers","https://www.google.com/"
"","hunkytube","https://www.google.com/"
"","hunky","https://www.google.com/"
"","hunkz","https://www.google.com/"
"","hunnybucket","https://www.google.com/"
"","hunnyhive","https://www.google.com/"
"","hunsex","https://www.google.com/"
"","hunszex","https://www.google.com/"
"","hunt4k","https://www.google.com/"
"","hunt8","https://www.google.com/"
"","hunterglam","https://www.google.com/"
"","hunterleigh","https://www.google.com/"
"","hunter-man","https://www.google.com/"
"","hunterporn","https://www.google.com/"
"","hunterpov","https://www.google.com/"
"","hunter-pp","https://www.google.com/"
"","hunterscash","https://www.google.com/"
