"﻿""id""","read","recommended"
"","fuckbuddymobile","https://www.google.com/"
"","fuckbuddysearch","https://www.google.com/"
"","fuckbunny","https://www.google.com/"
"","fuckbutt","https://www.google.com/"
"","fuckbutter","https://www.google.com/"
"","fuckbutts","https://www.google.com/"
"","fuckca","https://www.google.com/"
"","fuckcafe","https://www.google.com/"
"","fuckcam","https://www.google.com/"
"","fuckcamlive","https://www.google.com/"
"","fuckcamp","https://www.google.com/"
"","fuck-cams","https://www.google.com/"
"","fuckcams","https://www.google.com/"
"","fuckcats","https://www.google.com/"
"","fuck-cds","https://www.google.com/"
"","fuckcds","https://www.google.com/"
"","fuckcelebs","https://www.google.com/"
"","fuckchatcity","https://www.google.com/"
"","fuck-chat","https://www.google.com/"
"","fuckchix","https://www.google.com/"
"","fuckcity","https://www.google.com/"
"","fuckclass","https://www.google.com/"
"","fuckclipsmom","https://www.google.com/"
"","fuckclipsmoms","https://www.google.com/"
"","fuckcocks","https://www.google.com/"
"","f-u-c-k","https://www.google.com/"
"","fuckcomicshard","https://www.google.com/"
"","fuckcontact","https://www.google.com/"
"","fuckcontent","https://www.google.com/"
"","fuckcops","https://www.google.com/"
"","fuckcount","https://www.google.com/"
"","fuckcouples","https://www.google.com/"
"","fuckcuck","https://www.google.com/"
"","fuckcult","https://www.google.com/"
"","fuckcunt","https://www.google.com/"
"","fuckdacunt","https://www.google.com/"
"","fuckdate","https://www.google.com/"
"","fuck-daughter","https://www.google.com/"
"","fuckdeep","https://www.google.com/"
"","fuckdesigirls","https://www.google.com/"
"","fuckdg","https://www.google.com/"
"","fuckdirect","https://www.google.com/"
"","fuckdog","https://www.google.com/"
"","fuckdorm","https://www.google.com/"
"","fuckdrunkmom","https://www.google.com/"
"","fuckdumper","https://www.google.com/"
"","fuckdungeon","https://www.google.com/"
"","fuckdy","https://www.google.com/"
"","fucked11","https://www.google.com/"
"","fucked4u","https://www.google.com/"
"","fuckedamateurs","https://www.google.com/"
"","fuckedandbound","https://www.google.com/"
"","fuckedandboundsex","https://www.google.com/"
"","fuckedandsucked","https://www.google.com/"
"","fuckedapps","https://www.google.com/"
"","fuckedasiantube","https://www.google.com/"
"","fuckedasses","https://www.google.com/"
"","fuckedbabes","https://www.google.com/"
"","fuckedbbw","https://www.google.com/"
"","fuckedbitch","https://www.google.com/"
"","fuckedblackgirls","https://www.google.com/"
"","fuckedboys","https://www.google.com/"
"","fuckedbyagirl","https://www.google.com/"
"","fuckedbyamachine","https://www.google.com/"
"","fuckedbyanimals","https://www.google.com/"
"","fuckedbydaddy","https://www.google.com/"
"","fuckedbyfrank","https://www.google.com/"
"","fuckedbyhorses","https://www.google.com/"
"","fuckedbyme","https://www.google.com/"
"","fuckedbymonstercock","https://www.google.com/"
"","fuckedbymonster","https://www.google.com/"
"","fuckedbymonsters","https://www.google.com/"
"","fuckedbyniggas","https://www.google.com/"
"","fuckedbyrobots","https://www.google.com/"
"","fuckedbyshemale","https://www.google.com/"
"","fuckedbytranny","https://www.google.com/"
"","fucked","https://www.google.com/"
"","fuckedclips","https://www.google.com/"
"","fuckedcompany","https://www.google.com/"
"","fuckeddeep","https://www.google.com/"
"","fuckedfaces","https://www.google.com/"
"","fuckedfeet","https://www.google.com/"
"","fuckedgaijin","https://www.google.com/"
"","fuckedgaytube","https://www.google.com/"
"","fuckedgay","https://www.google.com/"
"","fuckedgf","https://www.google.com/"
"","fucked-girl","https://www.google.com/"
"","fuckedgirls18","https://www.google.com/"
"","fucked-girls-free","https://www.google.com/"
"","fuckedgrandma","https://www.google.com/"
"","fuckedgrannies","https://www.google.com/"
"","fuckedgranny","https://www.google.com/"
"","fuckedhard18blog","https://www.google.com/"
"","fuckedhard18","https://www.google.com/"
"","fucked-hard","https://www.google.com/"
"","fuckedhard","https://www.google.com/"
"","fuckedhardeighteen","https://www.google.com/"
"","fuckedhardgfs","https://www.google.com/"
"","fuckedhardvids","https://www.google.com/"
"","fucked-her-son","https://www.google.com/"
