"﻿""id""","read","recommended"
"","freebound","https://www.google.com/"
"","freeboys","https://www.google.com/"
"","free-boys-pics","https://www.google.com/"
"","freeboytube","https://www.google.com/"
"","freeboytwinks","https://www.google.com/"
"","freebrutal","https://www.google.com/"
"","free-bsd","https://www.google.com/"
"","freebuddymovies","https://www.google.com/"
"","free-bukkake","https://www.google.com/"
"","freebushypussies","https://www.google.com/"
"","free-busty-amateurs","https://www.google.com/"
"","freebutt","https://www.google.com/"
"","freecalluk","https://www.google.com/"
"","free-cam24","https://www.google.com/"
"","freecam24","https://www.google.com/"
"","freecam3x","https://www.google.com/"
"","freecam8","https://www.google.com/"
"","freecambay","https://www.google.com/"
"","freecam","https://www.google.com/"
"","free-cam","https://www.google.com/"
"","freecamfinder","https://www.google.com/"
"","freecamgirls247","https://www.google.com/"
"","free-cam-girls","https://www.google.com/"
"","free-camgirls","https://www.google.com/"
"","freecamgirlsex","https://www.google.com/"
"","freecamhotel","https://www.google.com/"
"","freecamlivesex","https://www.google.com/"
"","freecamms","https://www.google.com/"
"","freecampornos","https://www.google.com/"
"","freecamporn","https://www.google.com/"
"","freecams24","https://www.google.com/"
"","freecams2xs","https://www.google.com/"
"","freecams4","https://www.google.com/"
"","freecams","https://www.google.com/"
"","freecamsearch","https://www.google.com/"
"","freecamsecret","https://www.google.com/"
"","freecamsexblog","https://www.google.com/"
"","free-cam-sex","https://www.google.com/"
"","freecamsex","https://www.google.com/"
"","free-camsex","https://www.google.com/"
"","freecamsexlive","https://www.google.com/"
"","freecamsexparty","https://www.google.com/"
"","freecamsexposed","https://www.google.com/"
"","freecamsexvideos","https://www.google.com/"
"","freecamsexxx","https://www.google.com/"
"","freecamsgirl","https://www.google.com/"
"","freecamshow","https://www.google.com/"
"","freecamsites","https://www.google.com/"
"","freecamslive","https://www.google.com/"
"","freecamsmax","https://www.google.com/"
"","free-cams","https://www.google.com/"
"","freecams-networks","https://www.google.com/"
"","freecamsnow","https://www.google.com/"
"","freecamsplanet","https://www.google.com/"
"","freecamssite","https://www.google.com/"
"","freecamstars","https://www.google.com/"
"","freecamteens","https://www.google.com/"
"","freecamtocam","https://www.google.com/"
"","freecamweb","https://www.google.com/"
"","freecamxxx","https://www.google.com/"
"","freecandidboys","https://www.google.com/"
"","freecartoongalleries","https://www.google.com/"
"","freecartoonpornmovies","https://www.google.com/"
"","free-cartoon-porn","https://www.google.com/"
"","freecartoons","https://www.google.com/"
"","freecartoonsex","https://www.google.com/"
"","freecartoonstgp","https://www.google.com/"
"","freecashcasinos","https://www.google.com/"
"","free-casino-bonus","https://www.google.com/"
"","freecasinocash","https://www.google.com/"
"","freecasinodirectory","https://www.google.com/"
"","freecasinodollars","https://www.google.com/"
"","freecasinogames","https://www.google.com/"
"","free-casino-games-online-download","https://www.google.com/"
"","freecasinolinksonline","https://www.google.com/"
"","freecasinopounds","https://www.google.com/"
"","free-casinos-links","https://www.google.com/"
"","free-casinos","https://www.google.com/"
"","freecatfights","https://www.google.com/"
"","freecelebbabes","https://www.google.com/"
"","freecelebboys","https://www.google.com/"
"","freecelebfilms","https://www.google.com/"
"","freecelebgals","https://www.google.com/"
"","freecelebpass","https://www.google.com/"
"","freecelebpics","https://www.google.com/"
"","freecelebrities","https://www.google.com/"
"","freecelebritylessons","https://www.google.com/"
"","free-celebritymoviearchive","https://www.google.com/"
"","freecelebritymoviearhive","https://www.google.com/"
"","free-celebrity-video","https://www.google.com/"
"","free-celebs","https://www.google.com/"
"","freecelebsnude","https://www.google.com/"
"","freecertifier","https://www.google.com/"
"","freecfnmclips","https://www.google.com/"
"","freecfnm","https://www.google.com/"
"","freecfnmfemdom","https://www.google.com/"
"","freecfnmgalleries","https://www.google.com/"
"","freechannel","https://www.google.com/"
"","freechat","https://www.google.com/"
"","freechatline","https://www.google.com/"
