"﻿""id""","read","recommended"
"","amateureonline","https://www.google.com/"
"","amateurepornos","https://www.google.com/"
"","amateure-pornos","https://www.google.com/"
"","amateure-privat","https://www.google.com/"
"","amateureprivat","https://www.google.com/"
"","amateure-private","https://www.google.com/"
"","amateurerotica","https://www.google.com/"
"","amateur-erotic","https://www.google.com/"
"","amateureroticpics","https://www.google.com/"
"","amateurerotik24","https://www.google.com/"
"","amateur-erotik","https://www.google.com/"
"","amateurerotik","https://www.google.com/"
"","amateurescort","https://www.google.com/"
"","amateure-sexcam","https://www.google.com/"
"","amateuresexcams","https://www.google.com/"
"","amateure-sexcams","https://www.google.com/"
"","amateuresex","https://www.google.com/"
"","amateure-sexfilme","https://www.google.com/"
"","amateure-sexvideo","https://www.google.com/"
"","amateurest","https://www.google.com/"
"","amateure-suchen-sexkontakte","https://www.google.com/"
"","amateure-treffen-ficken","https://www.google.com/"
"","amateuretsexe","https://www.google.com/"
"","amateure-webcam","https://www.google.com/"
"","amateure-wichsen","https://www.google.com/"
"","amateure-x24","https://www.google.com/"
"","amateurexchange","https://www.google.com/"
"","amateur-exhibitionist","https://www.google.com/"
"","amateur-exhibitioniste","https://www.google.com/"
"","amateurexotics","https://www.google.com/"
"","amateurexploits","https://www.google.com/"
"","amateur-exposed","https://www.google.com/"
"","amateurexposures","https://www.google.com/"
"","amateurextra","https://www.google.com/"
"","amateure-xtreme","https://www.google.com/"
"","amateure-xxl","https://www.google.com/"
"","amateurexxx","https://www.google.com/"
"","amateureyes","https://www.google.com/"
"","amateurfacial","https://www.google.com/"
"","amateur-facials","https://www.google.com/"
"","amateurfacials","https://www.google.com/"
"","amateurfacialseries","https://www.google.com/"
"","amateurfacialsuk","https://www.google.com/"
"","amateurfactor","https://www.google.com/"
"","amateurfactory","https://www.google.com/"
"","amateurfan","https://www.google.com/"
"","amateurfantasy","https://www.google.com/"
"","amateurfap","https://www.google.com/"
"","amateurfarm","https://www.google.com/"
"","amateurfatty","https://www.google.com/"
"","amateurfavorite","https://www.google.com/"
"","amateurfemalebodybuilders","https://www.google.com/"
"","amateur-femdom","https://www.google.com/"
"","amateur-fetish","https://www.google.com/"
"","amateurfetishist","https://www.google.com/"
"","amateurfetishsex","https://www.google.com/"
"","amateurfetishvideos","https://www.google.com/"
"","amateurfick","https://www.google.com/"
"","amateur-ficken","https://www.google.com/"
"","amateurfile","https://www.google.com/"
"","amateurfiles","https://www.google.com/"
"","amateurfilipinas","https://www.google.com/"
"","amateurfilm","https://www.google.com/"
"","amateurfilme","https://www.google.com/"
"","amateurfilmpjes","https://www.google.com/"
"","amateurfilms","https://www.google.com/"
"","amateurfilth","https://www.google.com/"
"","amateurfinder","https://www.google.com/"
"","amateurfish","https://www.google.com/"
"","amateur-fisting","https://www.google.com/"
"","amateurfisting","https://www.google.com/"
"","amateurflashing","https://www.google.com/"
"","amateurflesh","https://www.google.com/"
"","amateurflicks","https://www.google.com/"
"","amateurflirt","https://www.google.com/"
"","amateur-flix","https://www.google.com/"
"","amateurforum","https://www.google.com/"
"","amateurfoto","https://www.google.com/"
"","amateur-foto","https://www.google.com/"
"","amateurfotos","https://www.google.com/"
"","amateur-fotos","https://www.google.com/"
"","amateurfotze","https://www.google.com/"
"","amateurfotzen","https://www.google.com/"
"","amateurfox","https://www.google.com/"
"","amateur-francais","https://www.google.com/"
"","amateurfrancais","https://www.google.com/"
"","amateurfreaks","https://www.google.com/"
"","amateurfreecams","https://www.google.com/"
"","amateurfreedom","https://www.google.com/"
"","amateur-freepics","https://www.google.com/"
"","amateurfreeporn","https://www.google.com/"
"","amateurfreetube","https://www.google.com/"
"","amateurfriends","https://www.google.com/"
"","amateurfront","https://www.google.com/"
"","amateurfuck","https://www.google.com/"
"","amateurfucked","https://www.google.com/"
"","amateurfuckhussy","https://www.google.com/"
"","amateurfucking","https://www.google.com/"
"","amateurfuckingsex","https://www.google.com/"
"","amateur-fuck","https://www.google.com/"
