"﻿""id""","read","recommended"
"","gagvault","https://www.google.com/"
"","gahe","https://www.google.com/"
"","gahentai","https://www.google.com/"
"","gai5chau","https://www.google.com/"
"","gaiagirl","https://www.google.com/"
"","gaiaphotos","https://www.google.com/"
"","gaiax","https://www.google.com/"
"","gaidam","https://www.google.com/"
"","gai-eros","https://www.google.com/"
"","gaigoi18","https://www.google.com/"
"","gaigoi","https://www.google.com/"
"","gailoan","https://www.google.com/"
"","gailwinds","https://www.google.com/"
"","gaimup","https://www.google.com/"
"","gainesvillestrippers","https://www.google.com/"
"","gaininggabi","https://www.google.com/"
"","gaininggoddess","https://www.google.com/"
"","gainrweb","https://www.google.com/"
"","gainshop","https://www.google.com/"
"","gaisenman","https://www.google.com/"
"","gaisen","https://www.google.com/"
"","gaisetlesbiennes","https://www.google.com/"
"","gaisex","https://www.google.com/"
"","gaisnus","https://www.google.com/"
"","gajai","https://www.google.com/"
"","gajba","https://www.google.com/"
"","gakugeidai","https://www.google.com/"
"","galacticbabes","https://www.google.com/"
"","galacticgirls","https://www.google.com/"
"","galacticmovies","https://www.google.com/"
"","galacticporn","https://www.google.com/"
"","galacticsex","https://www.google.com/"
"","galacticsluts","https://www.google.com/"
"","galactik-football","https://www.google.com/"
"","galafuck","https://www.google.com/"
"","galamodel","https://www.google.com/"
"","galaporn","https://www.google.com/"
"","galaxhe","https://www.google.com/"
"","galaxia-gay","https://www.google.com/"
"","galaxiagay","https://www.google.com/"
"","galaxiatube","https://www.google.com/"
"","galaxymanga","https://www.google.com/"
"","galaxymassage","https://www.google.com/"
"","galaxymedia","https://www.google.com/"
"","galaxy-of-terror","https://www.google.com/"
"","galaxyquestpornlinks","https://www.google.com/"
"","galaxyrate","https://www.google.com/"
"","galaxysex","https://www.google.com/"
"","galaxysingles","https://www.google.com/"
"","galaxyvod","https://www.google.com/"
"","galaxywww","https://www.google.com/"
"","galensrealm","https://www.google.com/"
"","galeon","https://www.google.com/"
"","galeriasdeporno","https://www.google.com/"
"","galeriasdevideos","https://www.google.com/"
"","galeriasdiarias","https://www.google.com/"
"","galeriasexual","https://www.google.com/"
"","galeriasgay","https://www.google.com/"
"","galeriasgratis","https://www.google.com/"
"","galeriasmaduras","https://www.google.com/"
"","galeriaspornoxxx","https://www.google.com/"
"","galeriasprivadas","https://www.google.com/"
"","galeriass","https://www.google.com/"
"","galeriasztuki","https://www.google.com/"
"","galerie-de-sade","https://www.google.com/"
"","galeriedusexe","https://www.google.com/"
"","galerie-erotyczne","https://www.google.com/"
"","galerie-girls","https://www.google.com/"
"","galerielibertine","https://www.google.com/"
"","galeriemarchande","https://www.google.com/"
"","galerie-peinture","https://www.google.com/"
"","galerie-photos-hard","https://www.google.com/"
"","galerie","https://www.google.com/"
"","galerieporno","https://www.google.com/"
"","galeries-actrices-porno","https://www.google.com/"
"","galeries-amateurs","https://www.google.com/"
"","galerie-sexe-photo","https://www.google.com/"
"","galeries-femjoy","https://www.google.com/"
"","galeries-met-art","https://www.google.com/"
"","galeriesphotos","https://www.google.com/"
"","galeries-photos","https://www.google.com/"
"","galeriesporno","https://www.google.com/"
"","galeries-porno-stars","https://www.google.com/"
"","galeries-sexe-gratuit","https://www.google.com/"
"","galeries-sexe-photos","https://www.google.com/"
"","galeries-ttbm","https://www.google.com/"
"","galerky","https://www.google.com/"
"","galerus","https://www.google.com/"
"","galery","https://www.google.com/"
"","galgalaxy","https://www.google.com/"
"","galha","https://www.google.com/"
"","galianachance","https://www.google.com/"
"","galinhas","https://www.google.com/"
"","galipettes","https://www.google.com/"
"","galitsin-archives","https://www.google.com/"
"","galitsin","https://www.google.com/"
"","galitsin-news","https://www.google.com/"
"","gallant-matures","https://www.google.com/"
"","gallarena","https://www.google.com/"
"","gallerees","https://www.google.com/"
