"﻿""id""","read","recommended"
"","lapanterranegra","https://www.google.com/"
"","lapatulka","https://www.google.com/"
"","lapausesexe","https://www.google.com/"
"","lapausex","https://www.google.com/"
"","lapcave","https://www.google.com/"
"","lapdance","https://www.google.com/"
"","lapdancegonebad","https://www.google.com/"
"","lapdancer","https://www.google.com/"
"","lapdancetv","https://www.google.com/"
"","lapdancevideo","https://www.google.com/"
"","lapdancingclothes","https://www.google.com/"
"","lapdancing","https://www.google.com/"
"","la-penetration","https://www.google.com/"
"","la-perle-noire","https://www.google.com/"
"","la-petasse","https://www.google.com/"
"","lapetitecheminee","https://www.google.com/"
"","lapetiteclaudine","https://www.google.com/"
"","lapetitecoquine","https://www.google.com/"
"","lapetiteculotterose","https://www.google.com/"
"","lapetitefolie","https://www.google.com/"
"","lapetitelibertine","https://www.google.com/"
"","lapetitesalope","https://www.google.com/"
"","laphrodisia","https://www.google.com/"
"","lap","https://www.google.com/"
"","la-piazza-highheels","https://www.google.com/"
"","lapiazza-highheels","https://www.google.com/"
"","lapilli","https://www.google.com/"
"","lapincochonne","https://www.google.com/"
"","lapine","https://www.google.com/"
"","lapinette","https://www.google.com/"
"","lapinporno","https://www.google.com/"
"","la-pipe","https://www.google.com/"
"","laplayacash","https://www.google.com/"
"","laplayaescort","https://www.google.com/"
"","laplisitol","https://www.google.com/"
"","lapluche","https://www.google.com/"
"","la-plus-grosse","https://www.google.com/"
"","laporno","https://www.google.com/"
"","lapornoteca69","https://www.google.com/"
"","lapornoteca","https://www.google.com/"
"","lapornoteka","https://www.google.com/"
"","lapozz","https://www.google.com/"
"","lappartdesbeurettes","https://www.google.com/"
"","lapride","https://www.google.com/"
"","laprofashions","https://www.google.com/"
"","laptopgirls","https://www.google.com/"
"","laptopsex","https://www.google.com/"
"","lapunk","https://www.google.com/"
"","lapxxx","https://www.google.com/"
"","lapzwans","https://www.google.com/"
"","laquebecoise","https://www.google.com/"
"","lara18","https://www.google.com/"
"","lara4play","https://www.google.com/"
"","laracroftnude","https://www.google.com/"
"","laralarsen","https://www.google.com/"
"","laralatex","https://www.google.com/"
"","laramara","https://www.google.com/"
"","lara-model","https://www.google.com/"
"","laramodel","https://www.google.com/"
"","laramovies","https://www.google.com/"
"","lara-muenster","https://www.google.com/"
"","laraporn","https://www.google.com/"
"","larasharem","https://www.google.com/"
"","lara-soft","https://www.google.com/"
"","larasplayground","https://www.google.com/"
"","laravictore","https://www.google.com/"
"","laraww","https://www.google.com/"
"","lardbiscuit","https://www.google.com/"
"","laree","https://www.google.com/"
"","la-rencontre","https://www.google.com/"
"","la-rencontrer","https://www.google.com/"
"","larencontrer","https://www.google.com/"
"","largeandlovely","https://www.google.com/"
"","largeass","https://www.google.com/"
"","largeblackcock","https://www.google.com/"
"","largeblackcocks","https://www.google.com/"
"","largeboobies","https://www.google.com/"
"","largeboobs","https://www.google.com/"
"","largebosom","https://www.google.com/"
"","largebusts","https://www.google.com/"
"","largebutts","https://www.google.com/"
"","largecamtube","https://www.google.com/"
"","largechineseporn","https://www.google.com/"
"","large-clitoris-cunt-big-clit-huge-clitorises","https://www.google.com/"
"","large-cock","https://www.google.com/"
"","largecock","https://www.google.com/"
"","largecocks","https://www.google.com/"
"","large-cock-sex","https://www.google.com/"
"","largedicks","https://www.google.com/"
"","largedildo","https://www.google.com/"
"","largefriends","https://www.google.com/"
"","largefucktube","https://www.google.com/"
"","largegirlsxxx","https://www.google.com/"
"","largegranny","https://www.google.com/"
"","largegrannytube","https://www.google.com/"
"","largehardcore","https://www.google.com/"
"","largehdporn","https://www.google.com/"
"","largehdtube","https://www.google.com/"
"","largeheartedboy","https://www.google.com/"
"","largehole","https://www.google.com/"
