"﻿""id""","read","recommended"
"","4porn","https://www.google.com/"
"","4porndvd","https://www.google.com/"
"","4porngifs","https://www.google.com/"
"","4pornhd","https://www.google.com/"
"","4porno","https://www.google.com/"
"","4pornos","https://www.google.com/"
"","4pornsex","https://www.google.com/"
"","4pornvids","https://www.google.com/"
"","4pornxxx","https://www.google.com/"
"","4pu","https://www.google.com/"
"","4pussy","https://www.google.com/"
"","4qps","https://www.google.com/"
"","4raw","https://www.google.com/"
"","4realamateurs","https://www.google.com/"
"","4realblogger","https://www.google.com/"
"","4realcash","https://www.google.com/"
"","4realfusion","https://www.google.com/"
"","4realgals","https://www.google.com/"
"","4realswingers","https://www.google.com/"
"","4realteen","https://www.google.com/"
"","4revenge","https://www.google.com/"
"","4rid","https://www.google.com/"
"","4sex18","https://www.google.com/"
"","4sex4","https://www.google.com/"
"","4sexchat","https://www.google.com/"
"","4sexclub","https://www.google.com/"
"","4sex","https://www.google.com/"
"","4-sex","https://www.google.com/"
"","4sexnow","https://www.google.com/"
"","4sexonly","https://www.google.com/"
"","4sexpics","https://www.google.com/"
"","4sextoys","https://www.google.com/"
"","4sextoysonline","https://www.google.com/"
"","4sexvideo","https://www.google.com/"
"","4sexvideos","https://www.google.com/"
"","4sexwebcams","https://www.google.com/"
"","4sexxes","https://www.google.com/"
"","4sexxx","https://www.google.com/"
"","4sexygirls","https://www.google.com/"
"","4sexylingerie","https://www.google.com/"
"","4-shared","https://www.google.com/"
"","4shemaleporn","https://www.google.com/"
"","4slaves","https://www.google.com/"
"","4sluts","https://www.google.com/"
"","4sm","https://www.google.com/"
"","4smut","https://www.google.com/"
"","4star","https://www.google.com/"
"","4starpromotions","https://www.google.com/"
"","4suck","https://www.google.com/"
"","4swingers","https://www.google.com/"
"","4-swingers-only","https://www.google.com/"
"","4t3","https://www.google.com/"
"","4taboo","https://www.google.com/"
"","4t","https://www.google.com/"
"","4teenfuk","https://www.google.com/"
"","4teenporn","https://www.google.com/"
"","4theladies","https://www.google.com/"
"","4thenet","https://www.google.com/"
"","4tnz","https://www.google.com/"
"","4tomiko","https://www.google.com/"
"","4toona","https://www.google.com/"
"","4totalperverts","https://www.google.com/"
"","4totalsex","https://www.google.com/"
"","4tranny","https://www.google.com/"
"","4trannysex","https://www.google.com/"
"","4transgenders","https://www.google.com/"
"","4tube8porn","https://www.google.com/"
"","4tube","https://www.google.com/"
"","4tubefree","https://www.google.com/"
"","4tubegalore","https://www.google.com/"
"","4tubehd","https://www.google.com/"
"","4tubehq","https://www.google.com/"
"","4tubelivesex","https://www.google.com/"
"","4tubemate","https://www.google.com/"
"","4twenty","https://www.google.com/"
"","4u2see","https://www.google.com/"
"","4ucash","https://www.google.com/"
"","4uck","https://www.google.com/"
"","4ucum","https://www.google.com/"
"","4ufreesex","https://www.google.com/"
"","4u","https://www.google.com/"
"","4ukswingers","https://www.google.com/"
"","4-u","https://www.google.com/"
"","4uporn","https://www.google.com/"
"","4urls","https://www.google.com/"
"","4us3","https://www.google.com/"
"","4ushop","https://www.google.com/"
"","4uuk","https://www.google.com/"
"","4uxxx","https://www.google.com/"
"","4video","https://www.google.com/"
"","4virginpussy","https://www.google.com/"
"","4vivid","https://www.google.com/"
"","4volumepills","https://www.google.com/"
"","4watcher","https://www.google.com/"
"","4webcamsex","https://www.google.com/"
"","4webcams","https://www.google.com/"
"","4webdirect","https://www.google.com/"
"","4wetpussy","https://www.google.com/"
"","4whw","https://www.google.com/"
"","4womenerotica","https://www.google.com/"
