"﻿""id""","read","recommended"
"","gayporn4u","https://www.google.com/"
"","gayporn69","https://www.google.com/"
"","gayporn7","https://www.google.com/"
"","gaypornaccess","https://www.google.com/"
"","gaypornalbum","https://www.google.com/"
"","gaypornandsex","https://www.google.com/"
"","gaypornarama","https://www.google.com/"
"","gaypornarchive","https://www.google.com/"
"","gay-porn-art","https://www.google.com/"
"","gaypornassistant","https://www.google.com/"
"","gayporn","https://www.google.com/"
"","gaypornation","https://www.google.com/"
"","gaypornbay","https://www.google.com/"
"","gaypornbdsm","https://www.google.com/"
"","gaypornblog","https://www.google.com/"
"","gay-porn-blogs","https://www.google.com/"
"","gay-porn","https://www.google.com/"
"","gayporncam","https://www.google.com/"
"","gayporncards","https://www.google.com/"
"","gayporncenter","https://www.google.com/"
"","gaypornclip","https://www.google.com/"
"","gay-porn-clips","https://www.google.com/"
"","gaypornclips","https://www.google.com/"
"","gayporncollector","https://www.google.com/"
"","gay-porn-com","https://www.google.com/"
"","gayporncomics","https://www.google.com/"
"","gay-porn-corner","https://www.google.com/"
"","gayporncorner","https://www.google.com/"
"","gayporndada","https://www.google.com/"
"","gayporndads","https://www.google.com/"
"","gayporndaily","https://www.google.com/"
"","gayporndating","https://www.google.com/"
"","gayporndb","https://www.google.com/"
"","gaypornd","https://www.google.com/"
"","gayporndepot","https://www.google.com/"
"","gayporndiscounts","https://www.google.com/"
"","gayporndorm","https://www.google.com/"
"","gayporndvds","https://www.google.com/"
"","gaypornempire","https://www.google.com/"
"","gaypornfacial","https://www.google.com/"
"","gaypornfanatic","https://www.google.com/"
"","gaypornfinder","https://www.google.com/"
"","gaypornflix","https://www.google.com/"
"","gaypornfriend","https://www.google.com/"
"","gaypornfuck","https://www.google.com/"
"","gaypornfun","https://www.google.com/"
"","gayporngay","https://www.google.com/"
"","gayporngayporn","https://www.google.com/"
"","gayporngossip","https://www.google.com/"
"","gayporngremlins","https://www.google.com/"
"","gay-porn-guys","https://www.google.com/"
"","gaypornhackers","https://www.google.com/"
"","gaypornhardcoresex","https://www.google.com/"
"","gaypornhdfree","https://www.google.com/"
"","gaypornhotel","https://www.google.com/"
"","gaypornhub","https://www.google.com/"
"","gaypornhunks","https://www.google.com/"
"","gaypornhunt","https://www.google.com/"
"","gaypornidols","https://www.google.com/"
"","gayporninterracial","https://www.google.com/"
"","gaypornium","https://www.google.com/"
"","gaypornix","https://www.google.com/"
"","gaypornjuice","https://www.google.com/"
"","gaypornjungle","https://www.google.com/"
"","gaypornlab","https://www.google.com/"
"","gaypornlads","https://www.google.com/"
"","gaypornline","https://www.google.com/"
"","gay-porn-links","https://www.google.com/"
"","gaypornlinks","https://www.google.com/"
"","gaypornlinx","https://www.google.com/"
"","gay-porn-list","https://www.google.com/"
"","gaypornlords","https://www.google.com/"
"","gaypornlottery","https://www.google.com/"
"","gaypornlovers","https://www.google.com/"
"","gaypornmags","https://www.google.com/"
"","gaypornmania","https://www.google.com/"
"","gaypornmegasites","https://www.google.com/"
"","gaypornmenu","https://www.google.com/"
"","gay-porn-mobile","https://www.google.com/"
"","gaypornmov","https://www.google.com/"
"","gaypornmovie","https://www.google.com/"
"","gaypornmovies4you","https://www.google.com/"
"","gaypornmovies","https://www.google.com/"
"","gaypornmovs","https://www.google.com/"
"","gaypornnow","https://www.google.com/"
"","gayporno975","https://www.google.com/"
"","gaypornobase","https://www.google.com/"
"","gayporno","https://www.google.com/"
"","gay-porno-clips","https://www.google.com/"
"","gaypornoclips","https://www.google.com/"
"","gay-porno","https://www.google.com/"
"","gaypornofilme","https://www.google.com/"
"","gay-pornofilme","https://www.google.com/"
"","gaypornography","https://www.google.com/"
"","gaypornoh","https://www.google.com/"
"","gaypornomaniak","https://www.google.com/"
"","gaypornoncams","https://www.google.com/"
"","gaypornonline","https://www.google.com/"
"","gaypornonwebcams","https://www.google.com/"
"","gaypornopalace","https://www.google.com/"
