"﻿""id""","read","recommended"
"","japnudes","https://www.google.com/"
"","japnurse","https://www.google.com/"
"","japonaise-nue","https://www.google.com/"
"","japonaiseporno","https://www.google.com/"
"","japonicporn","https://www.google.com/"
"","japonicsex","https://www.google.com/"
"","japorndl","https://www.google.com/"
"","japorno","https://www.google.com/"
"","japporno","https://www.google.com/"
"","japporn","https://www.google.com/"
"","jappydolls","https://www.google.com/"
"","japscat","https://www.google.com/"
"","japsexvids","https://www.google.com/"
"","japteens","https://www.google.com/"
"","japtorture","https://www.google.com/"
"","japvideo","https://www.google.com/"
"","japvid","https://www.google.com/"
"","japxxx","https://www.google.com/"
"","jaqueline","https://www.google.com/"
"","jardindeadultos","https://www.google.com/"
"","jardindeden","https://www.google.com/"
"","jardindux","https://www.google.com/"
"","jardin-eden","https://www.google.com/"
"","jardinporno","https://www.google.com/"
"","jardinprohibido","https://www.google.com/"
"","jardinsecret","https://www.google.com/"
"","jardisexe","https://www.google.com/"
"","jardonnserotictales","https://www.google.com/"
"","jaredpadaleckisass","https://www.google.com/"
"","jarfil","https://www.google.com/"
"","jaringaniklangratis","https://www.google.com/"
"","jarochos","https://www.google.com/"
"","jartna","https://www.google.com/"
"","jartna-fadaih","https://www.google.com/"
"","jarz","https://www.google.com/"
"","jaselle","https://www.google.com/"
"","jasexy","https://www.google.com/"
"","jasmijnlingerie","https://www.google.com/"
"","jasminbondage","https://www.google.com/"
"","jasmincam","https://www.google.com/"
"","jasmin-cam","https://www.google.com/"
"","jasmincamlive","https://www.google.com/"
"","jasmincams","https://www.google.com/"
"","jasmin-cams","https://www.google.com/"
"","jasmin-cams-live","https://www.google.com/"
"","jasmin","https://www.google.com/"
"","jasmindivision","https://www.google.com/"
"","jasmineblackxxx","https://www.google.com/"
"","jasminebyrnexxx","https://www.google.com/"
"","jasminecam","https://www.google.com/"
"","jasminecams","https://www.google.com/"
"","jasminecouples","https://www.google.com/"
"","jasminegirls","https://www.google.com/"
"","jasmineguinness","https://www.google.com/"
"","jasmine-jewels","https://www.google.com/"
"","jasminelive","https://www.google.com/"
"","jasmine-live","https://www.google.com/"
"","jasminelivejasminelive","https://www.google.com/"
"","jasminelivesex","https://www.google.com/"
"","jasminemature","https://www.google.com/"
"","jasminempire","https://www.google.com/"
"","jasmineporn","https://www.google.com/"
"","jasminereviews","https://www.google.com/"
"","jasminerouge","https://www.google.com/"
"","jasminesbackdoor","https://www.google.com/"
"","jasminesex","https://www.google.com/"
"","jasmine-sex","https://www.google.com/"
"","jasminesinclair","https://www.google.com/"
"","jasminespice","https://www.google.com/"
"","jasminestreasures","https://www.google.com/"
"","jasminetameonline","https://www.google.com/"
"","jasminetsfantasy","https://www.google.com/"
"","jasminewebcam","https://www.google.com/"
"","jasminewebcams","https://www.google.com/"
"","jasminlive","https://www.google.com/"
"","jasminlivecam","https://www.google.com/"
"","jasmin-live-cams","https://www.google.com/"
"","jasmin-live","https://www.google.com/"
"","jasminliveshow","https://www.google.com/"
"","jasminlivestream","https://www.google.com/"
"","jasminmatures","https://www.google.com/"
"","jasminmodel","https://www.google.com/"
"","jasminprivat","https://www.google.com/"
"","jasminproductions","https://www.google.com/"
"","jasminreviews","https://www.google.com/"
"","jasminsangels","https://www.google.com/"
"","jasminslife","https://www.google.com/"
"","jasminstern","https://www.google.com/"
"","jasmin-telefonsex","https://www.google.com/"
"","jasminvip","https://www.google.com/"
"","jasminvips","https://www.google.com/"
"","jasmin-webcams","https://www.google.com/"
"","jasminxxx","https://www.google.com/"
"","jasmynecannick","https://www.google.com/"
"","jasonmedia","https://www.google.com/"
"","jasonparadis","https://www.google.com/"
"","jasonsechrest","https://www.google.com/"
"","jasonsparkslive","https://www.google.com/"
"","jasonstarkcam","https://www.google.com/"
"","jasonstrongtickling","https://www.google.com/"
