"﻿""id""","read","recommended"
"","ebonywomenporn","https://www.google.com/"
"","ebonywonderland","https://www.google.com/"
"","ebonyxgay","https://www.google.com/"
"","ebonyx","https://www.google.com/"
"","ebonyxporn","https://www.google.com/"
"","ebonyxs","https://www.google.com/"
"","ebonyxxx","https://www.google.com/"
"","ebonyxxxfuck","https://www.google.com/"
"","ebonyxxxmag","https://www.google.com/"
"","ebonyxxxmovies","https://www.google.com/"
"","ebonyxxxposure","https://www.google.com/"
"","ebony-xxx-sex","https://www.google.com/"
"","ebonyxxxx","https://www.google.com/"
"","ebonyztube","https://www.google.com/"
"","ebonyzz","https://www.google.com/"
"","eboobstore","https://www.google.com/"
"","ebotube","https://www.google.com/"
"","e-boys","https://www.google.com/"
"","eboysstudio","https://www.google.com/"
"","ebrasetc","https://www.google.com/"
"","ebrias","https://www.google.com/"
"","ebtmarketing","https://www.google.com/"
"","ebudka","https://www.google.com/"
"","ebuffer","https://www.google.com/"
"","ebulo","https://www.google.com/"
"","ebumamu","https://www.google.com/"
"","ebut","https://www.google.com/"
"","ebutx","https://www.google.com/"
"","ebyt","https://www.google.com/"
"","ec21","https://www.google.com/"
"","e-calendari","https://www.google.com/"
"","ecams","https://www.google.com/"
"","ecardstart","https://www.google.com/"
"","ecarson","https://www.google.com/"
"","ecartoonsex","https://www.google.com/"
"","ecash","https://www.google.com/"
"","e-cathouse","https://www.google.com/"
"","e-cba","https://www.google.com/"
"","eccchamber","https://www.google.com/"
"","eccehomo-foto","https://www.google.com/"
"","eccehomo","https://www.google.com/"
"","ecchiboudoir","https://www.google.com/"
"","eccie","https://www.google.com/"
"","ecdc","https://www.google.com/"
"","ecfeetkingdom","https://www.google.com/"
"","ecgalleries","https://www.google.com/"
"","ecgbb","https://www.google.com/"
"","ecgmovies","https://www.google.com/"
"","echandounkiki","https://www.google.com/"
"","echangedeliensx","https://www.google.com/"
"","echangisme","https://www.google.com/"
"","echangisme-rencontre","https://www.google.com/"
"","echangiste","https://www.google.com/"
"","echangiste-couple","https://www.google.com/"
"","echangiste-melangiste","https://www.google.com/"
"","echangixme","https://www.google.com/"
"","e-chaoten","https://www.google.com/"
"","ech","https://www.google.com/"
"","echnie","https://www.google.com/"
"","echoematthews","https://www.google.com/"
"","echogallery","https://www.google.com/"
"","echooo","https://www.google.com/"
"","echotech","https://www.google.com/"
"","echovibes","https://www.google.com/"
"","echservices","https://www.google.com/"
"","echte-amateure","https://www.google.com/"
"","echte-amateurs","https://www.google.com/"
"","echtecams","https://www.google.com/"
"","echtedames","https://www.google.com/"
"","echte-dates","https://www.google.com/"
"","echte-domina","https://www.google.com/"
"","echtedomina","https://www.google.com/"
"","echte-dominanz","https://www.google.com/"
"","echte-dominas","https://www.google.com/"
"","echtegirls","https://www.google.com/"
"","echtekontakte","https://www.google.com/"
"","echtemeiden","https://www.google.com/"
"","echtemeisjes","https://www.google.com/"
"","echteomas","https://www.google.com/"
"","echteorgasmes","https://www.google.com/"
"","echter-camsex","https://www.google.com/"
"","echter-livesex","https://www.google.com/"
"","echter-sexchat","https://www.google.com/"
"","echter-sexkontakt","https://www.google.com/"
"","echter-telefonsex","https://www.google.com/"
"","echte-sexcam","https://www.google.com/"
"","echte-sexcams","https://www.google.com/"
"","echtesexdates","https://www.google.com/"
"","echtesexdating","https://www.google.com/"
"","echte-sexkontakte","https://www.google.com/"
"","echtesexkontakte","https://www.google.com/"
"","echtesex","https://www.google.com/"
"","echte-sklavin","https://www.google.com/"
"","echtesletjes","https://www.google.com/"
"","echtetieten","https://www.google.com/"
"","echtevrouwen","https://www.google.com/"
"","echt-gay","https://www.google.com/"
"","echt-geil","https://www.google.com/"
"","echtkut","https://www.google.com/"
"","echt-scharf","https://www.google.com/"
