"﻿""id""","read","recommended"
"","belaacompanhante","https://www.google.com/"
"","belamiboys","https://www.google.com/"
"","belamicash","https://www.google.com/"
"","belami","https://www.google.com/"
"","belamidvds","https://www.google.com/"
"","belamigalleries","https://www.google.com/"
"","belami-gay","https://www.google.com/"
"","belamiguysblog","https://www.google.com/"
"","belamimodels","https://www.google.com/"
"","belamio","https://www.google.com/"
"","belamionline","https://www.google.com/"
"","belami-online","https://www.google.com/"
"","belamishop","https://www.google.com/"
"","belamivideos","https://www.google.com/"
"","belamivod","https://www.google.com/"
"","belanjaonline","https://www.google.com/"
"","belariath","https://www.google.com/"
"","belas61","https://www.google.com/"
"","belasbh","https://www.google.com/"
"","belasdanoite","https://www.google.com/"
"","belasvip","https://www.google.com/"
"","belbonda","https://www.google.com/"
"","belchingbikinibabes","https://www.google.com/"
"","beleenescort","https://www.google.com/"
"","beleggingsexpres","https://www.google.com/"
"","beleggingsexpress","https://www.google.com/"
"","belencam","https://www.google.com/"
"","belescort","https://www.google.com/"
"","belfastindependentescorts","https://www.google.com/"
"","belfort-rencontres","https://www.google.com/"
"","belfrance","https://www.google.com/"
"","belgastart","https://www.google.com/"
"","belgian-escort","https://www.google.com/"
"","belgianfeet","https://www.google.com/"
"","belgianmodel","https://www.google.com/"
"","belgieseks","https://www.google.com/"
"","belgie-seksdate","https://www.google.com/"
"","belgie-seksdating","https://www.google.com/"
"","belgie-sex","https://www.google.com/"
"","belgie-sexcontact","https://www.google.com/"
"","belgie-sexdate","https://www.google.com/"
"","belgiesexdate","https://www.google.com/"
"","belgie-sexdating","https://www.google.com/"
"","belgiesexdating","https://www.google.com/"
"","belgiesextube","https://www.google.com/"
"","belgie-webcamsex","https://www.google.com/"
"","belgiqueamities","https://www.google.com/"
"","belgique-libertine","https://www.google.com/"
"","belgiquelibertine","https://www.google.com/"
"","belgique-rencontre","https://www.google.com/"
"","belgiquesex","https://www.google.com/"
"","belgischeporno","https://www.google.com/"
"","belgischepornofilms","https://www.google.com/"
"","belgischeseks","https://www.google.com/"
"","belgischesex","https://www.google.com/"
"","belgischesexfilms","https://www.google.com/"
"","belgischesletjes","https://www.google.com/"
"","belgischevrouwen","https://www.google.com/"
"","belgiumerotica","https://www.google.com/"
"","belgiumporn","https://www.google.com/"
"","belgiumsexcam","https://www.google.com/"
"","belgiumsexshop","https://www.google.com/"
"","belgiumstrippers","https://www.google.com/"
"","belgravia-orchids-escort-service","https://www.google.com/"
"","belierpress","https://www.google.com/"
"","believeitsex","https://www.google.com/"
"","belindaj","https://www.google.com/"
"","belinda","https://www.google.com/"
"","bel-islive","https://www.google.com/"
"","belislive","https://www.google.com/"
"","belissimo-amatrice-poilue","https://www.google.com/"
"","bellabellaboutique","https://www.google.com/"
"","bellabelleza","https://www.google.com/"
"","bellacas","https://www.google.com/"
"","bellacia","https://www.google.com/"
"","bellaclub","https://www.google.com/"
"","bella","https://www.google.com/"
"","belladasemana","https://www.google.com/"
"","bella-donna","https://www.google.com/"
"","bella-donna-erotik","https://www.google.com/"
"","belladonnahypnosis","https://www.google.com/"
"","belladonnarealm","https://www.google.com/"
"","bellagals","https://www.google.com/"
"","bellajessica","https://www.google.com/"
"","bellamarie","https://www.google.com/"
"","bellamodels","https://www.google.com/"
"","bellanapoli","https://www.google.com/"
"","bellanotte","https://www.google.com/"
"","bellanude","https://www.google.com/"
"","bellapass","https://www.google.com/"
"","bellaporn","https://www.google.com/"
"","bellaquinn","https://www.google.com/"
"","bellasenora","https://www.google.com/"
"","bellasesensuais","https://www.google.com/"
"","bellasinatra","https://www.google.com/"
"","bellasjovencitas","https://www.google.com/"
"","bellaslatinas","https://www.google.com/"
"","bellaslinks","https://www.google.com/"
"","bellaslist","https://www.google.com/"
"","bellasofia","https://www.google.com/"
