"﻿""id""","read","recommended"
"","bossybitches","https://www.google.com/"
"","bossyfeet","https://www.google.com/"
"","bossy-girls","https://www.google.com/"
"","bossymilfs","https://www.google.com/"
"","bos-tit-bits","https://www.google.com/"
"","boston-bachelor-party","https://www.google.com/"
"","bostonboy","https://www.google.com/"
"","bostonboyz","https://www.google.com/"
"","bostonbrat","https://www.google.com/"
"","bostonconstance","https://www.google.com/"
"","bostondating","https://www.google.com/"
"","bostonescort","https://www.google.com/"
"","bostonhardcore","https://www.google.com/"
"","bostonmalestrippers","https://www.google.com/"
"","bostonmedicalgroup","https://www.google.com/"
"","bostonpparty","https://www.google.com/"
"","bostonpump","https://www.google.com/"
"","bostonsescorts","https://www.google.com/"
"","bostonsexchat","https://www.google.com/"
"","boston-stripper","https://www.google.com/"
"","boston-strippers","https://www.google.com/"
"","boston-tng","https://www.google.com/"
"","boswandeling","https://www.google.com/"
"","botergeil","https://www.google.com/"
"","bothholes","https://www.google.com/"
"","botindux","https://www.google.com/"
"","botop","https://www.google.com/"
"","botsexo","https://www.google.com/"
"","botsis","https://www.google.com/"
"","botticelli","https://www.google.com/"
"","bottleguy","https://www.google.com/"
"","bottomclips","https://www.google.com/"
"","bottom","https://www.google.com/"
"","bottomfat","https://www.google.com/"
"","bottom-feeders","https://www.google.com/"
"","bottomfetish","https://www.google.com/"
"","bottomlickers","https://www.google.com/"
"","bottomlines","https://www.google.com/"
"","bottommarks","https://www.google.com/"
"","bottomseek","https://www.google.com/"
"","bottomsgalore","https://www.google.com/"
"","bottomspanked","https://www.google.com/"
"","bottomsupspanking","https://www.google.com/"
"","bouboule","https://www.google.com/"
"","bouchedepipeuse","https://www.google.com/"
"","bouche-pleine","https://www.google.com/"
"","bouclier","https://www.google.com/"
"","boudoirbabes","https://www.google.com/"
"","boudoirbaskets","https://www.google.com/"
"","boudoir-bizarre","https://www.google.com/"
"","boudoirlive","https://www.google.com/"
"","boudoirnoir","https://www.google.com/"
"","boudoirpics","https://www.google.com/"
"","bouff","https://www.google.com/"
"","boui","https://www.google.com/"
"","boulay","https://www.google.com/"
"","boulevardsm","https://www.google.com/"
"","boulogne-billancourt-rencontre","https://www.google.com/"
"","boumrang","https://www.google.com/"
"","bouncebreak","https://www.google.com/"
"","bouncecup","https://www.google.com/"
"","bouncen","https://www.google.com/"
"","bouncermovies","https://www.google.com/"
"","bouncertube","https://www.google.com/"
"","bouncingboobsalert","https://www.google.com/"
"","bouncingtitsaction","https://www.google.com/"
"","bouncingtits","https://www.google.com/"
"","bouncingvideos","https://www.google.com/"
"","bouncybootys","https://www.google.com/"
"","bouncycastle","https://www.google.com/"
"","bouncycuties","https://www.google.com/"
"","bouncyjuggs","https://www.google.com/"
"","bound2bkinky","https://www.google.com/"
"","bound2bmessy","https://www.google.com/"
"","bound2bsexy","https://www.google.com/"
"","bound2burst","https://www.google.com/"
"","bound2","https://www.google.com/"
"","bound4pleasure","https://www.google.com/"
"","bound4you","https://www.google.com/"
"","boundagain","https://www.google.com/"
"","boundandabused","https://www.google.com/"
"","boundandbanged","https://www.google.com/"
"","boundanddelivered","https://www.google.com/"
"","boundandgagged","https://www.google.com/"
"","boundandgaggedgirls","https://www.google.com/"
"","boundandtied","https://www.google.com/"
"","boundanna","https://www.google.com/"
"","boundarea","https://www.google.com/"
"","boundart","https://www.google.com/"
"","boundbabe","https://www.google.com/"
"","boundbitches","https://www.google.com/"
"","boundblog","https://www.google.com/"
"","boundbybhowani","https://www.google.com/"
"","boundbydesire","https://www.google.com/"
"","bound-cash","https://www.google.com/"
"","bound","https://www.google.com/"
"","bound-club","https://www.google.com/"
"","boundcoeds","https://www.google.com/"
"","boundconvideo","https://www.google.com/"
"","boundex","https://www.google.com/"
