"﻿""id""","read","recommended"
"","freeoralmovies","https://www.google.com/"
"","freeoralporntube","https://www.google.com/"
"","freeoralsexphotos","https://www.google.com/"
"","freeoralsexpicture","https://www.google.com/"
"","freeoralsexvideos","https://www.google.com/"
"","freeorgasm","https://www.google.com/"
"","freeorgies","https://www.google.com/"
"","freeorgy","https://www.google.com/"
"","freeorgypics","https://www.google.com/"
"","freep0rn","https://www.google.com/"
"","freepage","https://www.google.com/"
"","free-pain","https://www.google.com/"
"","freepainfulanal","https://www.google.com/"
"","freepain","https://www.google.com/"
"","freepantyhosefetish","https://www.google.com/"
"","freepantyhosepics","https://www.google.com/"
"","freepantyhosesex","https://www.google.com/"
"","freepartnermatch","https://www.google.com/"
"","freeparty","https://www.google.com/"
"","freepartytoons","https://www.google.com/"
"","free-pass","https://www.google.com/"
"","freepass","https://www.google.com/"
"","free-password","https://www.google.com/"
"","freepassword","https://www.google.com/"
"","freepasswords","https://www.google.com/"
"","freepasswordxxx","https://www.google.com/"
"","freepaysites","https://www.google.com/"
"","freepe","https://www.google.com/"
"","freepeepshow","https://www.google.com/"
"","freepenispics","https://www.google.com/"
"","freepenispictures","https://www.google.com/"
"","freepenispills","https://www.google.com/"
"","freepeoplesex","https://www.google.com/"
"","freepersonals","https://www.google.com/"
"","freepersonalz","https://www.google.com/"
"","freepetites","https://www.google.com/"
"","freephoneporn","https://www.google.com/"
"","freephonesexblog","https://www.google.com/"
"","freephonesexcall","https://www.google.com/"
"","freephonesexcalls","https://www.google.com/"
"","freephonesex","https://www.google.com/"
"","free-phone-sex-gallery","https://www.google.com/"
"","freephonesexhq","https://www.google.com/"
"","freephonesexlinks","https://www.google.com/"
"","free-phonesex-numbers","https://www.google.com/"
"","free-phone-sex-numbers","https://www.google.com/"
"","freephonesexoffers","https://www.google.com/"
"","freephotogirls","https://www.google.com/"
"","freephotoipods","https://www.google.com/"
"","free-photos","https://www.google.com/"
"","freephotoz","https://www.google.com/"
"","freepic24","https://www.google.com/"
"","freepicpass","https://www.google.com/"
"","freepics100","https://www.google.com/"
"","freepics3d","https://www.google.com/"
"","freepics-4u","https://www.google.com/"
"","freepics4u","https://www.google.com/"
"","freepicsamateur","https://www.google.com/"
"","freepicsandmovies","https://www.google.com/"
"","freepicsandvideo","https://www.google.com/"
"","free-pics-celebs","https://www.google.com/"
"","freepics","https://www.google.com/"
"","freepicseries","https://www.google.com/"
"","freepicserver","https://www.google.com/"
"","freepicsgallery","https://www.google.com/"
"","freepicsmovies","https://www.google.com/"
"","freepicsnudewomen","https://www.google.com/"
"","freepics-online","https://www.google.com/"
"","free--pics","https://www.google.com/"
"","freepicspage","https://www.google.com/"
"","freepicspiss","https://www.google.com/"
"","freepicssex","https://www.google.com/"
"","free-pics-tgp","https://www.google.com/"
"","freepicstgp","https://www.google.com/"
"","free-pics-xxx-sex","https://www.google.com/"
"","free-pics-zone","https://www.google.com/"
"","freepicture","https://www.google.com/"
"","freepicturepage","https://www.google.com/"
"","freepictures4you","https://www.google.com/"
"","freepictures","https://www.google.com/"
"","freepicturesgallery","https://www.google.com/"
"","free-pictures","https://www.google.com/"
"","freepicturesporn","https://www.google.com/"
"","free-pictures-porn","https://www.google.com/"
"","freepicxxx","https://www.google.com/"
"","freepiks","https://www.google.com/"
"","free-pill","https://www.google.com/"
"","freepinup","https://www.google.com/"
"","freepissingtoons","https://www.google.com/"
"","freepissthumbs","https://www.google.com/"
"","freepix","https://www.google.com/"
"","free-pix","https://www.google.com/"
"","freepixtk","https://www.google.com/"
"","freeplumpporn","https://www.google.com/"
"","free-poker-rooms","https://www.google.com/"
"","freeporn111","https://www.google.com/"
"","freeporn1","https://www.google.com/"
"","freeporn22","https://www.google.com/"
"","freeporn24","https://www.google.com/"
"","freeporn4adults","https://www.google.com/"
