"﻿""id""","read","recommended"
"","chu-doku","https://www.google.com/"
"","chukcha","https://www.google.com/"
"","chulazosxxx","https://www.google.com/"
"","chulisimo","https://www.google.com/"
"","chulochki","https://www.google.com/"
"","chumleaf","https://www.google.com/"
"","chundersworld","https://www.google.com/"
"","chung-ha","https://www.google.com/"
"","chunkyangels","https://www.google.com/"
"","chunkyblackchicks","https://www.google.com/"
"","chunkyblacks","https://www.google.com/"
"","chunkybutts","https://www.google.com/"
"","chunkychicks69","https://www.google.com/"
"","chunkynikki","https://www.google.com/"
"","chunkyporn","https://www.google.com/"
"","chunkytgp","https://www.google.com/"
"","chunt","https://www.google.com/"
"","chupa-chat","https://www.google.com/"
"","chupaessamanga","https://www.google.com/"
"","chupa-mos","https://www.google.com/"
"","chupandxena","https://www.google.com/"
"","chupaporn","https://www.google.com/"
"","chupatube","https://www.google.com/"
"","chupeta","https://www.google.com/"
"","chupisco","https://www.google.com/"
"","chupona","https://www.google.com/"
"","chuponas","https://www.google.com/"
"","chuporn","https://www.google.com/"
"","churchgirls","https://www.google.com/"
"","churchofmalice","https://www.google.com/"
"","churchupskirt","https://www.google.com/"
"","churchupskirts","https://www.google.com/"
"","chushentaisex","https://www.google.com/"
"","chuxs","https://www.google.com/"
"","chuyenluan","https://www.google.com/"
"","chvirk","https://www.google.com/"
"","chwilawiniarnia","https://www.google.com/"
"","chynanude","https://www.google.com/"
"","chynawhite","https://www.google.com/"
"","chyoa","https://www.google.com/"
"","chyoo","https://www.google.com/"
"","cia","https://www.google.com/"
"","cianarose","https://www.google.com/"
"","ciaoescort","https://www.google.com/"
"","ciaraleigh","https://www.google.com/"
"","ciasne-azjatki","https://www.google.com/"
"","cibergay","https://www.google.com/"
"","cibergolfas","https://www.google.com/"
"","ciberguarras","https://www.google.com/"
"","cibermaduras","https://www.google.com/"
"","cibernenas","https://www.google.com/"
"","ciberporno","https://www.google.com/"
"","cibersexobarato","https://www.google.com/"
"","cibersexo","https://www.google.com/"
"","cibertangas","https://www.google.com/"
"","cibertias","https://www.google.com/"
"","cibleadulte","https://www.google.com/"
"","cibleclick","https://www.google.com/"
"","cicciolina","https://www.google.com/"
"","cichodajki","https://www.google.com/"
"","ciciamor","https://www.google.com/"
"","cicirhodes","https://www.google.com/"
"","cidadeamadora","https://www.google.com/"
"","cidadenua","https://www.google.com/"
"","cid","https://www.google.com/"
"","cidertube","https://www.google.com/"
"","cidysex","https://www.google.com/"
"","cielocaliente","https://www.google.com/"
"","cientosdevideos","https://www.google.com/"
"","cierraspice","https://www.google.com/"
"","ciganyszex","https://www.google.com/"
"","cigarbikerman2001","https://www.google.com/"
"","cigarcatalog","https://www.google.com/"
"","cigare-a-moustache","https://www.google.com/"
"","cigarettegirls","https://www.google.com/"
"","cigarglamour","https://www.google.com/"
"","cigar-models","https://www.google.com/"
"","cijfersex","https://www.google.com/"
"","ciki","https://www.google.com/"
"","cikolata","https://www.google.com/"
"","cilisi","https://www.google.com/"
"","cincinnatidominatrix","https://www.google.com/"
"","cincinnatimightyducks","https://www.google.com/"
"","cincyseductions","https://www.google.com/"
"","cindeee","https://www.google.com/"
"","cinderelladream","https://www.google.com/"
"","cinderella-dreams","https://www.google.com/"
"","cinderella-escort","https://www.google.com/"
"","cinderella-girl","https://www.google.com/"
"","cinderellavod","https://www.google.com/"
"","cindy8teen","https://www.google.com/"
"","cindyagency","https://www.google.com/"
"","cindyandjoe","https://www.google.com/"
"","cindybastien","https://www.google.com/"
"","cindy","https://www.google.com/"
"","cindycamdialx","https://www.google.com/"
"","cindyclubs","https://www.google.com/"
"","cindyconners","https://www.google.com/"
"","cindycupcakes","https://www.google.com/"
"","cindyhope","https://www.google.com/"
