"﻿""id""","read","recommended"
"","hierzijn","https://www.google.com/"
"","hierzo","https://www.google.com/"
"","hifiass","https://www.google.com/"
"","hi-film","https://www.google.com/"
"","hifimovies","https://www.google.com/"
"","hifiporn","https://www.google.com/"
"","hifishemales","https://www.google.com/"
"","hifixxx","https://www.google.com/"
"","hi-gallery","https://www.google.com/"
"","highasianporn","https://www.google.com/"
"","highbg","https://www.google.com/"
"","highbootclub","https://www.google.com/"
"","highbootsweb","https://www.google.com/"
"","highclassadultentertainer","https://www.google.com/"
"","highclassass","https://www.google.com/"
"","highclassbooty","https://www.google.com/"
"","highclassbrothel","https://www.google.com/"
"","highclass-courtesan","https://www.google.com/"
"","highclass-erotica","https://www.google.com/"
"","highclassescort","https://www.google.com/"
"","high-class-escortes","https://www.google.com/"
"","high-class-escort","https://www.google.com/"
"","highclass-escorts","https://www.google.com/"
"","highclassescorts","https://www.google.com/"
"","highclasslondonescorts","https://www.google.com/"
"","highclassny","https://www.google.com/"
"","highclassphonesex","https://www.google.com/"
"","highclassporn","https://www.google.com/"
"","highcountryhonnies","https://www.google.com/"
"","highdefamateurhardcore","https://www.google.com/"
"","highdefceleb","https://www.google.com/"
"","highdefinitionlove","https://www.google.com/"
"","high-definitionporn","https://www.google.com/"
"","highdefinitionsex","https://www.google.com/"
"","highdefriches","https://www.google.com/"
"","highendbabes","https://www.google.com/"
"","highendphonesex","https://www.google.com/"
"","highendsociety","https://www.google.com/"
"","higherlove","https://www.google.com/"
"","higherpleasure","https://www.google.com/"
"","highgirl","https://www.google.com/"
"","highglossdolls","https://www.google.com/"
"","highheel","https://www.google.com/"
"","highheeldivas","https://www.google.com/"
"","highheeledcatfights","https://www.google.com/"
"","highheeledshoes","https://www.google.com/"
"","highheelfetish","https://www.google.com/"
"","highheelfetishporn","https://www.google.com/"
"","highheelheaven","https://www.google.com/"
"","highheelheidi","https://www.google.com/"
"","high-heel-heidis-side","https://www.google.com/"
"","highheelhousewives","https://www.google.com/"
"","highheellover","https://www.google.com/"
"","highheelmilf","https://www.google.com/"
"","highheelnudes","https://www.google.com/"
"","high-heels24","https://www.google.com/"
"","high-heels","https://www.google.com/"
"","highheels","https://www.google.com/"
"","high-heels-feelings","https://www.google.com/"
"","high-heels-fetish","https://www.google.com/"
"","highheels-fetish","https://www.google.com/"
"","highheelsfetish","https://www.google.com/"
"","high-heels-forum","https://www.google.com/"
"","highheels-fun","https://www.google.com/"
"","highheelsgalerie","https://www.google.com/"
"","highheelsgallery","https://www.google.com/"
"","highheelsgirl","https://www.google.com/"
"","high-heels-girls","https://www.google.com/"
"","highheelshoemuseum","https://www.google.com/"
"","highheelsleggygirls","https://www.google.com/"
"","highheelsmania","https://www.google.com/"
"","highheelsphotos","https://www.google.com/"
"","highheelsporn","https://www.google.com/"
"","high-heel-trampling","https://www.google.com/"
"","high-hentai","https://www.google.com/"
"","highjapanporn","https://www.google.com/"
"","highku","https://www.google.com/"
"","highlandimaging","https://www.google.com/"
"","highlight-studio","https://www.google.com/"
"","highload","https://www.google.com/"
"","highoctane","https://www.google.com/"
"","highonsex","https://www.google.com/"
"","highperformancemen","https://www.google.com/"
"","highporn","https://www.google.com/"
"","highporntube","https://www.google.com/"
"","high-pr","https://www.google.com/"
"","highqualityteens","https://www.google.com/"
"","highratetube","https://www.google.com/"
"","highresheaven","https://www.google.com/"
"","highroller","https://www.google.com/"
"","high-school-girl","https://www.google.com/"
"","highschoolgirl","https://www.google.com/"
"","highschoolgirly","https://www.google.com/"
"","highschoolgrads","https://www.google.com/"
"","highschoolkittens","https://www.google.com/"
"","highschoolporn","https://www.google.com/"
"","highschoolteens","https://www.google.com/"
"","highschoolteensex","https://www.google.com/"
"","highschoolvirgin","https://www.google.com/"
"","highscoreporn","https://www.google.com/"
