"﻿""id""","read","recommended"
"","aa1","https://www.google.com/"
"","aa4","https://www.google.com/"
"","aa91","https://www.google.com/"
"","aaaaaaa","https://www.google.com/"
"","aaab","https://www.google.com/"
"","aaabondageco","https://www.google.com/"
"","aaabondage","https://www.google.com/"
"","aaacams","https://www.google.com/"
"","aaacock","https://www.google.com/"
"","aaa","https://www.google.com/"
"","aaadildowarehouse","https://www.google.com/"
"","aaaerotic","https://www.google.com/"
"","aaa-erotik","https://www.google.com/"
"","aaafeet","https://www.google.com/"
"","aaafreesex","https://www.google.com/"
"","aaa-fuzoku","https://www.google.com/"
"","aaai","https://www.google.com/"
"","aaalatina","https://www.google.com/"
"","aaanews","https://www.google.com/"
"","aaannuairex","https://www.google.com/"
"","aaanudes1","https://www.google.com/"
"","aaaphone-sex","https://www.google.com/"
"","aaa-porn","https://www.google.com/"
"","aaaporn","https://www.google.com/"
"","aaaporno","https://www.google.com/"
"","aaarealfantasies","https://www.google.com/"
"","aaasex","https://www.google.com/"
"","aaa-sex","https://www.google.com/"
"","aaasexpictures","https://www.google.com/"
"","aaasexstore","https://www.google.com/"
"","aaasexvideos","https://www.google.com/"
"","aaaspanking","https://www.google.com/"
"","aaasportspicks","https://www.google.com/"
"","aaastories","https://www.google.com/"
"","aaastuds","https://www.google.com/"
"","aaate2011","https://www.google.com/"
"","aaate2016","https://www.google.com/"
"","aaa-telefonsex","https://www.google.com/"
"","aaa-telefonsex-telefonerotik","https://www.google.com/"
"","aaa-tgp","https://www.google.com/"
"","aaatranny","https://www.google.com/"
"","aaavideos","https://www.google.com/"
"","aaavids","https://www.google.com/"
"","aaaxxx","https://www.google.com/"
"","aaaxxxdvd","https://www.google.com/"
"","aababes","https://www.google.com/"
"","aabbs","https://www.google.com/"
"","a-ab","https://www.google.com/"
"","aabey","https://www.google.com/"
"","aabj","https://www.google.com/"
"","aabwebdevelopment","https://www.google.com/"
"","aacelebs","https://www.google.com/"
"","aa-club","https://www.google.com/"
"","aadharhelp","https://www.google.com/"
"","aadress","https://www.google.com/"
"","aadultcams","https://www.google.com/"
"","a-adult-costumes","https://www.google.com/"
"","aadultvideo","https://www.google.com/"
"","aafuck","https://www.google.com/"
"","aagmaal","https://www.google.com/"
"","aagmaals","https://www.google.com/"
"","aah-bigtit","https://www.google.com/"
"","aahceleb","https://www.google.com/"
"","aahsex","https://www.google.com/"
"","aa-iiwa","https://www.google.com/"
"","aaju","https://www.google.com/"
"","aakrutiarts","https://www.google.com/"
"","aaliyahishot","https://www.google.com/"
"","aaliyahlive","https://www.google.com/"
"","aaliyahlove","https://www.google.com/"
"","aamanda","https://www.google.com/"
"","aamateur","https://www.google.com/"
"","aamateurs","https://www.google.com/"
"","aambei","https://www.google.com/"
"","aammss","https://www.google.com/"
"","aampmaps","https://www.google.com/"
"","aamx","https://www.google.com/"
"","aanbiedingplaats","https://www.google.com/"
"","aanbodpagina","https://www.google.com/"
"","aangrijpend","https://www.google.com/"
"","aanjetrekkenkomen","https://www.google.com/"
"","aanr","https://www.google.com/"
"","aaporn","https://www.google.com/"
"","aaportal","https://www.google.com/"
"","aappilattoq","https://www.google.com/"
"","aardon","https://www.google.com/"
"","aarens","https://www.google.com/"
"","aarielle","https://www.google.com/"
"","aarkey","https://www.google.com/"
"","aarleen","https://www.google.com/"
"","aaronandfriends","https://www.google.com/"
"","aaroncute","https://www.google.com/"
"","aarongiantxxx","https://www.google.com/"
"","aaronlawrence","https://www.google.com/"
"","aaronsangels","https://www.google.com/"
"","aaronsgayinfo","https://www.google.com/"
"","aaronslegindex","https://www.google.com/"
"","aaronstudios","https://www.google.com/"
"","aarron","https://www.google.com/"
"","aaselfstorage","https://www.google.com/"
