"﻿""id""","read","recommended"
"","ifoundtube","https://www.google.com/"
"","ifpmm","https://www.google.com/"
"","ifp-plus","https://www.google.com/"
"","ifrance","https://www.google.com/"
"","ifreecam","https://www.google.com/"
"","ifreecams","https://www.google.com/"
"","ifreefuck","https://www.google.com/"
"","ifreeloader","https://www.google.com/"
"","ifreemovies","https://www.google.com/"
"","ifreeones","https://www.google.com/"
"","ifreesmut","https://www.google.com/"
"","ifreeteenporn","https://www.google.com/"
"","ifreeteens","https://www.google.com/"
"","ifreewebcams","https://www.google.com/"
"","ifriendsblog","https://www.google.com/"
"","ifriends","https://www.google.com/"
"","ifriendsfree","https://www.google.com/"
"","ifriendsgroups","https://www.google.com/"
"","ifriendslive","https://www.google.com/"
"","ifriendsv2","https://www.google.com/"
"","ifriendswebcams","https://www.google.com/"
"","ifrit-fv","https://www.google.com/"
"","ifsex","https://www.google.com/"
"","ift","https://www.google.com/"
"","iftvgirls","https://www.google.com/"
"","iftvmilfs","https://www.google.com/"
"","ifuckbigtits","https://www.google.com/"
"","ifuckbook","https://www.google.com/"
"","ifuckebony","https://www.google.com/"
"","ifuckedasian","https://www.google.com/"
"","ifuckedherfinally","https://www.google.com/"
"","ifuckedthebabysitter","https://www.google.com/"
"","ifuckedtheboss","https://www.google.com/"
"","ifuckedyouandyourmom","https://www.google.com/"
"","ifuckedyouandyoursister","https://www.google.com/"
"","ifuckedyourgf","https://www.google.com/"
"","ifuckedyourmom","https://www.google.com/"
"","ifucker","https://www.google.com/"
"","ifuckfatgirls","https://www.google.com/"
"","ifuckmyfans","https://www.google.com/"
"","ifuck","https://www.google.com/"
"","ifuckoncam","https://www.google.com/"
"","ifuckxxx","https://www.google.com/"
"","ifun","https://www.google.com/"
"","ifuqq","https://www.google.com/"
"","ifuseekandy","https://www.google.com/"
"","ifwcash","https://www.google.com/"
"","ifyougay","https://www.google.com/"
"","igallery","https://www.google.com/"
"","i-gangbang","https://www.google.com/"
"","igay","https://www.google.com/"
"","igaymobile","https://www.google.com/"
"","i-gay","https://www.google.com/"
"","igayphone","https://www.google.com/"
"","igayporn","https://www.google.com/"
"","igaysex","https://www.google.com/"
"","igaytube","https://www.google.com/"
"","igaytwinks","https://www.google.com/"
"","igayvideos","https://www.google.com/"
"","ig","https://www.google.com/"
"","igetporn","https://www.google.com/"
"","igetsex","https://www.google.com/"
"","igfap","https://www.google.com/"
"","igg-games","https://www.google.com/"
"","igirlfriendpics","https://www.google.com/"
"","igirlgames","https://www.google.com/"
"","igirlsgames","https://www.google.com/"
"","igirlslive","https://www.google.com/"
"","igirls","https://www.google.com/"
"","igirl","https://www.google.com/"
"","i-gloo","https://www.google.com/"
"","igmsex","https://www.google.com/"
"","ignatzmice","https://www.google.com/"
"","ignet","https://www.google.com/"
"","igniteherorgasm","https://www.google.com/"
"","ignite","https://www.google.com/"
"","ignorator","https://www.google.com/"
"","ignorelist","https://www.google.com/"
"","igordas","https://www.google.com/"
"","igorsclouds","https://www.google.com/"
"","igorshof","https://www.google.com/"
"","igosex","https://www.google.com/"
"","igossip","https://www.google.com/"
"","igotfakes","https://www.google.com/"
"","igotgangbanged","https://www.google.com/"
"","igotgays","https://www.google.com/"
"","igotgf","https://www.google.com/"
"","igotguns","https://www.google.com/"
"","igotmilf","https://www.google.com/"
"","igotmovies","https://www.google.com/"
"","igotpornpics","https://www.google.com/"
"","igotpunked","https://www.google.com/"
"","igotsluts","https://www.google.com/"
"","igotspied","https://www.google.com/"
"","igottawatch","https://www.google.com/"
"","igotube","https://www.google.com/"
"","igp","https://www.google.com/"
"","igporn","https://www.google.com/"
"","igrannies","https://www.google.com/"
"","igrannyfuck","https://www.google.com/"
