"﻿""id""","read","recommended"
"","bijintim","https://www.google.com/"
"","bijipeler","https://www.google.com/"
"","bijlmerbabes","https://www.google.com/"
"","bijou-de-venus","https://www.google.com/"
"","bijouworld","https://www.google.com/"
"","bijoux-intimes","https://www.google.com/"
"","bijstandsmoeder","https://www.google.com/"
"","bikebabe","https://www.google.com/"
"","bikebabes","https://www.google.com/"
"","bikerbabes","https://www.google.com/"
"","bikerbabesusa","https://www.google.com/"
"","bikerboy","https://www.google.com/"
"","biker-boy","https://www.google.com/"
"","biker-chick-pics","https://www.google.com/"
"","bikerchicks4u","https://www.google.com/"
"","bikerchics","https://www.google.com/"
"","bikerdatingplanet","https://www.google.com/"
"","bikerdude","https://www.google.com/"
"","bikerfoxes","https://www.google.com/"
"","bikergirls","https://www.google.com/"
"","bikerkiss","https://www.google.com/"
"","bikermatchmaking","https://www.google.com/"
"","bikermemories","https://www.google.com/"
"","bikermen","https://www.google.com/"
"","bikerpussy","https://www.google.com/"
"","bikers-and-babes","https://www.google.com/"
"","bikerscums","https://www.google.com/"
"","bikertitties","https://www.google.com/"
"","bikesbabesnbeer","https://www.google.com/"
"","bikesbabes","https://www.google.com/"
"","bikesexual","https://www.google.com/"
"","bikesmut","https://www.google.com/"
"","bikespumps","https://www.google.com/"
"","bikeweekbooty","https://www.google.com/"
"","bikexxx","https://www.google.com/"
"","bikiniaddict","https://www.google.com/"
"","bikinialoha","https://www.google.com/"
"","bikiniandglamour","https://www.google.com/"
"","bikini-angels","https://www.google.com/"
"","bikiniangels","https://www.google.com/"
"","bikini-babe","https://www.google.com/"
"","bikinibabes","https://www.google.com/"
"","bikinibabesdirectory","https://www.google.com/"
"","bikini-beach","https://www.google.com/"
"","bikinibeach","https://www.google.com/"
"","bikinibilder","https://www.google.com/"
"","bikiniboard","https://www.google.com/"
"","bikini-brasil","https://www.google.com/"
"","bikinibuys","https://www.google.com/"
"","bikinicards","https://www.google.com/"
"","bikini-central","https://www.google.com/"
"","bikinichamp","https://www.google.com/"
"","bikiniclub","https://www.google.com/"
"","bikinicollection","https://www.google.com/"
"","bikini","https://www.google.com/"
"","bikinicontent","https://www.google.com/"
"","bikinicontestporn","https://www.google.com/"
"","bikinicontests","https://www.google.com/"
"","bikinicontest","https://www.google.com/"
"","bikinicrashers","https://www.google.com/"
"","bikinicuties","https://www.google.com/"
"","bikini-dare","https://www.google.com/"
"","bikiniday","https://www.google.com/"
"","bikinidevil","https://www.google.com/"
"","bikinidreambabes","https://www.google.com/"
"","bikinidream","https://www.google.com/"
"","bikinidreamz","https://www.google.com/"
"","bikinidrill","https://www.google.com/"
"","bikiniemporium","https://www.google.com/"
"","bikinierotica","https://www.google.com/"
"","bikinifanclub","https://www.google.com/"
"","bikini-fan","https://www.google.com/"
"","bikinifiesta","https://www.google.com/"
"","bikinifight","https://www.google.com/"
"","bikinifights","https://www.google.com/"
"","bikiniflirt","https://www.google.com/"
"","bikinifortease","https://www.google.com/"
"","bikinifoto","https://www.google.com/"
"","bikinigal","https://www.google.com/"
"","bikinigarden","https://www.google.com/"
"","bikinigirl","https://www.google.com/"
"","bikinigirlfriends","https://www.google.com/"
"","bikinigirls","https://www.google.com/"
"","bikinigirlstop","https://www.google.com/"
"","bikiniglam","https://www.google.com/"
"","bikinigolf","https://www.google.com/"
"","bikini-heat","https://www.google.com/"
"","bikinihookups","https://www.google.com/"
"","bikini-hotornot","https://www.google.com/"
"","bikinihotties","https://www.google.com/"
"","bikinihub","https://www.google.com/"
"","bikiniindex","https://www.google.com/"
"","bikinijoe","https://www.google.com/"
"","bikinijuggs","https://www.google.com/"
"","bikinikaratebabes","https://www.google.com/"
"","bikinikim","https://www.google.com/"
"","bikinilane","https://www.google.com/"
"","bikinilinks4u","https://www.google.com/"
"","bikinilinks","https://www.google.com/"
"","bikinilist","https://www.google.com/"
