"﻿""id""","read","recommended"
"","amateursgirls","https://www.google.com/"
"","amateursgonebad","https://www.google.com/"
"","amateurs-gone-wild","https://www.google.com/"
"","amateursgonewild","https://www.google.com/"
"","amateurshardpics","https://www.google.com/"
"","amateur-shemale","https://www.google.com/"
"","amateur-shemale-porn","https://www.google.com/"
"","amateur-shemales","https://www.google.com/"
"","amateurshemales","https://www.google.com/"
"","amateurshomepage","https://www.google.com/"
"","amateurshop","https://www.google.com/"
"","amateurshorties","https://www.google.com/"
"","amateurshot","https://www.google.com/"
"","amateurshotel","https://www.google.com/"
"","amateurshow","https://www.google.com/"
"","amateurshowoff","https://www.google.com/"
"","amateurshub","https://www.google.com/"
"","amateursinfocus","https://www.google.com/"
"","amateursinpublic","https://www.google.com/"
"","amateursinvegas","https://www.google.com/"
"","amateursistas","https://www.google.com/"
"","amateursite1","https://www.google.com/"
"","amateursitenetwork","https://www.google.com/"
"","amateursite","https://www.google.com/"
"","amateursites","https://www.google.com/"
"","amateursjoin4free","https://www.google.com/"
"","amateurskin","https://www.google.com/"
"","amateurslave","https://www.google.com/"
"","amateurslavegirls","https://www.google.com/"
"","amateurslaves","https://www.google.com/"
"","amateursletjesgangbang","https://www.google.com/"
"","amateursletjes","https://www.google.com/"
"","amateurs-libertins","https://www.google.com/"
"","amateurslibertins","https://www.google.com/"
"","amateurslist","https://www.google.com/"
"","amateurslivecam","https://www.google.com/"
"","amateurslog","https://www.google.com/"
"","amateurslovecum","https://www.google.com/"
"","amateurslovesporn","https://www.google.com/"
"","amateurslutorgy","https://www.google.com/"
"","amateur-sluts","https://www.google.com/"
"","amateursluts","https://www.google.com/"
"","amateurslutsphoto","https://www.google.com/"
"","amateurslutspics","https://www.google.com/"
"","amateurslutstube","https://www.google.com/"
"","amateurslut-videos","https://www.google.com/"
"","amateurslutvideos","https://www.google.com/"
"","amateurslutwives","https://www.google.com/"
"","amateurslutz","https://www.google.com/"
"","amateursmasturbating","https://www.google.com/"
"","amateurs-mateurs","https://www.google.com/"
"","amateurs-matures","https://www.google.com/"
"","amateursmothering","https://www.google.com/"
"","amateursmut","https://www.google.com/"
"","amateursnaps","https://www.google.com/"
"","amateursnapshots","https://www.google.com/"
"","amateursnetwork","https://www.google.com/"
"","amateurs-next-door","https://www.google.com/"
"","amateur-sodomisee","https://www.google.com/"
"","amateur-sofa","https://www.google.com/"
"","amateursofa","https://www.google.com/"
"","amateursofthe","https://www.google.com/"
"","amateursologirls","https://www.google.com/"
"","amateursolution","https://www.google.com/"
"","amateursoncam","https://www.google.com/"
"","amateursonline","https://www.google.com/"
"","amateurs-only","https://www.google.com/"
"","amateursonly","https://www.google.com/"
"","amateursover40","https://www.google.com/"
"","amateur-space","https://www.google.com/"
"","amateurspaces","https://www.google.com/"
"","amateurspalace","https://www.google.com/"
"","amateurspankingboys","https://www.google.com/"
"","amateurspanking","https://www.google.com/"
"","amateurspankingpictures","https://www.google.com/"
"","amateurspankings","https://www.google.com/"
"","amateurspankingvideos","https://www.google.com/"
"","amateursphotos","https://www.google.com/"
"","amateurspixxx","https://www.google.com/"
"","amateursplay","https://www.google.com/"
"","amateursplayroom","https://www.google.com/"
"","amateurspleasure","https://www.google.com/"
"","amateursplein","https://www.google.com/"
"","amateursporn","https://www.google.com/"
"","amateurspornsites","https://www.google.com/"
"","amateurspornvideos","https://www.google.com/"
"","amateurspotlight","https://www.google.com/"
"","amateurspotlights","https://www.google.com/"
"","amateurs-privat","https://www.google.com/"
"","amateursprive","https://www.google.com/"
"","amateurspyporn","https://www.google.com/"
"","amateurspytube","https://www.google.com/"
"","amateursraw","https://www.google.com/"
"","amateursreview","https://www.google.com/"
"","amateurss","https://www.google.com/"
"","amateurs-sex","https://www.google.com/"
"","amateurs-sexe","https://www.google.com/"
"","amateurstars","https://www.google.com/"
"","amateur-stars","https://www.google.com/"
"","amateurstart","https://www.google.com/"
