"﻿""id""","read","recommended"
"","amateurfuckpictures","https://www.google.com/"
"","amateurfuckporn","https://www.google.com/"
"","amateur-fucks","https://www.google.com/"
"","amateurfucksluts","https://www.google.com/"
"","amateurfuckvideo","https://www.google.com/"
"","amateurfun","https://www.google.com/"
"","amateurgalaxy","https://www.google.com/"
"","amateurgalerie","https://www.google.com/"
"","amateurgalerien","https://www.google.com/"
"","amateurgallerie","https://www.google.com/"
"","amateurgalleries","https://www.google.com/"
"","amateurgallery","https://www.google.com/"
"","amateur-gallery-post","https://www.google.com/"
"","amateurgalls","https://www.google.com/"
"","amateurgalore","https://www.google.com/"
"","amateurgangbang","https://www.google.com/"
"","amateurgangbangers","https://www.google.com/"
"","amateurgang","https://www.google.com/"
"","amateurgayclips","https://www.google.com/"
"","amateurgayclub","https://www.google.com/"
"","amateurgaymen","https://www.google.com/"
"","amateurgaymovies","https://www.google.com/"
"","amateurgaypleasures","https://www.google.com/"
"","amateur-gay-porn","https://www.google.com/"
"","amateurgayporn","https://www.google.com/"
"","amateurgaysex","https://www.google.com/"
"","amateurgayteen","https://www.google.com/"
"","amateurgaytube","https://www.google.com/"
"","amateurgfpics","https://www.google.com/"
"","amateurgfsnaked","https://www.google.com/"
"","amateurgirlblogs","https://www.google.com/"
"","amateurgirl","https://www.google.com/"
"","amateurgirl-chat","https://www.google.com/"
"","amateurgirldiary","https://www.google.com/"
"","amateur-girlfriend","https://www.google.com/"
"","amateurgirlfriendporn","https://www.google.com/"
"","amateurgirlfriends","https://www.google.com/"
"","amateurgirllab","https://www.google.com/"
"","amateurgirlphoto","https://www.google.com/"
"","amateurgirlpics","https://www.google.com/"
"","amateur-girls","https://www.google.com/"
"","amateurgirls","https://www.google.com/"
"","amateurgirlscanada","https://www.google.com/"
"","amateur-girls-chat","https://www.google.com/"
"","amateurgirlsclips","https://www.google.com/"
"","amateurgirlshot","https://www.google.com/"
"","amateurgirlshub","https://www.google.com/"
"","amateurgirls-live","https://www.google.com/"
"","amateurgirls-live-livegirls","https://www.google.com/"
"","amateurgirlsnaked","https://www.google.com/"
"","amateur-girls-online","https://www.google.com/"
"","amateurgirlsonly","https://www.google.com/"
"","amateurgirlsphotos","https://www.google.com/"
"","amateurgirlspics","https://www.google.com/"
"","amateurgirlspictures","https://www.google.com/"
"","amateur-girls-posts","https://www.google.com/"
"","amateurgirlsuk","https://www.google.com/"
"","amateurgirlsunleashed","https://www.google.com/"
"","amateurgirlsusa","https://www.google.com/"
"","amateurgirlsxxx","https://www.google.com/"
"","amateurgirlx","https://www.google.com/"
"","amateurgirly","https://www.google.com/"
"","amateurgirlzporn","https://www.google.com/"
"","amateurgo","https://www.google.com/"
"","amateurgoldenshowers","https://www.google.com/"
"","amateurgourmet","https://www.google.com/"
"","amateur-grannies","https://www.google.com/"
"","amateurgrannytube","https://www.google.com/"
"","amateur-gratuit","https://www.google.com/"
"","amateurgroup","https://www.google.com/"
"","amateurgroupsex","https://www.google.com/"
"","amateur-guide","https://www.google.com/"
"","amateurgurlz","https://www.google.com/"
"","amateurguys","https://www.google.com/"
"","amateurgym","https://www.google.com/"
"","amateurhairygirls","https://www.google.com/"
"","amateurhairy","https://www.google.com/"
"","amateurhairysexpics","https://www.google.com/"
"","amateur-hall-of-fame","https://www.google.com/"
"","amateur-handjobs1","https://www.google.com/"
"","amateur-handjobs5","https://www.google.com/"
"","amateurhangout","https://www.google.com/"
"","amateur-hard","https://www.google.com/"
"","amateurhardcore1","https://www.google.com/"
"","amateurhardcoreclub","https://www.google.com/"
"","amateur-hardcore","https://www.google.com/"
"","amateurhardcore","https://www.google.com/"
"","amateurhardcoremovies","https://www.google.com/"
"","amateur-hardcoresex","https://www.google.com/"
"","amateurhardcoreteensex","https://www.google.com/"
"","amateurhaus","https://www.google.com/"
"","amateurhd","https://www.google.com/"
"","amateurhidef","https://www.google.com/"
"","amateurhitlist","https://www.google.com/"
"","amateurhits","https://www.google.com/"
"","amateur-hoer","https://www.google.com/"
"","amateur-hoeren","https://www.google.com/"
"","amateurhoeren","https://www.google.com/"
"","amateurhoer","https://www.google.com/"
"","amateurhoertjes","https://www.google.com/"
