"﻿""id""","read","recommended"
"","fatchicks","https://www.google.com/"
"","fatchicksinpartyhats","https://www.google.com/"
"","fatchicksphonesex","https://www.google.com/"
"","fatchickspictures","https://www.google.com/"
"","fatcinema","https://www.google.com/"
"","fatclicks","https://www.google.com/"
"","fatcock","https://www.google.com/"
"","fatcocks","https://www.google.com/"
"","fatcunt","https://www.google.com/"
"","fatcunts","https://www.google.com/"
"","fatdick","https://www.google.com/"
"","fatdicksimon","https://www.google.com/"
"","fateback","https://www.google.com/"
"","fatelders","https://www.google.com/"
"","faterotic","https://www.google.com/"
"","fate","https://www.google.com/"
"","fateyefortheskinnyguy","https://www.google.com/"
"","fatfannies","https://www.google.com/"
"","fatfantasies","https://www.google.com/"
"","fatfantasygirl","https://www.google.com/"
"","fatfantasy","https://www.google.com/"
"","fatfatgirl","https://www.google.com/"
"","fatfavorite","https://www.google.com/"
"","fatfetishvideo","https://www.google.com/"
"","fatfilm","https://www.google.com/"
"","fat-fist","https://www.google.com/"
"","fatflesh","https://www.google.com/"
"","fat-forums","https://www.google.com/"
"","fatfotos","https://www.google.com/"
"","fatfred","https://www.google.com/"
"","fatfreeclips","https://www.google.com/"
"","fatfreeshow","https://www.google.com/"
"","fat-friends","https://www.google.com/"
"","fatfrost","https://www.google.com/"
"","fat-fuck-bbw","https://www.google.com/"
"","fatfuckcams","https://www.google.com/"
"","fatfucked","https://www.google.com/"
"","fatfucker","https://www.google.com/"
"","fatfuckfrank","https://www.google.com/"
"","fatfuckmov","https://www.google.com/"
"","fatfucks","https://www.google.com/"
"","fatfucktube","https://www.google.com/"
"","fatfuck","https://www.google.com/"
"","fatgals","https://www.google.com/"
"","fatgaytube","https://www.google.com/"
"","fatgirlart","https://www.google.com/"
"","fat-girl","https://www.google.com/"
"","fatgirlfantasies","https://www.google.com/"
"","fat-girlies","https://www.google.com/"
"","fatgirlies","https://www.google.com/"
"","fatgirlnetwork","https://www.google.com/"
"","fat-girl-phone-sex","https://www.google.com/"
"","fatgirlpicpost","https://www.google.com/"
"","fatgirl-pics","https://www.google.com/"
"","fatgirlporn","https://www.google.com/"
"","fatgirls4phone","https://www.google.com/"
"","fat-girls","https://www.google.com/"
"","fatgirls","https://www.google.com/"
"","fatgirlsex","https://www.google.com/"
"","fatgirlsfuck","https://www.google.com/"
"","fatgirlsfucking","https://www.google.com/"
"","fatgirlsland","https://www.google.com/"
"","fat-girls-naked","https://www.google.com/"
"","fatgirlsphotos","https://www.google.com/"
"","fat-girls-porn","https://www.google.com/"
"","fat-girls-tube","https://www.google.com/"
"","fatgirlsxxx","https://www.google.com/"
"","fatgirlworld","https://www.google.com/"
"","fatgirlxxx","https://www.google.com/"
"","fatglasspipes","https://www.google.com/"
"","fatgrandma","https://www.google.com/"
"","fatgrandmatube","https://www.google.com/"
"","fatgranny","https://www.google.com/"
"","fatgrannypics","https://www.google.com/"
"","fat-granny-porn","https://www.google.com/"
"","fatgrannyporn","https://www.google.com/"
"","fatgrannytube","https://www.google.com/"
"","fathairypussy","https://www.google.com/"
"","fatherdaughterincest","https://www.google.com/"
"","fatherdaughtersex","https://www.google.com/"
"","fatherfucker","https://www.google.com/"
"","fatherrapesdaughter","https://www.google.com/"
"","fatherteens","https://www.google.com/"
"","fathomless","https://www.google.com/"
"","fathut","https://www.google.com/"
"","faties","https://www.google.com/"
"","fatimatube","https://www.google.com/"
"","fatinasexy","https://www.google.com/"
"","fatinsmoke","https://www.google.com/"
"","fatlaneonline","https://www.google.com/"
"","fatliners","https://www.google.com/"
"","fatlove","https://www.google.com/"
"","fatmamas","https://www.google.com/"
"","fatma","https://www.google.com/"
"","fat-mature","https://www.google.com/"
"","fatmaturemovies","https://www.google.com/"
"","fatmatureporn","https://www.google.com/"
"","fatmatures","https://www.google.com/"
"","fatmaturesexmovies","https://www.google.com/"
"","fat-moms","https://www.google.com/"
