"﻿""id""","read","recommended"
"","bbwwhore","https://www.google.com/"
"","bbwwife","https://www.google.com/"
"","bbwwolf","https://www.google.com/"
"","bbwwomen","https://www.google.com/"
"","bbwxxxchat","https://www.google.com/"
"","bbwxxxclips","https://www.google.com/"
"","bbwxxxmag","https://www.google.com/"
"","bbwxxxmovies","https://www.google.com/"
"","bbwxxx","https://www.google.com/"
"","bbwxxxporntube","https://www.google.com/"
"","bbwxxxtube","https://www.google.com/"
"","bbwxxxvideo","https://www.google.com/"
"","bbwz","https://www.google.com/"
"","bbwzone","https://www.google.com/"
"","bbxxx","https://www.google.com/"
"","b-cage","https://www.google.com/"
"","bcash4you","https://www.google.com/"
"","bcbabes","https://www.google.com/"
"","bcbob","https://www.google.com/"
"","b-cdn","https://www.google.com/"
"","bcelebrity","https://www.google.com/"
"","bcemag","https://www.google.com/"
"","bcero","https://www.google.com/"
"","bcet","https://www.google.com/"
"","bcfakes","https://www.google.com/"
"","bcfn","https://www.google.com/"
"","bcgirlsonline","https://www.google.com/"
"","bcgroupinternational","https://www.google.com/"
"","bchubbygirls","https://www.google.com/"
"","bcicdn","https://www.google.com/"
"","bcm","https://www.google.com/"
"","bcnbears","https://www.google.com/"
"","bcnerotica","https://www.google.com/"
"","bcn-gay","https://www.google.com/"
"","bcngirls","https://www.google.com/"
"","bcnmodels","https://www.google.com/"
"","bcnrelax","https://www.google.com/"
"","bcomfetish","https://www.google.com/"
"","bcoquine","https://www.google.com/"
"","bcr2006","https://www.google.com/"
"","bc-series","https://www.google.com/"
"","bcseries","https://www.google.com/"
"","bcteens","https://www.google.com/"
"","bcups","https://www.google.com/"
"","bcvcdn","https://www.google.com/"
"","bd-adultes","https://www.google.com/"
"","bdcams","https://www.google.com/"
"","bdcul","https://www.google.com/"
"","bdflix","https://www.google.com/"
"","bdgay","https://www.google.com/"
"","bdgltd","https://www.google.com/"
"","bdgsales","https://www.google.com/"
"","bdmerch","https://www.google.com/"
"","bdms","https://www.google.com/"
"","bdmuscle","https://www.google.com/"
"","b-doll","https://www.google.com/"
"","bdpix","https://www.google.com/"
"","bd-porno","https://www.google.com/"
"","bdqvn","https://www.google.com/"
"","bds0d","https://www.google.com/"
"","bdsbbs","https://www.google.com/"
"","bdsm1","https://www.google.com/"
"","bdsm247","https://www.google.com/"
"","bdsm24","https://www.google.com/"
"","bdsm2","https://www.google.com/"
"","bdsm2u","https://www.google.com/"
"","bdsm-35","https://www.google.com/"
"","bdsm365","https://www.google.com/"
"","bdsm3","https://www.google.com/"
"","bdsm3d","https://www.google.com/"
"","bdsm3ddrawing","https://www.google.com/"
"","bdsm4sex","https://www.google.com/"
"","bdsm666","https://www.google.com/"
"","bdsm6","https://www.google.com/"
"","bdsmaction","https://www.google.com/"
"","bdsm-addictions","https://www.google.com/"
"","bdsmads","https://www.google.com/"
"","bdsmadultclub","https://www.google.com/"
"","bdsmadults","https://www.google.com/"
"","bdsm-advice","https://www.google.com/"
"","bdsmallpics","https://www.google.com/"
"","bdsm-alt","https://www.google.com/"
"","bdsm-alternativeloving","https://www.google.com/"
"","bdsm-amateur","https://www.google.com/"
"","bdsm-amateurseite","https://www.google.com/"
"","bdsmandfetish","https://www.google.com/"
"","bdsmanger","https://www.google.com/"
"","bdsmania","https://www.google.com/"
"","bdsm-anzeigen","https://www.google.com/"
"","bdsmarch","https://www.google.com/"
"","bdsm-arena","https://www.google.com/"
"","bdsmart247","https://www.google.com/"
"","bdsmart3d","https://www.google.com/"
"","bdsmartcollection","https://www.google.com/"
"","bdsmartcomix","https://www.google.com/"
"","bdsmart","https://www.google.com/"
"","bdsmartfantasy","https://www.google.com/"
"","bdsmartgalleries","https://www.google.com/"
"","bdsmarthere","https://www.google.com/"
"","bdsmartikelen","https://www.google.com/"
