"﻿""id""","read","recommended"
"","chicasonline","https://www.google.com/"
"","chicasparati","https://www.google.com/"
"","chicaspeludas","https://www.google.com/"
"","chicaspeludasgratis","https://www.google.com/"
"","chicasperu","https://www.google.com/"
"","chicaspijas","https://www.google.com/"
"","chicasplace","https://www.google.com/"
"","chicasplayground","https://www.google.com/"
"","chicasporno","https://www.google.com/"
"","chicasprivate","https://www.google.com/"
"","chicas-putas","https://www.google.com/"
"","chicasputas","https://www.google.com/"
"","chicasrubias","https://www.google.com/"
"","chicasrusas","https://www.google.com/"
"","chicass","https://www.google.com/"
"","chicassensuales","https://www.google.com/"
"","chicas-sexys","https://www.google.com/"
"","chicastanga","https://www.google.com/"
"","chicastar","https://www.google.com/"
"","chicasteen","https://www.google.com/"
"","chicastetonas","https://www.google.com/"
"","chicas-top","https://www.google.com/"
"","chicastravestis","https://www.google.com/"
"","chicasviciosas","https://www.google.com/"
"","chicasvioladas","https://www.google.com/"
"","chicasvirgenes","https://www.google.com/"
"","chicasvoyeur","https://www.google.com/"
"","chicas-webcam-803","https://www.google.com/"
"","chicaswebcam803","https://www.google.com/"
"","chicas-webcam","https://www.google.com/"
"","chicaswebcam","https://www.google.com/"
"","chicaswebcams","https://www.google.com/"
"","chicaswebcamvip","https://www.google.com/"
"","chicaswebcamxxx","https://www.google.com/"
"","chicasxl","https://www.google.com/"
"","chicasx","https://www.google.com/"
"","chicasxx","https://www.google.com/"
"","chicasxxx","https://www.google.com/"
"","chicasya","https://www.google.com/"
"","chicasybikinis","https://www.google.com/"
"","chicasycoches","https://www.google.com/"
"","chicasysexo","https://www.google.com/"
"","chicasytanga","https://www.google.com/"
"","chicaszorra","https://www.google.com/"
"","chicateen","https://www.google.com/"
"","chicaverde","https://www.google.com/"
"","chica-web","https://www.google.com/"
"","chicbang","https://www.google.com/"
"","chicblogclub","https://www.google.com/"
"","chiccam","https://www.google.com/"
"","chic-escort","https://www.google.com/"
"","chicfun","https://www.google.com/"
"","chicgals","https://www.google.com/"
"","chicgirls","https://www.google.com/"
"","chichard","https://www.google.com/"
"","chichiclicks","https://www.google.com/"
"","chichilarue","https://www.google.com/"
"","chichix","https://www.google.com/"
"","chichoc","https://www.google.com/"
"","chick4u","https://www.google.com/"
"","chick8","https://www.google.com/"
"","chickaddiction","https://www.google.com/"
"","chickalicious","https://www.google.com/"
"","chickasia","https://www.google.com/"
"","chickauditions","https://www.google.com/"
"","chickbdsm","https://www.google.com/"
"","chickchase","https://www.google.com/"
"","chickchatlive","https://www.google.com/"
"","chickchat","https://www.google.com/"
"","chickchecker","https://www.google.com/"
"","chick-chick","https://www.google.com/"
"","chickdick","https://www.google.com/"
"","chickdickratio","https://www.google.com/"
"","chickdomain","https://www.google.com/"
"","chicke","https://www.google.com/"
"","chicken8","https://www.google.com/"
"","chickenchief","https://www.google.com/"
"","chickencity","https://www.google.com/"
"","chickenhead","https://www.google.com/"
"","chickenheadwhores","https://www.google.com/"
"","chickenheadz","https://www.google.com/"
"","chickenhost","https://www.google.com/"
"","chickenmovies","https://www.google.com/"
"","chickenranchbrothel","https://www.google.com/"
"","chicken-ranch","https://www.google.com/"
"","chickenranch","https://www.google.com/"
"","chickenranchgirls","https://www.google.com/"
"","chicken-shit","https://www.google.com/"
"","chickenshit","https://www.google.com/"
"","chickentraffic","https://www.google.com/"
"","chicker","https://www.google.com/"
"","chickfight","https://www.google.com/"
"","chickfilms","https://www.google.com/"
"","chickflicks","https://www.google.com/"
"","chickfuck","https://www.google.com/"
"","chick-galls","https://www.google.com/"
"","chickhost","https://www.google.com/"
"","chickhunt","https://www.google.com/"
"","chickiebabes","https://www.google.com/"
"","chickies","https://www.google.com/"
