"﻿""id""","read","recommended"
"","japanesecreampievideos","https://www.google.com/"
"","japanesecunt","https://www.google.com/"
"","japanesedesire","https://www.google.com/"
"","japanesedildoes","https://www.google.com/"
"","japaneseerotica","https://www.google.com/"
"","japanese-escort-girls","https://www.google.com/"
"","japanesefarting","https://www.google.com/"
"","japanesefemdomvideos","https://www.google.com/"
"","japanese-fetish-femdom","https://www.google.com/"
"","japanesefever","https://www.google.com/"
"","japanesefire","https://www.google.com/"
"","japaneseflashers","https://www.google.com/"
"","japanesefotos","https://www.google.com/"
"","japanesefuck","https://www.google.com/"
"","japanesefuckers","https://www.google.com/"
"","japanesefucking","https://www.google.com/"
"","japanesefuckpics","https://www.google.com/"
"","japanesefucksex","https://www.google.com/"
"","japanesefutanari","https://www.google.com/"
"","japanesegals","https://www.google.com/"
"","japanesegayboys","https://www.google.com/"
"","japanesegirl","https://www.google.com/"
"","japanesegirlcams","https://www.google.com/"
"","japanesegirlfriend","https://www.google.com/"
"","japanesegirlfucked","https://www.google.com/"
"","japanesegirlies","https://www.google.com/"
"","japanesegirlmovies","https://www.google.com/"
"","japanesegirlpussy","https://www.google.com/"
"","japanese-girl-roped","https://www.google.com/"
"","japanesegirls69","https://www.google.com/"
"","japanese-girls","https://www.google.com/"
"","japanesegirlsfuck","https://www.google.com/"
"","japanesegirlsnaked","https://www.google.com/"
"","japanese-girls-tube","https://www.google.com/"
"","japanesegirls","https://www.google.com/"
"","japanesegirltube","https://www.google.com/"
"","japanesegoporn","https://www.google.com/"
"","japanesegranny","https://www.google.com/"
"","japanese-hardcore","https://www.google.com/"
"","japanesehardcore","https://www.google.com/"
"","japanesehardcoresex","https://www.google.com/"
"","japanesehardsex","https://www.google.com/"
"","japanesehd","https://www.google.com/"
"","japanesehentaivideos","https://www.google.com/"
"","japanesehotporn","https://www.google.com/"
"","japanese-idol","https://www.google.com/"
"","japaneseidols","https://www.google.com/"
"","japaneseindependentescort","https://www.google.com/"
"","japanesejizz","https://www.google.com/"
"","japanesejuggs","https://www.google.com/"
"","japanese-kitty","https://www.google.com/"
"","japanese-korean","https://www.google.com/"
"","japaneseladies","https://www.google.com/"
"","japaneselady","https://www.google.com/"
"","japaneselesbianporn","https://www.google.com/"
"","japaneselesbians","https://www.google.com/"
"","japaneselesbiansex","https://www.google.com/"
"","japaneselivecams","https://www.google.com/"
"","japanese-live","https://www.google.com/"
"","japaneselive","https://www.google.com/"
"","japaneselovesfuck","https://www.google.com/"
"","japanese-manga","https://www.google.com/"
"","japanesemasturbationvideos","https://www.google.com/"
"","japanesematures","https://www.google.com/"
"","japanesemen","https://www.google.com/"
"","japanese-milf","https://www.google.com/"
"","japanese-milf-tube","https://www.google.com/"
"","japanesemilftube","https://www.google.com/"
"","japanesemomandson","https://www.google.com/"
"","japanesemom","https://www.google.com/"
"","japanese-mom-porn","https://www.google.com/"
"","japanesemomsex","https://www.google.com/"
"","japanesemoms","https://www.google.com/"
"","japanese-mother","https://www.google.com/"
"","japanesenudebeauties","https://www.google.com/"
"","japaneseporn18","https://www.google.com/"
"","japaneseporncam","https://www.google.com/"
"","japaneseporner","https://www.google.com/"
"","japaneseporngalls","https://www.google.com/"
"","japanese-porn-hd","https://www.google.com/"
"","japanesepornhd","https://www.google.com/"
"","japanesepornhq","https://www.google.com/"
"","japanesepornhub","https://www.google.com/"
"","japanesepornimages","https://www.google.com/"
"","japanese-porn","https://www.google.com/"
"","japanesepornmature","https://www.google.com/"
"","japanesepornmov","https://www.google.com/"
"","japaneseporn","https://www.google.com/"
"","japanese-porno","https://www.google.com/"
"","japaneseporno","https://www.google.com/"
"","japanesepornotube","https://www.google.com/"
"","japanesepornphotos","https://www.google.com/"
"","japanesepornpictures","https://www.google.com/"
"","japanese-porn-star","https://www.google.com/"
"","japanese-pornstar","https://www.google.com/"
"","japanesepornstarhub","https://www.google.com/"
"","japanese-porn-stars","https://www.google.com/"
"","japanese-pornstars","https://www.google.com/"
"","japanese-porn-tube","https://www.google.com/"
"","japanese-porn-tubes","https://www.google.com/"
