"﻿""id""","read","recommended"
"","chatabox","https://www.google.com/"
"","chat-ados","https://www.google.com/"
"","chat-adult","https://www.google.com/"
"","chatagogo","https://www.google.com/"
"","chat-amateure","https://www.google.com/"
"","chatamateurs","https://www.google.com/"
"","chat-amour","https://www.google.com/"
"","chatandfuck","https://www.google.com/"
"","chatandvideos","https://www.google.com/"
"","chatango","https://www.google.com/"
"","chatasse","https://www.google.com/"
"","chat-astrologie","https://www.google.com/"
"","chatatlanta","https://www.google.com/"
"","chat-avenue","https://www.google.com/"
"","chatbabe","https://www.google.com/"
"","chatbabes","https://www.google.com/"
"","chatbabeslive","https://www.google.com/"
"","chatbar","https://www.google.com/"
"","chatbase","https://www.google.com/"
"","chatbay","https://www.google.com/"
"","chat-bdsm","https://www.google.com/"
"","chatbdsm","https://www.google.com/"
"","chat","https://www.google.com/"
"","chat-belgique","https://www.google.com/"
"","chatbiene","https://www.google.com/"
"","chatbomb","https://www.google.com/"
"","chatboots","https://www.google.com/"
"","chatbored","https://www.google.com/"
"","chatboxsex","https://www.google.com/"
"","chatboxxx","https://www.google.com/"
"","chatboy","https://www.google.com/"
"","chatbuffet","https://www.google.com/"
"","chatcache","https://www.google.com/"
"","chatcachondo","https://www.google.com/"
"","chatca","https://www.google.com/"
"","chat-caliente","https://www.google.com/"
"","chatcam34","https://www.google.com/"
"","chatcam","https://www.google.com/"
"","chat-camera","https://www.google.com/"
"","chatcamera","https://www.google.com/"
"","chatcamgirls","https://www.google.com/"
"","chatcamschwestern","https://www.google.com/"
"","chatcams","https://www.google.com/"
"","chat-camsex","https://www.google.com/"
"","chat-cam-sex","https://www.google.com/"
"","chatcamslive","https://www.google.com/"
"","chatcanarias","https://www.google.com/"
"","chatcasero","https://www.google.com/"
"","chatcentro","https://www.google.com/"
"","chat-chicas","https://www.google.com/"
"","chatchicas","https://www.google.com/"
"","chat-chicos","https://www.google.com/"
"","chatcity","https://www.google.com/"
"","chatcitymelbourne","https://www.google.com/"
"","chatclub","https://www.google.com/"
"","chatclubrencontre","https://www.google.com/"
"","chatconchicas","https://www.google.com/"
"","chatconguarras","https://www.google.com/"
"","chatconnexion","https://www.google.com/"
"","chatconputas","https://www.google.com/"
"","chatcontacten","https://www.google.com/"
"","chatcontransexuales","https://www.google.com/"
"","chatcontravestis","https://www.google.com/"
"","chat-con-webcam","https://www.google.com/"
"","chatconwebcam","https://www.google.com/"
"","chatconweb","https://www.google.com/"
"","chatcoquin","https://www.google.com/"
"","chat-coquin","https://www.google.com/"
"","chatcuties","https://www.google.com/"
"","chatcx","https://www.google.com/"
"","chatdate","https://www.google.com/"
"","chat-de","https://www.google.com/"
"","chatdefolie","https://www.google.com/"
"","chatdegay","https://www.google.com/"
"","chatdesexo","https://www.google.com/"
"","chatdevideo","https://www.google.com/"
"","chatdollars","https://www.google.com/"
"","chatdreams","https://www.google.com/"
"","chatdynamix","https://www.google.com/"
"","chatear","https://www.google.com/"
"","chateaubar","https://www.google.com/"
"","chateaubizarre","https://www.google.com/"
"","chateau-cherie","https://www.google.com/"
"","chateau-cuir","https://www.google.com/"
"","chateau","https://www.google.com/"
"","chateau-donjon","https://www.google.com/"
"","chateaufantasia","https://www.google.com/"
"","chateau-girls","https://www.google.com/"
"","chateau-rose","https://www.google.com/"
"","chateauwhisper","https://www.google.com/"
"","chateaymira","https://www.google.com/"
"","chateen","https://www.google.com/"
"","chatendate","https://www.google.com/"
"","chatenlive","https://www.google.com/"
"","chaten","https://www.google.com/"
"","chatenvivo","https://www.google.com/"
"","chaterbate","https://www.google.com/"
"","chaterotica","https://www.google.com/"
"","chaterotic","https://www.google.com/"
"","chaterotik","https://www.google.com/"
