"﻿""id""","read","recommended"
"","dominiosporno","https://www.google.com/"
"","dominique-models","https://www.google.com/"
"","domi-nique","https://www.google.com/"
"","dominiques","https://www.google.com/"
"","dominiquesden","https://www.google.com/"
"","dominiquesimoneonline","https://www.google.com/"
"","dominity","https://www.google.com/"
"","dominoclub","https://www.google.com/"
"","dominodollhouse","https://www.google.com/"
"","dominopresleyblog","https://www.google.com/"
"","dominopresleyts","https://www.google.com/"
"","dominoxxx","https://www.google.com/"
"","dominusstudio","https://www.google.com/"
"","domis","https://www.google.com/"
"","domitien","https://www.google.com/"
"","domkarin","https://www.google.com/"
"","domkink","https://www.google.com/"
"","domme","https://www.google.com/"
"","dommedelilah","https://www.google.com/"
"","dommedesires","https://www.google.com/"
"","dommegirl","https://www.google.com/"
"","dommeinion","https://www.google.com/"
"","dommemaggie","https://www.google.com/"
"","dommeolivia","https://www.google.com/"
"","dommephonesex","https://www.google.com/"
"","dommephonesexmommy","https://www.google.com/"
"","dommesnation","https://www.google.com/"
"","dommesofthedamned","https://www.google.com/"
"","dommetranny","https://www.google.com/"
"","dommetube","https://www.google.com/"
"","dommeworld","https://www.google.com/"
"","domnisoare","https://www.google.com/"
"","domondemand","https://www.google.com/"
"","domoniquesimonexxx","https://www.google.com/"
"","domosex","https://www.google.com/"
"","domoteens","https://www.google.com/"
"","domphone","https://www.google.com/"
"","domporno","https://www.google.com/"
"","dompteunefemme","https://www.google.com/"
"","domrepescorts","https://www.google.com/"
"","domsexa","https://www.google.com/"
"","dom-sex","https://www.google.com/"
"","domshoppe","https://www.google.com/"
"","domsites","https://www.google.com/"
"","domstrapon","https://www.google.com/"
"","domsubfriends","https://www.google.com/"
"","domsub","https://www.google.com/"
"","domsubtube","https://www.google.com/"
"","domsview","https://www.google.com/"
"","domvod","https://www.google.com/"
"","domwoman","https://www.google.com/"
"","dom-wysylkowy","https://www.google.com/"
"","domybox","https://www.google.com/"
"","domygirlfriend","https://www.google.com/"
"","domymom","https://www.google.com/"
"","domywife","https://www.google.com/"
"","domywifeslut","https://www.google.com/"
"","donacalenta","https://www.google.com/"
"","donaldchase","https://www.google.com/"
"","donaldfuck","https://www.google.com/"
"","do-nan","https://www.google.com/"
"","donandmurph","https://www.google.com/"
"","donasdoluxo","https://www.google.com/"
"","donaspeir","https://www.google.com/"
"","donauhasen","https://www.google.com/"
"","donbastek","https://www.google.com/"
"","donborno","https://www.google.com/"
"","donenad","https://www.google.com/"
"","donenadpas","https://www.google.com/"
"","donerotik","https://www.google.com/"
"","donfblagues","https://www.google.com/"
"","donfreeporn","https://www.google.com/"
"","dongblog","https://www.google.com/"
"","dongdad","https://www.google.com/"
"","dongdaeguhotel","https://www.google.com/"
"","dongerbrothers","https://www.google.com/"
"","dong","https://www.google.com/"
"","dongs","https://www.google.com/"
"","dongsungin","https://www.google.com/"
"","dongzilla","https://www.google.com/"
"","donitadunesxxx","https://www.google.com/"
"","donjon-equipement","https://www.google.com/"
"","donjuan","https://www.google.com/"
"","donk69","https://www.google.com/"
"","donkeyxxx","https://www.google.com/"
"","donkparty","https://www.google.com/"
"","donlot","https://www.google.com/"
"","donmai","https://www.google.com/"
"","donnabizarr","https://www.google.com/"
"","donnacalda","https://www.google.com/"
"","donna-de-sade","https://www.google.com/"
"","donnaflor","https://www.google.com/"
"","donnageorgestorey","https://www.google.com/"
"","donnagrandma","https://www.google.com/"
"","donnaitalia","https://www.google.com/"
"","donnamarie","https://www.google.com/"
"","donnamarks","https://www.google.com/"
"","donnapelosa","https://www.google.com/"
"","donnaslegshow","https://www.google.com/"
"","donnecercauomo","https://www.google.com/"
