"﻿""id""","read","recommended"
"","bestforcedsex","https://www.google.com/"
"","bestforwomenporno","https://www.google.com/"
"","bestfree3dporn","https://www.google.com/"
"","bestfree6","https://www.google.com/"
"","bestfreecams","https://www.google.com/"
"","bestfreecamslist","https://www.google.com/"
"","bestfreecasino","https://www.google.com/"
"","bestfreegay","https://www.google.com/"
"","bestfreehardcore","https://www.google.com/"
"","bestfreelivewebcams","https://www.google.com/"
"","bestfreenudecelebs","https://www.google.com/"
"","bestfreeporn","https://www.google.com/"
"","best-free-porn-movies","https://www.google.com/"
"","bestfreeporno","https://www.google.com/"
"","bestfreepornos","https://www.google.com/"
"","best-free-porn-pics","https://www.google.com/"
"","best-free-porn","https://www.google.com/"
"","best-free-porn-sites","https://www.google.com/"
"","bestfreepornsites","https://www.google.com/"
"","bestfreepornvideos","https://www.google.com/"
"","bestfreesexcams","https://www.google.com/"
"","bestfreesexchat","https://www.google.com/"
"","bestfreesexgames","https://www.google.com/"
"","bestfreesexporn","https://www.google.com/"
"","bestfreetube","https://www.google.com/"
"","bestfreexxx","https://www.google.com/"
"","best-free-xxx","https://www.google.com/"
"","bestfriendsmommy","https://www.google.com/"
"","bestfriendswives","https://www.google.com/"
"","bestftvgirls","https://www.google.com/"
"","bestfuckclips","https://www.google.com/"
"","bestfuckedteens","https://www.google.com/"
"","best-fucking","https://www.google.com/"
"","bestfuckingpics","https://www.google.com/"
"","bestfuckingsex","https://www.google.com/"
"","bestfuckingsite","https://www.google.com/"
"","bestfuckingtits","https://www.google.com/"
"","bestfucks","https://www.google.com/"
"","bestfucktube","https://www.google.com/"
"","bestfuckvideos","https://www.google.com/"
"","bestgals","https://www.google.com/"
"","bestgamegeek","https://www.google.com/"
"","best-gangbang","https://www.google.com/"
"","bestgaybdsm","https://www.google.com/"
"","bestgaybears","https://www.google.com/"
"","bestgaybloggers","https://www.google.com/"
"","bestgayblogs","https://www.google.com/"
"","bestgayblowjob","https://www.google.com/"
"","bestgayboys","https://www.google.com/"
"","bestgaycam","https://www.google.com/"
"","bestgaycams","https://www.google.com/"
"","bestgaychicago","https://www.google.com/"
"","best-gay-lesbian-dating-websites","https://www.google.com/"
"","best-gay-movies","https://www.google.com/"
"","bestgaymovies","https://www.google.com/"
"","bestgay","https://www.google.com/"
"","bestgaynewyork","https://www.google.com/"
"","bestgayparty","https://www.google.com/"
"","bestgaypass","https://www.google.com/"
"","bestgaypaysites","https://www.google.com/"
"","best-gay-porn","https://www.google.com/"
"","bestgayporn","https://www.google.com/"
"","bestgayporno","https://www.google.com/"
"","bestgaypornsites","https://www.google.com/"
"","bestgayportal","https://www.google.com/"
"","bestgaysexcams","https://www.google.com/"
"","bestgaysex","https://www.google.com/"
"","bestgaysextoys","https://www.google.com/"
"","bestgaysite","https://www.google.com/"
"","bestgaysites","https://www.google.com/"
"","bestgaysponsors","https://www.google.com/"
"","bestgayssex","https://www.google.com/"
"","bestgaytgp","https://www.google.com/"
"","bestgaythumbs","https://www.google.com/"
"","best-g","https://www.google.com/"
"","best-germany","https://www.google.com/"
"","bestgfe","https://www.google.com/"
"","bestgfpics","https://www.google.com/"
"","bestgirlcamsex","https://www.google.com/"
"","bestgirl","https://www.google.com/"
"","bestgirlfriendsclub","https://www.google.com/"
"","bestgirlfriendsites","https://www.google.com/"
"","bestgirls","https://www.google.com/"
"","best-girls","https://www.google.com/"
"","bestgirlsex","https://www.google.com/"
"","bestgirlxxx","https://www.google.com/"
"","bestglamourmodels","https://www.google.com/"
"","bestglove","https://www.google.com/"
"","bestgore","https://www.google.com/"
"","bestgothporn","https://www.google.com/"
"","bestgrannies","https://www.google.com/"
"","bestgrannypics","https://www.google.com/"
"","bestgrannyporn","https://www.google.com/"
"","bestgrannysites","https://www.google.com/"
"","bestgrannytube","https://www.google.com/"
"","best-greece-escorts","https://www.google.com/"
"","bestgroupsexs","https://www.google.com/"
"","bestgynoexam","https://www.google.com/"
"","bestgynoporn","https://www.google.com/"
"","besthairybears","https://www.google.com/"
