"﻿""id""","read","recommended"
"","boycall","https://www.google.com/"
"","boycam","https://www.google.com/"
"","boycampus","https://www.google.com/"
"","boycams","https://www.google.com/"
"","boycamsonline","https://www.google.com/"
"","boycenterfolds","https://www.google.com/"
"","boy-central","https://www.google.com/"
"","boychan","https://www.google.com/"
"","boycherries","https://www.google.com/"
"","boycocktail","https://www.google.com/"
"","boy-collector","https://www.google.com/"
"","boycollector","https://www.google.com/"
"","boyconfessions","https://www.google.com/"
"","boycontent","https://www.google.com/"
"","boycrash","https://www.google.com/"
"","boycrazyboy","https://www.google.com/"
"","boycrushcash","https://www.google.com/"
"","boycrush","https://www.google.com/"
"","boyculture","https://www.google.com/"
"","boy-cum","https://www.google.com/"
"","boycum","https://www.google.com/"
"","boyder","https://www.google.com/"
"","boydevils","https://www.google.com/"
"","boydial","https://www.google.com/"
"","boydialgay","https://www.google.com/"
"","boydice","https://www.google.com/"
"","boydirectory","https://www.google.com/"
"","boydollars","https://www.google.com/"
"","boydome","https://www.google.com/"
"","boydosug","https://www.google.com/"
"","boydr","https://www.google.com/"
"","boydthomas","https://www.google.com/"
"","boyemo","https://www.google.com/"
"","boyester","https://www.google.com/"
"","boyextra","https://www.google.com/"
"","boyfacials","https://www.google.com/"
"","boyfans","https://www.google.com/"
"","boyfeet","https://www.google.com/"
"","boyfetish","https://www.google.com/"
"","boyfever","https://www.google.com/"
"","boyfiles","https://www.google.com/"
"","boyfinder","https://www.google.com/"
"","boy-fleisch","https://www.google.com/"
"","boyfleisch","https://www.google.com/"
"","boyfluid","https://www.google.com/"
"","boyfootfetish","https://www.google.com/"
"","boyforboy","https://www.google.com/"
"","boyforest","https://www.google.com/"
"","boyfreecams","https://www.google.com/"
"","boyfreemovies","https://www.google.com/"
"","boyfreepics","https://www.google.com/"
"","boyfresh","https://www.google.com/"
"","boyfriendass","https://www.google.com/"
"","boyfriendbum","https://www.google.com/"
"","boyfriendbutt","https://www.google.com/"
"","boyfriendcd","https://www.google.com/"
"","boyfriendclips","https://www.google.com/"
"","boyfriendcock","https://www.google.com/"
"","boyfriendgaytube","https://www.google.com/"
"","boyfriendlive","https://www.google.com/"
"","boyfriendnetwork","https://www.google.com/"
"","boyfriendnudes","https://www.google.com/"
"","boyfriendsex","https://www.google.com/"
"","boyfriendshare","https://www.google.com/"
"","boyfriendsolos","https://www.google.com/"
"","boyfriendtv","https://www.google.com/"
"","boy-fuck-boy","https://www.google.com/"
"","boyfuck","https://www.google.com/"
"","boyfuckdog","https://www.google.com/"
"","boyfucker","https://www.google.com/"
"","boyfuckmom","https://www.google.com/"
"","boyfuckmovie","https://www.google.com/"
"","boyfucksboy","https://www.google.com/"
"","boyfucksboys","https://www.google.com/"
"","boyfucktube","https://www.google.com/"
"","boyfun","https://www.google.com/"
"","boyfunfree","https://www.google.com/"
"","boyfunk","https://www.google.com/"
"","boyfunmovies","https://www.google.com/"
"","boygalaxy","https://www.google.com/"
"","boy-gay","https://www.google.com/"
"","boygay","https://www.google.com/"
"","boygaypics","https://www.google.com/"
"","boygayporn","https://www.google.com/"
"","boygays","https://www.google.com/"
"","boygaytwink","https://www.google.com/"
"","boyg","https://www.google.com/"
"","boygender","https://www.google.com/"
"","boygif","https://www.google.com/"
"","boygirls","https://www.google.com/"
"","boygirlsex","https://www.google.com/"
"","boygloryhole","https://www.google.com/"
"","boygusher","https://www.google.com/"
"","boyhous","https://www.google.com/"
"","boyhq","https://www.google.com/"
"","boyhungry","https://www.google.com/"
"","boyhunks","https://www.google.com/"
"","boyhunters","https://www.google.com/"
"","boyimage","https://www.google.com/"
"","boyjack","https://www.google.com/"
