"﻿""id""","read","recommended"
"","lambotube","https://www.google.com/"
"","lame","https://www.google.com/"
"","lameme","https://www.google.com/"
"","la-mere-de-mon-pote","https://www.google.com/"
"","lameredemonpote","https://www.google.com/"
"","lamermelculo","https://www.google.com/"
"","lamerotanti","https://www.google.com/"
"","lamhchunta","https://www.google.com/"
"","lamiaexragazza","https://www.google.com/"
"","lamiatipa","https://www.google.com/"
"","lamilfs","https://www.google.com/"
"","la-mine","https://www.google.com/"
"","lamlul","https://www.google.com/"
"","lamodels","https://www.google.com/"
"","la-mule","https://www.google.com/"
"","lamusardine","https://www.google.com/"
"","lan04","https://www.google.com/"
"","lanabrooke","https://www.google.com/"
"","lanadevious","https://www.google.com/"
"","lanakendrick","https://www.google.com/"
"","lanaleeonline","https://www.google.com/"
"","lanaleesworld","https://www.google.com/"
"","lanalotts","https://www.google.com/"
"","lanalovesblackcock","https://www.google.com/"
"","lanasamateurs","https://www.google.com/"
"","lanasbigboobs","https://www.google.com/"
"","lanasfantasies","https://www.google.com/"
"","lanaslingerietease","https://www.google.com/"
"","lana-tube","https://www.google.com/"
"","lanavip","https://www.google.com/"
"","lancashireescortsagency","https://www.google.com/"
"","lancashire-escorts","https://www.google.com/"
"","lanceboys","https://www.google.com/"
"","lancecomixxx","https://www.google.com/"
"","lancehartfetish","https://www.google.com/"
"","land-burschen","https://www.google.com/"
"","landburschen","https://www.google.com/"
"","landburschengays","https://www.google.com/"
"","landeerlaubnis","https://www.google.com/"
"","landes-rencontre","https://www.google.com/"
"","landgalls","https://www.google.com/"
"","landgurke","https://www.google.com/"
"","landingstripgirls","https://www.google.com/"
"","landmilkhoney","https://www.google.com/"
"","land-of-erotik","https://www.google.com/"
"","landoflove","https://www.google.com/"
"","landofpleasures","https://www.google.com/"
"","landofshame","https://www.google.com/"
"","landofvenus","https://www.google.com/"
"","landoverbaptist","https://www.google.com/"
"","land","https://www.google.com/"
"","landrynka","https://www.google.com/"
"","landshutladies","https://www.google.com/"
"","landshut-models","https://www.google.com/"
"","laneelizabeth","https://www.google.com/"
"","lanescollectibles","https://www.google.com/"
"","lanes","https://www.google.com/"
"","lanesisters","https://www.google.com/"
"","lanexxxtube","https://www.google.com/"
"","laneynow","https://www.google.com/"
"","langefilm","https://www.google.com/"
"","langefilms","https://www.google.com/"
"","langehomosexfilms","https://www.google.com/"
"","lange-lippen","https://www.google.com/"
"","langepornofilm","https://www.google.com/"
"","langepornofilms","https://www.google.com/"
"","lange-sexfilm","https://www.google.com/"
"","langesexfilmsgratis","https://www.google.com/"
"","langesexfilms","https://www.google.com/"
"","langeverlag","https://www.google.com/"
"","langtrees","https://www.google.com/"
"","langux","https://www.google.com/"
"","langzeiterziehungen","https://www.google.com/"
"","lanie","https://www.google.com/"
"","lankarkiv","https://www.google.com/"
"","lankar","https://www.google.com/"
"","lankaxgirls","https://www.google.com/"
"","lankwitzer-7","https://www.google.com/"
"","lankytojai","https://www.google.com/"
"","lanminds","https://www.google.com/"
"","lannu","https://www.google.com/"
"","lannux","https://www.google.com/"
"","lanny-barbie","https://www.google.com/"
"","lanny-barby","https://www.google.com/"
"","lannybarby","https://www.google.com/"
"","lanoble","https://www.google.com/"
"","lanoche-sexshop","https://www.google.com/"
"","lanochesexshop","https://www.google.com/"
"","lanoplaces","https://www.google.com/"
"","lanotte","https://www.google.com/"
"","lanovice","https://www.google.com/"
"","lantano","https://www.google.com/"
"","lantredudiable","https://www.google.com/"
"","la-nuda","https://www.google.com/"
"","laomodels","https://www.google.com/"
"","laonline","https://www.google.com/"
"","laoteens","https://www.google.com/"
"","laovideos","https://www.google.com/"
"","lapaginadelporno","https://www.google.com/"
"","lapajoteca","https://www.google.com/"
