"﻿""id""","read","recommended"
"","dirtylatinsluts","https://www.google.com/"
"","dirtylesbo","https://www.google.com/"
"","dirtylick","https://www.google.com/"
"","dirtylilly","https://www.google.com/"
"","dirtylimerick","https://www.google.com/"
"","dirtylinks","https://www.google.com/"
"","dirtylittleamateurs","https://www.google.com/"
"","dirtylittlebubbles","https://www.google.com/"
"","dirtylittledaughters","https://www.google.com/"
"","dirtylittlediva","https://www.google.com/"
"","dirtylittledivas","https://www.google.com/"
"","dirtylittlephonesluts","https://www.google.com/"
"","dirtylittlesecret","https://www.google.com/"
"","dirtylivestrippers","https://www.google.com/"
"","dirty-lolita","https://www.google.com/"
"","dirtylooks","https://www.google.com/"
"","dirty-love","https://www.google.com/"
"","dirtyloveholes","https://www.google.com/"
"","dirtymag","https://www.google.com/"
"","dirtymammy","https://www.google.com/"
"","dirtymanhub","https://www.google.com/"
"","dirtymantube","https://www.google.com/"
"","dirtymasseur","https://www.google.com/"
"","dirtymaturegirls","https://www.google.com/"
"","dirtymatureladies","https://www.google.com/"
"","dirtymaturesluts","https://www.google.com/"
"","dirtymaturetube","https://www.google.com/"
"","dirtymaturez","https://www.google.com/"
"","dirtymax","https://www.google.com/"
"","dirtymessages","https://www.google.com/"
"","dirtymessenger","https://www.google.com/"
"","dirtymike","https://www.google.com/"
"","dirtymilfclub","https://www.google.com/"
"","dirtymilfexposed","https://www.google.com/"
"","dirtymind","https://www.google.com/"
"","dirtymofo","https://www.google.com/"
"","dirtymoms4you","https://www.google.com/"
"","dirtymomstube","https://www.google.com/"
"","dirtymothertube","https://www.google.com/"
"","dirtymovie","https://www.google.com/"
"","dirty-movies","https://www.google.com/"
"","dirtymovietube","https://www.google.com/"
"","dirtymuscle","https://www.google.com/"
"","dirtynakedpics","https://www.google.com/"
"","dirty-net","https://www.google.com/"
"","dirtynewspaper","https://www.google.com/"
"","dirtynudeamateurs","https://www.google.com/"
"","dirtynude","https://www.google.com/"
"","dirtynudepics","https://www.google.com/"
"","dirty-nudes","https://www.google.com/"
"","dirtynudeteens","https://www.google.com/"
"","dirtynudistpictures","https://www.google.com/"
"","dirtyoldfrank","https://www.google.com/"
"","dirtyonline","https://www.google.com/"
"","dirtyorientals","https://www.google.com/"
"","dirty-page","https://www.google.com/"
"","dirtypancake","https://www.google.com/"
"","dirtypantieslist","https://www.google.com/"
"","dirtypanties","https://www.google.com/"
"","dirtypanty","https://www.google.com/"
"","dirtypantyporn","https://www.google.com/"
"","dirtypantysex","https://www.google.com/"
"","dirtypass","https://www.google.com/"
"","dirtypasses","https://www.google.com/"
"","dirtypeter","https://www.google.com/"
"","dirtyphonesex","https://www.google.com/"
"","dirty-phone-sex","https://www.google.com/"
"","dirtyphotograph","https://www.google.com/"
"","dirtypickups","https://www.google.com/"
"","dirtypics","https://www.google.com/"
"","dirtypigs","https://www.google.com/"
"","dirtypinks","https://www.google.com/"
"","dirtypiratewhores","https://www.google.com/"
"","dirtypix","https://www.google.com/"
"","dirtyplace","https://www.google.com/"
"","dirtypleasures","https://www.google.com/"
"","dirtyporn","https://www.google.com/"
"","dirtypornlink","https://www.google.com/"
"","dirtyporno","https://www.google.com/"
"","dirtypornomovies","https://www.google.com/"
"","dirtypornphotos","https://www.google.com/"
"","dirty-porn-site","https://www.google.com/"
"","dirty-porn-sites","https://www.google.com/"
"","dirtypornstars","https://www.google.com/"
"","dirtyporntube","https://www.google.com/"
"","dirtypornvids","https://www.google.com/"
"","dirtypornzone","https://www.google.com/"
"","dirtypriest","https://www.google.com/"
"","dirtyprivate","https://www.google.com/"
"","dirtypublicnudity","https://www.google.com/"
"","dirtypussies","https://www.google.com/"
"","dirtypussy","https://www.google.com/"
"","dirtyrhino","https://www.google.com/"
"","dirtyromance","https://www.google.com/"
"","dirtyromantic","https://www.google.com/"
"","dirtyrottenwhore","https://www.google.com/"
"","dirtyroulette","https://www.google.com/"
"","dirty-sanchez","https://www.google.com/"
"","dirtysanchezland","https://www.google.com/"
"","dirtysancheztube","https://www.google.com/"
