"﻿""id""","read","recommended"
"","inescudnapasswords","https://www.google.com/"
"","ines-escort-paris","https://www.google.com/"
"","inetbucks","https://www.google.com/"
"","inet-cash","https://www.google.com/"
"","inet-life","https://www.google.com/"
"","inetorg","https://www.google.com/"
"","inet-porn","https://www.google.com/"
"","inetporno","https://www.google.com/"
"","inetprivacy","https://www.google.com/"
"","inexpensivesextoys","https://www.google.com/"
"","inextgirl","https://www.google.com/"
"","i-nezam","https://www.google.com/"
"","infall","https://www.google.com/"
"","infa","https://www.google.com/"
"","infantasy","https://www.google.com/"
"","infantilism","https://www.google.com/"
"","infatuations","https://www.google.com/"
"","infected","https://www.google.com/"
"","infectious","https://www.google.com/"
"","infemdom","https://www.google.com/"
"","infermation","https://www.google.com/"
"","infernalrestraints","https://www.google.com/"
"","infernoteens","https://www.google.com/"
"","infidele","https://www.google.com/"
"","infidelemessenger","https://www.google.com/"
"","infideles","https://www.google.com/"
"","infidelice","https://www.google.com/"
"","infidelle","https://www.google.com/"
"","infieles","https://www.google.com/"
"","infiernorojo","https://www.google.com/"
"","infiltrados","https://www.google.com/"
"","infiltrateproxy","https://www.google.com/"
"","infiniporn","https://www.google.com/"
"","infinisol","https://www.google.com/"
"","infiniteclips","https://www.google.com/"
"","infinitedecay","https://www.google.com/"
"","infinites","https://www.google.com/"
"","infinitetoons","https://www.google.com/"
"","infinitetube","https://www.google.com/"
"","infinitsex","https://www.google.com/"
"","infinityerotic","https://www.google.com/"
"","infinitygroup","https://www.google.com/"
"","infinitypersonals","https://www.google.com/"
"","infinityteenmovies","https://www.google.com/"
"","infirmiere-nue","https://www.google.com/"
"","infirmiere-salope","https://www.google.com/"
"","infirmieresenchaleur","https://www.google.com/"
"","infirmieressexy","https://www.google.com/"
"","inflagranti","https://www.google.com/"
"","inflictionfilms","https://www.google.com/"
"","influx","https://www.google.com/"
"","info69","https://www.google.com/"
"","infocam","https://www.google.com/"
"","infoconex","https://www.google.com/"
"","infocusgalls","https://www.google.com/"
"","infocusgirl","https://www.google.com/"
"","infocusgirls","https://www.google.com/"
"","infocusteens","https://www.google.com/"
"","info-fiend","https://www.google.com/"
"","info-frog","https://www.google.com/"
"","infogami","https://www.google.com/"
"","infohaiti","https://www.google.com/"
"","infoix","https://www.google.com/"
"","infolottery","https://www.google.com/"
"","infomagic","https://www.google.com/"
"","infomail","https://www.google.com/"
"","infomsk","https://www.google.com/"
"","infonegocio","https://www.google.com/"
"","infopop","https://www.google.com/"
"","infoporn","https://www.google.com/"
"","inforegio","https://www.google.com/"
"","inforgay","https://www.google.com/"
"","informagay","https://www.google.com/"
"","informasesso","https://www.google.com/"
"","informat-systems","https://www.google.com/"
"","informe","https://www.google.com/"
"","informer","https://www.google.com/"
"","infosdux","https://www.google.com/"
"","infoseek","https://www.google.com/"
"","infoseksmelayu","https://www.google.com/"
"","info-soap","https://www.google.com/"
"","infos","https://www.google.com/"
"","infostore","https://www.google.com/"
"","infovav","https://www.google.com/"
"","infowebcams","https://www.google.com/"
"","infrarednudes","https://www.google.com/"
"","in-fuzoku","https://www.google.com/"
"","inga","https://www.google.com/"
"","ingang","https://www.google.com/"
"","ingangwebang","https://www.google.com/"
"","ingangwebangtgp","https://www.google.com/"
"","ingenieria-acustica","https://www.google.com/"
"","ingenieursonline","https://www.google.com/"
"","ingenuegirls","https://www.google.com/"
"","inges-palace","https://www.google.com/"
"","ingezondensexverhalen","https://www.google.com/"
"","in-glamourgirls","https://www.google.com/"
"","ingolstadtladies","https://www.google.com/"
"","ingolstadt-models","https://www.google.com/"
"","ingoth","https://www.google.com/"
