"﻿""id""","read","recommended"
"","anon-ib","https://www.google.com/"
"","anonib","https://www.google.com/"
"","anonibs","https://www.google.com/"
"","anoniemafspreken","https://www.google.com/"
"","anoniem","https://www.google.com/"
"","anoniemsexcontact","https://www.google.com/"
"","anonnn","https://www.google.com/"
"","anonpremiumvip","https://www.google.com/"
"","anonse24","https://www.google.com/"
"","anonse-bdsm","https://www.google.com/"
"","anonse-erotyczne","https://www.google.com/"
"","anonse","https://www.google.com/"
"","anonse-kobiet","https://www.google.com/"
"","anonseprywatne","https://www.google.com/"
"","anonse-towarzyskie","https://www.google.com/"
"","anonsetowarzyskie","https://www.google.com/"
"","anonsex","https://www.google.com/"
"","anonsexxx","https://www.google.com/"
"","anonsik","https://www.google.com/"
"","anonsurf","https://www.google.com/"
"","anontop","https://www.google.com/"
"","anon-v","https://www.google.com/"
"","anonvoyeur","https://www.google.com/"
"","anonwives","https://www.google.com/"
"","anonymersex","https://www.google.com/"
"","anonymer-telefonsex","https://www.google.com/"
"","anonymerzugang","https://www.google.com/"
"","anonyme-telefonvermittlung","https://www.google.com/"
"","anonymisierungsdienst","https://www.google.com/"
"","anonymization","https://www.google.com/"
"","anonymousbroker","https://www.google.com/"
"","anonymousphonesex","https://www.google.com/"
"","anonym","https://www.google.com/"
"","anonyreviews","https://www.google.com/"
"","anoonse","https://www.google.com/"
"","anoporn","https://www.google.com/"
"","anoreicollins","https://www.google.com/"
"","anorexianerviosa","https://www.google.com/"
"","anorexiaporn","https://www.google.com/"
"","anorexicas","https://www.google.com/"
"","anorexicgirls","https://www.google.com/"
"","anorexicnudes","https://www.google.com/"
"","anorexicpornmovies","https://www.google.com/"
"","anorexicporn","https://www.google.com/"
"","anorexicsex","https://www.google.com/"
"","anorexictube","https://www.google.com/"
"","anorgasmia","https://www.google.com/"
"","anort","https://www.google.com/"
"","anosamours","https://www.google.com/"
"","anotherbabe","https://www.google.com/"
"","anotherdaywasted","https://www.google.com/"
"","anotherfuckingblog","https://www.google.com/"
"","anotherfuckingtgp","https://www.google.com/"
"","anothergaymovies","https://www.google.com/"
"","anothergaypornsite","https://www.google.com/"
"","anothersite","https://www.google.com/"
"","anownedlife","https://www.google.com/"
"","anpissen","https://www.google.com/"
"","anregend","https://www.google.com/"
"","anrufen","https://www.google.com/"
"","ansereg","https://www.google.com/"
"","anshikaapte","https://www.google.com/"
"","anshu","https://www.google.com/"
"","ansleyparkplayhouse","https://www.google.com/"
"","ansx","https://www.google.com/"
"","antarvasnaclips","https://www.google.com/"
"","antarvasna","https://www.google.com/"
"","antarvasnaphotos","https://www.google.com/"
"","antarvasnapornvideos","https://www.google.com/"
"","antarvasnasexvideos","https://www.google.com/"
"","antarvasnavids","https://www.google.com/"
"","antasm","https://www.google.com/"
"","antatheka","https://www.google.com/"
"","antheaclub","https://www.google.com/"
"","anthill","https://www.google.com/"
"","anthonyxxx","https://www.google.com/"
"","anthro","https://www.google.com/"
"","anti-bored","https://www.google.com/"
"","anticheterre","https://www.google.com/"
"","antics","https://www.google.com/"
"","antiflirt","https://www.google.com/"
"","antigues","https://www.google.com/"
"","antihentai","https://www.google.com/"
"","anti-heroes","https://www.google.com/"
"","anti-kamasutra","https://www.google.com/"
"","anti-kinderporno","https://www.google.com/"
"","antinea-massage","https://www.google.com/"
"","antinude","https://www.google.com/"
"","antiope","https://www.google.com/"
"","antipop","https://www.google.com/"
"","antiporno","https://www.google.com/"
"","antiq-fetishes","https://www.google.com/"
"","antiq-forum","https://www.google.com/"
"","antiquebids","https://www.google.com/"
"","antiqueerotica","https://www.google.com/"
"","antiquehardcore","https://www.google.com/"
"","antiquenude","https://www.google.com/"
"","antiquenudes","https://www.google.com/"
"","antiquesexport","https://www.google.com/"
"","antiquetwat","https://www.google.com/"
