"﻿""id""","read","recommended"
"","hangdep","https://www.google.com/"
"","hangingbitches","https://www.google.com/"
"","hangoutnude","https://www.google.com/"
"","h-anime","https://www.google.com/"
"","hanime","https://www.google.com/"
"","hanimez","https://www.google.com/"
"","hanjob","https://www.google.com/"
"","hanjutech","https://www.google.com/"
"","hankooki","https://www.google.com/"
"","hankoshop","https://www.google.com/"
"","hankshoneys","https://www.google.com/"
"","hanktube","https://www.google.com/"
"","hankypanky","https://www.google.com/"
"","hankyporn","https://www.google.com/"
"","hanmc","https://www.google.com/"
"","hanmun","https://www.google.com/"
"","hannah19","https://www.google.com/"
"","hannah-belle","https://www.google.com/"
"","hannaheartbreaker","https://www.google.com/"
"","hannahharper","https://www.google.com/"
"","hannahhiltonblog","https://www.google.com/"
"","hannah-hilton","https://www.google.com/"
"","hannahilton","https://www.google.com/"
"","hannahmodel","https://www.google.com/"
"","hannahsextreme","https://www.google.com/"
"","hannahstar","https://www.google.com/"
"","hannahsweden","https://www.google.com/"
"","hannahthehottie","https://www.google.com/"
"","hannashoneypot","https://www.google.com/"
"","hannaslinks","https://www.google.com/"
"","hanneloreknuts","https://www.google.com/"
"","hannoverboard","https://www.google.com/"
"","hannoverladies","https://www.google.com/"
"","hannover-sex","https://www.google.com/"
"","hansanimaties","https://www.google.com/"
"","hanse-girl","https://www.google.com/"
"","hansesex","https://www.google.com/"
"","hanse-sex","https://www.google.com/"
"","hansporn","https://www.google.com/"
"","hansun","https://www.google.com/"
"","hans-upskirts","https://www.google.com/"
"","hantai","https://www.google.com/"
"","hanty","https://www.google.com/"
"","hao018","https://www.google.com/"
"","haojj","https://www.google.com/"
"","haon","https://www.google.com/"
"","hapas","https://www.google.com/"
"","haphentai","https://www.google.com/"
"","hapinet","https://www.google.com/"
"","happyagency","https://www.google.com/"
"","happyallure","https://www.google.com/"
"","happyamateurs","https://www.google.com/"
"","happybit","https://www.google.com/"
"","happy-bizarr","https://www.google.com/"
"","happybizarr","https://www.google.com/"
"","happyblackgay","https://www.google.com/"
"","happybooty","https://www.google.com/"
"","happycam24","https://www.google.com/"
"","happycamgirls","https://www.google.com/"
"","happycaptive","https://www.google.com/"
"","happycedi","https://www.google.com/"
"","happycloud","https://www.google.com/"
"","happy-co","https://www.google.com/"
"","happycorner","https://www.google.com/"
"","happy-dogz","https://www.google.com/"
"","happyendingrooms","https://www.google.com/"
"","happy-erotik-kontakt","https://www.google.com/"
"","happyescorts","https://www.google.com/"
"","happyfacials","https://www.google.com/"
"","happyfuck","https://www.google.com/"
"","happygrin","https://www.google.com/"
"","happyhandjobs","https://www.google.com/"
"","happyhentai","https://www.google.com/"
"","happyhoeschen","https://www.google.com/"
"","happyhoohoo","https://www.google.com/"
"","happyhorndogs","https://www.google.com/"
"","happyhost","https://www.google.com/"
"","happyhug","https://www.google.com/"
"","happyinsertions","https://www.google.com/"
"","happy-island","https://www.google.com/"
"","happyjav","https://www.google.com/"
"","happylesbi","https://www.google.com/"
"","happylifenu","https://www.google.com/"
"","happymail","https://www.google.com/"
"","happymatures","https://www.google.com/"
"","happymoon","https://www.google.com/"
"","happy-multimedia","https://www.google.com/"
"","happynakedteengirls","https://www.google.com/"
"","happynature","https://www.google.com/"
"","happy-night","https://www.google.com/"
"","happynomad","https://www.google.com/"
"","happynudeteen","https://www.google.com/"
"","happypants","https://www.google.com/"
"","happypecker","https://www.google.com/"
"","happypersonals","https://www.google.com/"
"","happypinx","https://www.google.com/"
"","happy-porn","https://www.google.com/"
"","happyporn","https://www.google.com/"
"","happypornstars","https://www.google.com/"
"","happy-pussy","https://www.google.com/"
