"﻿""id""","read","recommended"
"","bigtitcreampie","https://www.google.com/"
"","bigtitcumshots","https://www.google.com/"
"","bigtitcurves","https://www.google.com/"
"","bigtiteporn","https://www.google.com/"
"","bigtitfantasies","https://www.google.com/"
"","bigtitfever","https://www.google.com/"
"","bigtitfilms","https://www.google.com/"
"","bigtitfuck","https://www.google.com/"
"","bigtitfucktube","https://www.google.com/"
"","bigtitgirls","https://www.google.com/"
"","bigtithandjobs","https://www.google.com/"
"","bigtithentai","https://www.google.com/"
"","bigtithitomi","https://www.google.com/"
"","bigtithooker","https://www.google.com/"
"","bigtithookers","https://www.google.com/"
"","bigtithotmovies","https://www.google.com/"
"","bigtithotties","https://www.google.com/"
"","bigtithound","https://www.google.com/"
"","bigtithub","https://www.google.com/"
"","bigtithut","https://www.google.com/"
"","bigtities","https://www.google.com/"
"","bigtitinvasion","https://www.google.com/"
"","bigtitladies","https://www.google.com/"
"","bigtitland","https://www.google.com/"
"","bigtitlesbian","https://www.google.com/"
"","big-tit-lesbians","https://www.google.com/"
"","bigtitlinks","https://www.google.com/"
"","bigtit-lover","https://www.google.com/"
"","bigtitmate","https://www.google.com/"
"","big-tit-milf","https://www.google.com/"
"","bigtitmilf","https://www.google.com/"
"","bigtitmommy","https://www.google.com/"
"","bigtitmompics","https://www.google.com/"
"","bigtitmoms","https://www.google.com/"
"","bigtitmovieclub","https://www.google.com/"
"","bigtit-movies","https://www.google.com/"
"","big-tit-movies","https://www.google.com/"
"","bigtitmovies","https://www.google.com/"
"","big-tit","https://www.google.com/"
"","bigtitoncam","https://www.google.com/"
"","bigtitpalace","https://www.google.com/"
"","bigtitpatrol","https://www.google.com/"
"","big-tit-phone-sex","https://www.google.com/"
"","bigtitphonesex","https://www.google.com/"
"","big-tit-porn","https://www.google.com/"
"","bigtitporn","https://www.google.com/"
"","big-tit-porn-links","https://www.google.com/"
"","bigtitporno","https://www.google.com/"
"","bigtitpornpass","https://www.google.com/"
"","bigtitpornpassmobile","https://www.google.com/"
"","bigtitpornpics","https://www.google.com/"
"","big-tit-porn-star","https://www.google.com/"
"","bigtitpornstar","https://www.google.com/"
"","bigtitpornstars","https://www.google.com/"
"","bigtitpost","https://www.google.com/"
"","bigtitpower","https://www.google.com/"
"","bigtitqueens","https://www.google.com/"
"","bigtitranch","https://www.google.com/"
"","bigtits19","https://www.google.com/"
"","bigtits2k","https://www.google.com/"
"","bigtits303","https://www.google.com/"
"","big-tits3","https://www.google.com/"
"","bigtits4real","https://www.google.com/"
"","bigtits4sex","https://www.google.com/"
"","bigtits4u","https://www.google.com/"
"","bigtits69","https://www.google.com/"
"","bigtits7","https://www.google.com/"
"","bigtitsaction","https://www.google.com/"
"","big-tits-and-asses","https://www.google.com/"
"","bigtitsanhotchicks","https://www.google.com/"
"","bigtits-archive","https://www.google.com/"
"","bigtitsarena","https://www.google.com/"
"","big-tits-ass","https://www.google.com/"
"","bigtitsass","https://www.google.com/"
"","bigtitsathome","https://www.google.com/"
"","bigtitsatschool6","https://www.google.com/"
"","bigtitsatschool","https://www.google.com/"
"","bigtitsatschoolgallery","https://www.google.com/"
"","big-tits-at-school","https://www.google.com/"
"","big-tits-at-work","https://www.google.com/"
"","bigtitsatwork","https://www.google.com/"
"","bigtitsatworkhd","https://www.google.com/"
"","bigtitsatworksamples","https://www.google.com/"
"","bigtits-babes","https://www.google.com/"
"","bigtitsbabesfuck","https://www.google.com/"
"","bigtitsbabes","https://www.google.com/"
"","bigtitsbay","https://www.google.com/"
"","bigtitsbazooka","https://www.google.com/"
"","bigtitsbb","https://www.google.com/"
"","bigtitsbeach","https://www.google.com/"
"","big-tits-beauties","https://www.google.com/"
"","bigtitsbigboobs","https://www.google.com/"
"","bigtits-bigboobs","https://www.google.com/"
"","bigtitsbig","https://www.google.com/"
"","bigtitsbigdicks","https://www.google.com/"
"","bigtitsblog","https://www.google.com/"
"","bigtitsblowjob","https://www.google.com/"
"","bigtitsboob","https://www.google.com/"
"","bigtitsboobs","https://www.google.com/"
"","bigtitsbooty","https://www.google.com/"
