"﻿""id""","read","recommended"
"","datingindex","https://www.google.com/"
"","datingindustry","https://www.google.com/"
"","datinginsidernews","https://www.google.com/"
"","datingjungle","https://www.google.com/"
"","datingkey","https://www.google.com/"
"","datingkrant","https://www.google.com/"
"","dating-ladies","https://www.google.com/"
"","dating-life","https://www.google.com/"
"","datinglijst","https://www.google.com/"
"","datinglink","https://www.google.com/"
"","datinglinks","https://www.google.com/"
"","dating-list","https://www.google.com/"
"","datinglist","https://www.google.com/"
"","dating-livecams","https://www.google.com/"
"","dating-lover","https://www.google.com/"
"","datinglovers","https://www.google.com/"
"","datingmethods","https://www.google.com/"
"","datingmilf","https://www.google.com/"
"","datingnederland","https://www.google.com/"
"","datingnmore","https://www.google.com/"
"","datingodyssey","https://www.google.com/"
"","dating-older-women","https://www.google.com/"
"","dating-online-dating","https://www.google.com/"
"","dating-on-line","https://www.google.com/"
"","dating-online-sites","https://www.google.com/"
"","datingorlove","https://www.google.com/"
"","datingpagina","https://www.google.com/"
"","datingpeak","https://www.google.com/"
"","dating-personals-online","https://www.google.com/"
"","datingpersonalsonline","https://www.google.com/"
"","datingpersonalsweb","https://www.google.com/"
"","dating-photos","https://www.google.com/"
"","dating-pick","https://www.google.com/"
"","datingplaza","https://www.google.com/"
"","datingpool","https://www.google.com/"
"","datingport","https://www.google.com/"
"","datingppc","https://www.google.com/"
"","datingpursuit","https://www.google.com/"
"","datingreactor","https://www.google.com/"
"","datingreview","https://www.google.com/"
"","dating-review","https://www.google.com/"
"","dating-russian-girls","https://www.google.com/"
"","dating-russian-women","https://www.google.com/"
"","datingscout","https://www.google.com/"
"","datingsearchaustralia","https://www.google.com/"
"","datingsearchbox","https://www.google.com/"
"","dating-search","https://www.google.com/"
"","datingsecretsforyou","https://www.google.com/"
"","datingservicefocus","https://www.google.com/"
"","datingservice","https://www.google.com/"
"","datingservices","https://www.google.com/"
"","dating-services-for-singles","https://www.google.com/"
"","datingservicesite","https://www.google.com/"
"","datingservicestop","https://www.google.com/"
"","datingsex","https://www.google.com/"
"","datingsexblog","https://www.google.com/"
"","datingsexe","https://www.google.com/"
"","dating-sex","https://www.google.com/"
"","datingsexpersonals","https://www.google.com/"
"","dating-sexy-girls","https://www.google.com/"
"","datingshack","https://www.google.com/"
"","datingshare","https://www.google.com/"
"","datingshemale","https://www.google.com/"
"","datingshemales","https://www.google.com/"
"","datingsim","https://www.google.com/"
"","datingsingles","https://www.google.com/"
"","dating-singles-friendship","https://www.google.com/"
"","dating-singles-online","https://www.google.com/"
"","datingsitedirectory","https://www.google.com/"
"","datingsiteguide","https://www.google.com/"
"","dating-site-links","https://www.google.com/"
"","datingsite","https://www.google.com/"
"","datingsites1000","https://www.google.com/"
"","datingsitesadvisor","https://www.google.com/"
"","datingsitesdirectory","https://www.google.com/"
"","dating--sites","https://www.google.com/"
"","datingsiteslist","https://www.google.com/"
"","datingsites","https://www.google.com/"
"","datingsitespot","https://www.google.com/"
"","datingsitestop","https://www.google.com/"
"","datingslist","https://www.google.com/"
"","datings","https://www.google.com/"
"","datingsoftware","https://www.google.com/"
"","datingsoul","https://www.google.com/"
"","datingstart","https://www.google.com/"
"","datingsupply","https://www.google.com/"
"","datingswan","https://www.google.com/"
"","datingtime4you","https://www.google.com/"
"","dating-tips-ideas","https://www.google.com/"
"","dating-top100","https://www.google.com/"
"","dating-topbook","https://www.google.com/"
"","dating-top","https://www.google.com/"
"","datingtopia","https://www.google.com/"
"","datingtop","https://www.google.com/"
"","datingtoplijst","https://www.google.com/"
"","dating-topliste","https://www.google.com/"
"","datingtopsites","https://www.google.com/"
"","datingtorelating","https://www.google.com/"
"","datingtotaal","https://www.google.com/"
"","datingtraffic","https://www.google.com/"
