"﻿""id""","read","recommended"
"","furryherms","https://www.google.com/"
"","furryhome","https://www.google.com/"
"","furrykittens","https://www.google.com/"
"","furrykitty","https://www.google.com/"
"","furry-love","https://www.google.com/"
"","furrylove","https://www.google.com/"
"","furryporn","https://www.google.com/"
"","furrypussy","https://www.google.com/"
"","furrypussypics","https://www.google.com/"
"","furry-sex","https://www.google.com/"
"","furrysex","https://www.google.com/"
"","furrystyle","https://www.google.com/"
"","furrytoonadultart","https://www.google.com/"
"","furry-toons","https://www.google.com/"
"","furryyiff","https://www.google.com/"
"","fursandfuzzies","https://www.google.com/"
"","fu-rss","https://www.google.com/"
"","fursuitsex","https://www.google.com/"
"","furycash","https://www.google.com/"
"","furypix","https://www.google.com/"
"","fusion101","https://www.google.com/"
"","fusionpics","https://www.google.com/"
"","fusites","https://www.google.com/"
"","fuskator","https://www.google.com/"
"","fuskered","https://www.google.com/"
"","fusker","https://www.google.com/"
"","fussball-girls","https://www.google.com/"
"","fussclub","https://www.google.com/"
"","fussdate","https://www.google.com/"
"","fussduft","https://www.google.com/"
"","fusseros","https://www.google.com/"
"","fusserotik","https://www.google.com/"
"","fusserotikjeanne","https://www.google.com/"
"","fussfee-tina","https://www.google.com/"
"","fussfetisch-bilder","https://www.google.com/"
"","fussfetischbilder","https://www.google.com/"
"","fuss-fetisch","https://www.google.com/"
"","fussfetisch","https://www.google.com/"
"","fuss-fetisch-galerie","https://www.google.com/"
"","fussfetischisten","https://www.google.com/"
"","fussfetisch-pics","https://www.google.com/"
"","fuss-fetish","https://www.google.com/"
"","fussfoto","https://www.google.com/"
"","fussfreude","https://www.google.com/"
"","fussfreunde","https://www.google.com/"
"","fussgeil","https://www.google.com/"
"","fuss-high-heels","https://www.google.com/"
"","fuss-high-heels-shop","https://www.google.com/"
"","fusshimmel","https://www.google.com/"
"","fussjob","https://www.google.com/"
"","fusskuss","https://www.google.com/"
"","fusslady","https://www.google.com/"
"","fusslovers","https://www.google.com/"
"","fussluder","https://www.google.com/"
"","fusslust","https://www.google.com/"
"","fussparty","https://www.google.com/"
"","fussphantasie","https://www.google.com/"
"","fussring","https://www.google.com/"
"","fuss-schuhe","https://www.google.com/"
"","fuss-seek","https://www.google.com/"
"","fuss-sklave","https://www.google.com/"
"","fusstraum","https://www.google.com/"
"","fussverehrer","https://www.google.com/"
"","futacore","https://www.google.com/"
"","futadoujin","https://www.google.com/"
"","futafan","https://www.google.com/"
"","futafemdom","https://www.google.com/"
"","futa-girl","https://www.google.com/"
"","futahentaianime","https://www.google.com/"
"","futahentai","https://www.google.com/"
"","futaigratis","https://www.google.com/"
"","futaiporno","https://www.google.com/"
"","futaiuri","https://www.google.com/"
"","futanaria","https://www.google.com/"
"","futanarianime","https://www.google.com/"
"","futanariart","https://www.google.com/"
"","futanarias","https://www.google.com/"
"","futanaribigtits","https://www.google.com/"
"","futanaribox","https://www.google.com/"
"","futanaribride","https://www.google.com/"
"","futanaricartoon","https://www.google.com/"
"","futanari-cartoons","https://www.google.com/"
"","futanaricartoons","https://www.google.com/"
"","futanari","https://www.google.com/"
"","futanaricock","https://www.google.com/"
"","futanaricollection","https://www.google.com/"
"","futanaricomics","https://www.google.com/"
"","futanaridick","https://www.google.com/"
"","futanaridolls","https://www.google.com/"
"","futanari-doujin","https://www.google.com/"
"","futanaries","https://www.google.com/"
"","futanari-gallery","https://www.google.com/"
"","futanarigallery","https://www.google.com/"
"","futanarigirls","https://www.google.com/"
"","futanarigold","https://www.google.com/"
"","futanariguide","https://www.google.com/"
"","futanari-hentai","https://www.google.com/"
"","futanarihentaidickgirls","https://www.google.com/"
"","futanarihentai","https://www.google.com/"
"","futanarihq","https://www.google.com/"
