"﻿""id""","read","recommended"
"","fuckphone","https://www.google.com/"
"","fuckphotograph","https://www.google.com/"
"","fuckpics","https://www.google.com/"
"","fuckpicsfree","https://www.google.com/"
"","fuck-pictures","https://www.google.com/"
"","fuckpies","https://www.google.com/"
"","fuckpix","https://www.google.com/"
"","fuckpixxx","https://www.google.com/"
"","fuckplace","https://www.google.com/"
"","fuckplex","https://www.google.com/"
"","fuckplz","https://www.google.com/"
"","fuckpony","https://www.google.com/"
"","fuckporn","https://www.google.com/"
"","fuckporngames","https://www.google.com/"
"","fuckpornmovies","https://www.google.com/"
"","fuck-porno","https://www.google.com/"
"","fuckpornos","https://www.google.com/"
"","fuckpornpics","https://www.google.com/"
"","fuckpornsex","https://www.google.com/"
"","fuckporns","https://www.google.com/"
"","fuck-porn-tube","https://www.google.com/"
"","fuckporntube","https://www.google.com/"
"","fuckpornvideo","https://www.google.com/"
"","fuckpost","https://www.google.com/"
"","fuck-power","https://www.google.com/"
"","fuckproducts","https://www.google.com/"
"","fuckproject","https://www.google.com/"
"","fuckpros","https://www.google.com/"
"","fuckpuppy","https://www.google.com/"
"","fuckpussies","https://www.google.com/"
"","fuckpussyclips","https://www.google.com/"
"","fuckpussy","https://www.google.com/"
"","fuck-pussy","https://www.google.com/"
"","fuckpussyporn","https://www.google.com/"
"","fuckpussys","https://www.google.com/"
"","fuckpussysex","https://www.google.com/"
"","fuckpussytube","https://www.google.com/"
"","fuckrape","https://www.google.com/"
"","fuckride","https://www.google.com/"
"","fuckrightnow","https://www.google.com/"
"","fuckru","https://www.google.com/"
"","fucks69","https://www.google.com/"
"","fucksaddam","https://www.google.com/"
"","fucksakes","https://www.google.com/"
"","fucksamples","https://www.google.com/"
"","fuck-scene","https://www.google.com/"
"","fuckschoolgirls","https://www.google.com/"
"","fuckschool","https://www.google.com/"
"","fucks","https://www.google.com/"
"","fucksearch","https://www.google.com/"
"","fucksee","https://www.google.com/"
"","fucksexclips","https://www.google.com/"
"","fucksex","https://www.google.com/"
"","fucksexporn","https://www.google.com/"
"","fucksexstory","https://www.google.com/"
"","fucksextube","https://www.google.com/"
"","fucksextubes","https://www.google.com/"
"","fucksexvideo","https://www.google.com/"
"","fucksexvideos","https://www.google.com/"
"","fucksexxx","https://www.google.com/"
"","fucksexybabes","https://www.google.com/"
"","fucksexy","https://www.google.com/"
"","fucksexygirl","https://www.google.com/"
"","fucksexygirls","https://www.google.com/"
"","fucksexytwink","https://www.google.com/"
"","fucks-girls","https://www.google.com/"
"","fuckshane","https://www.google.com/"
"","fuckshd","https://www.google.com/"
"","fucksheep","https://www.google.com/"
"","fuck-shemale","https://www.google.com/"
"","fuckshet","https://www.google.com/"
"","fuckshit","https://www.google.com/"
"","fuckshop","https://www.google.com/"
"","fuckshow","https://www.google.com/"
"","fuck-site","https://www.google.com/"
"","fucksite","https://www.google.com/"
"","fucksleepymom","https://www.google.com/"
"","fuckslut","https://www.google.com/"
"","fuckslut-license-test","https://www.google.com/"
"","fuck-sluts","https://www.google.com/"
"","fucksmature","https://www.google.com/"
"","fucks-mom","https://www.google.com/"
"","fucksmut","https://www.google.com/"
"","fucksomesenseintome","https://www.google.com/"
"","fucksouthdakota","https://www.google.com/"
"","fuckspace","https://www.google.com/"
"","fuckspain","https://www.google.com/"
"","fucksporn","https://www.google.com/"
"","fuckspy","https://www.google.com/"
"","fuckstarmovies","https://www.google.com/"
"","fuckstars","https://www.google.com/"
"","fuckstation","https://www.google.com/"
"","fuckstreet","https://www.google.com/"
"","fuckstudents","https://www.google.com/"
"","fuckstudies","https://www.google.com/"
"","fuck-suck","https://www.google.com/"
"","fucksuckteens","https://www.google.com/"
"","fucktails","https://www.google.com/"
"","fucktapes","https://www.google.com/"
"","fucktastic","https://www.google.com/"
