"﻿""id""","read","recommended"
"","famousmales","https://www.google.com/"
"","famousmilf","https://www.google.com/"
"","famous-music","https://www.google.com/"
"","famousnetwork","https://www.google.com/"
"","famousnipple","https://www.google.com/"
"","famousnudegirls","https://www.google.com/"
"","famous-nudes","https://www.google.com/"
"","famousnudes","https://www.google.com/"
"","famous-people-nude","https://www.google.com/"
"","famous-people-search","https://www.google.com/"
"","famousplastic","https://www.google.com/"
"","famousporn","https://www.google.com/"
"","famouspornstarmovies","https://www.google.com/"
"","famouspornstarsblog","https://www.google.com/"
"","famous-porn-stars","https://www.google.com/"
"","famous-pornstars","https://www.google.com/"
"","famouspornstars","https://www.google.com/"
"","famouspornstarstube","https://www.google.com/"
"","famous-porn","https://www.google.com/"
"","famous-pussies","https://www.google.com/"
"","famouspussy","https://www.google.com/"
"","famousqt","https://www.google.com/"
"","famousshots","https://www.google.com/"
"","famousslut","https://www.google.com/"
"","famoussluts","https://www.google.com/"
"","famoustitties","https://www.google.com/"
"","famous-toon-porn","https://www.google.com/"
"","famous-toons","https://www.google.com/"
"","famous-toons-facial","https://www.google.com/"
"","famoustoonsfacial","https://www.google.com/"
"","famoustoons","https://www.google.com/"
"","famouswomen","https://www.google.com/"
"","famoworld","https://www.google.com/"
"","famsupport","https://www.google.com/"
"","fan2beurette","https://www.google.com/"
"","fan2cam","https://www.google.com/"
"","fan2cougar","https://www.google.com/"
"","fan2q","https://www.google.com/"
"","fan2sexe","https://www.google.com/"
"","fan2trans","https://www.google.com/"
"","fan5","https://www.google.com/"
"","fanasexe","https://www.google.com/"
"","fanaticinema","https://www.google.com/"
"","fanatix","https://www.google.com/"
"","fanatixxx","https://www.google.com/"
"","fanboy-dreams","https://www.google.com/"
"","fanbridge","https://www.google.com/"
"","fancentro","https://www.google.com/"
"","fanclubs","https://www.google.com/"
"","fancy18","https://www.google.com/"
"","fancy7","https://www.google.com/"
"","fancy-dreams","https://www.google.com/"
"","fancydreams","https://www.google.com/"
"","fancyescort","https://www.google.com/"
"","fancyfannys","https://www.google.com/"
"","fancyfreeporn","https://www.google.com/"
"","fancy-girls","https://www.google.com/"
"","fancygirls","https://www.google.com/"
"","fancylad","https://www.google.com/"
"","fancylinks","https://www.google.com/"
"","fancylounge","https://www.google.com/"
"","fancymatures","https://www.google.com/"
"","fancy-panties","https://www.google.com/"
"","fancypornvideo","https://www.google.com/"
"","fancysatinpanties","https://www.google.com/"
"","fancystockings","https://www.google.com/"
"","fandangos","https://www.google.com/"
"","fandc","https://www.google.com/"
"","fandemecs","https://www.google.com/"
"","fan-de-sex","https://www.google.com/"
"","fandesexo","https://www.google.com/"
"","fandom","https://www.google.com/"
"","fandor","https://www.google.com/"
"","fanesporn","https://www.google.com/"
"","faneti","https://www.google.com/"
"","fanexhib","https://www.google.com/"
"","fanfiction","https://www.google.com/"
"","fanfictionxxx","https://www.google.com/"
"","fangirlz","https://www.google.com/"
"","fanhentai","https://www.google.com/"
"","fanmirror","https://www.google.com/"
"","fanmix","https://www.google.com/"
"","fannie","https://www.google.com/"
"","fannyfrance","https://www.google.com/"
"","fannyfux","https://www.google.com/"
"","fannyhill","https://www.google.com/"
"","fanny-hill","https://www.google.com/"
"","fannyhub","https://www.google.com/"
"","fanofpain","https://www.google.com/"
"","fan-pages","https://www.google.com/"
"","fanpal","https://www.google.com/"
"","fanpix","https://www.google.com/"
"","fanplusfriend","https://www.google.com/"
"","fansadox","https://www.google.com/"
"","fansdecollants","https://www.google.com/"
"","fansexe","https://www.google.com/"
"","fansitez","https://www.google.com/"
"","fanstalker","https://www.google.com/"
"","fansygay","https://www.google.com/"
"","fantacyfootball","https://www.google.com/"
