"﻿""id""","read","recommended"
"","freepornhere","https://www.google.com/"
"","freepornhideout","https://www.google.com/"
"","freepornhits","https://www.google.com/"
"","freeporn-ho","https://www.google.com/"
"","freepornhome","https://www.google.com/"
"","freepornhomepage","https://www.google.com/"
"","freepornhot","https://www.google.com/"
"","freepornhq","https://www.google.com/"
"","freepornhub","https://www.google.com/"
"","freepornhunt","https://www.google.com/"
"","freepornhunter","https://www.google.com/"
"","freepornii","https://www.google.com/"
"","freepornik","https://www.google.com/"
"","freepornimages","https://www.google.com/"
"","freeporninhd","https://www.google.com/"
"","freepornjerk","https://www.google.com/"
"","freepornjokes","https://www.google.com/"
"","freepornjpg","https://www.google.com/"
"","freepornlab","https://www.google.com/"
"","freepornlatex","https://www.google.com/"
"","freepornlatina","https://www.google.com/"
"","freepornlegs","https://www.google.com/"
"","freepornlessons","https://www.google.com/"
"","freepornlife","https://www.google.com/"
"","freepornlinkz","https://www.google.com/"
"","freepornlookup","https://www.google.com/"
"","freepornloot","https://www.google.com/"
"","freepornlove","https://www.google.com/"
"","free-porn-magazine","https://www.google.com/"
"","freepornmart","https://www.google.com/"
"","free-porn-masters","https://www.google.com/"
"","freepornmate","https://www.google.com/"
"","freepornmatrix","https://www.google.com/"
"","free-porn-mature","https://www.google.com/"
"","freepornmatures","https://www.google.com/"
"","freepornmayhem","https://www.google.com/"
"","freepornmembership","https://www.google.com/"
"","freepornmistress","https://www.google.com/"
"","free-porn-mom","https://www.google.com/"
"","freepornmovieblog","https://www.google.com/"
"","freepornmovieclips","https://www.google.com/"
"","free-porn-movie-downloads","https://www.google.com/"
"","free-porn-movie","https://www.google.com/"
"","free-pornmovie","https://www.google.com/"
"","freepornmovie","https://www.google.com/"
"","freepornmovies","https://www.google.com/"
"","freepornmoviesdownloads","https://www.google.com/"
"","free-porn-movies","https://www.google.com/"
"","freepornmoviesvidz","https://www.google.com/"
"","freepornmovs","https://www.google.com/"
"","freepornmpg","https://www.google.com/"
"","freepornnetwork","https://www.google.com/"
"","freepornnow","https://www.google.com/"
"","freeporno18","https://www.google.com/"
"","freeporno4k","https://www.google.com/"
"","freepornoamateurs","https://www.google.com/"
"","freeporno","https://www.google.com/"
"","free-porno","https://www.google.com/"
"","freepornoavi","https://www.google.com/"
"","freepornocams","https://www.google.com/"
"","freepornochat","https://www.google.com/"
"","freepornofiles","https://www.google.com/"
"","freepornofilm","https://www.google.com/"
"","free-pornofilme","https://www.google.com/"
"","freepornofilms","https://www.google.com/"
"","freepornofreeporn","https://www.google.com/"
"","freeporno-freesex","https://www.google.com/"
"","freepornogallery","https://www.google.com/"
"","freepornogames","https://www.google.com/"
"","freepornogay","https://www.google.com/"
"","freepornography","https://www.google.com/"
"","free-pornography-pics","https://www.google.com/"
"","freepornographysites","https://www.google.com/"
"","freepornohard","https://www.google.com/"
"","freepornohunter","https://www.google.com/"
"","freepornok","https://www.google.com/"
"","freepornolinks","https://www.google.com/"
"","freepornolist","https://www.google.com/"
"","freepornomilfs","https://www.google.com/"
"","freepornomovies","https://www.google.com/"
"","freepornompg","https://www.google.com/"
"","freepornonly","https://www.google.com/"
"","freepornonmobile","https://www.google.com/"
"","free-porno-now","https://www.google.com/"
"","freepornoonline","https://www.google.com/"
"","free-porno-photo","https://www.google.com/"
"","freepornopictures","https://www.google.com/"
"","freepornopix","https://www.google.com/"
"","freepornoresource","https://www.google.com/"
"","freepornos20","https://www.google.com/"
"","freepornosalute","https://www.google.com/"
"","freepornos","https://www.google.com/"
"","freepornoseries","https://www.google.com/"
"","freepornoserver","https://www.google.com/"
"","freepornosite","https://www.google.com/"
"","free-pornos","https://www.google.com/"
"","freepornoteens","https://www.google.com/"
"","free-porno-trailer","https://www.google.com/"
"","freepornovideo","https://www.google.com/"
"","free-porno-video","https://www.google.com/"
