"﻿""id""","read","recommended"
"","gay-dreams","https://www.google.com/"
"","gaydreams","https://www.google.com/"
"","gaydreamtube","https://www.google.com/"
"","gaydrunk","https://www.google.com/"
"","gaydu","https://www.google.com/"
"","gaydude","https://www.google.com/"
"","gaydudes","https://www.google.com/"
"","gaydudez","https://www.google.com/"
"","gayduweb","https://www.google.com/"
"","gaydvd","https://www.google.com/"
"","gaydvdblog","https://www.google.com/"
"","gay-dvd-download","https://www.google.com/"
"","gaydvdempire","https://www.google.com/"
"","gaydvdeurope","https://www.google.com/"
"","gaydvdfrance","https://www.google.com/"
"","gay-dvdmegashop","https://www.google.com/"
"","gaydvdrentals","https://www.google.com/"
"","gaydvdreview","https://www.google.com/"
"","gaydvds","https://www.google.com/"
"","gay-dvds","https://www.google.com/"
"","gay-dvds-for-women-and-men","https://www.google.com/"
"","gay-dvd-shop","https://www.google.com/"
"","gaydvdshop","https://www.google.com/"
"","gaydvduk","https://www.google.com/"
"","gaydvdversand","https://www.google.com/"
"","gayebonydating","https://www.google.com/"
"","gayebonyporn","https://www.google.com/"
"","gayebonystuds","https://www.google.com/"
"","gayebonyxxx","https://www.google.com/"
"","gayedmonton","https://www.google.com/"
"","gayedtube","https://www.google.com/"
"","gayeducation","https://www.google.com/"
"","gayel","https://www.google.com/"
"","gayelit","https://www.google.com/"
"","gayellowpages","https://www.google.com/"
"","gayemart","https://www.google.com/"
"","gayemovideo","https://www.google.com/"
"","gayemperor","https://www.google.com/"
"","gayempire","https://www.google.com/"
"","gayenergytube","https://www.google.com/"
"","gayengage","https://www.google.com/"
"","gayenvideo","https://www.google.com/"
"","gayeporn","https://www.google.com/"
"","gayerboys","https://www.google.com/"
"","gayerection","https://www.google.com/"
"","gayeroticarchives","https://www.google.com/"
"","gayerotic","https://www.google.com/"
"","gayeroticmedia","https://www.google.com/"
"","gayerotico","https://www.google.com/"
"","gayeroticsites","https://www.google.com/"
"","gayeroticstories","https://www.google.com/"
"","gayeroticstory","https://www.google.com/"
"","gayeroticvideoindex","https://www.google.com/"
"","gayerotika","https://www.google.com/"
"","gay-erotik","https://www.google.com/"
"","gayerotik","https://www.google.com/"
"","gayerotixxx","https://www.google.com/"
"","gayescort","https://www.google.com/"
"","gayescortclub","https://www.google.com/"
"","gay-escort","https://www.google.com/"
"","gayescortlist","https://www.google.com/"
"","gay-escorts","https://www.google.com/"
"","gayescortsnow","https://www.google.com/"
"","gayescortsuk","https://www.google.com/"
"","gayescortweb","https://www.google.com/"
"","gayestboys","https://www.google.com/"
"","gayestporn","https://www.google.com/"
"","gayetc","https://www.google.com/"
"","gayeuro","https://www.google.com/"
"","gayeuropa","https://www.google.com/"
"","gayevents","https://www.google.com/"
"","gayeveryday","https://www.google.com/"
"","gayeverything","https://www.google.com/"
"","gayexploration","https://www.google.com/"
"","gayexplorer","https://www.google.com/"
"","gayexplosion","https://www.google.com/"
"","gayextrait","https://www.google.com/"
"","gayextremes","https://www.google.com/"
"","gayextremetube","https://www.google.com/"
"","gayezine","https://www.google.com/"
"","gayfacial","https://www.google.com/"
"","gayfacials","https://www.google.com/"
"","gayfacialsxxx","https://www.google.com/"
"","gayfactory","https://www.google.com/"
"","gayfall","https://www.google.com/"
"","gayfamilyporn","https://www.google.com/"
"","gayfan","https://www.google.com/"
"","gayfantasia","https://www.google.com/"
"","gayfantastic","https://www.google.com/"
"","gayfantasy","https://www.google.com/"
"","gayfarmsex","https://www.google.com/"
"","gayfartclub","https://www.google.com/"
"","gay-favoris","https://www.google.com/"
"","gayfeast","https://www.google.com/"
"","gayfeedlist","https://www.google.com/"
"","gayfelch","https://www.google.com/"
"","gayfellatio","https://www.google.com/"
"","gayfestijn","https://www.google.com/"
"","gayfetard","https://www.google.com/"
"","gayfetish","https://www.google.com/"
