"﻿""id""","read","recommended"
"","club-mikatan","https://www.google.com/"
"","club-mikayla","https://www.google.com/"
"","clubmikosinz","https://www.google.com/"
"","clubmilfs","https://www.google.com/"
"","clubmillianblu","https://www.google.com/"
"","clubmillymoris","https://www.google.com/"
"","clubmimiallen","https://www.google.com/"
"","clubmindymain","https://www.google.com/"
"","clubmischabrooks","https://www.google.com/"
"","clubmissidaniels","https://www.google.com/"
"","clubmissystone","https://www.google.com/"
"","clubmistilove","https://www.google.com/"
"","clubmistystone","https://www.google.com/"
"","clubmodel","https://www.google.com/"
"","clubmodels24","https://www.google.com/"
"","club-mollybennett","https://www.google.com/"
"","clubmonicamorales","https://www.google.com/"
"","clubmonicasexxxton","https://www.google.com/"
"","clubmonickajaymes","https://www.google.com/"
"","club-moniquealexander","https://www.google.com/"
"","clubmorganlayne","https://www.google.com/"
"","clubmorganreigns","https://www.google.com/"
"","clubmpv","https://www.google.com/"
"","clubmulanirivera","https://www.google.com/"
"","clubmuscle","https://www.google.com/"
"","clubmyafox","https://www.google.com/"
"","club-myaluanna","https://www.google.com/"
"","clubmyanichole","https://www.google.com/"
"","clubmylamontez","https://www.google.com/"
"","clubmylievilla","https://www.google.com/"
"","club-mystique","https://www.google.com/"
"","clubnadiaaria","https://www.google.com/"
"","clubnadiahilton","https://www.google.com/"
"","clubnadianoel","https://www.google.com/"
"","clubnadiastyles","https://www.google.com/"
"","club-nanou","https://www.google.com/"
"","clubnanou","https://www.google.com/"
"","clubnataliarossi","https://www.google.com/"
"","clubnataliawoods","https://www.google.com/"
"","clubnataliesparks","https://www.google.com/"
"","clubnatalievegas","https://www.google.com/"
"","clubnatashanice","https://www.google.com/"
"","clubnaughtyamerica","https://www.google.com/"
"","clubnauticathorn","https://www.google.com/"
"","clubnegros","https://www.google.com/"
"","club-nevaeh","https://www.google.com/"
"","clubnewriddershof","https://www.google.com/"
"","clubnicholeheiress","https://www.google.com/"
"","club-nicoleaniston","https://www.google.com/"
"","clubnicoleray","https://www.google.com/"
"","clubnicolesavage","https://www.google.com/"
"","clubnikanoire","https://www.google.com/"
"","club-nikitavalentin","https://www.google.com/"
"","clubnikitavonjames","https://www.google.com/"
"","club-nikkianne","https://www.google.com/"
"","club-nikkibenz","https://www.google.com/"
"","club-nikkibrooks","https://www.google.com/"
"","club-nikki","https://www.google.com/"
"","clubnikkidaniels","https://www.google.com/"
"","clubnikkidelano","https://www.google.com/"
"","clubnikkinova","https://www.google.com/"
"","club-nikkirhodes","https://www.google.com/"
"","club-nikkisexx","https://www.google.com/"
"","clubnikkycase","https://www.google.com/"
"","clubninahartley","https://www.google.com/"
"","clubnn","https://www.google.com/"
"","clubno1","https://www.google.com/"
"","clubnonstop","https://www.google.com/"
"","clubnord","https://www.google.com/"
"","clubnylon","https://www.google.com/"
"","clubnyomibanxxx","https://www.google.com/"
"","clubnyomimarcela","https://www.google.com/"
"","clubofbeauty","https://www.google.com/"
"","clubofgirls","https://www.google.com/"
"","clubofporn","https://www.google.com/"
"","clubofsex","https://www.google.com/"
"","clubolympe","https://www.google.com/"
"","clubonline","https://www.google.com/"
"","cluboq","https://www.google.com/"
"","cluborgasm","https://www.google.com/"
"","cluborgies","https://www.google.com/"
"","clubosalovely","https://www.google.com/"
"","clubpage","https://www.google.com/"
"","clubpaigetaylor","https://www.google.com/"
"","clubpaigeturnah","https://www.google.com/"
"","clubpanorama","https://www.google.com/"
"","club-paolarey","https://www.google.com/"
"","clubparadisefound","https://www.google.com/"
"","club-paradise","https://www.google.com/"
"","clubparisgables","https://www.google.com/"
"","club-partir","https://www.google.com/"
"","clubpartners","https://www.google.com/"
"","club-pascha","https://www.google.com/"
"","clubpassion1","https://www.google.com/"
"","club-paulinajames","https://www.google.com/"
"","clubpayless","https://www.google.com/"
"","clubpedestal","https://www.google.com/"
"","club-pegas","https://www.google.com/"
"","clubpenelopepiper","https://www.google.com/"
"","club-pennyflame","https://www.google.com/"
