"﻿""id""","read","recommended"
"","gayxzone","https://www.google.com/"
"","gayyaoiporn","https://www.google.com/"
"","gayyappo","https://www.google.com/"
"","gayyoungboys","https://www.google.com/"
"","gayyoungporn","https://www.google.com/"
"","gayyouporn","https://www.google.com/"
"","gayyouthuk","https://www.google.com/"
"","gayz","https://www.google.com/"
"","gayzeen","https://www.google.com/"
"","gayzer","https://www.google.com/"
"","gayzilla","https://www.google.com/"
"","gayzipper","https://www.google.com/"
"","gayzon","https://www.google.com/"
"","gayzone24","https://www.google.com/"
"","gayzone","https://www.google.com/"
"","gay-zone","https://www.google.com/"
"","gayzonetgp","https://www.google.com/"
"","gayzoo","https://www.google.com/"
"","gayzoom","https://www.google.com/"
"","gayzooporn","https://www.google.com/"
"","gay-zoo-sex","https://www.google.com/"
"","gayzvids","https://www.google.com/"
"","gayzzy","https://www.google.com/"
"","gazelles-hunter","https://www.google.com/"
"","gaziantepolur","https://www.google.com/"
"","gazongas","https://www.google.com/"
"","gazporn","https://www.google.com/"
"","gbcash","https://www.google.com/"
"","gb","https://www.google.com/"
"","gbd-allizee","https://www.google.com/"
"","gbd-amy","https://www.google.com/"
"","gbd-cash","https://www.google.com/"
"","gbd-galleries","https://www.google.com/"
"","gbd-jean","https://www.google.com/"
"","gbd-reseller","https://www.google.com/"
"","gbd-shinygirls","https://www.google.com/"
"","gbd-vicky","https://www.google.com/"
"","gbf-hosted","https://www.google.com/"
"","gbitches","https://www.google.com/"
"","gbja","https://www.google.com/"
"","gblondonescorts","https://www.google.com/"
"","gbmovies","https://www.google.com/"
"","gbook","https://www.google.com/"
"","gbporn","https://www.google.com/"
"","gbporno","https://www.google.com/"
"","gbsexcontacts","https://www.google.com/"
"","gbucks","https://www.google.com/"
"","gc2b","https://www.google.com/"
"","gcanarchy","https://www.google.com/"
"","g-cash","https://www.google.com/"
"","gceleb","https://www.google.com/"
"","gckdg7","https://www.google.com/"
"","gclub","https://www.google.com/"
"","gcruise","https://www.google.com/"
"","gcwp","https://www.google.com/"
"","gdb-host","https://www.google.com/"
"","gdeporno","https://www.google.com/"
"","g-disk","https://www.google.com/"
"","gdmltd","https://www.google.com/"
"","gdpmovies","https://www.google.com/"
"","gdpsrj","https://www.google.com/"
"","gdrepro","https://www.google.com/"
"","gdta","https://www.google.com/"
"","gdtube","https://www.google.com/"
"","gdude-jp","https://www.google.com/"
"","gduporno","https://www.google.com/"
"","gduroy","https://www.google.com/"
"","gdvid","https://www.google.com/"
"","gearaction","https://www.google.com/"
"","gearessentials","https://www.google.com/"
"","gearfetish","https://www.google.com/"
"","gearplay","https://www.google.com/"
"","gearslut","https://www.google.com/"
"","geblinddoekt","https://www.google.com/"
"","gebloggtes","https://www.google.com/"
"","geburtenbilder","https://www.google.com/"
"","geburtsbilder","https://www.google.com/"
"","g-e-c","https://www.google.com/"
"","gececa","https://www.google.com/"
"","geciktiricihap","https://www.google.com/"
"","geciktirici","https://www.google.com/"
"","gec-marconi","https://www.google.com/"
"","gedan","https://www.google.com/"
"","gedehnt","https://www.google.com/"
"","gedich","https://www.google.com/"
"","gedonist","https://www.google.com/"
"","gedwongenseks","https://www.google.com/"
"","gedwongensex","https://www.google.com/"
"","geeb","https://www.google.com/"
"","geefme","https://www.google.com/"
"","geekdroppings","https://www.google.com/"
"","geekerotica","https://www.google.com/"
"","geekfreaks","https://www.google.com/"
"","geekgirlsex","https://www.google.com/"
"","geekgirlsonline","https://www.google.com/"
"","geekgo","https://www.google.com/"
"","geekissues","https://www.google.com/"
"","geeklife","https://www.google.com/"
"","geeklust","https://www.google.com/"
"","geekporn","https://www.google.com/"
