"﻿""id""","read","recommended"
"","germancuties","https://www.google.com/"
"","german-femdom","https://www.google.com/"
"","german-fetish-ball","https://www.google.com/"
"","germanfetishball","https://www.google.com/"
"","german-fetish-fair","https://www.google.com/"
"","germanfriendfinder","https://www.google.com/"
"","german-gangbang","https://www.google.com/"
"","germangirl","https://www.google.com/"
"","german-goo-boys","https://www.google.com/"
"","germangooboys","https://www.google.com/"
"","germangoogirls","https://www.google.com/"
"","german-goo-girls","https://www.google.com/"
"","german-grandma","https://www.google.com/"
"","germangrannies","https://www.google.com/"
"","germangranny","https://www.google.com/"
"","germangrannytube","https://www.google.com/"
"","germanhouswife","https://www.google.com/"
"","germanic","https://www.google.com/"
"","germanliquids","https://www.google.com/"
"","germanlove","https://www.google.com/"
"","german-mature","https://www.google.com/"
"","germanmodelsonline","https://www.google.com/"
"","germanmoviebabes","https://www.google.com/"
"","german-nurses","https://www.google.com/"
"","germannylonpics","https://www.google.com/"
"","germanold","https://www.google.com/"
"","germanpee","https://www.google.com/"
"","germanpics","https://www.google.com/"
"","germanporn","https://www.google.com/"
"","germanporno","https://www.google.com/"
"","german-porno-deutsch","https://www.google.com/"
"","germanpornos","https://www.google.com/"
"","german-porn-sex","https://www.google.com/"
"","german-pornstar","https://www.google.com/"
"","germanpornstars","https://www.google.com/"
"","german-porn-tube","https://www.google.com/"
"","germanscat","https://www.google.com/"
"","german-sexbilder","https://www.google.com/"
"","germansexblogs","https://www.google.com/"
"","germansex-club","https://www.google.com/"
"","germansexlinks","https://www.google.com/"
"","german-sex","https://www.google.com/"
"","germansexpics","https://www.google.com/"
"","german-sex-porn","https://www.google.com/"
"","germansextube","https://www.google.com/"
"","german-shitters","https://www.google.com/"
"","germanstreets","https://www.google.com/"
"","german-strip-girls","https://www.google.com/"
"","german-swinger","https://www.google.com/"
"","german-teenporn","https://www.google.com/"
"","germanteenporno","https://www.google.com/"
"","germanteens","https://www.google.com/"
"","german-teensex","https://www.google.com/"
"","german-teens","https://www.google.com/"
"","germanthumbs","https://www.google.com/"
"","germantop","https://www.google.com/"
"","germanvintage","https://www.google.com/"
"","germanwebcams","https://www.google.com/"
"","germanwife","https://www.google.com/"
"","germanxxxtube","https://www.google.com/"
"","germany6","https://www.google.com/"
"","germany-intim","https://www.google.com/"
"","germany-porn","https://www.google.com/"
"","germanyporno","https://www.google.com/"
"","germany-portal","https://www.google.com/"
"","germanysexguide","https://www.google.com/"
"","germanyvideochat","https://www.google.com/"
"","germanzoofuck","https://www.google.com/"
"","gernet","https://www.google.com/"
"","geroart","https://www.google.com/"
"","gero","https://www.google.com/"
"","gerontoporn","https://www.google.com/"
"","geroshop","https://www.google.com/"
"","gers-rencontres","https://www.google.com/"
"","gertibaldi","https://www.google.com/"
"","gert-project","https://www.google.com/"
"","gerucht","https://www.google.com/"
"","gery","https://www.google.com/"
"","gesamterotik","https://www.google.com/"
"","geschaeftsfelder","https://www.google.com/"
"","geschenke-traeume","https://www.google.com/"
"","geschichte-der-sexualitaet","https://www.google.com/"
"","geschlechts-verkehr","https://www.google.com/"
"","geschlechtsverkehr","https://www.google.com/"
"","geschokt","https://www.google.com/"
"","geschorenmeiden","https://www.google.com/"
"","geschoren","https://www.google.com/"
"","geschwister","https://www.google.com/"
"","gesek","https://www.google.com/"
"","gesels","https://www.google.com/"
"","gesext","https://www.google.com/"
"","gesichtsbesamer","https://www.google.com/"
"","geslaagden","https://www.google.com/"
"","geslachtsrijp","https://www.google.com/"
"","gespierdejongens","https://www.google.com/"
"","gespritzt","https://www.google.com/"
"","gestion-immo","https://www.google.com/"
"","gestoord","https://www.google.com/"
"","get69","https://www.google.com/"
"","get6","https://www.google.com/"
