"﻿""id""","read","recommended"
"","futanarilesbian","https://www.google.com/"
"","futanarilog","https://www.google.com/"
"","futanarimovies","https://www.google.com/"
"","futanariobsession","https://www.google.com/"
"","futanarionline","https://www.google.com/"
"","futanariphotogalleries","https://www.google.com/"
"","futanariponr","https://www.google.com/"
"","futanari-porn","https://www.google.com/"
"","futanaripornpics","https://www.google.com/"
"","futanarireview","https://www.google.com/"
"","futanarisensei","https://www.google.com/"
"","futanarisin","https://www.google.com/"
"","futanarisites","https://www.google.com/"
"","futanarisluts","https://www.google.com/"
"","futanarithumbs","https://www.google.com/"
"","futanaritube","https://www.google.com/"
"","futanari-video","https://www.google.com/"
"","futanarivideo","https://www.google.com/"
"","futanariworld","https://www.google.com/"
"","futanarixart","https://www.google.com/"
"","futanime","https://www.google.com/"
"","futapass","https://www.google.com/"
"","futaporn","https://www.google.com/"
"","futasex","https://www.google.com/"
"","futatoon","https://www.google.com/"
"","futie","https://www.google.com/"
"","futilestruggles","https://www.google.com/"
"","futomomo","https://www.google.com/"
"","fu-tsuma","https://www.google.com/"
"","futurama-porn","https://www.google.com/"
"","futurama-pussy","https://www.google.com/"
"","futuramos","https://www.google.com/"
"","futureboobs","https://www.google.com/"
"","futureclips","https://www.google.com/"
"","future-fetish","https://www.google.com/"
"","futurefetish","https://www.google.com/"
"","futuregay","https://www.google.com/"
"","futuregeneration","https://www.google.com/"
"","futuregroup","https://www.google.com/"
"","futuremen","https://www.google.com/"
"","future-porn","https://www.google.com/"
"","futurepowerusa","https://www.google.com/"
"","futurewebmaster","https://www.google.com/"
"","futur-sexe","https://www.google.com/"
"","futurum","https://www.google.com/"
"","fuudol","https://www.google.com/"
"","fuu-map","https://www.google.com/"
"","fux","https://www.google.com/"
"","fuxdeluxe","https://www.google.com/"
"","fuxee","https://www.google.com/"
"","fuxk","https://www.google.com/"
"","fuxnxx","https://www.google.com/"
"","fuxx","https://www.google.com/"
"","fuxxxy","https://www.google.com/"
"","fuxybabes","https://www.google.com/"
"","fuxyteens","https://www.google.com/"
"","fuxytube","https://www.google.com/"
"","fuxyvids","https://www.google.com/"
"","fuze-recordings","https://www.google.com/"
"","fuzoku-1","https://www.google.com/"
"","fuzoku2004-hi","https://www.google.com/"
"","fuzoku-dayo","https://www.google.com/"
"","fuzokudb","https://www.google.com/"
"","fuzoku-info","https://www.google.com/"
"","fuzokuinfo","https://www.google.com/"
"","fuzoku","https://www.google.com/"
"","fuzoku-link","https://www.google.com/"
"","fuzoku-navi","https://www.google.com/"
"","fuzokunotomo","https://www.google.com/"
"","fuzokurich","https://www.google.com/"
"","fuzoku-station","https://www.google.com/"
"","fuztube","https://www.google.com/"
"","fuzzlepop","https://www.google.com/"
"","fuzztime","https://www.google.com/"
"","fuzzyboys","https://www.google.com/"
"","fuzzybunnydesigns","https://www.google.com/"
"","fuzzyclips","https://www.google.com/"
"","fuzzycubs","https://www.google.com/"
"","fuzzymen","https://www.google.com/"
"","fuzzypinktacos","https://www.google.com/"
"","fuzzypussy","https://www.google.com/"
"","fuzzysex","https://www.google.com/"
"","fuzzysp","https://www.google.com/"
"","fuzzysquirrelproductions","https://www.google.com/"
"","fuzzyx","https://www.google.com/"
"","fva","https://www.google.com/"
"","fvids","https://www.google.com/"
"","fvotd","https://www.google.com/"
"","fvporn","https://www.google.com/"
"","fvs","https://www.google.com/"
"","fvx","https://www.google.com/"
"","fwat","https://www.google.com/"
"","fwd3","https://www.google.com/"
"","fw-fetishescort","https://www.google.com/"
"","fw","https://www.google.com/"
"","fwwgo","https://www.google.com/"
"","fxporn69","https://www.google.com/"
"","fxporn","https://www.google.com/"
"","fxsoftware","https://www.google.com/"
"","fx","https://www.google.com/"
