"﻿""id""","read","recommended"
"","100-top-dating-sites","https://www.google.com/"
"","100-top","https://www.google.com/"
"","100topescorts","https://www.google.com/"
"","100-top-gay-men-sites","https://www.google.com/"
"","100-top-gay-women-sites","https://www.google.com/"
"","100-top-latin-women-sites","https://www.google.com/"
"","100-top-russian-women-sites","https://www.google.com/"
"","100-top-single-sites","https://www.google.com/"
"","100topsites","https://www.google.com/"
"","100-top-ukraine-women-sites","https://www.google.com/"
"","100upskirts","https://www.google.com/"
"","100voyeur","https://www.google.com/"
"","100web","https://www.google.com/"
"","100webspace","https://www.google.com/"
"","100worlds","https://www.google.com/"
"","100x100argentinas","https://www.google.com/"
"","100x100negras","https://www.google.com/"
"","100x100pamela","https://www.google.com/"
"","100x","https://www.google.com/"
"","100xxx","https://www.google.com/"
"","100xxxvideos","https://www.google.com/"
"","100xyev","https://www.google.com/"
"","101babes","https://www.google.com/"
"","101boys","https://www.google.com/"
"","101boyvideos","https://www.google.com/"
"","101butts","https://www.google.com/"
"","101celebrities","https://www.google.com/"
"","101date","https://www.google.com/"
"","101datingideas","https://www.google.com/"
"","101domain","https://www.google.com/"
"","101eroticstories","https://www.google.com/"
"","101-escort-go-home","https://www.google.com/"
"","101funjokes","https://www.google.com/"
"","101gaytwinks","https://www.google.com/"
"","101gayvideos","https://www.google.com/"
"","101hentai","https://www.google.com/"
"","101hotguys","https://www.google.com/"
"","101main","https://www.google.com/"
"","101modeling","https://www.google.com/"
"","101nacht","https://www.google.com/"
"","101nights","https://www.google.com/"
"","101pussy","https://www.google.com/"
"","101sexcams","https://www.google.com/"
"","101-sex","https://www.google.com/"
"","101sex","https://www.google.com/"
"","101sexmovies","https://www.google.com/"
"","101-sex-positions","https://www.google.com/"
"","101sexsecret","https://www.google.com/"
"","101sexshop","https://www.google.com/"
"","101sextoys","https://www.google.com/"
"","101sluts","https://www.google.com/"
"","101stories","https://www.google.com/"
"","101teengirls","https://www.google.com/"
"","101top","https://www.google.com/"
"","101tubeporn","https://www.google.com/"
"","101xxx","https://www.google.com/"
"","1031video","https://www.google.com/"
"","105matures","https://www.google.com/"
"","1080pporn","https://www.google.com/"
"","1080xxx","https://www.google.com/"
"","108k","https://www.google.com/"
"","109group","https://www.google.com/"
"","10bestlivecamsites","https://www.google.com/"
"","10bestsexcams","https://www.google.com/"
"","10bestsextoys","https://www.google.com/"
"","10bestsites","https://www.google.com/"
"","10buckasianphonefuck","https://www.google.com/"
"","10buckblackphonefuck","https://www.google.com/"
"","10buckphonefuck","https://www.google.com/"
"","10buckphonesex","https://www.google.com/"
"","10buckporn","https://www.google.com/"
"","10bucktranssexualphonefuck","https://www.google.com/"
"","10cai","https://www.google.com/"
"","10dollarbabes","https://www.google.com/"
"","10dollarbigtits","https://www.google.com/"
"","10dollarcheerleaders","https://www.google.com/"
"","10dollarindiasluts","https://www.google.com/"
"","10dollarphonesex","https://www.google.com/"
"","10dollarporn","https://www.google.com/"
"","10dollarwives","https://www.google.com/"
"","10er","https://www.google.com/"
"","10femdom","https://www.google.com/"
"","10gay","https://www.google.com/"
"","10gbfreehost","https://www.google.com/"
"","10inchcocks","https://www.google.com/"
"","10inchdicks","https://www.google.com/"
"","10-inches","https://www.google.com/"
"","10inches","https://www.google.com/"
"","10ka20","https://www.google.com/"
"","10-man-cum-slam","https://www.google.com/"
"","10mancumslam","https://www.google.com/"
"","10meilleurssitesdeplancul","https://www.google.com/"
"","10minquickie","https://www.google.com/"
"","10movs","https://www.google.com/"
"","10musume","https://www.google.com/"
"","10net","https://www.google.com/"
"","10phonesex","https://www.google.com/"
"","10pic","https://www.google.com/"
"","10pictures","https://www.google.com/"
"","10reasons","https://www.google.com/"
