"﻿""id""","read","recommended"
"","javondemand","https://www.google.com/"
"","javonline","https://www.google.com/"
"","jav-onlines","https://www.google.com/"
"","javonlinexxx","https://www.google.com/"
"","javonly","https://www.google.com/"
"","javon","https://www.google.com/"
"","javopen","https://www.google.com/"
"","javout","https://www.google.com/"
"","javpal","https://www.google.com/"
"","javparadise","https://www.google.com/"
"","javpark","https://www.google.com/"
"","javpeak","https://www.google.com/"
"","javpedia","https://www.google.com/"
"","javphim","https://www.google.com/"
"","jav-pics","https://www.google.com/"
"","javpics","https://www.google.com/"
"","javpink","https://www.google.com/"
"","javpins","https://www.google.com/"
"","javplace","https://www.google.com/"
"","javplanet","https://www.google.com/"
"","javplay","https://www.google.com/"
"","javplus","https://www.google.com/"
"","javpob","https://www.google.com/"
"","javpool","https://www.google.com/"
"","javporn","https://www.google.com/"
"","jav-porn","https://www.google.com/"
"","javporno","https://www.google.com/"
"","javpornpics","https://www.google.com/"
"","javpornstream","https://www.google.com/"
"","javpornstreaming","https://www.google.com/"
"","javpro","https://www.google.com/"
"","javpub","https://www.google.com/"
"","javqd","https://www.google.com/"
"","javqq","https://www.google.com/"
"","javqt","https://www.google.com/"
"","javrave","https://www.google.com/"
"","javrom","https://www.google.com/"
"","javroot","https://www.google.com/"
"","javrov","https://www.google.com/"
"","javsaga","https://www.google.com/"
"","javsaw","https://www.google.com/"
"","javscenes","https://www.google.com/"
"","javschoolgirl","https://www.google.com/"
"","javsd","https://www.google.com/"
"","javsector","https://www.google.com/"
"","javseen","https://www.google.com/"
"","javsexi","https://www.google.com/"
"","javsexmovie","https://www.google.com/"
"","javsexvideos","https://www.google.com/"
"","javsexxx","https://www.google.com/"
"","javsexy","https://www.google.com/"
"","javshiro","https://www.google.com/"
"","javsin","https://www.google.com/"
"","javsky","https://www.google.com/"
"","javslon","https://www.google.com/"
"","javso","https://www.google.com/"
"","javsos","https://www.google.com/"
"","javspy","https://www.google.com/"
"","javstar","https://www.google.com/"
"","javstop","https://www.google.com/"
"","javstore","https://www.google.com/"
"","javstream365","https://www.google.com/"
"","javstreaming","https://www.google.com/"
"","jav-stream","https://www.google.com/"
"","javstreams","https://www.google.com/"
"","javstream","https://www.google.com/"
"","javsts","https://www.google.com/"
"","javstudio","https://www.google.com/"
"","javsub","https://www.google.com/"
"","javsubtitle","https://www.google.com/"
"","javsun","https://www.google.com/"
"","javsuper","https://www.google.com/"
"","javsurf","https://www.google.com/"
"","javsx","https://www.google.com/"
"","javtape","https://www.google.com/"
"","javtasty","https://www.google.com/"
"","javtb","https://www.google.com/"
"","javtc","https://www.google.com/"
"","javteen","https://www.google.com/"
"","javteensex","https://www.google.com/"
"","javteentube","https://www.google.com/"
"","javthe","https://www.google.com/"
"","javti","https://www.google.com/"
"","javtiful","https://www.google.com/"
"","javtl","https://www.google.com/"
"","javtrailers","https://www.google.com/"
"","javtreasure","https://www.google.com/"
"","javtsunami","https://www.google.com/"
"","javtube1","https://www.google.com/"
"","javtube","https://www.google.com/"
"","javtubehd","https://www.google.com/"
"","javtubesex","https://www.google.com/"
"","javtv","https://www.google.com/"
"","javtx","https://www.google.com/"
"","javunc","https://www.google.com/"
"","javuncen","https://www.google.com/"
"","javuncensored1080","https://www.google.com/"
"","jav-uncensored","https://www.google.com/"
"","javuns","https://www.google.com/"
"","javupdate","https://www.google.com/"
