"﻿""id""","read","recommended"
"","adultworkfinder","https://www.google.com/"
"","adultworklondon","https://www.google.com/"
"","adult-works","https://www.google.com/"
"","adultworks","https://www.google.com/"
"","adultworktube","https://www.google.com/"
"","adultworld24","https://www.google.com/"
"","adultworld55","https://www.google.com/"
"","adultworld","https://www.google.com/"
"","adultworldmedia","https://www.google.com/"
"","adultworldonline","https://www.google.com/"
"","adultworldx","https://www.google.com/"
"","adult-worx","https://www.google.com/"
"","adultwpthemes","https://www.google.com/"
"","adultwriters","https://www.google.com/"
"","adultwriting","https://www.google.com/"
"","adultwritings","https://www.google.com/"
"","adultwt","https://www.google.com/"
"","adultxads","https://www.google.com/"
"","adultxadult","https://www.google.com/"
"","adultxblog","https://www.google.com/"
"","adultxblogs","https://www.google.com/"
"","adultxbook","https://www.google.com/"
"","adultxcamz","https://www.google.com/"
"","adultxchange","https://www.google.com/"
"","adultxcity","https://www.google.com/"
"","adultx","https://www.google.com/"
"","adultxcontent","https://www.google.com/"
"","adultxdating","https://www.google.com/"
"","adultxdirect","https://www.google.com/"
"","adultxfun","https://www.google.com/"
"","adultxl","https://www.google.com/"
"","adultxlife","https://www.google.com/"
"","adultxmodels","https://www.google.com/"
"","adultxmovie","https://www.google.com/"
"","adultxperience","https://www.google.com/"
"","adultxpics","https://www.google.com/"
"","adultxpictures","https://www.google.com/"
"","adultxpix","https://www.google.com/"
"","adultxposed","https://www.google.com/"
"","adultxpress","https://www.google.com/"
"","adult-xs","https://www.google.com/"
"","adultxsites","https://www.google.com/"
"","adultxs","https://www.google.com/"
"","adultxtreme","https://www.google.com/"
"","adultxvideo","https://www.google.com/"
"","adultxvids","https://www.google.com/"
"","adult-xx","https://www.google.com/"
"","adultxxxaccess","https://www.google.com/"
"","adultxxxarea","https://www.google.com/"
"","adultxxxbabes","https://www.google.com/"
"","adult-xxx-blog","https://www.google.com/"
"","adultxxxcam","https://www.google.com/"
"","adultxxxcams","https://www.google.com/"
"","adultxxxcard","https://www.google.com/"
"","adultxxxchat","https://www.google.com/"
"","adultxxxclub","https://www.google.com/"
"","adult-xxx","https://www.google.com/"
"","adultxxx","https://www.google.com/"
"","adultxxxcomix","https://www.google.com/"
"","adultxxxdate","https://www.google.com/"
"","adultxxxdating","https://www.google.com/"
"","adultxxxdownload","https://www.google.com/"
"","adultxxxdvd","https://www.google.com/"
"","adultxxxfilms","https://www.google.com/"
"","adultxxxfun","https://www.google.com/"
"","adultxxxgals","https://www.google.com/"
"","adultxxxgames","https://www.google.com/"
"","adultxxxlinks","https://www.google.com/"
"","adultxxxlive","https://www.google.com/"
"","adultxxxmoviestore","https://www.google.com/"
"","adultxxxpasswords","https://www.google.com/"
"","adultxxxpic","https://www.google.com/"
"","adultxxxpics","https://www.google.com/"
"","adult-xxx-pictures","https://www.google.com/"
"","adultxxxpictures","https://www.google.com/"
"","adultxxxporn","https://www.google.com/"
"","adultxxxpornsex","https://www.google.com/"
"","adultxxxpornstars","https://www.google.com/"
"","adult-xxx-portal","https://www.google.com/"
"","adultxxxproducts","https://www.google.com/"
"","adultxxxrated","https://www.google.com/"
"","adultxxxreviews","https://www.google.com/"
"","adultxxxsearchengine","https://www.google.com/"
"","adultxxxsexcam","https://www.google.com/"
"","adultxxxsex","https://www.google.com/"
"","adultxxxshop","https://www.google.com/"
"","adultxxxstore","https://www.google.com/"
"","adultxxxstory","https://www.google.com/"
"","adultxxxtoys","https://www.google.com/"
"","adultxxxvideo","https://www.google.com/"
"","adultxxx-videos","https://www.google.com/"
"","adultxxxvideos","https://www.google.com/"
"","adultxxxvids","https://www.google.com/"
"","adultxxxwebmaster","https://www.google.com/"
"","adult-xxx-world","https://www.google.com/"
"","adultxxxx","https://www.google.com/"
"","adultxxxxmall","https://www.google.com/"
"","adult-yokocho","https://www.google.com/"
"","adult-young-sex","https://www.google.com/"
"","adultyoutubes","https://www.google.com/"
