"﻿""id""","read","recommended"
"","celebritiesporngallery","https://www.google.com/"
"","celebritiespost","https://www.google.com/"
"","celebritiespro","https://www.google.com/"
"","celebritiesrus","https://www.google.com/"
"","celebrities-sex-tapes","https://www.google.com/"
"","celebritiessmoking","https://www.google.com/"
"","celebritiessupermodels","https://www.google.com/"
"","celebrities-town","https://www.google.com/"
"","celebrities-uncovered","https://www.google.com/"
"","celebritiesunleashed","https://www.google.com/"
"","celebrities-wallpapers","https://www.google.com/"
"","celebritiesx","https://www.google.com/"
"","celebritiesxposed","https://www.google.com/"
"","celebrities-xxx","https://www.google.com/"
"","celebritiesxxx","https://www.google.com/"
"","celebritieszone","https://www.google.com/"
"","celebritiez","https://www.google.com/"
"","celebritits","https://www.google.com/"
"","celebrity20","https://www.google.com/"
"","celebrity3x","https://www.google.com/"
"","celebrity4u","https://www.google.com/"
"","celebrity4wallpapers","https://www.google.com/"
"","celebrity8x10s","https://www.google.com/"
"","celebrity9","https://www.google.com/"
"","celebrityadult","https://www.google.com/"
"","celebrityaffair","https://www.google.com/"
"","celebrityan","https://www.google.com/"
"","celebrityarchive","https://www.google.com/"
"","celebrity-ass","https://www.google.com/"
"","celebrityasses","https://www.google.com/"
"","celebritybabe","https://www.google.com/"
"","celebrity-babes","https://www.google.com/"
"","celebritybabes","https://www.google.com/"
"","celebrity-babez","https://www.google.com/"
"","celebritybaby","https://www.google.com/"
"","celebrityballers","https://www.google.com/"
"","celebritybase","https://www.google.com/"
"","celebritybattles","https://www.google.com/"
"","celebritybeauties","https://www.google.com/"
"","celebritybeautybuzz","https://www.google.com/"
"","celebritybelly","https://www.google.com/"
"","celebritybestiality","https://www.google.com/"
"","celebritybeta","https://www.google.com/"
"","celebritybin","https://www.google.com/"
"","celebrity-bio","https://www.google.com/"
"","celebrityblackberrysightings","https://www.google.com/"
"","celebritybling","https://www.google.com/"
"","celebrityblog","https://www.google.com/"
"","celebrityboards","https://www.google.com/"
"","celebritybodygossip","https://www.google.com/"
"","celebritybondagepics","https://www.google.com/"
"","celebrityboobs","https://www.google.com/"
"","celebrity-bookmark","https://www.google.com/"
"","celebritybookmarks","https://www.google.com/"
"","celebritybottoms","https://www.google.com/"
"","celebritybreastmatch","https://www.google.com/"
"","celebritybrowser","https://www.google.com/"
"","celebritybutts","https://www.google.com/"
"","celebritybuzz","https://www.google.com/"
"","celebritycamera","https://www.google.com/"
"","celebritycams","https://www.google.com/"
"","celebritycandids","https://www.google.com/"
"","celebrity-captures","https://www.google.com/"
"","celebrity-cards","https://www.google.com/"
"","celebrity-cartoon","https://www.google.com/"
"","celebritycash","https://www.google.com/"
"","celebritycashrocks","https://www.google.com/"
"","celebritycastle","https://www.google.com/"
"","celebritycd","https://www.google.com/"
"","celebrity-center","https://www.google.com/"
"","celebritycentral","https://www.google.com/"
"","celebritychamber","https://www.google.com/"
"","celebritychaos","https://www.google.com/"
"","celebrity-cinema","https://www.google.com/"
"","celebritycircle","https://www.google.com/"
"","celebrity-city","https://www.google.com/"
"","celebrityclipz","https://www.google.com/"
"","celebrity-collection","https://www.google.com/"
"","celebritycollection","https://www.google.com/"
"","celebrity","https://www.google.com/"
"","celebritycontest","https://www.google.com/"
"","celebritycookie","https://www.google.com/"
"","celebritycore","https://www.google.com/"
"","celebritycouples","https://www.google.com/"
"","celebritycovers","https://www.google.com/"
"","celebritycruise","https://www.google.com/"
"","celebritycrunch","https://www.google.com/"
"","celebritycum","https://www.google.com/"
"","celebritycunt","https://www.google.com/"
"","celebritycuntpic","https://www.google.com/"
"","celebritycuntpics","https://www.google.com/"
"","celebritycuntworld","https://www.google.com/"
"","celebritydatabase","https://www.google.com/"
"","celebrityden","https://www.google.com/"
"","celebritydesktop","https://www.google.com/"
"","celebritydetails","https://www.google.com/"
"","celebritydistrict","https://www.google.com/"
"","celebritydomain","https://www.google.com/"
"","celebritydump","https://www.google.com/"
"","celebrityenquirer","https://www.google.com/"
