"﻿""id""","read","recommended"
"","bestbigtitstits","https://www.google.com/"
"","bestbigtitsxxx","https://www.google.com/"
"","bestbikinigirls","https://www.google.com/"
"","bestbingo","https://www.google.com/"
"","bestblackcurves","https://www.google.com/"
"","bestblackgay","https://www.google.com/"
"","bestblackgays","https://www.google.com/"
"","bestblackholes","https://www.google.com/"
"","bestblacklesbian","https://www.google.com/"
"","bestblackpics","https://www.google.com/"
"","bestblackporn","https://www.google.com/"
"","bestblackpornpics","https://www.google.com/"
"","bestblacksex","https://www.google.com/"
"","bestblacktube","https://www.google.com/"
"","bestblackwomen","https://www.google.com/"
"","bestblondeblowjob","https://www.google.com/"
"","bestblondeporno","https://www.google.com/"
"","bestblowjobintheworld","https://www.google.com/"
"","bestblowjobporno","https://www.google.com/"
"","bestblowjobscene","https://www.google.com/"
"","bestblowjobs","https://www.google.com/"
"","bestblowjobsporn","https://www.google.com/"
"","bestblowjobvideoever","https://www.google.com/"
"","bestblowjobxxx","https://www.google.com/"
"","bestbondageclips","https://www.google.com/"
"","bestbondaged","https://www.google.com/"
"","bestbondagelinks","https://www.google.com/"
"","bestbondagevideo","https://www.google.com/"
"","bestbondagevideos","https://www.google.com/"
"","bestbone","https://www.google.com/"
"","best-bonuses","https://www.google.com/"
"","bestboobies","https://www.google.com/"
"","best-boobs","https://www.google.com/"
"","bestboobsite","https://www.google.com/"
"","bestboobsites","https://www.google.com/"
"","bestboobsonline","https://www.google.com/"
"","bestboobsvideo","https://www.google.com/"
"","bestbookwormbitches","https://www.google.com/"
"","bestbooty","https://www.google.com/"
"","bestbosoms","https://www.google.com/"
"","bestbound","https://www.google.com/"
"","best-boy-movies","https://www.google.com/"
"","bestboyshardcore","https://www.google.com/"
"","bestboysites","https://www.google.com/"
"","best-boyz","https://www.google.com/"
"","bestbritishsites","https://www.google.com/"
"","bestbrunetteporno","https://www.google.com/"
"","bestbrutalanal","https://www.google.com/"
"","bestbucks","https://www.google.com/"
"","bestbushypussy","https://www.google.com/"
"","bestbutt","https://www.google.com/"
"","bestcam","https://www.google.com/"
"","bestcamgirls","https://www.google.com/"
"","best-cams","https://www.google.com/"
"","bestcamsites","https://www.google.com/"
"","bestcamslist","https://www.google.com/"
"","bestcandid","https://www.google.com/"
"","bestcartoonfucking","https://www.google.com/"
"","bestcartoonporn","https://www.google.com/"
"","bestcasinobonus","https://www.google.com/"
"","bestcasino","https://www.google.com/"
"","bestcasinos4fun","https://www.google.com/"
"","best-casinos-online","https://www.google.com/"
"","bestcelebclips","https://www.google.com/"
"","bestcelebgossip","https://www.google.com/"
"","best-celebritees","https://www.google.com/"
"","bestcelebrity","https://www.google.com/"
"","bestcelebrityfakes","https://www.google.com/"
"","bestcelebritylinks","https://www.google.com/"
"","bestcelebritysites","https://www.google.com/"
"","bestcelebstube","https://www.google.com/"
"","bestcelebtube","https://www.google.com/"
"","bestcelebvideos","https://www.google.com/"
"","best-cfnm","https://www.google.com/"
"","bestcfnmpics","https://www.google.com/"
"","bestcfnmvideos","https://www.google.com/"
"","bestchan","https://www.google.com/"
"","bestchatwebcams","https://www.google.com/"
"","best-cheating-wives","https://www.google.com/"
"","bestchinesefuck","https://www.google.com/"
"","bestchineseporn","https://www.google.com/"
"","bestchubby","https://www.google.com/"
"","bestclinicporn","https://www.google.com/"
"","bestclipstores","https://www.google.com/"
"","bestclipxxx","https://www.google.com/"
"","bestcma","https://www.google.com/"
"","bestcocksuck","https://www.google.com/"
"","bestcollegeporn","https://www.google.com/"
"","best-comics","https://www.google.com/"
"","bestcomps","https://www.google.com/"
"","bestcontentprogram","https://www.google.com/"
"","bestcontentproject","https://www.google.com/"
"","best-cp","https://www.google.com/"
"","bestcrazyvideos","https://www.google.com/"
"","bestcreampies","https://www.google.com/"
"","bestcuckoldsites","https://www.google.com/"
"","bestcumshot","https://www.google.com/"
"","bestcumshots","https://www.google.com/"
"","bestcuntcloseups","https://www.google.com/"
"","bestcupid","https://www.google.com/"
