"﻿""id""","read","recommended"
"","dpporntube","https://www.google.com/"
"","dpselection","https://www.google.com/"
"","dpteen","https://www.google.com/"
"","dptonight","https://www.google.com/"
"","dpviolations","https://www.google.com/"
"","dpwhore","https://www.google.com/"
"","dpxxx","https://www.google.com/"
"","dpxxxtube","https://www.google.com/"
"","dqiucun","https://www.google.com/"
"","dracula","https://www.google.com/"
"","dr","https://www.google.com/"
"","dragginladies","https://www.google.com/"
"","draghixaxxx","https://www.google.com/"
"","dragibus","https://www.google.com/"
"","drago99","https://www.google.com/"
"","dragonasianporn","https://www.google.com/"
"","dragonball","https://www.google.com/"
"","dragonball-city","https://www.google.com/"
"","dragonball-paradijs","https://www.google.com/"
"","dragonballporno","https://www.google.com/"
"","dragonballx","https://www.google.com/"
"","dragonballxxx","https://www.google.com/"
"","dragonballxxxz","https://www.google.com/"
"","dragonball-z-hentai","https://www.google.com/"
"","dragonballzporn","https://www.google.com/"
"","dragonballzsex","https://www.google.com/"
"","dragonballzxxx","https://www.google.com/"
"","dragonbucks","https://www.google.com/"
"","dragon","https://www.google.com/"
"","dragoncams","https://www.google.com/"
"","dragoncastle","https://www.google.com/"
"","dragondata","https://www.google.com/"
"","dragondvd","https://www.google.com/"
"","dragonfun","https://www.google.com/"
"","dragongalaxy","https://www.google.com/"
"","dragonhentai","https://www.google.com/"
"","dragonimage","https://www.google.com/"
"","dragoninteractive","https://www.google.com/"
"","dragonladys","https://www.google.com/"
"","dragonlily","https://www.google.com/"
"","dragonloot","https://www.google.com/"
"","dragonmoonx","https://www.google.com/"
"","dragonquesthentai","https://www.google.com/"
"","dragon-sexe","https://www.google.com/"
"","dragonteam","https://www.google.com/"
"","dragonthumbz","https://www.google.com/"
"","dragonxxx","https://www.google.com/"
"","drag-queen","https://www.google.com/"
"","drag-queens","https://www.google.com/"
"","drague","https://www.google.com/"
"","draguedirecte","https://www.google.com/"
"","drainmyballs","https://www.google.com/"
"","drainyourwallet","https://www.google.com/"
"","drakaina","https://www.google.com/"
"","drakerock","https://www.google.com/"
"","dramatic-personae","https://www.google.com/"
"","drannastjohn","https://www.google.com/"
"","drasex","https://www.google.com/"
"","drasian","https://www.google.com/"
"","draufgeschissen","https://www.google.com/"
"","drawdead","https://www.google.com/"
"","drawincest","https://www.google.com/"
"","drawingincestcartoons","https://www.google.com/"
"","drawingincestporn","https://www.google.com/"
"","drawingpalace","https://www.google.com/"
"","drawingplanet","https://www.google.com/"
"","drawing-porn","https://www.google.com/"
"","draw","https://www.google.com/"
"","drawnarts","https://www.google.com/"
"","drawn-cash","https://www.google.com/"
"","drawncelebrity","https://www.google.com/"
"","drawncomics","https://www.google.com/"
"","drawngayporn","https://www.google.com/"
"","drawn-hentai","https://www.google.com/"
"","drawnhentai","https://www.google.com/"
"","drawnnude","https://www.google.com/"
"","drawnpornpics","https://www.google.com/"
"","drawn-pussy","https://www.google.com/"
"","drawn-sex","https://www.google.com/"
"","drawnsexlog","https://www.google.com/"
"","drawntobondage","https://www.google.com/"
"","drawntoplease","https://www.google.com/"
"","drawn-xxx","https://www.google.com/"
"","draw-sex-comics","https://www.google.com/"
"","drawstory","https://www.google.com/"
"","drbareback","https://www.google.com/"
"","drbdsm","https://www.google.com/"
"","drbestiality","https://www.google.com/"
"","drbigboobs","https://www.google.com/"
"","drbizzaro","https://www.google.com/"
"","drbizzarostore","https://www.google.com/"
"","drcocker","https://www.google.com/"
"","drcruelty","https://www.google.com/"
"","drdark","https://www.google.com/"
"","drdating","https://www.google.com/"
"","drdicksexadvice","https://www.google.com/"
"","drducky","https://www.google.com/"
"","drdybrdy","https://www.google.com/"
"","dreadlockpussy","https://www.google.com/"
"","dreadzone","https://www.google.com/"
