"﻿""id""","read","recommended"
"","chesttube","https://www.google.com/"
"","chestweapons","https://www.google.com/"
"","chestybabes","https://www.google.com/"
"","chestychicks","https://www.google.com/"
"","chesty","https://www.google.com/"
"","chestyfriends","https://www.google.com/"
"","chestygirls","https://www.google.com/"
"","chestymoms","https://www.google.com/"
"","chetf","https://www.google.com/"
"","chetne","https://www.google.com/"
"","chetnguoi","https://www.google.com/"
"","cheval-calin","https://www.google.com/"
"","chevalier-amoureux","https://www.google.com/"
"","chevygirl","https://www.google.com/"
"","chewandscrew","https://www.google.com/"
"","chewbaka","https://www.google.com/"
"","chewitdoit","https://www.google.com/"
"","chewmyhog","https://www.google.com/"
"","chew","https://www.google.com/"
"","chewycentral","https://www.google.com/"
"","cheyannes","https://www.google.com/"
"","cheyenesilver","https://www.google.com/"
"","cheyennedemuriel","https://www.google.com/"
"","cheyennesilver","https://www.google.com/"
"","chez-alice","https://www.google.com/"
"","chezallure","https://www.google.com/"
"","chezbrigitte","https://www.google.com/"
"","chezcatherine","https://www.google.com/"
"","chez-cathy","https://www.google.com/"
"","chezcathy","https://www.google.com/"
"","chez-chatonne","https://www.google.com/"
"","chezcindy","https://www.google.com/"
"","chezclara","https://www.google.com/"
"","chezclaudy","https://www.google.com/"
"","chez","https://www.google.com/"
"","chezcoquinette","https://www.google.com/"
"","chez-elle","https://www.google.com/"
"","chezest","https://www.google.com/"
"","chez-granier","https://www.google.com/"
"","chezjulia","https://www.google.com/"
"","chezleboucher","https://www.google.com/"
"","chezlou","https://www.google.com/"
"","chezlouis","https://www.google.com/"
"","chez-louise","https://www.google.com/"
"","chezlucie","https://www.google.com/"
"","chezmaman","https://www.google.com/"
"","chezmarion","https://www.google.com/"
"","chezmeline","https://www.google.com/"
"","chezmilou","https://www.google.com/"
"","chez-moi-ou-chez-toi","https://www.google.com/"
"","chez-mon-librairie","https://www.google.com/"
"","cheznanar","https://www.google.com/"
"","chez-naomi1","https://www.google.com/"
"","chezsandra","https://www.google.com/"
"","chezsandy","https://www.google.com/"
"","chezserenite","https://www.google.com/"
"","chez-titi","https://www.google.com/"
"","ch-f","https://www.google.com/"
"","ch-girl","https://www.google.com/"
"","ch-girls","https://www.google.com/"
"","chiamaci","https://www.google.com/"
"","chiamami","https://www.google.com/"
"","chiappesode","https://www.google.com/"
"","chiasetructuyen","https://www.google.com/"
"","chiavare","https://www.google.com/"
"","chibolita","https://www.google.com/"
"","chica18","https://www.google.com/"
"","chica4cash","https://www.google.com/"
"","chica-babes","https://www.google.com/"
"","chica-boom","https://www.google.com/"
"","chicacams","https://www.google.com/"
"","chicaconchica","https://www.google.com/"
"","chicadesnudas","https://www.google.com/"
"","chicadome","https://www.google.com/"
"","chicaerotica","https://www.google.com/"
"","chicafans","https://www.google.com/"
"","chicago96","https://www.google.com/"
"","chicagoafterdark","https://www.google.com/"
"","chicagobeef","https://www.google.com/"
"","chicagocamgirls","https://www.google.com/"
"","chicagocrimsonmoon","https://www.google.com/"
"","chicago-dating","https://www.google.com/"
"","chicagodisciplinarian","https://www.google.com/"
"","chicagodomesticdiscipline","https://www.google.com/"
"","chicago-dungeon","https://www.google.com/"
"","chicagoelite","https://www.google.com/"
"","chicago-escort","https://www.google.com/"
"","chicagoescorts","https://www.google.com/"
"","chicagoescortweb","https://www.google.com/"
"","chicagoexoticcakes","https://www.google.com/"
"","chicago-feet","https://www.google.com/"
"","chicagofeminization","https://www.google.com/"
"","chicagofootfetish","https://www.google.com/"
"","chicagofreakfest","https://www.google.com/"
"","chicagogentlemen","https://www.google.com/"
"","chicagogirls","https://www.google.com/"
"","chicagoguys","https://www.google.com/"
"","chicagoheadmistress","https://www.google.com/"
"","chicagohotties","https://www.google.com/"
"","chicagohunksandbabes","https://www.google.com/"
