"﻿""id""","read","recommended"
"","americansingleschat","https://www.google.com/"
"","americansingles","https://www.google.com/"
"","american-slots","https://www.google.com/"
"","americanslut","https://www.google.com/"
"","americansolo","https://www.google.com/"
"","americanspankingsociety","https://www.google.com/"
"","americanssuck","https://www.google.com/"
"","americanstripper","https://www.google.com/"
"","american-sweethearts","https://www.google.com/"
"","americanswinger","https://www.google.com/"
"","american-swingers","https://www.google.com/"
"","americanswingers","https://www.google.com/"
"","american-tabledance","https://www.google.com/"
"","americantease","https://www.google.com/"
"","americanteens","https://www.google.com/"
"","americantranny","https://www.google.com/"
"","americantshirtnetwork","https://www.google.com/"
"","americanvamp","https://www.google.com/"
"","american-video-poker","https://www.google.com/"
"","americanvids","https://www.google.com/"
"","americanvirgins","https://www.google.com/"
"","american-wet-pussy","https://www.google.com/"
"","americanwives","https://www.google.com/"
"","americas-best","https://www.google.com/"
"","americascocksuckingchampionship","https://www.google.com/"
"","americasexchat","https://www.google.com/"
"","americasex","https://www.google.com/"
"","americasexshop","https://www.google.com/"
"","americasgorgeousgirls","https://www.google.com/"
"","americasobeautiful","https://www.google.com/"
"","americasurvival","https://www.google.com/"
"","americawebcams","https://www.google.com/"
"","americax","https://www.google.com/"
"","americaxxx","https://www.google.com/"
"","amersfoortweb","https://www.google.com/"
"","amesamours","https://www.google.com/"
"","amescoeur","https://www.google.com/"
"","a-mes-souhaits","https://www.google.com/"
"","ametart","https://www.google.com/"
"","ametisse","https://www.google.com/"
"","ametuer","https://www.google.com/"
"","am-facials","https://www.google.com/"
"","amfiles","https://www.google.com/"
"","amfiteatr","https://www.google.com/"
"","amfox","https://www.google.com/"
"","amfriends","https://www.google.com/"
"","amg-lite","https://www.google.com/"
"","amglover","https://www.google.com/"
"","amiacutie","https://www.google.com/"
"","amianal","https://www.google.com/"
"","amiassecret","https://www.google.com/"
"","amibearornot","https://www.google.com/"
"","amicheporche","https://www.google.com/"
"","amichesexy","https://www.google.com/"
"","amichetroie","https://www.google.com/"
"","amicidiletto","https://www.google.com/"
"","amicrobikini","https://www.google.com/"
"","amie","https://www.google.com/"
"","amieeshotfeet","https://www.google.com/"
"","amief","https://www.google.com/"
"","amies-intimes","https://www.google.com/"
"","amigas","https://www.google.com/"
"","amigatoy","https://www.google.com/"
"","am-i-gay","https://www.google.com/"
"","amigo","https://www.google.com/"
"","amigoporn","https://www.google.com/"
"","amigosamores","https://www.google.com/"
"","amigos","https://www.google.com/"
"","amigosgay","https://www.google.com/"
"","amihorny","https://www.google.com/"
"","amihot","https://www.google.com/"
"","amihotornotnude","https://www.google.com/"
"","amilfs","https://www.google.com/"
"","amilfsex","https://www.google.com/"
"","amilftube","https://www.google.com/"
"","amillionbadhabits","https://www.google.com/"
"","amina","https://www.google.com/"
"","aminaked","https://www.google.com/"
"","amiraboobs","https://www.google.com/"
"","amirafilms","https://www.google.com/"
"","amiramoms","https://www.google.com/"
"","amiramovies","https://www.google.com/"
"","amirapics","https://www.google.com/"
"","amiravids","https://www.google.com/"
"","amiraworld","https://www.google.com/"
"","amis-angels","https://www.google.com/"
"","amishbondage","https://www.google.com/"
"","amishsex","https://www.google.com/"
"","amishu","https://www.google.com/"
"","amissexy","https://www.google.com/"
"","amistad","https://www.google.com/"
"","amistraight","https://www.google.com/"
"","amita","https://www.google.com/"
"","amitbar","https://www.google.com/"
"","amityworld","https://www.google.com/"
"","amiwasted","https://www.google.com/"
"","amkdvd","https://www.google.com/"
"","amkhairy","https://www.google.com/"
"","amkingdom","https://www.google.com/"
"","amkingdomhairy","https://www.google.com/"
