"﻿""id""","read","recommended"
"","bulldogdesign","https://www.google.com/"
"","bulldoglist","https://www.google.com/"
"","bulldogpit","https://www.google.com/"
"","bulldogslist","https://www.google.com/"
"","bulldotshit","https://www.google.com/"
"","bulldozerboys","https://www.google.com/"
"","bullenpeitsche","https://www.google.com/"
"","bulletinboardforum","https://www.google.com/"
"","bulletporn","https://www.google.com/"
"","bulletproofdns","https://www.google.com/"
"","bulletsnbabesdvds","https://www.google.com/"
"","bulletsvsbutterflies","https://www.google.com/"
"","bullettime","https://www.google.com/"
"","bulletvid","https://www.google.com/"
"","bullfeathers","https://www.google.com/"
"","bullgod","https://www.google.com/"
"","bullhub","https://www.google.com/"
"","bulli","https://www.google.com/"
"","bullitt","https://www.google.com/"
"","bulllist","https://www.google.com/"
"","bullmarks","https://www.google.com/"
"","bullmax","https://www.google.com/"
"","bullocksandra","https://www.google.com/"
"","bullporn","https://www.google.com/"
"","bullpumper","https://www.google.com/"
"","bullreview","https://www.google.com/"
"","bullsex","https://www.google.com/"
"","bulls-eye","https://www.google.com/"
"","bullseye","https://www.google.com/"
"","bullslinks","https://www.google.com/"
"","bullsrush","https://www.google.com/"
"","bullterrierclubslovakia","https://www.google.com/"
"","bulltube","https://www.google.com/"
"","bullwhip","https://www.google.com/"
"","bullwhip-horsewhip","https://www.google.com/"
"","bullwhips","https://www.google.com/"
"","bullxxx","https://www.google.com/"
"","bullymaturepictures","https://www.google.com/"
"","bullyporn","https://www.google.com/"
"","bulo4ki","https://www.google.com/"
"","bulon","https://www.google.com/"
"","bulsexshop","https://www.google.com/"
"","bulstraffic","https://www.google.com/"
"","buluma","https://www.google.com/"
"","bulvarklub","https://www.google.com/"
"","bumbaclart","https://www.google.com/"
"","bumbang","https://www.google.com/"
"","bumbitch","https://www.google.com/"
"","bumblecash","https://www.google.com/"
"","bumblegirl","https://www.google.com/"
"","bumblegirls","https://www.google.com/"
"","bumbuds","https://www.google.com/"
"","bumcams","https://www.google.com/"
"","bumcheeks","https://www.google.com/"
"","bumfights","https://www.google.com/"
"","bumfightsdump","https://www.google.com/"
"","bumfuck","https://www.google.com/"
"","bumfuckegypt","https://www.google.com/"
"","bumfucker","https://www.google.com/"
"","bumkiss","https://www.google.com/"
"","bumlick","https://www.google.com/"
"","bumparty","https://www.google.com/"
"","bumpbabes","https://www.google.com/"
"","bumper","https://www.google.com/"
"","bumpinapp","https://www.google.com/"
"","bumpingmonkeys","https://www.google.com/"
"","bumpingngrinding","https://www.google.com/"
"","bumpshack","https://www.google.com/"
"","bumpybits","https://www.google.com/"
"","bumpytube","https://www.google.com/"
"","bumrapprods","https://www.google.com/"
"","bum","https://www.google.com/"
"","bumsanzeigen","https://www.google.com/"
"","bumsbesuch","https://www.google.com/"
"","bumsboys","https://www.google.com/"
"","bumsbu","https://www.google.com/"
"","bumsbude","https://www.google.com/"
"","bumsbuero","https://www.google.com/"
"","bumsbus","https://www.google.com/"
"","bumscam","https://www.google.com/"
"","bumscams","https://www.google.com/"
"","bums","https://www.google.com/"
"","bumsdate","https://www.google.com/"
"","bumsen","https://www.google.com/"
"","bumsenkontakte","https://www.google.com/"
"","bumsenlive","https://www.google.com/"
"","bumsex","https://www.google.com/"
"","bumsfidel","https://www.google.com/"
"","bumsfilme","https://www.google.com/"
"","bumsgeile-teenager","https://www.google.com/"
"","bumsgirls","https://www.google.com/"
"","bumshots","https://www.google.com/"
"","bumshuren","https://www.google.com/"
"","bumsinaction","https://www.google.com/"
"","bumskontakt24","https://www.google.com/"
"","bumskontakt","https://www.google.com/"
"","bumskontakte18","https://www.google.com/"
"","bumskontakte24","https://www.google.com/"
"","bumskontakte","https://www.google.com/"
"","bums-kontakte","https://www.google.com/"
