"﻿""id""","read","recommended"
"","dailyclipdump","https://www.google.com/"
"","dailycocks","https://www.google.com/"
"","dailycum","https://www.google.com/"
"","dailycuties","https://www.google.com/"
"","daily-desktops","https://www.google.com/"
"","dailydiapers","https://www.google.com/"
"","dailydirt","https://www.google.com/"
"","dailydirtymoms","https://www.google.com/"
"","dailydistractions","https://www.google.com/"
"","dailydosage","https://www.google.com/"
"","dailydoseofass","https://www.google.com/"
"","dailydoseofcock","https://www.google.com/"
"","dailydoseofhardcore","https://www.google.com/"
"","dailydoseofpornstars","https://www.google.com/"
"","dailydoseofpussy","https://www.google.com/"
"","dailydoseofqueer","https://www.google.com/"
"","dailydoseofsquirting","https://www.google.com/"
"","dailydoseofthongs","https://www.google.com/"
"","dailydrunks","https://www.google.com/"
"","dailyebonyclips","https://www.google.com/"
"","dailyeroticanime","https://www.google.com/"
"","dailyerotic","https://www.google.com/"
"","dailyeroticpics","https://www.google.com/"
"","dailyexgf","https://www.google.com/"
"","dailyexgfphotos","https://www.google.com/"
"","dailyexgirlfriends","https://www.google.com/"
"","dailyexotics","https://www.google.com/"
"","dailyfacials","https://www.google.com/"
"","dailyfapper","https://www.google.com/"
"","dailyfeet","https://www.google.com/"
"","dailyfemdom","https://www.google.com/"
"","dailyfemdomporn","https://www.google.com/"
"","dailyfetishpics","https://www.google.com/"
"","dailyfilth","https://www.google.com/"
"","dailyfootblog","https://www.google.com/"
"","dailyfootporn","https://www.google.com/"
"","dailyfox","https://www.google.com/"
"","dailyfree","https://www.google.com/"
"","dailyfreegals","https://www.google.com/"
"","dailyfreegay","https://www.google.com/"
"","dailyfreeporn","https://www.google.com/"
"","dailyfreesites","https://www.google.com/"
"","daily-galleries","https://www.google.com/"
"","dailygay","https://www.google.com/"
"","dailygaymen","https://www.google.com/"
"","dailygaypost","https://www.google.com/"
"","dailygaysexvideos","https://www.google.com/"
"","dailygayvideo","https://www.google.com/"
"","dailygfs","https://www.google.com/"
"","dailygirl","https://www.google.com/"
"","dailygirlfriends","https://www.google.com/"
"","dailygirls","https://www.google.com/"
"","dailygirlscute","https://www.google.com/"
"","dailyglamour","https://www.google.com/"
"","dailyguyphotos","https://www.google.com/"
"","dailyhaha","https://www.google.com/"
"","dailyhairy","https://www.google.com/"
"","dailyhairyporn","https://www.google.com/"
"","dailyhappypill","https://www.google.com/"
"","dailyhardcore","https://www.google.com/"
"","dailyhardcorevideos","https://www.google.com/"
"","dailyhdporn","https://www.google.com/"
"","daily-hentai","https://www.google.com/"
"","dailyhorn","https://www.google.com/"
"","dailyhotgirls","https://www.google.com/"
"","dailyhotmodels","https://www.google.com/"
"","dailyhotporn","https://www.google.com/"
"","dailyhotties","https://www.google.com/"
"","dailyhottys","https://www.google.com/"
"","dailyhut","https://www.google.com/"
"","dailyindianporn","https://www.google.com/"
"","dailyindiansex","https://www.google.com/"
"","dailyjackoffstories","https://www.google.com/"
"","dailyjgirl","https://www.google.com/"
"","dailyjizz","https://www.google.com/"
"","dailykeeper","https://www.google.com/"
"","dailykill","https://www.google.com/"
"","daily-ladies","https://www.google.com/"
"","dailylatexporn","https://www.google.com/"
"","dailylatinas","https://www.google.com/"
"","dailylegs","https://www.google.com/"
"","dailylesbianclips","https://www.google.com/"
"","dailylesbianporn","https://www.google.com/"
"","dailylesbianvideos","https://www.google.com/"
"","dailylinks","https://www.google.com/"
"","dailylol","https://www.google.com/"
"","dailylolita","https://www.google.com/"
"","dailyman","https://www.google.com/"
"","dailymanga","https://www.google.com/"
"","dailymasturbationinstructions","https://www.google.com/"
"","dailymatons","https://www.google.com/"
"","dailymature","https://www.google.com/"
"","dailymaturelove","https://www.google.com/"
"","dailymaturemovies","https://www.google.com/"
"","dailymaturephotos","https://www.google.com/"
"","dailymelons","https://www.google.com/"
"","daily-milfs","https://www.google.com/"
"","dailymilfs","https://www.google.com/"
"","dailymoms","https://www.google.com/"
"","dailymovies","https://www.google.com/"
