"﻿""id""","read","recommended"
"","kentphoto","https://www.google.com/"
"","kentube8","https://www.google.com/"
"","kentuckyescortdirectory","https://www.google.com/"
"","kentuckyescorts","https://www.google.com/"
"","kenxxx","https://www.google.com/"
"","kenyadoesphonesex","https://www.google.com/"
"","kenyaxxx","https://www.google.com/"
"","ken-young","https://www.google.com/"
"","kenziemarietube","https://www.google.com/"
"","kenzierose","https://www.google.com/"
"","kenzimarie","https://www.google.com/"
"","keoz9","https://www.google.com/"
"","kepeslap","https://www.google.com/"
"","ke-photos","https://www.google.com/"
"","keplus","https://www.google.com/"
"","keptchaste","https://www.google.com/"
"","kerel","https://www.google.com/"
"","kerelofvrouw","https://www.google.com/"
"","kerigan","https://www.google.com/"
"","kerkerhaltung","https://www.google.com/"
"","kermisintilburg","https://www.google.com/"
"","kerotic","https://www.google.com/"
"","kerreths","https://www.google.com/"
"","kerry-force","https://www.google.com/"
"","kerrylouiseblog","https://www.google.com/"
"","kerstballen","https://www.google.com/"
"","kerzenschimmer","https://www.google.com/"
"","keslin","https://www.google.com/"
"","kesmifmonline","https://www.google.com/"
"","ketasex","https://www.google.com/"
"","ketefollen","https://www.google.com/"
"","ke","https://www.google.com/"
"","ketope","https://www.google.com/"
"","kettenkeller","https://www.google.com/"
"","kettesben","https://www.google.com/"
"","keumblog","https://www.google.com/"
"","keumdial","https://www.google.com/"
"","keumgay","https://www.google.com/"
"","keumsdecite","https://www.google.com/"
"","keumshow","https://www.google.com/"
"","keumshows","https://www.google.com/"
"","keums-online","https://www.google.com/"
"","keumstrip","https://www.google.com/"
"","keumtube","https://www.google.com/"
"","keuschheit-cb","https://www.google.com/"
"","kevinblake","https://www.google.com/"
"","kevin-caudill","https://www.google.com/"
"","kevinjtaylor","https://www.google.com/"
"","kevinstube","https://www.google.com/"
"","kevinwiles","https://www.google.com/"
"","kevinwilliams","https://www.google.com/"
"","kevork","https://www.google.com/"
"","kevscave","https://www.google.com/"
"","kewlclubs","https://www.google.com/"
"","kewl","https://www.google.com/"
"","kexporn","https://www.google.com/"
"","kextube","https://www.google.com/"
"","keybeeg","https://www.google.com/"
"","keygen","https://www.google.com/"
"","keyholderfinder","https://www.google.com/"
"","keyholehunters","https://www.google.com/"
"","keyip","https://www.google.com/"
"","keykey","https://www.google.com/"
"","keylogger","https://www.google.com/"
"","keyporntube","https://www.google.com/"
"","keys-art","https://www.google.com/"
"","keysextube","https://www.google.com/"
"","keytext","https://www.google.com/"
"","keytoxxx","https://www.google.com/"
"","keytube8","https://www.google.com/"
"","keyvid","https://www.google.com/"
"","keywestchicks","https://www.google.com/"
"","keywestdudes","https://www.google.com/"
"","keywestmodel","https://www.google.com/"
"","keywestsauna","https://www.google.com/"
"","keyweststrippers","https://www.google.com/"
"","keywordporn","https://www.google.com/"
"","keywordxxx","https://www.google.com/"
"","kezfun","https://www.google.com/"
"","kfamosas","https://www.google.com/"
"","kfapfakes","https://www.google.com/"
"","kfc-lommelse-sk","https://www.google.com/"
"","kfetish","https://www.google.com/"
"","kgb","https://www.google.com/"
"","kgirl","https://www.google.com/"
"","kgirls","https://www.google.com/"
"","kgracht","https://www.google.com/"
"","kgzv","https://www.google.com/"
"","khahansrealm","https://www.google.com/"
"","khalidcompany","https://www.google.com/"
"","khanhpro","https://www.google.com/"
"","khans","https://www.google.com/"
"","khantattoo","https://www.google.com/"
"","khaokhat","https://www.google.com/"
"","khattinh","https://www.google.com/"
"","khazarmilkers","https://www.google.com/"
"","khersonbrides","https://www.google.com/"
"","k-hitoduma","https://www.google.com/"
"","khloehart","https://www.google.com/"
"","khmerkrom","https://www.google.com/"
