"﻿""id""","read","recommended"
"","laetitia4fun","https://www.google.com/"
"","laetitiacastaonline","https://www.google.com/"
"","laetitia","https://www.google.com/"
"","laetitia-gallery","https://www.google.com/"
"","lafabada","https://www.google.com/"
"","lafakes","https://www.google.com/"
"","lafellation","https://www.google.com/"
"","lafellationgratuite","https://www.google.com/"
"","lafemme","https://www.google.com/"
"","lafemmedc2","https://www.google.com/"
"","lafemmedc","https://www.google.com/"
"","la-femme-fatale","https://www.google.com/"
"","lafemmemure","https://www.google.com/"
"","lafemmesuprema","https://www.google.com/"
"","lafermedumoulin-libertin","https://www.google.com/"
"","la-fessee","https://www.google.com/"
"","lafetichiste","https://www.google.com/"
"","lafetishpride","https://www.google.com/"
"","lafica","https://www.google.com/"
"","lafilledo","https://www.google.com/"
"","lafistiniere","https://www.google.com/"
"","lafrancaisedesqueues","https://www.google.com/"
"","lafranceapoil","https://www.google.com/"
"","lafrancenue","https://www.google.com/"
"","lafranceporno","https://www.google.com/"
"","lafreesex","https://www.google.com/"
"","lafrusta","https://www.google.com/"
"","lagranorgia","https://www.google.com/"
"","lagrottedusexe","https://www.google.com/"
"","lahaina-tokai","https://www.google.com/"
"","lahalle","https://www.google.com/"
"","lahentai","https://www.google.com/"
"","lah","https://www.google.com/"
"","lahonte","https://www.google.com/"
"","lahoradelospinguinos","https://www.google.com/"
"","lahunks","https://www.google.com/"
"","laid","https://www.google.com/"
"","laidhub","https://www.google.com/"
"","laidinchina","https://www.google.com/"
"","laidmaids","https://www.google.com/"
"","laikas-residenz","https://www.google.com/"
"","laineygossip","https://www.google.com/"
"","laineyx","https://www.google.com/"
"","lairgirls","https://www.google.com/"
"","lairofluxlucre","https://www.google.com/"
"","lairofporn","https://www.google.com/"
"","laislasexual","https://www.google.com/"
"","laitnchat","https://www.google.com/"
"","laiya","https://www.google.com/"
"","lajcik","https://www.google.com/"
"","lajirafa","https://www.google.com/"
"","lajollaescorts","https://www.google.com/"
"","lakelandobgyn","https://www.google.com/"
"","lakeni","https://www.google.com/"
"","lakeviewent","https://www.google.com/"
"","lakfetish","https://www.google.com/"
"","lakkshop","https://www.google.com/"
"","laksaboy","https://www.google.com/"
"","lalahub","https://www.google.com/"
"","lalalingerie","https://www.google.com/"
"","lalanchavillage","https://www.google.com/"
"","lalapine","https://www.google.com/"
"","lalateen","https://www.google.com/"
"","lalatx","https://www.google.com/"
"","lalc","https://www.google.com/"
"","lale","https://www.google.com/"
"","lalesbienne","https://www.google.com/"
"","lalibido-club","https://www.google.com/"
"","lalignedeflo","https://www.google.com/"
"","lalingeriedesrondes","https://www.google.com/"
"","la-lingerie","https://www.google.com/"
"","la-lingerie-sexy","https://www.google.com/"
"","lalistex","https://www.google.com/"
"","laloupette","https://www.google.com/"
"","lalove","https://www.google.com/"
"","lalovin","https://www.google.com/"
"","laluciole","https://www.google.com/"
"","la-lu","https://www.google.com/"
"","lalujuria","https://www.google.com/"
"","lalunabar","https://www.google.com/"
"","laly-cam","https://www.google.com/"
"","laly-officiel","https://www.google.com/"
"","la-macarena","https://www.google.com/"
"","lamaclips","https://www.google.com/"
"","la-mademoiselle","https://www.google.com/"
"","lamagia-lingerie","https://www.google.com/"
"","lamahama","https://www.google.com/"
"","lamaisondusexe","https://www.google.com/"
"","lamalinks","https://www.google.com/"
"","la-malle-a-linge","https://www.google.com/"
"","lamancha","https://www.google.com/"
"","la-manche-libertine","https://www.google.com/"
"","lamandingos","https://www.google.com/"
"","lamansion","https://www.google.com/"
"","lamaslinda","https://www.google.com/"
"","lamasputa","https://www.google.com/"
"","la-masturbation","https://www.google.com/"
"","lamasturbationfeminine","https://www.google.com/"
"","lambal","https://www.google.com/"
"","lambertus","https://www.google.com/"
