"﻿""id""","read","recommended"
"","kimonocuties","https://www.google.com/"
"","kimpics","https://www.google.com/"
"","kim-porn-possible","https://www.google.com/"
"","kimpossiblesex","https://www.google.com/"
"","kimsadultguide","https://www.google.com/"
"","kims-amateurs","https://www.google.com/"
"","kimsanalheaven","https://www.google.com/"
"","kimsbrabusters","https://www.google.com/"
"","kimsfreeporn","https://www.google.com/"
"","kimsfriends","https://www.google.com/"
"","kimskado","https://www.google.com/"
"","kimslist","https://www.google.com/"
"","kimsmithmodel","https://www.google.com/"
"","kimsparty","https://www.google.com/"
"","kimsufi","https://www.google.com/"
"","kimtube","https://www.google.com/"
"","kim-worldwide-escort","https://www.google.com/"
"","kimzkittenz","https://www.google.com/"
"","kinafetish","https://www.google.com/"
"","kinakai","https://www.google.com/"
"","kinbaku","https://www.google.com/"
"","kindan","https://www.google.com/"
"","kinderporno","https://www.google.com/"
"","kindersex","https://www.google.com/"
"","kindgirls","https://www.google.com/"
"","kind-girls","https://www.google.com/"
"","kindmovies","https://www.google.com/"
"","kindnudist","https://www.google.com/"
"","kindporn","https://www.google.com/"
"","kindpornmovies","https://www.google.com/"
"","kindteensex","https://www.google.com/"
"","kindwomen","https://www.google.com/"
"","kineda","https://www.google.com/"
"","kinestops","https://www.google.com/"
"","king50","https://www.google.com/"
"","kingaporn","https://www.google.com/"
"","kingbigcock","https://www.google.com/"
"","kingbillion","https://www.google.com/"
"","kingcams","https://www.google.com/"
"","kingcash","https://www.google.com/"
"","kingcomix","https://www.google.com/"
"","kingcum","https://www.google.com/"
"","kingdomcum","https://www.google.com/"
"","kingdomkum","https://www.google.com/"
"","kingdomofevil3d","https://www.google.com/"
"","kingdomofgay","https://www.google.com/"
"","kingdomofhardcore","https://www.google.com/"
"","kingdompleasure","https://www.google.com/"
"","kingdomporn","https://www.google.com/"
"","kingdoms","https://www.google.com/"
"","kingdong","https://www.google.com/"
"","kingdongs","https://www.google.com/"
"","kingeshop","https://www.google.com/"
"","kingextre","https://www.google.com/"
"","kingfreeporn","https://www.google.com/"
"","kingget","https://www.google.com/"
"","kinghost","https://www.google.com/"
"","king-jp","https://www.google.com/"
"","kingleyinternational","https://www.google.com/"
"","king-mag","https://www.google.com/"
"","king-media","https://www.google.com/"
"","kingofcams","https://www.google.com/"
"","kingofcelebs","https://www.google.com/"
"","kingoflirt","https://www.google.com/"
"","kingofpics","https://www.google.com/"
"","kingofporno","https://www.google.com/"
"","kingofpussy","https://www.google.com/"
"","kingoftease","https://www.google.com/"
"","kingofthumbs","https://www.google.com/"
"","kingoporno","https://www.google.com/"
"","kingpec","https://www.google.com/"
"","kingpimp","https://www.google.com/"
"","kingpinmedia","https://www.google.com/"
"","kingporno","https://www.google.com/"
"","king-porno","https://www.google.com/"
"","kingporntube","https://www.google.com/"
"","kingpussy","https://www.google.com/"
"","kingsadultentertainment","https://www.google.com/"
"","kingsceleb","https://www.google.com/"
"","kingsclub","https://www.google.com/"
"","kingscourt","https://www.google.com/"
"","kingsex","https://www.google.com/"
"","kingsextube","https://www.google.com/"
"","kingsizebreasts","https://www.google.com/"
"","kingsizejuggs","https://www.google.com/"
"","kingsizepenis","https://www.google.com/"
"","kingsizetits","https://www.google.com/"
"","kingsizexxx","https://www.google.com/"
"","kingsmut","https://www.google.com/"
"","kingsofcandids","https://www.google.com/"
"","kingsofporn","https://www.google.com/"
"","kingsofteens","https://www.google.com/"
"","kings-porno","https://www.google.com/"
"","kingsvideos","https://www.google.com/"
"","kingtrailers","https://www.google.com/"
"","kingtrannytube","https://www.google.com/"
"","kingtwinks","https://www.google.com/"
"","kingxxx","https://www.google.com/"
"","kiniki","https://www.google.com/"
"","kinja","https://www.google.com/"
