"﻿""id""","read","recommended"
"","erotic-fashions","https://www.google.com/"
"","eroticfeelings","https://www.google.com/"
"","eroticfemale","https://www.google.com/"
"","eroticfemalecouples","https://www.google.com/"
"","eroticfemaledomination","https://www.google.com/"
"","eroticfemalenude","https://www.google.com/"
"","eroticfemales","https://www.google.com/"
"","eroticfem","https://www.google.com/"
"","eroticfemdomuniverse","https://www.google.com/"
"","eroticfetishes","https://www.google.com/"
"","eroticfictionforwomen","https://www.google.com/"
"","eroticfieber","https://www.google.com/"
"","eroticfiles","https://www.google.com/"
"","eroticfilm","https://www.google.com/"
"","eroticfilmguide","https://www.google.com/"
"","eroticfilms","https://www.google.com/"
"","eroticfilth","https://www.google.com/"
"","eroticfind","https://www.google.com/"
"","erotic-fine-art","https://www.google.com/"
"","erotic-fine-arts","https://www.google.com/"
"","erotic-fitness","https://www.google.com/"
"","eroticflex","https://www.google.com/"
"","eroticflirts","https://www.google.com/"
"","eroticflix","https://www.google.com/"
"","erotic-flowers","https://www.google.com/"
"","eroticfolly","https://www.google.com/"
"","eroticfootgallery","https://www.google.com/"
"","erotic-foreplay","https://www.google.com/"
"","eroticfoto","https://www.google.com/"
"","eroticfox","https://www.google.com/"
"","eroticfreechat","https://www.google.com/"
"","eroticfree","https://www.google.com/"
"","eroticfreelivesex","https://www.google.com/"
"","erotic-free-sex-story","https://www.google.com/"
"","eroticfreewebcams","https://www.google.com/"
"","eroticfresh","https://www.google.com/"
"","eroticfuck","https://www.google.com/"
"","erotic-furniture","https://www.google.com/"
"","eroticgallery","https://www.google.com/"
"","erotic-games","https://www.google.com/"
"","eroticgames","https://www.google.com/"
"","eroticgamesonline","https://www.google.com/"
"","eroticgay","https://www.google.com/"
"","eroticgayradio","https://www.google.com/"
"","erotic-gays","https://www.google.com/"
"","eroticgays","https://www.google.com/"
"","eroticgems","https://www.google.com/"
"","eroticgirlbox","https://www.google.com/"
"","eroticgirl","https://www.google.com/"
"","eroticgirlfriend","https://www.google.com/"
"","eroticgirlfriends","https://www.google.com/"
"","eroticgirlpics","https://www.google.com/"
"","eroticgirlpictures","https://www.google.com/"
"","eroticgirls7","https://www.google.com/"
"","eroticgirls","https://www.google.com/"
"","erotic-girls","https://www.google.com/"
"","eroticgirlsgallery","https://www.google.com/"
"","eroticgirlspics","https://www.google.com/"
"","eroticglamourteens","https://www.google.com/"
"","eroticgoods","https://www.google.com/"
"","eroticgrandmapics","https://www.google.com/"
"","eroticgrannypics","https://www.google.com/"
"","eroticgrotto","https://www.google.com/"
"","erotic-guide","https://www.google.com/"
"","eroticguide","https://www.google.com/"
"","eroticguide-munich","https://www.google.com/"
"","eroticguy","https://www.google.com/"
"","erotichairygirls","https://www.google.com/"
"","erotichairyporn","https://www.google.com/"
"","erotichange","https://www.google.com/"
"","erotichardcore","https://www.google.com/"
"","erotichdwalls","https://www.google.com/"
"","erotichdworld","https://www.google.com/"
"","eroticheaven","https://www.google.com/"
"","erotic-hentai","https://www.google.com/"
"","eroticheseks","https://www.google.com/"
"","erotic-high-heels","https://www.google.com/"
"","erotic-holidays","https://www.google.com/"
"","erotic-host","https://www.google.com/"
"","erotichotbabe","https://www.google.com/"
"","erotichotel","https://www.google.com/"
"","erotichotgirls","https://www.google.com/"
"","erotichub","https://www.google.com/"
"","erotichun","https://www.google.com/"
"","erotichunter","https://www.google.com/"
"","erotic-hypno","https://www.google.com/"
"","erotichypnodomme","https://www.google.com/"
"","erotichypnosis","https://www.google.com/"
"","erotic-hypnosis-files","https://www.google.com/"
"","erotichypnosisphonesex","https://www.google.com/"
"","erotichypnosis-sessions","https://www.google.com/"
"","erotichypnosisshow","https://www.google.com/"
"","erotichypnotists","https://www.google.com/"
"","erotici","https://www.google.com/"
"","eroticide","https://www.google.com/"
"","eroticillusions","https://www.google.com/"
"","eroticimagedallas","https://www.google.com/"
"","erotic-images","https://www.google.com/"
"","eroticindex","https://www.google.com/"
"","eroticinducer","https://www.google.com/"
