"﻿""id""","read","recommended"
"","cutegayboys","https://www.google.com/"
"","cutegaycams","https://www.google.com/"
"","cutegayhunks","https://www.google.com/"
"","cutegaylads","https://www.google.com/"
"","cutegaylinks","https://www.google.com/"
"","cutegaymovies","https://www.google.com/"
"","cutegayporn","https://www.google.com/"
"","cutegaysex","https://www.google.com/"
"","cutegaysporn","https://www.google.com/"
"","cutegayteenboys","https://www.google.com/"
"","cutegaytube","https://www.google.com/"
"","cute-gay-twink","https://www.google.com/"
"","cutegaytwink","https://www.google.com/"
"","cutegflog","https://www.google.com/"
"","cutegirlfeet","https://www.google.com/"
"","cutegirlfriend","https://www.google.com/"
"","cutegirlfuck","https://www.google.com/"
"","cutegirl","https://www.google.com/"
"","cutegirlnextdoor","https://www.google.com/"
"","cutegirlporn","https://www.google.com/"
"","cutegirls4u","https://www.google.com/"
"","cute-girls","https://www.google.com/"
"","cutegirlsex","https://www.google.com/"
"","cutegirlslive","https://www.google.com/"
"","cutegirls","https://www.google.com/"
"","cute-girls-nude","https://www.google.com/"
"","cutegirlsnude","https://www.google.com/"
"","cutegirlsonly","https://www.google.com/"
"","cutegirlssexyfeet","https://www.google.com/"
"","cutegold","https://www.google.com/"
"","cutegurlz","https://www.google.com/"
"","cuteguy","https://www.google.com/"
"","cutehairycunt","https://www.google.com/"
"","cutehairygirlfriends","https://www.google.com/"
"","cutehalle","https://www.google.com/"
"","cutehoney","https://www.google.com/"
"","cutehoneys","https://www.google.com/"
"","cutehotbabe","https://www.google.com/"
"","cuteincest","https://www.google.com/"
"","cuteindiangirls","https://www.google.com/"
"","cutejapanesesluts","https://www.google.com/"
"","cutejayne","https://www.google.com/"
"","cutejessy","https://www.google.com/"
"","cutejob","https://www.google.com/"
"","cutejoy","https://www.google.com/"
"","cute-juliet","https://www.google.com/"
"","cutekarina","https://www.google.com/"
"","cutekasia","https://www.google.com/"
"","cutekayla","https://www.google.com/"
"","cutekelly","https://www.google.com/"
"","cutekiki18","https://www.google.com/"
"","cutekimberly","https://www.google.com/"
"","cutekim","https://www.google.com/"
"","cute-kitten","https://www.google.com/"
"","cutelady","https://www.google.com/"
"","cute-ladyboy","https://www.google.com/"
"","cutelatina","https://www.google.com/"
"","cutelatinapictures","https://www.google.com/"
"","cutelesbiangirls","https://www.google.com/"
"","cutelesbiansex","https://www.google.com/"
"","cutelesbiantube","https://www.google.com/"
"","cutelesbogirls","https://www.google.com/"
"","cutelinks","https://www.google.com/"
"","cute-little","https://www.google.com/"
"","cutelog","https://www.google.com/"
"","cute-mag","https://www.google.com/"
"","cutemales","https://www.google.com/"
"","cute-mary","https://www.google.com/"
"","cutematurepics","https://www.google.com/"
"","cutematures","https://www.google.com/"
"","cutematuresex","https://www.google.com/"
"","cutemeter","https://www.google.com/"
"","cutemilfpics","https://www.google.com/"
"","cutemissy","https://www.google.com/"
"","cute-model","https://www.google.com/"
"","cutemodels","https://www.google.com/"
"","cutemovies","https://www.google.com/"
"","cutemovs","https://www.google.com/"
"","cutenakedcoeds","https://www.google.com/"
"","cutenaked","https://www.google.com/"
"","cutenakedgirls","https://www.google.com/"
"","cuteneighbor","https://www.google.com/"
"","cutennteens","https://www.google.com/"
"","cutenubiles","https://www.google.com/"
"","cutenudegirl","https://www.google.com/"
"","cute-nudes","https://www.google.com/"
"","cutenudeteens","https://www.google.com/"
"","cutenudetwinks","https://www.google.com/"
"","cute-nymphets","https://www.google.com/"
"","cutepanty","https://www.google.com/"
"","cutepantygirls","https://www.google.com/"
"","cutepetitenudes","https://www.google.com/"
"","cutepetiteteenies","https://www.google.com/"
"","cutepet","https://www.google.com/"
"","cutepics","https://www.google.com/"
"","cute-picture","https://www.google.com/"
"","cutepixie","https://www.google.com/"
"","cutepix","https://www.google.com/"
"","cutepornteen","https://www.google.com/"
"","cuteporntv","https://www.google.com/"
