"﻿""id""","read","recommended"
"","cumfromtheass","https://www.google.com/"
"","cumfuck","https://www.google.com/"
"","cumfuckers","https://www.google.com/"
"","cumfuckme","https://www.google.com/"
"","cumfuckvideo","https://www.google.com/"
"","cumfu","https://www.google.com/"
"","cum-fun","https://www.google.com/"
"","cumgaggers","https://www.google.com/"
"","cumgallery","https://www.google.com/"
"","cumgals","https://www.google.com/"
"","cumgargling","https://www.google.com/"
"","cumgaysex","https://www.google.com/"
"","cumgiant","https://www.google.com/"
"","cumgirl","https://www.google.com/"
"","cumgirls","https://www.google.com/"
"","cumgirlshome","https://www.google.com/"
"","cumgirls-index","https://www.google.com/"
"","cumgo","https://www.google.com/"
"","cumgoo","https://www.google.com/"
"","cumgranny","https://www.google.com/"
"","cumgreed","https://www.google.com/"
"","cumgulper","https://www.google.com/"
"","cumgushingpussy","https://www.google.com/"
"","cumgushingwoman","https://www.google.com/"
"","cumguzzlers","https://www.google.com/"
"","cumguzzling","https://www.google.com/"
"","cumguzzlingqueens","https://www.google.com/"
"","cumguzzlingsluts","https://www.google.com/"
"","cumhard","https://www.google.com/"
"","cumharder","https://www.google.com/"
"","cumhardsex","https://www.google.com/"
"","cumhead","https://www.google.com/"
"","cumheels","https://www.google.com/"
"","cumhelp","https://www.google.com/"
"","cumhentai","https://www.google.com/"
"","cumhere","https://www.google.com/"
"","cum-here","https://www.google.com/"
"","cum-here-now","https://www.google.com/"
"","cumhogs","https://www.google.com/"
"","cumhots","https://www.google.com/"
"","cumhouse","https://www.google.com/"
"","cumhungrycocksuckers","https://www.google.com/"
"","cumhungry","https://www.google.com/"
"","cumhunt","https://www.google.com/"
"","cumilf","https://www.google.com/"
"","cum-in-air","https://www.google.com/"
"","cuminator","https://www.google.com/"
"","cumin","https://www.google.com/"
"","cumindian","https://www.google.com/"
"","cuming","https://www.google.com/"
"","cumingtube","https://www.google.com/"
"","cuminhard","https://www.google.com/"
"","cuminhermouth","https://www.google.com/"
"","cuminkiki","https://www.google.com/"
"","cuminmouth","https://www.google.com/"
"","cuminmouthvideos","https://www.google.com/"
"","cuminmycunt","https://www.google.com/"
"","cuminmyface","https://www.google.com/"
"","cum-in","https://www.google.com/"
"","cuminsidemommy","https://www.google.com/"
"","cumintheface","https://www.google.com/"
"","cuminthestreets","https://www.google.com/"
"","cumintj","https://www.google.com/"
"","cumintomyass","https://www.google.com/"
"","cumintrusion","https://www.google.com/"
"","cumisgood","https://www.google.com/"
"","cumishajones","https://www.google.com/"
"","cumishasweb","https://www.google.com/"
"","cumjizz","https://www.google.com/"
"","cumjizzporn","https://www.google.com/"
"","cumjoin","https://www.google.com/"
"","cumjoinme","https://www.google.com/"
"","cumjugglers","https://www.google.com/"
"","cumjunky","https://www.google.com/"
"","cumkissed","https://www.google.com/"
"","cumkisses","https://www.google.com/"
"","cumlick","https://www.google.com/"
"","cumlickme","https://www.google.com/"
"","cumlikehell","https://www.google.com/"
"","cumloads","https://www.google.com/"
"","cumlogic","https://www.google.com/"
"","cumlots","https://www.google.com/"
"","cumlottahunter","https://www.google.com/"
"","cumlouder","https://www.google.com/"
"","cumlover","https://www.google.com/"
"","cumlovers","https://www.google.com/"
"","cumloving-chickas","https://www.google.com/"
"","cumluck","https://www.google.com/"
"","cummander","https://www.google.com/"
"","cummaturetube","https://www.google.com/"
"","cumm","https://www.google.com/"
"","cummeariver","https://www.google.com/"
"","cummgp","https://www.google.com/"
"","cumminggay","https://www.google.com/"
"","cummingmatures","https://www.google.com/"
"","cummingshemale","https://www.google.com/"
"","cummingtubes","https://www.google.com/"
"","cummission","https://www.google.com/"
"","cummoreoften","https://www.google.com/"
"","cum-mouth","https://www.google.com/"
