"﻿""id""","read","recommended"
"","cumcravers","https://www.google.com/"
"","cumcravingcuties","https://www.google.com/"
"","cumcrazedcoeds","https://www.google.com/"
"","cumcrazed","https://www.google.com/"
"","cumcrazedsluts","https://www.google.com/"
"","cumcrazywife","https://www.google.com/"
"","cumcream","https://www.google.com/"
"","cumcrew","https://www.google.com/"
"","cumcruise","https://www.google.com/"
"","cumcuriousmen","https://www.google.com/"
"","cumcycle","https://www.google.com/"
"","cumdaily","https://www.google.com/"
"","cumdeals","https://www.google.com/"
"","cumdick","https://www.google.com/"
"","cumdirect","https://www.google.com/"
"","cumdisgrace","https://www.google.com/"
"","cumdisgraced","https://www.google.com/"
"","cumdisgraces","https://www.google.com/"
"","cumdiva","https://www.google.com/"
"","cumdiving","https://www.google.com/"
"","cumdolls","https://www.google.com/"
"","cumdorado","https://www.google.com/"
"","cumdorm","https://www.google.com/"
"","cumdown","https://www.google.com/"
"","cumdownmythroat","https://www.google.com/"
"","cumdr","https://www.google.com/"
"","cumdreams","https://www.google.com/"
"","cumdrenched","https://www.google.com/"
"","cumdrenchers","https://www.google.com/"
"","cum-drinking","https://www.google.com/"
"","cumdrinkingwife","https://www.google.com/"
"","cumdrinkinsluts","https://www.google.com/"
"","cumdrip","https://www.google.com/"
"","cumdrippingphonesex","https://www.google.com/"
"","cumdropinn","https://www.google.com/"
"","cumdump","https://www.google.com/"
"","cumdumpguys","https://www.google.com/"
"","cumdumpmamas","https://www.google.com/"
"","cumeater","https://www.google.com/"
"","cumeatingamateurs","https://www.google.com/"
"","cumeatingchicks","https://www.google.com/"
"","cum-eating","https://www.google.com/"
"","cumeatingcuckolds","https://www.google.com/"
"","cumeatinghusband","https://www.google.com/"
"","cumeatingtraining","https://www.google.com/"
"","cumeatingwife","https://www.google.com/"
"","cumeatme","https://www.google.com/"
"","cumed","https://www.google.com/"
"","cumedycentral","https://www.google.com/"
"","cumeruption","https://www.google.com/"
"","cumexpress","https://www.google.com/"
"","cumface","https://www.google.com/"
"","cumfaced","https://www.google.com/"
"","cumfacedgirl","https://www.google.com/"
"","cumfacedisgrace","https://www.google.com/"
"","cumfacedsluts","https://www.google.com/"
"","cumfacegenerator","https://www.google.com/"
"","cumfacialamateur","https://www.google.com/"
"","cum-facial","https://www.google.com/"
"","cumfacials","https://www.google.com/"
"","cumfacialsluts","https://www.google.com/"
"","cum-facials","https://www.google.com/"
"","cumfacialvideos","https://www.google.com/"
"","cumfacialworld","https://www.google.com/"
"","cumfellas","https://www.google.com/"
"","cumfessions","https://www.google.com/"
"","cumfestival","https://www.google.com/"
"","cum-fetish","https://www.google.com/"
"","cumfetish","https://www.google.com/"
"","cumfiends","https://www.google.com/"
"","cum-fiesta-5","https://www.google.com/"
"","cumfiesta8","https://www.google.com/"
"","cum-fiesta","https://www.google.com/"
"","cumfiesta","https://www.google.com/"
"","cumfiesta-index","https://www.google.com/"
"","cumfiestalinks","https://www.google.com/"
"","cumfiestaparties","https://www.google.com/"
"","cumfilledbutts","https://www.google.com/"
"","cumfilledcoeds","https://www.google.com/"
"","cumfilledindiangirls","https://www.google.com/"
"","cumfilledpanties","https://www.google.com/"
"","cum-filled-pussy","https://www.google.com/"
"","cumfilledthroat","https://www.google.com/"
"","cumfilledtranny","https://www.google.com/"
"","cumfilledtrannys","https://www.google.com/"
"","cumfilmed","https://www.google.com/"
"","cumfish","https://www.google.com/"
"","cumfishing","https://www.google.com/"
"","cumfly","https://www.google.com/"
"","cum-foot","https://www.google.com/"
"","cumforchloe","https://www.google.com/"
"","cumforcover","https://www.google.com/"
"","cumforcum","https://www.google.com/"
"","cumforfree","https://www.google.com/"
"","cumforme","https://www.google.com/"
"","cumfortits","https://www.google.com/"
"","cumfreak","https://www.google.com/"
"","cumfrenzy","https://www.google.com/"
"","cumfriends","https://www.google.com/"
"","cumfromanimals","https://www.google.com/"
