"﻿""id""","read","recommended"
"","carlibanks","https://www.google.com/"
"","carlibanksfan","https://www.google.com/"
"","carlibanksvip","https://www.google.com/"
"","carligh","https://www.google.com/"
"","carlinha","https://www.google.com/"
"","carliteen","https://www.google.com/"
"","carlomasi","https://www.google.com/"
"","carloslist","https://www.google.com/"
"","carlotta-champagne","https://www.google.com/"
"","carlottachampagne-download","https://www.google.com/"
"","carlottas","https://www.google.com/"
"","car-lovers","https://www.google.com/"
"","carltonsoflondon","https://www.google.com/"
"","carlycade","https://www.google.com/"
"","carlycumslut","https://www.google.com/"
"","carlymoore","https://www.google.com/"
"","carlyparker","https://www.google.com/"
"","carmail","https://www.google.com/"
"","carmajohns","https://www.google.com/"
"","carmanfox","https://www.google.com/"
"","carmella-bing1","https://www.google.com/"
"","carmellabing-blog","https://www.google.com/"
"","carmellabingmovies","https://www.google.com/"
"","carmellabingonline","https://www.google.com/"
"","carmellabing","https://www.google.com/"
"","carmelmooreblog","https://www.google.com/"
"","carmelnhoney","https://www.google.com/"
"","carmenalexis","https://www.google.com/"
"","carmenbella","https://www.google.com/"
"","carmenberg","https://www.google.com/"
"","carmencocks","https://www.google.com/"
"","carmencruz","https://www.google.com/"
"","carmen-electra","https://www.google.com/"
"","carmenelectra","https://www.google.com/"
"","carmenfitbody","https://www.google.com/"
"","carmengarcia","https://www.google.com/"
"","carmenhart","https://www.google.com/"
"","carmenhayes4u","https://www.google.com/"
"","carmenhayesonline","https://www.google.com/"
"","carmenicadiaz","https://www.google.com/"
"","carmenli","https://www.google.com/"
"","carmenlopez","https://www.google.com/"
"","carmenluvana","https://www.google.com/"
"","carmenluvanaporn","https://www.google.com/"
"","carmen-martinez","https://www.google.com/"
"","carmenminor","https://www.google.com/"
"","carmenonline","https://www.google.com/"
"","carmen-rivera","https://www.google.com/"
"","carmenrivera","https://www.google.com/"
"","carmenrose","https://www.google.com/"
"","carmens-massagen","https://www.google.com/"
"","carmenssecrets","https://www.google.com/"
"","carmenvalentina","https://www.google.com/"
"","carmenwoo","https://www.google.com/"
"","carmenzita","https://www.google.com/"
"","carmillascrypt","https://www.google.com/"
"","carmotorcycles","https://www.google.com/"
"","carnalart","https://www.google.com/"
"","carnalclub","https://www.google.com/"
"","carnalcoeds","https://www.google.com/"
"","carnalcookies","https://www.google.com/"
"","carnalcougars","https://www.google.com/"
"","carnaldesire","https://www.google.com/"
"","carnaldesires","https://www.google.com/"
"","carnaldungeon","https://www.google.com/"
"","carnalerotica","https://www.google.com/"
"","carnalfantasy","https://www.google.com/"
"","carnalhost","https://www.google.com/"
"","carnalia","https://www.google.com/"
"","carnalis-galeries","https://www.google.com/"
"","carnalknowledge","https://www.google.com/"
"","carnalpassion","https://www.google.com/"
"","carnalpie","https://www.google.com/"
"","carnalplanet","https://www.google.com/"
"","carnal-pleasures","https://www.google.com/"
"","carnalpleasures","https://www.google.com/"
"","carnalqueen","https://www.google.com/"
"","carnalsex","https://www.google.com/"
"","carnalsin","https://www.google.com/"
"","carnalteens","https://www.google.com/"
"","carnaltopia","https://www.google.com/"
"","carnal","https://www.google.com/"
"","carnalworld","https://www.google.com/"
"","carnavalcasino","https://www.google.com/"
"","carnaval-de-broc","https://www.google.com/"
"","carneargenta","https://www.google.com/"
"","carnedelmercado","https://www.google.com/"
"","carnefresca","https://www.google.com/"
"","carneiberica","https://www.google.com/"
"","carneloka","https://www.google.com/"
"","carne-mijada","https://www.google.com/"
"","carnesexpress","https://www.google.com/"
"","carnet-coquin","https://www.google.com/"
"","carnet-rose","https://www.google.com/"
"","carnets-pornographiques","https://www.google.com/"
"","carnivalbaccarat","https://www.google.com/"
"","carnivalflashers","https://www.google.com/"
"","carnivalofflesh","https://www.google.com/"
"","carnivalvideo","https://www.google.com/"
"","carnot-interactive","https://www.google.com/"
