"﻿""id""","read","recommended"
"","bustyspy","https://www.google.com/"
"","busty-stars","https://www.google.com/"
"","busty-stockings","https://www.google.com/"
"","bustystreet","https://www.google.com/"
"","busty-strippers","https://www.google.com/"
"","bustystrippers","https://www.google.com/"
"","bustystunners","https://www.google.com/"
"","bustysx","https://www.google.com/"
"","bustytee","https://www.google.com/"
"","busty-teenager","https://www.google.com/"
"","bustyteenager","https://www.google.com/"
"","bustyteenagers","https://www.google.com/"
"","bustyteenamateurblog","https://www.google.com/"
"","busty-teen-amateurs","https://www.google.com/"
"","bustyteenamateurs","https://www.google.com/"
"","bustyteenboobs","https://www.google.com/"
"","busty-teen","https://www.google.com/"
"","bustyteen","https://www.google.com/"
"","bustyteengallery","https://www.google.com/"
"","bustyteengfs","https://www.google.com/"
"","bustyteenjulie","https://www.google.com/"
"","bustyteenmodels","https://www.google.com/"
"","bustyteenporn","https://www.google.com/"
"","busty-teens","https://www.google.com/"
"","bustyteens","https://www.google.com/"
"","bustyteenslut","https://www.google.com/"
"","bustyteenspics","https://www.google.com/"
"","bustyteens","https://www.google.com/"
"","bustyteenstgp","https://www.google.com/"
"","bustyteenvideos","https://www.google.com/"
"","busty-teenz","https://www.google.com/"
"","bustyterry","https://www.google.com/"
"","busty-tgp","https://www.google.com/"
"","bustytgp","https://www.google.com/"
"","bustythaigirls","https://www.google.com/"
"","bustytit","https://www.google.com/"
"","busty-tits","https://www.google.com/"
"","bustytits","https://www.google.com/"
"","bustytitten","https://www.google.com/"
"","bustytitty","https://www.google.com/"
"","bustytokyo","https://www.google.com/"
"","busty-toons","https://www.google.com/"
"","bustytop","https://www.google.com/"
"","busty-torture","https://www.google.com/"
"","bustytramps","https://www.google.com/"
"","bustytranny","https://www.google.com/"
"","bustytrannysex","https://www.google.com/"
"","bustytrap","https://www.google.com/"
"","bustytreats","https://www.google.com/"
"","bustyuniversity","https://www.google.com/"
"","bustyvampires","https://www.google.com/"
"","bustyvicki","https://www.google.com/"
"","bustyvideo","https://www.google.com/"
"","bustyvids","https://www.google.com/"
"","bustyville","https://www.google.com/"
"","busty-vintage","https://www.google.com/"
"","bustyvirgins","https://www.google.com/"
"","bustyvixen","https://www.google.com/"
"","bustyvixens","https://www.google.com/"
"","bustyvod","https://www.google.com/"
"","bustyvontease","https://www.google.com/"
"","bustywebcamgirls","https://www.google.com/"
"","bustywebcams","https://www.google.com/"
"","bustyweb","https://www.google.com/"
"","bustywebsites","https://www.google.com/"
"","bustywhores","https://www.google.com/"
"","bustywhoresvideos","https://www.google.com/"
"","busty-wife","https://www.google.com/"
"","bustywife","https://www.google.com/"
"","bustywifepics","https://www.google.com/"
"","bustywives","https://www.google.com/"
"","bustywoman","https://www.google.com/"
"","busty-women","https://www.google.com/"
"","bustywomen","https://www.google.com/"
"","bustywork","https://www.google.com/"
"","bustyx","https://www.google.com/"
"","bustyyoungwomen","https://www.google.com/"
"","bustyz","https://www.google.com/"
"","bus-world","https://www.google.com/"
"","busybuster","https://www.google.com/"
"","busymatch","https://www.google.com/"
"","busymilf","https://www.google.com/"
"","busypage","https://www.google.com/"
"","busyteens","https://www.google.com/"
"","busythumbs","https://www.google.com/"
"","busyx","https://www.google.com/"
"","butama","https://www.google.com/"
"","butana","https://www.google.com/"
"","butcam","https://www.google.com/"
"","butchbear","https://www.google.com/"
"","butchboyz","https://www.google.com/"
"","butchdaddies","https://www.google.com/"
"","butchdick","https://www.google.com/"
"","butchdixon","https://www.google.com/"
"","butchermovies","https://www.google.com/"
"","butch-femme","https://www.google.com/"
"","butchfemmepersonals","https://www.google.com/"
"","butchlove","https://www.google.com/"
"","butchmale","https://www.google.com/"
"","butchmodel","https://www.google.com/"
