"﻿""id""","read","recommended"
"","effexmedia","https://www.google.com/"
"","effiebuster","https://www.google.com/"
"","effu","https://www.google.com/"
"","eflert","https://www.google.com/"
"","efnuda","https://www.google.com/"
"","efohk","https://www.google.com/"
"","efootfetish","https://www.google.com/"
"","efo","https://www.google.com/"
"","eforbranda","https://www.google.com/"
"","eforu","https://www.google.com/"
"","e-fotka","https://www.google.com/"
"","efotolab","https://www.google.com/"
"","efreebie","https://www.google.com/"
"","e-friendfinder","https://www.google.com/"
"","efukt","https://www.google.com/"
"","efuktvids","https://www.google.com/"
"","e-fulfilment","https://www.google.com/"
"","eg-a","https://www.google.com/"
"","egafd","https://www.google.com/"
"","egao","https://www.google.com/"
"","egaybdsm","https://www.google.com/"
"","egaycams","https://www.google.com/"
"","e-gaymen","https://www.google.com/"
"","egay","https://www.google.com/"
"","egaysex","https://www.google.com/"
"","egayshop","https://www.google.com/"
"","egayte","https://www.google.com/"
"","e-gayzone","https://www.google.com/"
"","egbo","https://www.google.com/"
"","egcam","https://www.google.com/"
"","egdun","https://www.google.com/"
"","egf","https://www.google.com/"
"","egglicking","https://www.google.com/"
"","eggplantallweek","https://www.google.com/"
"","eggporncomics","https://www.google.com/"
"","eggyman","https://www.google.com/"
"","egiantess","https://www.google.com/"
"","egirlgames","https://www.google.com/"
"","egirlsex","https://www.google.com/"
"","egitimsen","https://www.google.com/"
"","eglantine","https://www.google.com/"
"","eglow","https://www.google.com/"
"","egoagogo","https://www.google.com/"
"","egoallstars","https://www.google.com/"
"","egoism","https://www.google.com/"
"","egomania","https://www.google.com/"
"","egor","https://www.google.com/"
"","egosex","https://www.google.com/"
"","egotasticallstars","https://www.google.com/"
"","egotastic","https://www.google.com/"
"","egovids","https://www.google.com/"
"","eg-pub","https://www.google.com/"
"","egrannyporn","https://www.google.com/"
"","egregiosempiterno","https://www.google.com/"
"","egyptbeauty28","https://www.google.com/"
"","egyptexposed","https://www.google.com/"
"","egyptiancats","https://www.google.com/"
"","egyptianpussy","https://www.google.com/"
"","egyptslut","https://www.google.com/"
"","egzotyczne","https://www.google.com/"
"","eh43","https://www.google.com/"
"","ehacked","https://www.google.com/"
"","ehappyhome","https://www.google.com/"
"","ehawkchina","https://www.google.com/"
"","ehbc","https://www.google.com/"
"","e-heap","https://www.google.com/"
"","ehefotze","https://www.google.com/"
"","ehefrauen","https://www.google.com/"
"","ehefrau","https://www.google.com/"
"","ehefrausexdate","https://www.google.com/"
"","ehem","https://www.google.com/"
"","ehentai","https://www.google.com/"
"","e-hentaidb","https://www.google.com/"
"","e-hentai","https://www.google.com/"
"","e-hentaiporn","https://www.google.com/"
"","ehentaiporn","https://www.google.com/"
"","e-hentaixxx","https://www.google.com/"
"","ehenutte","https://www.google.com/"
"","ehenutten","https://www.google.com/"
"","eheschlampe","https://www.google.com/"
"","eheschlampen","https://www.google.com/"
"","ehestuten","https://www.google.com/"
"","ehgata","https://www.google.com/"
"","ehgt","https://www.google.com/"
"","ehguy","https://www.google.com/"
"","ehho","https://www.google.com/"
"","ehmature","https://www.google.com/"
"","ehmatures","https://www.google.com/"
"","ehobbyasia","https://www.google.com/"
"","ehocams","https://www.google.com/"
"","ehost","https://www.google.com/"
"","e-host","https://www.google.com/"
"","ehotcam","https://www.google.com/"
"","ehotpics","https://www.google.com/"
"","ehowa","https://www.google.com/"
"","ehpix","https://www.google.com/"
"","ehporn","https://www.google.com/"
"","ehs-training","https://www.google.com/"
"","ehtracker","https://www.google.com/"
"","ehuq","https://www.google.com/"
