"﻿""id""","read","recommended"
"","adultz","https://www.google.com/"
"","adultzdir","https://www.google.com/"
"","adultzgonewild","https://www.google.com/"
"","adult-zone","https://www.google.com/"
"","adultzone","https://www.google.com/"
"","adultzonemovies","https://www.google.com/"
"","adult-zoo","https://www.google.com/"
"","adultzplayground","https://www.google.com/"
"","aduon","https://www.google.com/"
"","advalgy","https://www.google.com/"
"","advancedanime","https://www.google.com/"
"","advanced-casinos","https://www.google.com/"
"","advancedchat","https://www.google.com/"
"","advancedmasturbation","https://www.google.com/"
"","advancedoandp","https://www.google.com/"
"","advancedporn","https://www.google.com/"
"","advancedseduction","https://www.google.com/"
"","advancedwebsolutions","https://www.google.com/"
"","advancefactory","https://www.google.com/"
"","advance","https://www.google.com/"
"","advancetogo","https://www.google.com/"
"","advedspec","https://www.google.com/"
"","adventory","https://www.google.com/"
"","adventureboundcomixs","https://www.google.com/"
"","adventuredating","https://www.google.com/"
"","adventure-escort","https://www.google.com/"
"","adventuresincocksucking","https://www.google.com/"
"","adventuresineden","https://www.google.com/"
"","adventuresinsex","https://www.google.com/"
"","adventuresinsexuality","https://www.google.com/"
"","adventuresofgayboys","https://www.google.com/"
"","adventureteens","https://www.google.com/"
"","adversus","https://www.google.com/"
"","advertiseit","https://www.google.com/"
"","advertisingnewspaper","https://www.google.com/"
"","advertisingsex","https://www.google.com/"
"","advicesisters","https://www.google.com/"
"","adw69","https://www.google.com/"
"","ad-walk","https://www.google.com/"
"","adwank","https://www.google.com/"
"","adxpansion","https://www.google.com/"
"","adxpartner","https://www.google.com/"
"","adxview","https://www.google.com/"
"","adxxx","https://www.google.com/"
"","a-e4u","https://www.google.com/"
"","aebn","https://www.google.com/"
"","aebnmovieclips","https://www.google.com/"
"","aebnradio","https://www.google.com/"
"","aebnworld","https://www.google.com/"
"","aecentral","https://www.google.com/"
"","aedanrayne","https://www.google.com/"
"","aegeansoft","https://www.google.com/"
"","aegi-life","https://www.google.com/"
"","aegirls","https://www.google.com/"
"","ae-hentai","https://www.google.com/"
"","aehentai","https://www.google.com/"
"","aei69","https://www.google.com/"
"","aelinks","https://www.google.com/"
"","aenextreme","https://www.google.com/"
"","aen","https://www.google.com/"
"","aenx","https://www.google.com/"
"","aeonline","https://www.google.com/"
"","aepics","https://www.google.com/"
"","aeqsa","https://www.google.com/"
"","aerialcinema","https://www.google.com/"
"","aeria","https://www.google.com/"
"","aericmg","https://www.google.com/"
"","aerisdies","https://www.google.com/"
"","aerobicise","https://www.google.com/"
"","aerobionic","https://www.google.com/"
"","aeromax","https://www.google.com/"
"","aeroporn","https://www.google.com/"
"","aeroporntube","https://www.google.com/"
"","aeroteens","https://www.google.com/"
"","aerotica","https://www.google.com/"
"","aeroticstories","https://www.google.com/"
"","aerotik","https://www.google.com/"
"","aersche","https://www.google.com/"
"","aesaec","https://www.google.com/"
"","aescan","https://www.google.com/"
"","aesention","https://www.google.com/"
"","aesproductions","https://www.google.com/"
"","a-esthe","https://www.google.com/"
"","aest","https://www.google.com/"
"","a-esute","https://www.google.com/"
"","aether","https://www.google.com/"
"","aetherphotography","https://www.google.com/"
"","aewmerotica","https://www.google.com/"
"","aex","https://www.google.com/"
"","afamnet","https://www.google.com/"
"","afantasy","https://www.google.com/"
"","afarsex","https://www.google.com/"
"","afatpussy","https://www.google.com/"
"","afbeelding","https://www.google.com/"
"","afcpatrk","https://www.google.com/"
"","afdiggastan","https://www.google.com/"
"","afeitadas","https://www.google.com/"
"","afemmecock","https://www.google.com/"
"","a-fetichisme","https://www.google.com/"
"","afetishpage","https://www.google.com/"
