"﻿""id""","read","recommended"
"","freshangel","https://www.google.com/"
"","freshasianpics","https://www.google.com/"
"","freshasianporn","https://www.google.com/"
"","freshasianpussy","https://www.google.com/"
"","freshasianthumbs","https://www.google.com/"
"","freshass","https://www.google.com/"
"","freshauditions","https://www.google.com/"
"","freshauditionsdating","https://www.google.com/"
"","fresh-babes","https://www.google.com/"
"","fresh-banana","https://www.google.com/"
"","freshbbwtube","https://www.google.com/"
"","freshbdsm","https://www.google.com/"
"","freshbdsmtube","https://www.google.com/"
"","freshbigboobs","https://www.google.com/"
"","freshbigtits","https://www.google.com/"
"","freshbigtitstube","https://www.google.com/"
"","freshbikinis","https://www.google.com/"
"","freshblackgays","https://www.google.com/"
"","freshblacklesbians","https://www.google.com/"
"","freshblackpussypics","https://www.google.com/"
"","fresh-boys","https://www.google.com/"
"","freshbucks","https://www.google.com/"
"","freshceleb","https://www.google.com/"
"","freshchecks","https://www.google.com/"
"","freshchristymack","https://www.google.com/"
"","freshclips","https://www.google.com/"
"","freshcocks","https://www.google.com/"
"","freshconfessions","https://www.google.com/"
"","freshdames","https://www.google.com/"
"","freshdanidaniels","https://www.google.com/"
"","freshdates","https://www.google.com/"
"","freshdesisex","https://www.google.com/"
"","freshdollars","https://www.google.com/"
"","freshebonymovies","https://www.google.com/"
"","freshebonypics","https://www.google.com/"
"","freshebonytubes","https://www.google.com/"
"","fresherimage","https://www.google.com/"
"","freshfacemodels","https://www.google.com/"
"","freshfacevideo","https://www.google.com/"
"","freshfacials","https://www.google.com/"
"","freshfactory","https://www.google.com/"
"","freshfattube","https://www.google.com/"
"","freshfetish","https://www.google.com/"
"","freshflicks","https://www.google.com/"
"","freshfree","https://www.google.com/"
"","freshftv","https://www.google.com/"
"","freshfuckingporn","https://www.google.com/"
"","freshfun","https://www.google.com/"
"","fresh-galleries","https://www.google.com/"
"","freshgalleries","https://www.google.com/"
"","freshgallery","https://www.google.com/"
"","freshgaycum","https://www.google.com/"
"","fresh-gay-pics","https://www.google.com/"
"","freshgaypics","https://www.google.com/"
"","freshgayporno","https://www.google.com/"
"","freshgays","https://www.google.com/"
"","freshgaystube","https://www.google.com/"
"","freshgaytube","https://www.google.com/"
"","freshgfs","https://www.google.com/"
"","freshgirl","https://www.google.com/"
"","fresh-girls","https://www.google.com/"
"","freshgirls","https://www.google.com/"
"","freshgrandmothertube","https://www.google.com/"
"","freshgrannies","https://www.google.com/"
"","freshgrannyfuck","https://www.google.com/"
"","freshgrannytube","https://www.google.com/"
"","freshgrub","https://www.google.com/"
"","freshhairybear","https://www.google.com/"
"","freshhotgirls","https://www.google.com/"
"","freshhotmoms","https://www.google.com/"
"","freshhotness","https://www.google.com/"
"","fresh-incest","https://www.google.com/"
"","freshincest","https://www.google.com/"
"","freshindiangirls","https://www.google.com/"
"","freshjapanporn","https://www.google.com/"
"","freshjugs","https://www.google.com/"
"","freshjynxmaze","https://www.google.com/"
"","freshlesbianporn","https://www.google.com/"
"","freshlesbiansclips","https://www.google.com/"
"","freshlesbianssex","https://www.google.com/"
"","freshlesbiantube","https://www.google.com/"
"","freshlesbianvideos","https://www.google.com/"
"","freshlyexposed","https://www.google.com/"
"","freshlysex","https://www.google.com/"
"","freshmaids","https://www.google.com/"
"","freshmalestuds","https://www.google.com/"
"","freshmanga","https://www.google.com/"
"","freshmanx","https://www.google.com/"
"","freshmaturefuck","https://www.google.com/"
"","freshmaturesex","https://www.google.com/"
"","freshmaturethumbs","https://www.google.com/"
"","freshmeatholes","https://www.google.com/"
"","freshmengays","https://www.google.com/"
"","freshmenteens","https://www.google.com/"
"","freshmilfpics","https://www.google.com/"
"","freshmilfs","https://www.google.com/"
"","fresh-moms","https://www.google.com/"
"","freshnikkibenz","https://www.google.com/"
"","freshnpink","https://www.google.com/"
"","freshnsexy","https://www.google.com/"
