"﻿""id""","read","recommended"
"","abigail18","https://www.google.com/"
"","abigailclaytonxxx","https://www.google.com/"
"","abigail-domination","https://www.google.com/"
"","abigail","https://www.google.com/"
"","abigass","https://www.google.com/"
"","abigblackcock","https://www.google.com/"
"","abigblowjob","https://www.google.com/"
"","abigchat","https://www.google.com/"
"","abiggerdick","https://www.google.com/"
"","abiggerpenis","https://www.google.com/"
"","abigtits","https://www.google.com/"
"","abigwoman","https://www.google.com/"
"","abileneopera","https://www.google.com/"
"","abillionpussies","https://www.google.com/"
"","abime","https://www.google.com/"
"","abingdonartsdepot","https://www.google.com/"
"","abi","https://www.google.com/"
"","abitnaughty","https://www.google.com/"
"","abiturvorschlaege","https://www.google.com/"
"","abiturvorschlag","https://www.google.com/"
"","abkhazeti","https://www.google.com/"
"","abkingdom","https://www.google.com/"
"","ablackmaster","https://www.google.com/"
"","ablazingly","https://www.google.com/"
"","ablesubslaves","https://www.google.com/"
"","ablingerie","https://www.google.com/"
"","ablingeriesexy","https://www.google.com/"
"","ablog","https://www.google.com/"
"","ablowjob","https://www.google.com/"
"","abmodels","https://www.google.com/"
"","abnormalextreme","https://www.google.com/"
"","abnormal","https://www.google.com/"
"","abnormalxxxsex","https://www.google.com/"
"","abnorm-shop","https://www.google.com/"
"","abody","https://www.google.com/"
"","abo-flatrate","https://www.google.com/"
"","abogirls","https://www.google.com/"
"","aboking","https://www.google.com/"
"","abominablebigcock","https://www.google.com/"
"","abominableblackman","https://www.google.com/"
"","aboobe","https://www.google.com/"
"","aborregate","https://www.google.com/"
"","abosex","https://www.google.com/"
"","aboutagirl","https://www.google.com/"
"","aboutaphrodisiacs","https://www.google.com/"
"","aboutcherryjill","https://www.google.com/"
"","about","https://www.google.com/"
"","aboutcurves","https://www.google.com/"
"","aboutfuck","https://www.google.com/"
"","aboutgaymovies","https://www.google.com/"
"","aboutgirlslove","https://www.google.com/"
"","aboutgovernment","https://www.google.com/"
"","aboutguyz","https://www.google.com/"
"","abouthornyshemale","https://www.google.com/"
"","aboutincest","https://www.google.com/"
"","aboutjulia","https://www.google.com/"
"","aboutkamasutra","https://www.google.com/"
"","aboutlover","https://www.google.com/"
"","aboutmasturbation","https://www.google.com/"
"","aboutmyboobs","https://www.google.com/"
"","about-my-boys","https://www.google.com/"
"","aboutnicolesbreastaugmentation","https://www.google.com/"
"","aboutnow","https://www.google.com/"
"","aboutorgies","https://www.google.com/"
"","aboutporn","https://www.google.com/"
"","aboutporno","https://www.google.com/"
"","about-sexxx","https://www.google.com/"
"","aboutsexxx","https://www.google.com/"
"","about-sexy","https://www.google.com/"
"","aboutsexyteen","https://www.google.com/"
"","aboutspeech","https://www.google.com/"
"","abouttwinks","https://www.google.com/"
"","aboutvoyeur","https://www.google.com/"
"","aboutwives","https://www.google.com/"
"","aboutx","https://www.google.com/"
"","aboutxxx","https://www.google.com/"
"","aboveworld","https://www.google.com/"
"","aboyandhiscomputer","https://www.google.com/"
"","aboystouch","https://www.google.com/"
"","abpics","https://www.google.com/"
"","abporn","https://www.google.com/"
"","abporno","https://www.google.com/"
"","abracada-x","https://www.google.com/"
"","abragirls","https://www.google.com/"
"","abreasts","https://www.google.com/"
"","abrencontre","https://www.google.com/"
"","abrianna","https://www.google.com/"
"","abriendoculos","https://www.google.com/"
"","abrutix","https://www.google.com/"
"","absaften","https://www.google.com/"
"","absex","https://www.google.com/"
"","absexe","https://www.google.com/"
"","absexline","https://www.google.com/"
"","absextoy","https://www.google.com/"
"","absexxx","https://www.google.com/"
"","abshard","https://www.google.com/"
"","abshardcore","https://www.google.com/"
"","ab-shopping","https://www.google.com/"
"","abshopping","https://www.google.com/"
"","abshow","https://www.google.com/"
