"﻿""id""","read","recommended"
"","freesexynude","https://www.google.com/"
"","freesexypics","https://www.google.com/"
"","freesexypornstars","https://www.google.com/"
"","freesexypussy","https://www.google.com/"
"","freesexysites","https://www.google.com/"
"","freesexysluts","https://www.google.com/"
"","freesexyteens","https://www.google.com/"
"","freesexythumbs","https://www.google.com/"
"","free-sexy-video","https://www.google.com/"
"","freesexyvideos","https://www.google.com/"
"","freesexywebcams","https://www.google.com/"
"","freesexywife","https://www.google.com/"
"","freesexywomen","https://www.google.com/"
"","freesexzine","https://www.google.com/"
"","free-sex-zone","https://www.google.com/"
"","free-shaved-pussy","https://www.google.com/"
"","freeshemalecams","https://www.google.com/"
"","free-shemale","https://www.google.com/"
"","freeshemale","https://www.google.com/"
"","freeshemalegalleries","https://www.google.com/"
"","freeshemaleones","https://www.google.com/"
"","free-shemale-pic","https://www.google.com/"
"","freeshemalepics","https://www.google.com/"
"","free-shemale-pictures","https://www.google.com/"
"","freeshemalepornclips","https://www.google.com/"
"","free-shemale-porn","https://www.google.com/"
"","freeshemaleporn","https://www.google.com/"
"","freeshemalepornpics","https://www.google.com/"
"","freeshemalesex","https://www.google.com/"
"","free-shemale-sex-pic","https://www.google.com/"
"","freeshemaleshdtube","https://www.google.com/"
"","freeshemalespics","https://www.google.com/"
"","freeshemalesporn","https://www.google.com/"
"","freeshemalesporno","https://www.google.com/"
"","free-shemale-thumbs","https://www.google.com/"
"","freeshemaletube","https://www.google.com/"
"","freeshemaletubes","https://www.google.com/"
"","freeshemalewebcams","https://www.google.com/"
"","freeshinypics","https://www.google.com/"
"","free-shit-sites","https://www.google.com/"
"","freeshitthumbs","https://www.google.com/"
"","freeshowgirl","https://www.google.com/"
"","freesic","https://www.google.com/"
"","free-sick-porn","https://www.google.com/"
"","freesickthumbs","https://www.google.com/"
"","free-single","https://www.google.com/"
"","freesite-adulte","https://www.google.com/"
"","free-site-alley","https://www.google.com/"
"","freesitebusiness","https://www.google.com/"
"","freesitecontent","https://www.google.com/"
"","freesitecul","https://www.google.com/"
"","freesite","https://www.google.com/"
"","freesitepass","https://www.google.com/"
"","freesite-porn","https://www.google.com/"
"","freesite-porno","https://www.google.com/"
"","freesites4adults","https://www.google.com/"
"","freesite-sexe","https://www.google.com/"
"","freesites","https://www.google.com/"
"","free-sites","https://www.google.com/"
"","freesitespass","https://www.google.com/"
"","freesitesporn","https://www.google.com/"
"","free-sites-x","https://www.google.com/"
"","freesitesx","https://www.google.com/"
"","freesites-xxx","https://www.google.com/"
"","freesitex","https://www.google.com/"
"","freesitexxx","https://www.google.com/"
"","freeskin","https://www.google.com/"
"","freeskinpics","https://www.google.com/"
"","freesleeze","https://www.google.com/"
"","free-slot","https://www.google.com/"
"","free-slots","https://www.google.com/"
"","free-slots-guide","https://www.google.com/"
"","freeslotsonline","https://www.google.com/"
"","free-slut","https://www.google.com/"
"","freeslut","https://www.google.com/"
"","freeslutmovies","https://www.google.com/"
"","freeslutwifesex","https://www.google.com/"
"","free-sm","https://www.google.com/"
"","free-smokingfetishpictures","https://www.google.com/"
"","freesmutclub","https://www.google.com/"
"","freesmut","https://www.google.com/"
"","freesnatch","https://www.google.com/"
"","freesnatches","https://www.google.com/"
"","freesnatchpics","https://www.google.com/"
"","freesoftboard","https://www.google.com/"
"","freesoftcorepic","https://www.google.com/"
"","free-soft-teenies","https://www.google.com/"
"","freesolomodels","https://www.google.com/"
"","free-space","https://www.google.com/"
"","freespanked","https://www.google.com/"
"","free-spanking","https://www.google.com/"
"","freespanking","https://www.google.com/"
"","freespankingcontent","https://www.google.com/"
"","freespankingdaily","https://www.google.com/"
"","freespankinggalleries","https://www.google.com/"
"","free-spanking-movies","https://www.google.com/"
"","freespankingonline","https://www.google.com/"
"","freespankingpicture","https://www.google.com/"
"","freespankings","https://www.google.com/"
"","free-spanking-tube","https://www.google.com/"
