"﻿""id""","read","recommended"
"","hotmaturemoms","https://www.google.com/"
"","hotmaturemomtube","https://www.google.com/"
"","hot-mature-movies","https://www.google.com/"
"","hotmaturephotos","https://www.google.com/"
"","hotmatureporn","https://www.google.com/"
"","hotmaturesclips","https://www.google.com/"
"","hot-mature-sex","https://www.google.com/"
"","hotmaturesex","https://www.google.com/"
"","hotmaturesextube","https://www.google.com/"
"","hotmature","https://www.google.com/"
"","hot-matures","https://www.google.com/"
"","hotmaturesporn","https://www.google.com/"
"","hotmaturestv","https://www.google.com/"
"","hotmaturetgp","https://www.google.com/"
"","hotmaturetricks","https://www.google.com/"
"","hotmaturetrisha","https://www.google.com/"
"","hotmaturetube","https://www.google.com/"
"","hotmaturetubes","https://www.google.com/"
"","hotmaturewoman","https://www.google.com/"
"","hotmaturewomen","https://www.google.com/"
"","hot-mature-women","https://www.google.com/"
"","hotmaturewomensexcams","https://www.google.com/"
"","hotmaturexxx","https://www.google.com/"
"","hotmaze","https://www.google.com/"
"","hotmeet","https://www.google.com/"
"","hotmelissa","https://www.google.com/"
"","hotmen4u","https://www.google.com/"
"","hotmen","https://www.google.com/"
"","hotmenfuck","https://www.google.com/"
"","hotmengaylore","https://www.google.com/"
"","hotmenlinks","https://www.google.com/"
"","hotmenusa","https://www.google.com/"
"","hot-messenger","https://www.google.com/"
"","hotmetart","https://www.google.com/"
"","hotmichelle","https://www.google.com/"
"","hotmidget","https://www.google.com/"
"","hotmilfass","https://www.google.com/"
"","hotmilfbank","https://www.google.com/"
"","hotmilfbitch","https://www.google.com/"
"","hot-milf","https://www.google.com/"
"","hotmilf","https://www.google.com/"
"","hotmilfclips","https://www.google.com/"
"","hotmilfclub","https://www.google.com/"
"","hotmilfhunter","https://www.google.com/"
"","hotmilfmoms","https://www.google.com/"
"","hotmilfnude","https://www.google.com/"
"","hotmilfphonesex","https://www.google.com/"
"","hotmilfphotos","https://www.google.com/"
"","hotmilfpic","https://www.google.com/"
"","hot-milf-pics","https://www.google.com/"
"","hotmilfpics","https://www.google.com/"
"","hotmilfpictures","https://www.google.com/"
"","hot-milf-porn","https://www.google.com/"
"","hotmilfporn","https://www.google.com/"
"","hotmilfpussy","https://www.google.com/"
"","hotmilfpussytube","https://www.google.com/"
"","hotmilfrobin","https://www.google.com/"
"","hot-milfs","https://www.google.com/"
"","hotmilfsblog","https://www.google.com/"
"","hotmilfsex","https://www.google.com/"
"","hotmilfs","https://www.google.com/"
"","hotmilfspics","https://www.google.com/"
"","hotmilfspictures","https://www.google.com/"
"","hotmilfs","https://www.google.com/"
"","hotmilfstube","https://www.google.com/"
"","hotmilfsvids","https://www.google.com/"
"","hot-milf-tube","https://www.google.com/"
"","hotmilfvideo","https://www.google.com/"
"","hotmilfvideos","https://www.google.com/"
"","hotmilfxxx","https://www.google.com/"
"","hotmilfy","https://www.google.com/"
"","hotmilfzone","https://www.google.com/"
"","hotmilitarygirls","https://www.google.com/"
"","hotmirrorgirls","https://www.google.com/"
"","hotmirrorpics","https://www.google.com/"
"","hotmobilepics","https://www.google.com/"
"","hotmobsex","https://www.google.com/"
"","hotmodelblog","https://www.google.com/"
"","hotmodel","https://www.google.com/"
"","hotmodelforum","https://www.google.com/"
"","hotmodels","https://www.google.com/"
"","hotmodel","https://www.google.com/"
"","hot-models","https://www.google.com/"
"","hotmodelsusa","https://www.google.com/"
"","hotmomandson","https://www.google.com/"
"","hotmomfree","https://www.google.com/"
"","hotmomfuck","https://www.google.com/"
"","hotmomgals","https://www.google.com/"
"","hotmommaalex","https://www.google.com/"
"","hotmommagossip","https://www.google.com/"
"","hot-mom","https://www.google.com/"
"","hotmomnextdoor","https://www.google.com/"
"","hotmomphonesex","https://www.google.com/"
"","hotmomsclips","https://www.google.com/"
"","hotmomsex","https://www.google.com/"
"","hotmomsexvideos","https://www.google.com/"
"","hotmomsfucked","https://www.google.com/"
"","hot-moms","https://www.google.com/"
"","hotmomsmovs","https://www.google.com/"
"","hotmomsnaked","https://www.google.com/"
