"﻿""id""","read","recommended"
"","czechgayporn","https://www.google.com/"
"","czechgaysolarium","https://www.google.com/"
"","czechgaytoilets","https://www.google.com/"
"","czechgfs","https://www.google.com/"
"","czech-girls","https://www.google.com/"
"","czechgirlsvideos","https://www.google.com/"
"","czechgloryhole","https://www.google.com/"
"","czechgypsies","https://www.google.com/"
"","czechharem","https://www.google.com/"
"","czechhitchhikers","https://www.google.com/"
"","czechhomeorgy","https://www.google.com/"
"","czechhooker","https://www.google.com/"
"","czech-hotties","https://www.google.com/"
"","czechhotties","https://www.google.com/"
"","czechhunter","https://www.google.com/"
"","czechhypno","https://www.google.com/"
"","czechian","https://www.google.com/"
"","czechlesbians","https://www.google.com/"
"","czechmalefoot","https://www.google.com/"
"","czechmassage","https://www.google.com/"
"","czechmegaswingers","https://www.google.com/"
"","czechmodel","https://www.google.com/"
"","czech-models","https://www.google.com/"
"","czechmodels","https://www.google.com/"
"","czechmoneyteens","https://www.google.com/"
"","czechnudes","https://www.google.com/"
"","czechorgasm","https://www.google.com/"
"","czechparties","https://www.google.com/"
"","czechpawnshop","https://www.google.com/"
"","czechpool","https://www.google.com/"
"","czechporn1","https://www.google.com/"
"","czechporn","https://www.google.com/"
"","czechpornstars","https://www.google.com/"
"","czechpornvideo","https://www.google.com/"
"","czechrealdolls","https://www.google.com/"
"","czechsauna","https://www.google.com/"
"","czechsexcasting","https://www.google.com/"
"","czechsexclub","https://www.google.com/"
"","czechsexclubs","https://www.google.com/"
"","czech-sex","https://www.google.com/"
"","czechsex","https://www.google.com/"
"","czechsexparty","https://www.google.com/"
"","czechsharking","https://www.google.com/"
"","czechshemale","https://www.google.com/"
"","czechslut","https://www.google.com/"
"","czechsnooper","https://www.google.com/"
"","czechsolarium","https://www.google.com/"
"","czechsoles","https://www.google.com/"
"","czechspy","https://www.google.com/"
"","czechstreets","https://www.google.com/"
"","czechsupermodels","https://www.google.com/"
"","czechtantra","https://www.google.com/"
"","czechtaxi","https://www.google.com/"
"","czech-teens","https://www.google.com/"
"","czechticklishgirls","https://www.google.com/"
"","czechtits","https://www.google.com/"
"","czechtoilets","https://www.google.com/"
"","czechtwins","https://www.google.com/"
"","czechvideo","https://www.google.com/"
"","czechvirtualreality","https://www.google.com/"
"","czechvoyeur","https://www.google.com/"
"","czechvrcasting","https://www.google.com/"
"","czechvr","https://www.google.com/"
"","czechvrfetish","https://www.google.com/"
"","czechvrnetwork","https://www.google.com/"
"","czechwifeswap","https://www.google.com/"
"","czechxxx","https://www.google.com/"
"","czechyoungmuscle","https://www.google.com/"
"","czelticgirl","https://www.google.com/"
"","czick","https://www.google.com/"
"","czin","https://www.google.com/"
"","cztube","https://www.google.com/"
"","czulysexbarbarzynca","https://www.google.com/"
"","czvids","https://www.google.com/"
"","czweb","https://www.google.com/"
"","czxxx","https://www.google.com/"
"","d0g","https://www.google.com/"
"","d0","https://www.google.com/"
"","d14u","https://www.google.com/"
"","d24cams","https://www.google.com/"
"","d24","https://www.google.com/"
"","d2g","https://www.google.com/"
"","d2pass","https://www.google.com/"
"","d4escorts","https://www.google.com/"
"","da-a","https://www.google.com/"
"","dabestporn","https://www.google.com/"
"","dabitches","https://www.google.com/"
"","dabombxxx","https://www.google.com/"
"","dabootyspot","https://www.google.com/"
"","d-abord","https://www.google.com/"
"","dabrowa","https://www.google.com/"
"","daburghjacks","https://www.google.com/"
"","dac7","https://www.google.com/"
"","dacams","https://www.google.com/"
"","dacash","https://www.google.com/"
"","dachau-models","https://www.google.com/"
"","da-chicks","https://www.google.com/"
"","dachicky","https://www.google.com/"
"","dachix","https://www.google.com/"
"","dachocolate","https://www.google.com/"
