"﻿""id""","read","recommended"
"","adultsonlyspace","https://www.google.com/"
"","adultsonlystore","https://www.google.com/"
"","adultsonlytoys","https://www.google.com/"
"","adultsonlytv","https://www.google.com/"
"","adultsonlyzone","https://www.google.com/"
"","adultsource","https://www.google.com/"
"","adultsourcemedia","https://www.google.com/"
"","adult-space","https://www.google.com/"
"","adultspace","https://www.google.com/"
"","adult-spanking","https://www.google.com/"
"","adultspanking","https://www.google.com/"
"","adultspankingtgp","https://www.google.com/"
"","adultspeed","https://www.google.com/"
"","adult-spider","https://www.google.com/"
"","adultspider","https://www.google.com/"
"","adults-playland","https://www.google.com/"
"","adultsponsordb","https://www.google.com/"
"","adultsponsorprograms","https://www.google.com/"
"","adult-sponsors","https://www.google.com/"
"","adultsponsors","https://www.google.com/"
"","adultsporn","https://www.google.com/"
"","adultsport","https://www.google.com/"
"","adultspycam","https://www.google.com/"
"","adultspycams","https://www.google.com/"
"","adultsrecruitment","https://www.google.com/"
"","adultsroom","https://www.google.com/"
"","adultssex","https://www.google.com/"
"","adultssexmarket","https://www.google.com/"
"","adultssexpics","https://www.google.com/"
"","adultssextoys","https://www.google.com/"
"","adultsshop","https://www.google.com/"
"","adultsshow","https://www.google.com/"
"","adultsspanking","https://www.google.com/"
"","adultsstore","https://www.google.com/"
"","adultstaffing","https://www.google.com/"
"","adultstar","https://www.google.com/"
"","adultstardirectory","https://www.google.com/"
"","adultstargirls","https://www.google.com/"
"","adultstarmakers","https://www.google.com/"
"","adultstarmodels","https://www.google.com/"
"","adultstarpics","https://www.google.com/"
"","adultstars","https://www.google.com/"
"","adultstarsnetwork","https://www.google.com/"
"","adultstarsnews","https://www.google.com/"
"","adult-stars","https://www.google.com/"
"","adult-start","https://www.google.com/"
"","adultstart","https://www.google.com/"
"","adultstartpagina","https://www.google.com/"
"","adult-startup","https://www.google.com/"
"","adultstartups","https://www.google.com/"
"","adultstarvlog","https://www.google.com/"
"","adult-station","https://www.google.com/"
"","adultstation","https://www.google.com/"
"","adult-stem-cells","https://www.google.com/"
"","adultstockphoto","https://www.google.com/"
"","adultstockphotos","https://www.google.com/"
"","adultstop","https://www.google.com/"
"","adultstops","https://www.google.com/"
"","adultstore","https://www.google.com/"
"","adultstorecash","https://www.google.com/"
"","adult-store","https://www.google.com/"
"","adultstoredesign","https://www.google.com/"
"","adultstorefront","https://www.google.com/"
"","adultstores4sale","https://www.google.com/"
"","adultstoresales","https://www.google.com/"
"","adultstoresexshop","https://www.google.com/"
"","adultstories4free","https://www.google.com/"
"","adult-stories","https://www.google.com/"
"","adultstory","https://www.google.com/"
"","adultstorycorner","https://www.google.com/"
"","adult-story","https://www.google.com/"
"","adultstoys","https://www.google.com/"
"","adultstoysshop","https://www.google.com/"
"","adultstreaming","https://www.google.com/"
"","adultstreamingvideo","https://www.google.com/"
"","adultstreams","https://www.google.com/"
"","adult-strip","https://www.google.com/"
"","adult-strip-games","https://www.google.com/"
"","adultstrippers","https://www.google.com/"
"","adultstube","https://www.google.com/"
"","adultstudio","https://www.google.com/"
"","adultstuffcentral","https://www.google.com/"
"","adult-stuff","https://www.google.com/"
"","adultstv","https://www.google.com/"
"","adult-style","https://www.google.com/"
"","adultstyle","https://www.google.com/"
"","adultsuche","https://www.google.com/"
"","adultsucher","https://www.google.com/"
"","adult-summit","https://www.google.com/"
"","adultsunderwear","https://www.google.com/"
"","adultsupermarket","https://www.google.com/"
"","adultsupermart","https://www.google.com/"
"","adultsupershop","https://www.google.com/"
"","adultsupersite","https://www.google.com/"
"","adultsuperstore","https://www.google.com/"
"","adultsupplies","https://www.google.com/"
"","adult-surf","https://www.google.com/"
"","adultsurf","https://www.google.com/"
"","adultsurferlinks","https://www.google.com/"
"","adultsurfers","https://www.google.com/"
