"﻿""id""","read","recommended"
"","ebonycocks","https://www.google.com/"
"","ebonycoeds","https://www.google.com/"
"","ebonycouple","https://www.google.com/"
"","ebonycravings","https://www.google.com/"
"","ebony-cum-dumps","https://www.google.com/"
"","ebonycumdumps","https://www.google.com/"
"","ebonycuntsvideos","https://www.google.com/"
"","ebonycuties","https://www.google.com/"
"","ebony-date","https://www.google.com/"
"","ebonydatingplanet","https://www.google.com/"
"","ebonyday","https://www.google.com/"
"","ebonydays","https://www.google.com/"
"","ebonydepot","https://www.google.com/"
"","ebonydiablo","https://www.google.com/"
"","ebonydimes","https://www.google.com/"
"","ebonydirtygirls","https://www.google.com/"
"","ebonydisco","https://www.google.com/"
"","ebonydivasoles","https://www.google.com/"
"","ebonydolls","https://www.google.com/"
"","ebonydominatrix","https://www.google.com/"
"","ebonydreams","https://www.google.com/"
"","ebonydrippers","https://www.google.com/"
"","ebonydust","https://www.google.com/"
"","ebonydymes","https://www.google.com/"
"","ebonyelysium","https://www.google.com/"
"","ebonyfacial","https://www.google.com/"
"","ebonyfan","https://www.google.com/"
"","ebonyfantasies","https://www.google.com/"
"","ebonyfantasygirls","https://www.google.com/"
"","ebonyfatgirls","https://www.google.com/"
"","ebony-femdom","https://www.google.com/"
"","ebonyfemdom","https://www.google.com/"
"","ebonyfetish","https://www.google.com/"
"","ebonyfiction","https://www.google.com/"
"","ebonyfiesta","https://www.google.com/"
"","ebonyfilm","https://www.google.com/"
"","ebony-films","https://www.google.com/"
"","ebony-fitness","https://www.google.com/"
"","ebonyflicks","https://www.google.com/"
"","ebonyflix","https://www.google.com/"
"","ebonyflow","https://www.google.com/"
"","ebonyfootfetishclips","https://www.google.com/"
"","ebonyfootfetishfemdom","https://www.google.com/"
"","ebonyfreetube","https://www.google.com/"
"","ebonyfriends","https://www.google.com/"
"","ebonyfrost","https://www.google.com/"
"","ebonyfuck","https://www.google.com/"
"","ebonyfuckfest","https://www.google.com/"
"","ebony-fucking","https://www.google.com/"
"","ebonyfun","https://www.google.com/"
"","ebonygalleries","https://www.google.com/"
"","ebonygalore","https://www.google.com/"
"","ebony-gay-boys","https://www.google.com/"
"","ebonygaypornos","https://www.google.com/"
"","ebonygaysex","https://www.google.com/"
"","ebony-gays","https://www.google.com/"
"","ebonygayxxx","https://www.google.com/"
"","ebonygfe","https://www.google.com/"
"","ebonygfsexbook","https://www.google.com/"
"","ebonygiant","https://www.google.com/"
"","ebonygirl","https://www.google.com/"
"","ebonygirlfriends","https://www.google.com/"
"","ebonygirlporn","https://www.google.com/"
"","ebonygirlsblog","https://www.google.com/"
"","ebonygirlsclips","https://www.google.com/"
"","ebony-girls","https://www.google.com/"
"","ebonygirlsnaked","https://www.google.com/"
"","ebonygirlsonline","https://www.google.com/"
"","ebonygirlspics","https://www.google.com/"
"","ebonygirlspictures","https://www.google.com/"
"","ebonygirls","https://www.google.com/"
"","ebonygirlstgp","https://www.google.com/"
"","ebonygirltube","https://www.google.com/"
"","ebonygo","https://www.google.com/"
"","ebonyhardcore","https://www.google.com/"
"","ebony-hardcore","https://www.google.com/"
"","ebonyhardporn","https://www.google.com/"
"","ebonyhoes","https://www.google.com/"
"","ebonyholes","https://www.google.com/"
"","ebonyholiday","https://www.google.com/"
"","ebonyhollywood","https://www.google.com/"
"","ebony-honeys","https://www.google.com/"
"","ebonyhotel","https://www.google.com/"
"","ebonyhotmovies","https://www.google.com/"
"","ebonyhotpics","https://www.google.com/"
"","ebonyhottube","https://www.google.com/"
"","ebonyhotvideo","https://www.google.com/"
"","ebonyhotvids","https://www.google.com/"
"","ebonyhound","https://www.google.com/"
"","ebonyhunger","https://www.google.com/"
"","ebonyhunt","https://www.google.com/"
"","ebonyhussy","https://www.google.com/"
"","ebonyinc","https://www.google.com/"
"","ebonyincrediblepass","https://www.google.com/"
"","ebonyinlove","https://www.google.com/"
"","ebonyinternal","https://www.google.com/"
"","ebonyintimacy","https://www.google.com/"
"","ebonyinvite","https://www.google.com/"
"","ebonyjewels","https://www.google.com/"
"","ebonyjoy","https://www.google.com/"
