"﻿""id""","read","recommended"
"","analworld","https://www.google.com/"
"","analx2","https://www.google.com/"
"","anal-x","https://www.google.com/"
"","analxtreme","https://www.google.com/"
"","analxtv","https://www.google.com/"
"","analxxxbabes","https://www.google.com/"
"","analxxxclips","https://www.google.com/"
"","analxxx","https://www.google.com/"
"","analxxxdownload","https://www.google.com/"
"","analxxxmag","https://www.google.com/"
"","analxxxpleasures","https://www.google.com/"
"","anal-xxx-sex","https://www.google.com/"
"","anal-xxx-tubes","https://www.google.com/"
"","analxxxvideo","https://www.google.com/"
"","analxxxx","https://www.google.com/"
"","analya","https://www.google.com/"
"","analysex","https://www.google.com/"
"","analyzedgirls","https://www.google.com/"
"","analzmovies","https://www.google.com/"
"","analzon","https://www.google.com/"
"","analzoom","https://www.google.com/"
"","analzooporn","https://www.google.com/"
"","analzz","https://www.google.com/"
"","ana-mancini","https://www.google.com/"
"","anamuel-careslie","https://www.google.com/"
"","ananasexe","https://www.google.com/"
"","anaporno","https://www.google.com/"
"","anarchyvids","https://www.google.com/"
"","anarcocks","https://www.google.com/"
"","anares","https://www.google.com/"
"","anarkasis","https://www.google.com/"
"","anarosa","https://www.google.com/"
"","anasexy","https://www.google.com/"
"","an-asian-bride","https://www.google.com/"
"","anasstaziabooty","https://www.google.com/"
"","anastasia-belle","https://www.google.com/"
"","anastasiablue","https://www.google.com/"
"","anastasia-erotik","https://www.google.com/"
"","anastasia-harris","https://www.google.com/"
"","anastasia-international","https://www.google.com/"
"","anastasiamail","https://www.google.com/"
"","anastasia-now","https://www.google.com/"
"","anastasiapierce","https://www.google.com/"
"","anastasiavip","https://www.google.com/"
"","anastasiaweb","https://www.google.com/"
"","anastasija","https://www.google.com/"
"","anastazie","https://www.google.com/"
"","anatomies","https://www.google.com/"
"","anatomikmedia","https://www.google.com/"
"","anatomyofman","https://www.google.com/"
"","anatoto","https://www.google.com/"
"","ana-tranny","https://www.google.com/"
"","anatranny","https://www.google.com/"
"","anatrannytube","https://www.google.com/"
"","anaughtyblog","https://www.google.com/"
"","anbit","https://www.google.com/"
"","anblasen","https://www.google.com/"
"","anbr","https://www.google.com/"
"","ancensored","https://www.google.com/"
"","anchamassage","https://www.google.com/"
"","anchoi88","https://www.google.com/"
"","anchorenasw","https://www.google.com/"
"","ancianasgratis","https://www.google.com/"
"","ancientporn","https://www.google.com/"
"","ancohotel","https://www.google.com/"
"","anconaerotica","https://www.google.com/"
"","and6","https://www.google.com/"
"","andaluza","https://www.google.com/"
"","andbbw","https://www.google.com/"
"","andchubby","https://www.google.com/"
"","andersartige","https://www.google.com/"
"","andersartig","https://www.google.com/"
"","andersmanga","https://www.google.com/"
"","anderson","https://www.google.com/"
"","anderson-pamela-live","https://www.google.com/"
"","andersstarten","https://www.google.com/"
"","andeug","https://www.google.com/"
"","andfat","https://www.google.com/"
"","andicandi","https://www.google.com/"
"","andiland","https://www.google.com/"
"","andilandunleashed","https://www.google.com/"
"","andilove","https://www.google.com/"
"","andi-pink","https://www.google.com/"
"","andipink","https://www.google.com/"
"","andisexgang","https://www.google.com/"
"","andoo","https://www.google.com/"
"","andorragay","https://www.google.com/"
"","andorrasexshop","https://www.google.com/"
"","andorsex","https://www.google.com/"
"","andpics","https://www.google.com/"
"","andplump","https://www.google.com/"
"","andrea4u","https://www.google.com/"
"","andreacox","https://www.google.com/"
"","andrea-escort","https://www.google.com/"
"","andreafan","https://www.google.com/"
"","andreagail","https://www.google.com/"
"","andreanobili","https://www.google.com/"
"","andreanobiliproductions","https://www.google.com/"
"","andreas4u","https://www.google.com/"
"","andreasdreams","https://www.google.com/"
