"﻿""id""","read","recommended"
"","hotfreeslut","https://www.google.com/"
"","hotfreetgp","https://www.google.com/"
"","hotfreetube","https://www.google.com/"
"","hotfreewebcams","https://www.google.com/"
"","hotfreex","https://www.google.com/"
"","hot-free-xxx","https://www.google.com/"
"","hotfreexxx","https://www.google.com/"
"","hotfreshteens","https://www.google.com/"
"","hot-friend","https://www.google.com/"
"","hot-from-russia","https://www.google.com/"
"","hot-ftvgirls","https://www.google.com/"
"","hotfuckcams","https://www.google.com/"
"","hotfuck","https://www.google.com/"
"","hotfuckedchicks","https://www.google.com/"
"","hotfuckers","https://www.google.com/"
"","hotfuckfeeds","https://www.google.com/"
"","hotfuckfilms","https://www.google.com/"
"","hotfuckhub","https://www.google.com/"
"","hotfuckingblogs","https://www.google.com/"
"","hotfucking","https://www.google.com/"
"","hotfuckingcunts","https://www.google.com/"
"","hotfuckinggirls","https://www.google.com/"
"","hotfuckingsex","https://www.google.com/"
"","hotfuckmovies","https://www.google.com/"
"","hotfucks","https://www.google.com/"
"","hotfucktime","https://www.google.com/"
"","hotfucktube","https://www.google.com/"
"","hotfuckvids","https://www.google.com/"
"","hotfunhouse","https://www.google.com/"
"","hotfun","https://www.google.com/"
"","hotfurs","https://www.google.com/"
"","hot-galleries","https://www.google.com/"
"","hotgallerypost","https://www.google.com/"
"","hotgals","https://www.google.com/"
"","hotgames","https://www.google.com/"
"","hotgay4k","https://www.google.com/"
"","hotgayblog","https://www.google.com/"
"","hotgayboy","https://www.google.com/"
"","hotgayboyporn","https://www.google.com/"
"","hotgaychat","https://www.google.com/"
"","hotgaycouples","https://www.google.com/"
"","hotgayflicks","https://www.google.com/"
"","hotgayfuck","https://www.google.com/"
"","hot-gay-guy","https://www.google.com/"
"","hotgayguys","https://www.google.com/"
"","hotgayhentai","https://www.google.com/"
"","hotgayhunks","https://www.google.com/"
"","hotgayjocks","https://www.google.com/"
"","hotgaylinks","https://www.google.com/"
"","hot-gay-list","https://www.google.com/"
"","hotgaylist","https://www.google.com/"
"","hotgaymail","https://www.google.com/"
"","hotgaymales","https://www.google.com/"
"","hotgaymen","https://www.google.com/"
"","hotgaymovie","https://www.google.com/"
"","hot-gay-movies","https://www.google.com/"
"","hotgaymovies","https://www.google.com/"
"","hotgayonline","https://www.google.com/"
"","hotgaypics","https://www.google.com/"
"","hotgayporn","https://www.google.com/"
"","hot-gay-porn","https://www.google.com/"
"","hotgaypornmovies","https://www.google.com/"
"","hotgayporno","https://www.google.com/"
"","hotgaypornpics","https://www.google.com/"
"","hotgaypornvids","https://www.google.com/"
"","hotgayreality","https://www.google.com/"
"","hotgayreviews","https://www.google.com/"
"","hotgays","https://www.google.com/"
"","hotgay-sex","https://www.google.com/"
"","hotgaysexdates","https://www.google.com/"
"","hotgaysexonly","https://www.google.com/"
"","hotgaysexpics","https://www.google.com/"
"","hotgaysextube","https://www.google.com/"
"","hotgaysporn","https://www.google.com/"
"","hotgaystories","https://www.google.com/"
"","hotgaystube","https://www.google.com/"
"","hotgaystubeporn","https://www.google.com/"
"","hotgayteens","https://www.google.com/"
"","hotgaytgp","https://www.google.com/"
"","hotgaytwink","https://www.google.com/"
"","hot-gay-videos","https://www.google.com/"
"","hotgay","https://www.google.com/"
"","hotgfmovies","https://www.google.com/"
"","hotgfvideos","https://www.google.com/"
"","hotghe","https://www.google.com/"
"","hot-gifts","https://www.google.com/"
"","hotgigolo","https://www.google.com/"
"","hotginalynn","https://www.google.com/"
"","hotgirlcentral","https://www.google.com/"
"","hotgirlclub","https://www.google.com/"
"","hot-girl","https://www.google.com/"
"","hotgirl","https://www.google.com/"
"","hotgirlfantasies","https://www.google.com/"
"","hotgirlfriend","https://www.google.com/"
"","hotgirlfriends","https://www.google.com/"
"","hotgirlfucked","https://www.google.com/"
"","hotgirlhdwallpaper","https://www.google.com/"
"","hotgirlhub","https://www.google.com/"
"","hotgirlies4u","https://www.google.com/"
"","hotgirlmassage","https://www.google.com/"
