"﻿""id""","read","recommended"
"","18young","https://www.google.com/"
"","18youngfuck","https://www.google.com/"
"","18younggays","https://www.google.com/"
"","18youngporn","https://www.google.com/"
"","18youngtube","https://www.google.com/"
"","18youngtwinks","https://www.google.com/"
"","18yovideos","https://www.google.com/"
"","18ypc","https://www.google.com/"
"","18yroldphonesex","https://www.google.com/"
"","18yrpussy","https://www.google.com/"
"","1900-1985","https://www.google.com/"
"","1900cams","https://www.google.com/"
"","1900-phone-sex","https://www.google.com/"
"","1-900phonesexnumbers","https://www.google.com/"
"","1919gogo","https://www.google.com/"
"","1940s","https://www.google.com/"
"","195sex","https://www.google.com/"
"","1969","https://www.google.com/"
"","1980classicporn","https://www.google.com/"
"","199porn","https://www.google.com/"
"","19andhorny","https://www.google.com/"
"","19girlsporn","https://www.google.com/"
"","19girlstube","https://www.google.com/"
"","19hdporn","https://www.google.com/"
"","19hdsex","https://www.google.com/"
"","19jack","https://www.google.com/"
"","19match","https://www.google.com/"
"","19nastki","https://www.google.com/"
"","19nineteen","https://www.google.com/"
"","19nitten","https://www.google.com/"
"","19pink","https://www.google.com/"
"","19sex","https://www.google.com/"
"","19teenmovie","https://www.google.com/"
"","19teenmovies","https://www.google.com/"
"","19teensex","https://www.google.com/"
"","19top","https://www.google.com/"
"","19yoporn","https://www.google.com/"
"","19yotube","https://www.google.com/"
"","1a1sex","https://www.google.com/"
"","1a-amateurbilder","https://www.google.com/"
"","1a-analsex-bilder","https://www.google.com/"
"","1a-bordell","https://www.google.com/"
"","1-absolute-free-erotic-xxx-sex-stories","https://www.google.com/"
"","1-absolutely-free-online-adult-dating-personals-friend-finder","https://www.google.com/"
"","1a-bumskontakte","https://www.google.com/"
"","1a-cams","https://www.google.com/"
"","1accesshost","https://www.google.com/"
"","1-acclaimed-sexual-supplements","https://www.google.com/"
"","1a-chat","https://www.google.com/"
"","1ad","https://www.google.com/"
"","1adserver","https://www.google.com/"
"","1adult","https://www.google.com/"
"","1-adultfriendfinder","https://www.google.com/"
"","1-adult-nude-models-pics","https://www.google.com/"
"","1adultsextoys","https://www.google.com/"
"","1adultsextoystore","https://www.google.com/"
"","1aerotikchat","https://www.google.com/"
"","1a-erotik","https://www.google.com/"
"","1a-erotik-discount","https://www.google.com/"
"","1a-freepics","https://www.google.com/"
"","1a-galleries","https://www.google.com/"
"","1agalleries","https://www.google.com/"
"","1agaylinks","https://www.google.com/"
"","1agaythumbs","https://www.google.com/"
"","1a-hardcore","https://www.google.com/"
"","1ahardcore","https://www.google.com/"
"","1a-kontaktanzeigen","https://www.google.com/"
"","1alinkliste","https://www.google.com/"
"","1-all-foot-n-toe-fucking-sex-fetish-pics","https://www.google.com/"
"","1allgirls","https://www.google.com/"
"","1allo","https://www.google.com/"
"","1a-massagen","https://www.google.com/"
"","1amateurporn","https://www.google.com/"
"","1amateurporntube","https://www.google.com/"
"","1amatricenue","https://www.google.com/"
"","1analsex","https://www.google.com/"
"","1and1000sextoys","https://www.google.com/"
"","1-and-only","https://www.google.com/"
"","1animalsex","https://www.google.com/"
"","1a","https://www.google.com/"
"","1annuaire","https://www.google.com/"
"","1a-parkplatztreff","https://www.google.com/"
"","1apics","https://www.google.com/"
"","1a-poppen","https://www.google.com/"
"","1a-porno","https://www.google.com/"
"","1a-privatebilder","https://www.google.com/"
"","1a-pussy","https://www.google.com/"
"","1a-sex-bilder","https://www.google.com/"
"","1asexchat","https://www.google.com/"
"","1asex","https://www.google.com/"
"","1a-sex","https://www.google.com/"
"","1a-sexkontakt","https://www.google.com/"
"","1a-sexkontakte","https://www.google.com/"
"","1a-sexpage","https://www.google.com/"
"","1a-sexsuchmaschine","https://www.google.com/"
"","1a-sextelefon","https://www.google.com/"
"","1ashemaletube","https://www.google.com/"
"","1asianporn","https://www.google.com/"
"","1asiantube","https://www.google.com/"
"","1asiatique-salope","https://www.google.com/"
