"﻿""id""","read","recommended"
"","hombres-gays","https://www.google.com/"
"","homeacting","https://www.google.com/"
"","home-adult","https://www.google.com/"
"","homeadultstars","https://www.google.com/"
"","homealone","https://www.google.com/"
"","homealonesluts","https://www.google.com/"
"","homeamateuract","https://www.google.com/"
"","homeamateurgirl","https://www.google.com/"
"","homeamateurporn","https://www.google.com/"
"","homeamateursex","https://www.google.com/"
"","homeamateursexmovies","https://www.google.com/"
"","homeanimaltube","https://www.google.com/"
"","homebabes","https://www.google.com/"
"","homebangs","https://www.google.com/"
"","homebareback","https://www.google.com/"
"","homebasedmoms","https://www.google.com/"
"","home","https://www.google.com/"
"","homebloopers","https://www.google.com/"
"","homeboihookup","https://www.google.com/"
"","homebondage","https://www.google.com/"
"","homeboycams","https://www.google.com/"
"","homecall","https://www.google.com/"
"","homecamgirl","https://www.google.com/"
"","homecamgirls","https://www.google.com/"
"","homecams","https://www.google.com/"
"","homecamsxxx","https://www.google.com/"
"","home-cam-vids","https://www.google.com/"
"","homecamz","https://www.google.com/"
"","homechicks","https://www.google.com/"
"","homeclips","https://www.google.com/"
"","homecumers","https://www.google.com/"
"","homecunts","https://www.google.com/"
"","homedepo","https://www.google.com/"
"","homedoporn","https://www.google.com/"
"","homedrinker","https://www.google.com/"
"","homefilm","https://www.google.com/"
"","homefilmplace","https://www.google.com/"
"","homeflirt","https://www.google.com/"
"","homefuckclip","https://www.google.com/"
"","homefuckfest","https://www.google.com/"
"","homefuckingmovies","https://www.google.com/"
"","homefuckingporn","https://www.google.com/"
"","homefuckporn","https://www.google.com/"
"","homefuckwife","https://www.google.com/"
"","homegaymovies","https://www.google.com/"
"","homegaytube","https://www.google.com/"
"","homegayvideo","https://www.google.com/"
"","homegirlfriendsporn","https://www.google.com/"
"","homegirlsparty","https://www.google.com/"
"","homegrowncams","https://www.google.com/"
"","homegrowncash","https://www.google.com/"
"","homegrown","https://www.google.com/"
"","homegrowncreampie","https://www.google.com/"
"","homegrowncreampies","https://www.google.com/"
"","homegrownflix","https://www.google.com/"
"","homegrownfreaks","https://www.google.com/"
"","homegrownporn","https://www.google.com/"
"","homegrownpornvod","https://www.google.com/"
"","homegrownsextapes","https://www.google.com/"
"","homegrownsubmittals","https://www.google.com/"
"","homegrownvideo","https://www.google.com/"
"","homegrownvod","https://www.google.com/"
"","homegrownwives","https://www.google.com/"
"","homehardsex","https://www.google.com/"
"","homehiddencams","https://www.google.com/"
"","homeincestorgies","https://www.google.com/"
"","homeintruders","https://www.google.com/"
"","homelandproductions","https://www.google.com/"
"","homelinkyakima","https://www.google.com/"
"","homelivesex","https://www.google.com/"
"","home-lolita","https://www.google.com/"
"","homemadeactions","https://www.google.com/"
"","homemadeamateur","https://www.google.com/"
"","homemade-amateur-porn","https://www.google.com/"
"","homemadeamateurs","https://www.google.com/"
"","homemadeamaturesex","https://www.google.com/"
"","homemadeanalporn","https://www.google.com/"
"","homemadearchive","https://www.google.com/"
"","homemadebabes","https://www.google.com/"
"","homemadebareback","https://www.google.com/"
"","homemadebdsm","https://www.google.com/"
"","homemade-bizarre","https://www.google.com/"
"","homemadeblack","https://www.google.com/"
"","homemade-blowjob","https://www.google.com/"
"","homemadeblowjob","https://www.google.com/"
"","homemadecatfightsdls","https://www.google.com/"
"","homemadecelebrityporn","https://www.google.com/"
"","homemade-clips","https://www.google.com/"
"","homemadeclub","https://www.google.com/"
"","homemade-couples","https://www.google.com/"
"","homemadecreampies","https://www.google.com/"
"","homemadecreampievideos","https://www.google.com/"
"","homemadecumvideos","https://www.google.com/"
"","homemadeflash","https://www.google.com/"
"","homemadefreeporn","https://www.google.com/"
"","homemadefucks","https://www.google.com/"
"","homemadefucktube","https://www.google.com/"
"","homemadefuckvideos","https://www.google.com/"
"","homemadegaysex","https://www.google.com/"
"","homemadegaytube","https://www.google.com/"
