"﻿""id""","read","recommended"
"","cybervixens","https://www.google.com/"
"","cybervixensworld","https://www.google.com/"
"","cyberweb","https://www.google.com/"
"","cyberwebserver-18","https://www.google.com/"
"","cyber-wg","https://www.google.com/"
"","cyberwhores","https://www.google.com/"
"","cyberwilly","https://www.google.com/"
"","cyberwoman","https://www.google.com/"
"","cyberworldentertainment","https://www.google.com/"
"","cyberxbabes","https://www.google.com/"
"","cyberxexxx","https://www.google.com/"
"","cyberxstream","https://www.google.com/"
"","cyberxxx","https://www.google.com/"
"","cyberxxxmovies","https://www.google.com/"
"","cyberzine","https://www.google.com/"
"","cyborgporn","https://www.google.com/"
"","cyborgtube","https://www.google.com/"
"","cyborsex","https://www.google.com/"
"","cybrotica","https://www.google.com/"
"","cycate","https://www.google.com/"
"","cycatki","https://www.google.com/"
"","cycki","https://www.google.com/"
"","cyclechicks","https://www.google.com/"
"","cyclomania","https://www.google.com/"
"","cygnus-technologies","https://www.google.com/"
"","cygoo","https://www.google.com/"
"","cyjgww","https://www.google.com/"
"","cymposium","https://www.google.com/"
"","cyndiroberts","https://www.google.com/"
"","cynicalangel","https://www.google.com/"
"","cynicaldog","https://www.google.com/"
"","cynicalsmirk","https://www.google.com/"
"","cynsations","https://www.google.com/"
"","cynstudionyc","https://www.google.com/"
"","cynthiaescortmadrid","https://www.google.com/"
"","cyntia-cymes","https://www.google.com/"
"","cyoc","https://www.google.com/"
"","cyonix","https://www.google.com/"
"","cyprine","https://www.google.com/"
"","cyprosoft","https://www.google.com/"
"","cyprussexshop","https://www.google.com/"
"","cyrillagel","https://www.google.com/"
"","cyrillo","https://www.google.com/"
"","cyrillo-histoire","https://www.google.com/"
"","cyrilstudio","https://www.google.com/"
"","cys","https://www.google.com/"
"","cytexx","https://www.google.com/"
"","cythereaporn","https://www.google.com/"
"","cywix","https://www.google.com/"
"","czarnylotos","https://www.google.com/"
"","czartgp","https://www.google.com/"
"","czasting","https://www.google.com/"
"","cz","https://www.google.com/"
"","czech-amateurs","https://www.google.com/"
"","czechamateurs","https://www.google.com/"
"","czechanalsex","https://www.google.com/"
"","czechav","https://www.google.com/"
"","czech-babes","https://www.google.com/"
"","czechbabes","https://www.google.com/"
"","czechbangbus","https://www.google.com/"
"","czechbengel","https://www.google.com/"
"","czechbiporn","https://www.google.com/"
"","czechbitch","https://www.google.com/"
"","czechbondagegirls","https://www.google.com/"
"","czechboobs","https://www.google.com/"
"","czechboybucks","https://www.google.com/"
"","czechboy","https://www.google.com/"
"","czechboys","https://www.google.com/"
"","czechbutts","https://www.google.com/"
"","czechcabins","https://www.google.com/"
"","czechcash","https://www.google.com/"
"","czechcasting","https://www.google.com/"
"","czechcastingpics","https://www.google.com/"
"","czechchickshd","https://www.google.com/"
"","czechcougars","https://www.google.com/"
"","czechcouples","https://www.google.com/"
"","czechdesire","https://www.google.com/"
"","czechdolls","https://www.google.com/"
"","czechdungeon","https://www.google.com/"
"","czech-escort","https://www.google.com/"
"","czechescort","https://www.google.com/"
"","czechescortgirls","https://www.google.com/"
"","czech-escorts","https://www.google.com/"
"","czechescortsguide","https://www.google.com/"
"","czechestrogenolit","https://www.google.com/"
"","czechexecutor","https://www.google.com/"
"","czechexperiment","https://www.google.com/"
"","czechfantasy","https://www.google.com/"
"","czechfeet","https://www.google.com/"
"","czechfirstvideo","https://www.google.com/"
"","czechgame","https://www.google.com/"
"","czechgangbang","https://www.google.com/"
"","czechgardenparty","https://www.google.com/"
"","czechgav","https://www.google.com/"
"","czechgayamateurs","https://www.google.com/"
"","czechgaycasting","https://www.google.com/"
"","czechgaycity","https://www.google.com/"
"","czechgaycouples","https://www.google.com/"
"","czechgayfantasy","https://www.google.com/"
"","czechgaymassage","https://www.google.com/"
