"﻿""id""","read","recommended"
"","ladybwear","https://www.google.com/"
"","ladycameron","https://www.google.com/"
"","ladycams","https://www.google.com/"
"","ladycarmen","https://www.google.com/"
"","ladycassandra","https://www.google.com/"
"","ladychandra","https://www.google.com/"
"","ladycheeky","https://www.google.com/"
"","ladycheyenne","https://www.google.com/"
"","ladychyna","https://www.google.com/"
"","ladycomfort","https://www.google.com/"
"","ladycum","https://www.google.com/"
"","lady-cynthia","https://www.google.com/"
"","ladydagmar","https://www.google.com/"
"","lady-darkness","https://www.google.com/"
"","ladydays","https://www.google.com/"
"","ladyd","https://www.google.com/"
"","ladydeborah","https://www.google.com/"
"","ladydee","https://www.google.com/"
"","lady-dekadenz","https://www.google.com/"
"","lady-de-sade","https://www.google.com/"
"","lady-dom","https://www.google.com/"
"","ladydom","https://www.google.com/"
"","lady-domina","https://www.google.com/"
"","ladydplays","https://www.google.com/"
"","ladydude","https://www.google.com/"
"","ladyelizabeth","https://www.google.com/"
"","ladyellen","https://www.google.com/"
"","ladyenglish","https://www.google.com/"
"","lady-erotica","https://www.google.com/"
"","lady-escort","https://www.google.com/"
"","ladyessence","https://www.google.com/"
"","lady-evita-diaz","https://www.google.com/"
"","ladyevyl","https://www.google.com/"
"","ladyextreme","https://www.google.com/"
"","ladyfaith","https://www.google.com/"
"","lady-felicitas","https://www.google.com/"
"","ladyfick","https://www.google.com/"
"","ladyfist","https://www.google.com/"
"","ladyfoxy","https://www.google.com/"
"","ladyfriday","https://www.google.com/"
"","ladyfromrussia","https://www.google.com/"
"","ladygeminidream","https://www.google.com/"
"","ladyglory","https://www.google.com/"
"","ladygodiva","https://www.google.com/"
"","ladygonzo","https://www.google.com/"
"","ladygoodiva","https://www.google.com/"
"","ladygranny","https://www.google.com/"
"","lady-gum","https://www.google.com/"
"","ladygushers","https://www.google.com/"
"","ladygwendolyn","https://www.google.com/"
"","ladyharkness","https://www.google.com/"
"","lady-hermina","https://www.google.com/"
"","ladyhumiliatrix","https://www.google.com/"
"","ladyinheels","https://www.google.com/"
"","ladyinnylons","https://www.google.com/"
"","ladyinpantyhose","https://www.google.com/"
"","ladyinsexynylons","https://www.google.com/"
"","ladyira","https://www.google.com/"
"","ladyizzabelle","https://www.google.com/"
"","ladyjane","https://www.google.com/"
"","lady-jeanie","https://www.google.com/"
"","ladyjulia","https://www.google.com/"
"","ladyjulianna","https://www.google.com/"
"","ladykarame","https://www.google.com/"
"","ladykatharina","https://www.google.com/"
"","ladyk","https://www.google.com/"
"","ladykim","https://www.google.com/"
"","ladykinkyboots","https://www.google.com/"
"","ladylana","https://www.google.com/"
"","ladylara","https://www.google.com/"
"","ladylaura","https://www.google.com/"
"","ladylauras","https://www.google.com/"
"","ladyleather","https://www.google.com/"
"","ladylenka","https://www.google.com/"
"","ladyleona","https://www.google.com/"
"","ladylikeshop","https://www.google.com/"
"","ladylilly","https://www.google.com/"
"","ladylilu","https://www.google.com/"
"","ladylingerie","https://www.google.com/"
"","ladylinks","https://www.google.com/"
"","ladylita","https://www.google.com/"
"","ladylitaempire","https://www.google.com/"
"","lady-live","https://www.google.com/"
"","ladylizz","https://www.google.com/"
"","ladylotus","https://www.google.com/"
"","lady-love","https://www.google.com/"
"","ladylove","https://www.google.com/"
"","ladyloveslady","https://www.google.com/"
"","lady-lucia","https://www.google.com/"
"","ladylucie","https://www.google.com/"
"","ladylucy","https://www.google.com/"
"","lady-lucy","https://www.google.com/"
"","ladylu","https://www.google.com/"
"","ladylust","https://www.google.com/"
"","lady-lydia-berlin","https://www.google.com/"
"","lady-maclaine","https://www.google.com/"
"","ladymadeleine","https://www.google.com/"
"","ladymadeline","https://www.google.com/"
"","lady-madonna","https://www.google.com/"
"","ladymasquerade","https://www.google.com/"
