"﻿""id""","read","recommended"
"","latinaporntgp","https://www.google.com/"
"","latinaporntubes","https://www.google.com/"
"","latinapornworld","https://www.google.com/"
"","latinaprincess","https://www.google.com/"
"","latinapussies","https://www.google.com/"
"","latinapussy","https://www.google.com/"
"","latina-pussy","https://www.google.com/"
"","latinapussypics","https://www.google.com/"
"","latinapussyripper","https://www.google.com/"
"","latinarampage","https://www.google.com/"
"","latinaranch","https://www.google.com/"
"","latinareviewer","https://www.google.com/"
"","latinaromance","https://www.google.com/"
"","latinarox","https://www.google.com/"
"","latinarumps","https://www.google.com/"
"","latinas2cam","https://www.google.com/"
"","latinas4you","https://www.google.com/"
"","latinas","https://www.google.com/"
"","latinasbutt","https://www.google.com/"
"","latinascalientesputas","https://www.google.com/"
"","latinascam","https://www.google.com/"
"","latinascherry","https://www.google.com/"
"","latinasconwebcam","https://www.google.com/"
"","latinasdesnuda","https://www.google.com/"
"","latinasex3x","https://www.google.com/"
"","latinasexcams","https://www.google.com/"
"","latinasexclips","https://www.google.com/"
"","latinasex","https://www.google.com/"
"","latinasexfilms","https://www.google.com/"
"","latinasexlive","https://www.google.com/"
"","latinasexmagazine","https://www.google.com/"
"","latinasexonline","https://www.google.com/"
"","latinasexoporno","https://www.google.com/"
"","latina-sex-pics","https://www.google.com/"
"","latina-sex-pix","https://www.google.com/"
"","latinasexshows","https://www.google.com/"
"","latinasexstars","https://www.google.com/"
"","latinasexstudio","https://www.google.com/"
"","latinasextapes","https://www.google.com/"
"","latinasextube","https://www.google.com/"
"","latinasextubes","https://www.google.com/"
"","latinasexvidz","https://www.google.com/"
"","latinasexy","https://www.google.com/"
"","latinasfamosasdesnudas","https://www.google.com/"
"","latinasfuck","https://www.google.com/"
"","latinasfucked","https://www.google.com/"
"","latinashack","https://www.google.com/"
"","latinasheat","https://www.google.com/"
"","latinashotcams","https://www.google.com/"
"","latinasinc","https://www.google.com/"
"","latinasinlove","https://www.google.com/"
"","latinaslive","https://www.google.com/"
"","latinaslivesex","https://www.google.com/"
"","latinasloveblackdicks","https://www.google.com/"
"","latina-sluts","https://www.google.com/"
"","latinasmuyputas","https://www.google.com/"
"","latinaspalace","https://www.google.com/"
"","latinasporwebcam","https://www.google.com/"
"","latinass","https://www.google.com/"
"","latinasseductoras","https://www.google.com/"
"","latinas-sex","https://www.google.com/"
"","latinas-site","https://www.google.com/"
"","latinasupply","https://www.google.com/"
"","latinasupreme","https://www.google.com/"
"","latinasxxx","https://www.google.com/"
"","latin","https://www.google.com/"
"","latinateam","https://www.google.com/"
"","latina-teens1","https://www.google.com/"
"","latinateens-blog","https://www.google.com/"
"","latinathongs","https://www.google.com/"
"","latinathroats","https://www.google.com/"
"","latina-thumbs","https://www.google.com/"
"","latinatime","https://www.google.com/"
"","latina-tit-pics","https://www.google.com/"
"","latinatits","https://www.google.com/"
"","latinatop100","https://www.google.com/"
"","latinatrannyblog","https://www.google.com/"
"","latinatranny","https://www.google.com/"
"","latinatubehd","https://www.google.com/"
"","latina-videos","https://www.google.com/"
"","latinavirgins","https://www.google.com/"
"","latinawebcamslive","https://www.google.com/"
"","latinawhores","https://www.google.com/"
"","latina-women","https://www.google.com/"
"","latinax","https://www.google.com/"
"","latinaxs","https://www.google.com/"
"","latinaxxxchat","https://www.google.com/"
"","latina-xxx","https://www.google.com/"
"","latinaxxx","https://www.google.com/"
"","latinaxxxtubes","https://www.google.com/"
"","latinaxxxvideo","https://www.google.com/"
"","latinaxxxvideos","https://www.google.com/"
"","latinbabecams","https://www.google.com/"
"","latinbabes","https://www.google.com/"
"","latinbabeslinks","https://www.google.com/"
"","latinbitch","https://www.google.com/"
"","latinblowjobs","https://www.google.com/"
"","latinbondage","https://www.google.com/"
"","latin-boys","https://www.google.com/"
"","latinboys","https://www.google.com/"
