"﻿""id""","read","recommended"
"","grannyslutphoto","https://www.google.com/"
"","granny-sluts","https://www.google.com/"
"","grannysphonesexbrothel","https://www.google.com/"
"","grannyspie","https://www.google.com/"
"","grannysplace","https://www.google.com/"
"","grannys-porn","https://www.google.com/"
"","grannystream","https://www.google.com/"
"","grannystreams","https://www.google.com/"
"","grannystudy","https://www.google.com/"
"","grannysuspender","https://www.google.com/"
"","granny-swinger","https://www.google.com/"
"","grannysx","https://www.google.com/"
"","grannytaboo","https://www.google.com/"
"","granny-tgp","https://www.google.com/"
"","granny-thumbs","https://www.google.com/"
"","grannytits","https://www.google.com/"
"","granny-tits","https://www.google.com/"
"","grannytitty","https://www.google.com/"
"","grannytrip","https://www.google.com/"
"","grannytube2","https://www.google.com/"
"","granny-tube","https://www.google.com/"
"","grannytubeclips","https://www.google.com/"
"","grannytube","https://www.google.com/"
"","grannytubemovies","https://www.google.com/"
"","grannytubes","https://www.google.com/"
"","grannytubesex","https://www.google.com/"
"","grannytubex","https://www.google.com/"
"","grannytubexxx","https://www.google.com/"
"","grannytybe","https://www.google.com/"
"","grannyultra","https://www.google.com/"
"","granny-videos","https://www.google.com/"
"","grannyvids","https://www.google.com/"
"","grannyvillage","https://www.google.com/"
"","grannyvintage","https://www.google.com/"
"","grannyvintagelingerie","https://www.google.com/"
"","grannyvision","https://www.google.com/"
"","grannyvsbbc","https://www.google.com/"
"","grannywebcamsex","https://www.google.com/"
"","granny-webcams","https://www.google.com/"
"","grannywebcams","https://www.google.com/"
"","grannywomen","https://www.google.com/"
"","grannyxclips","https://www.google.com/"
"","grannyxpictures","https://www.google.com/"
"","grannyxxtube","https://www.google.com/"
"","granny-xxx","https://www.google.com/"
"","grannyxxxmovies","https://www.google.com/"
"","grannyxxxpics","https://www.google.com/"
"","grannyxxxsex","https://www.google.com/"
"","grannyxxxtube","https://www.google.com/"
"","grannyzoom","https://www.google.com/"
"","grantmovies","https://www.google.com/"
"","grantop","https://www.google.com/"
"","granttube","https://www.google.com/"
"","grapecartoons","https://www.google.com/"
"","grapesex","https://www.google.com/"
"","grapevinedp","https://www.google.com/"
"","graphfist","https://www.google.com/"
"","graphicfantasy","https://www.google.com/"
"","graphicporn","https://www.google.com/"
"","graphicsdb","https://www.google.com/"
"","graphicsnxs","https://www.google.com/"
"","graphictank","https://www.google.com/"
"","graphis","https://www.google.com/"
"","graphixxx","https://www.google.com/"
"","graphjam","https://www.google.com/"
"","graphotism","https://www.google.com/"
"","grapjas","https://www.google.com/"
"","grapjassen","https://www.google.com/"
"","grappletube","https://www.google.com/"
"","grapplinggirls","https://www.google.com/"
"","grassedonne","https://www.google.com/"
"","grassouillette-nue","https://www.google.com/"
"","grassouillettex","https://www.google.com/"
"","grassygirl","https://www.google.com/"
"","gratis-0","https://www.google.com/"
"","gratis18","https://www.google.com/"
"","gratis6","https://www.google.com/"
"","gratisadultfilms","https://www.google.com/"
"","gratis-amateure","https://www.google.com/"
"","gratisamateurpornos","https://www.google.com/"
"","gratis-analpornos","https://www.google.com/"
"","gratisbdsm","https://www.google.com/"
"","gratisbejaardensex","https://www.google.com/"
"","gratisbeltoon","https://www.google.com/"
"","gratisbesucher","https://www.google.com/"
"","gratisbilder","https://www.google.com/"
"","gratisbillenkoek","https://www.google.com/"
"","gratisbillen","https://www.google.com/"
"","gratisblacksex","https://www.google.com/"
"","gratisborsten","https://www.google.com/"
"","gratiscamchat","https://www.google.com/"
"","gratiscammen","https://www.google.com/"
"","gratiscam","https://www.google.com/"
"","gratiscamsex","https://www.google.com/"
"","gratis-camsex","https://www.google.com/"
"","gratis-cam-sex","https://www.google.com/"
"","gratiscams","https://www.google.com/"
"","gratischatbox","https://www.google.com/"
"","gratis-chatluder","https://www.google.com/"
"","gratisclip","https://www.google.com/"
