"﻿""id""","read","recommended"
"","lepervers","https://www.google.com/"
"","lepetitlibertin","https://www.google.com/"
"","lepetitsaintjames","https://www.google.com/"
"","lepetitvoyeur","https://www.google.com/"
"","lephai","https://www.google.com/"
"","lephoenix","https://www.google.com/"
"","lepics","https://www.google.com/"
"","lepiment","https://www.google.com/"
"","lepingouin","https://www.google.com/"
"","lepiredunet","https://www.google.com/"
"","leplaisir","https://www.google.com/"
"","leplanbaise","https://www.google.com/"
"","leplancul","https://www.google.com/"
"","leplanculpourtous","https://www.google.com/"
"","leplanq","https://www.google.com/"
"","le-point-g","https://www.google.com/"
"","lepornoamateur","https://www.google.com/"
"","leporno","https://www.google.com/"
"","lepornodujour","https://www.google.com/"
"","lepornofrancais","https://www.google.com/"
"","le-porno-gratuit","https://www.google.com/"
"","lepornohard","https://www.google.com/"
"","lepornoliceali","https://www.google.com/"
"","leportailqc","https://www.google.com/"
"","lepotager","https://www.google.com/"
"","le-press-book","https://www.google.com/"
"","le-purgatoire","https://www.google.com/"
"","le-q","https://www.google.com/"
"","le-recycleur","https://www.google.com/"
"","lerochka","https://www.google.com/"
"","le-roi-du-cul","https://www.google.com/"
"","leroidusexe","https://www.google.com/"
"","leroi","https://www.google.com/"
"","lerotika","https://www.google.com/"
"","lerougeetnoir","https://www.google.com/"
"","leroyroper","https://www.google.com/"
"","leroysgirls","https://www.google.com/"
"","leroyz","https://www.google.com/"
"","les4u","https://www.google.com/"
"","lesaintdesseins","https://www.google.com/"
"","les-ames-tendres","https://www.google.com/"
"","lesanal","https://www.google.com/"
"","les-annonces-coquines","https://www.google.com/"
"","lesarchive","https://www.google.com/"
"","lesavatars","https://www.google.com/"
"","lesb18","https://www.google.com/"
"","lesbabes","https://www.google.com/"
"","lesbainsex","https://www.google.com/"
"","les-baiseuses","https://www.google.com/"
"","lesbatron","https://www.google.com/"
"","lesbea","https://www.google.com/"
"","lesbean","https://www.google.com/"
"","lesbed","https://www.google.com/"
"","lesbee","https://www.google.com/"
"","lesbeins","https://www.google.com/"
"","lesbellesalopesdux","https://www.google.com/"
"","lesbellesblondes","https://www.google.com/"
"","lesbellesplaces","https://www.google.com/"
"","les-belles-rencontres","https://www.google.com/"
"","lesbenalarm","https://www.google.com/"
"","lesben","https://www.google.com/"
"","lesben-beim-sex","https://www.google.com/"
"","lesbenbilder","https://www.google.com/"
"","lesben-bilder-galerie","https://www.google.com/"
"","lesbenchat","https://www.google.com/"
"","lesbendate","https://www.google.com/"
"","lesben-erotik","https://www.google.com/"
"","lesbenficken","https://www.google.com/"
"","lesben-filme","https://www.google.com/"
"","lesbenfilmfestival","https://www.google.com/"
"","lesben-girls","https://www.google.com/"
"","lesbengirls","https://www.google.com/"
"","lesben-guide","https://www.google.com/"
"","lesbenhd","https://www.google.com/"
"","lesben-liebe","https://www.google.com/"
"","lesben-livechat","https://www.google.com/"
"","lesben-live","https://www.google.com/"
"","lesben-news","https://www.google.com/"
"","lesbennews","https://www.google.com/"
"","lesbenpaar","https://www.google.com/"
"","lesbenpics","https://www.google.com/"
"","lesbenporn","https://www.google.com/"
"","lesbenporno","https://www.google.com/"
"","lesben-pornos","https://www.google.com/"
"","lesbenpornos","https://www.google.com/"
"","lesbenpussy","https://www.google.com/"
"","lesben-royal","https://www.google.com/"
"","lesben-sex","https://www.google.com/"
"","lesbensex","https://www.google.com/"
"","lesbensexcams","https://www.google.com/"
"","lesben-sexfilme","https://www.google.com/"
"","lesben-sex-site","https://www.google.com/"
"","lesbensex-topliste","https://www.google.com/"
"","lesben-special","https://www.google.com/"
"","lesbenspiele","https://www.google.com/"
"","lesben-teens","https://www.google.com/"
"","lesbenteens","https://www.google.com/"
"","lesben-teenys","https://www.google.com/"
"","lesbentempel","https://www.google.com/"
"","lesbenvideo","https://www.google.com/"
