"﻿""id""","read","recommended"
"","fetishphonemistress","https://www.google.com/"
"","fetishphonesex4adults","https://www.google.com/"
"","fetishphonesexblog","https://www.google.com/"
"","fetishphonesexcalls","https://www.google.com/"
"","fetishphonesex","https://www.google.com/"
"","fetishphonesexnumbers","https://www.google.com/"
"","fetishphonetalk","https://www.google.com/"
"","fetishphotos","https://www.google.com/"
"","fetish-photos","https://www.google.com/"
"","fetishpicnic","https://www.google.com/"
"","fetish-pics","https://www.google.com/"
"","fetishpics","https://www.google.com/"
"","fetish-picture","https://www.google.com/"
"","fetishpigs","https://www.google.com/"
"","fetishpimp","https://www.google.com/"
"","fetishpimps","https://www.google.com/"
"","fetishpink","https://www.google.com/"
"","fetishpixxx","https://www.google.com/"
"","fetishplaats","https://www.google.com/"
"","fetishplace","https://www.google.com/"
"","fetishpla","https://www.google.com/"
"","fetishplanet24","https://www.google.com/"
"","fetishplanet","https://www.google.com/"
"","fetishplanetnyc","https://www.google.com/"
"","fetish-planet","https://www.google.com/"
"","fetishplayhouse","https://www.google.com/"
"","fetishplayland","https://www.google.com/"
"","fetishpleasure","https://www.google.com/"
"","fetishpolice","https://www.google.com/"
"","fetishpony","https://www.google.com/"
"","fetishpopculture","https://www.google.com/"
"","fetish-porn","https://www.google.com/"
"","fetishporn","https://www.google.com/"
"","fetishpornhub","https://www.google.com/"
"","fetishpornmovies","https://www.google.com/"
"","fetish-porno","https://www.google.com/"
"","fetishporno","https://www.google.com/"
"","fetishpornography","https://www.google.com/"
"","fetishpornos","https://www.google.com/"
"","fetishpornosex","https://www.google.com/"
"","fetishpornpic","https://www.google.com/"
"","fetishpornpics","https://www.google.com/"
"","fetishpornsite","https://www.google.com/"
"","fetishpornsites","https://www.google.com/"
"","fetish-porn-stars","https://www.google.com/"
"","fetishporntubes","https://www.google.com/"
"","fetishpornvideo","https://www.google.com/"
"","fetishpornvideos","https://www.google.com/"
"","fetish-porn-xxx","https://www.google.com/"
"","fetish-portal","https://www.google.com/"
"","fetishppv","https://www.google.com/"
"","fetishpraktijk","https://www.google.com/"
"","fetishprime","https://www.google.com/"
"","fetishprison","https://www.google.com/"
"","fetishproductions","https://www.google.com/"
"","fetishprofiles","https://www.google.com/"
"","fetishprofits","https://www.google.com/"
"","fetish-project","https://www.google.com/"
"","fetishpros","https://www.google.com/"
"","fetishpuzzle","https://www.google.com/"
"","fetishqueen","https://www.google.com/"
"","fetishqueens","https://www.google.com/"
"","fetishreality","https://www.google.com/"
"","fetish-realm","https://www.google.com/"
"","fetishrendezvous","https://www.google.com/"
"","fetishreviewblog","https://www.google.com/"
"","fetishreviewer","https://www.google.com/"
"","fetishrine","https://www.google.com/"
"","fetishroleplay","https://www.google.com/"
"","fetishroom","https://www.google.com/"
"","fetishroot","https://www.google.com/"
"","fetishrulez","https://www.google.com/"
"","fetishrussia","https://www.google.com/"
"","fetishsafari","https://www.google.com/"
"","fetishsaloon","https://www.google.com/"
"","fetish-satisfaction","https://www.google.com/"
"","fetishscene","https://www.google.com/"
"","fetishschoenen","https://www.google.com/"
"","fetishseeker","https://www.google.com/"
"","fetish-seite","https://www.google.com/"
"","fetishseks","https://www.google.com/"
"","fetishserver","https://www.google.com/"
"","fetishseven","https://www.google.com/"
"","fetishsex-blog","https://www.google.com/"
"","fetishsexcamsonline","https://www.google.com/"
"","fetishsexchat","https://www.google.com/"
"","fetish-sexe","https://www.google.com/"
"","fetishsexgalls","https://www.google.com/"
"","fetishsex","https://www.google.com/"
"","fetishsexkontakte","https://www.google.com/"
"","fetishsexlinks","https://www.google.com/"
"","fetishsexlog","https://www.google.com/"
"","fetishsexlovers","https://www.google.com/"
"","fetishsexpatrol","https://www.google.com/"
"","fetish-sex-photos","https://www.google.com/"
"","fetishsexphotos","https://www.google.com/"
"","fetishsexpics","https://www.google.com/"
"","fetishsexpictures","https://www.google.com/"
"","fetishsexpost","https://www.google.com/"
"","fetishsexshop","https://www.google.com/"
