"﻿""id""","read","recommended"
"","cuir","https://www.google.com/"
"","cukiereczki","https://www.google.com/"
"","cul18ans","https://www.google.com/"
"","cul2salope","https://www.google.com/"
"","cul69","https://www.google.com/"
"","cul6","https://www.google.com/"
"","cul9","https://www.google.com/"
"","culagogo","https://www.google.com/"
"","culamat","https://www.google.com/"
"","cul-a-remplir","https://www.google.com/"
"","culasiatique","https://www.google.com/"
"","culblog","https://www.google.com/"
"","culbutage","https://www.google.com/"
"","culbutemoi","https://www.google.com/"
"","culcash","https://www.google.com/"
"","cul","https://www.google.com/"
"","culdebeurette","https://www.google.com/"
"","culdeblack","https://www.google.com/"
"","culdemature","https://www.google.com/"
"","cul-dialogue","https://www.google.com/"
"","cul-dilate","https://www.google.com/"
"","culdujour","https://www.google.com/"
"","culeadas","https://www.google.com/"
"","cul-en-video","https://www.google.com/"
"","culete","https://www.google.com/"
"","culetsexe","https://www.google.com/"
"","cul-et-sexe","https://www.google.com/"
"","culetti","https://www.google.com/"
"","cul-francais","https://www.google.com/"
"","culfrancais","https://www.google.com/"
"","cul-fr","https://www.google.com/"
"","cul-gratuit","https://www.google.com/"
"","cul-gratuit-francais","https://www.google.com/"
"","cul-hard","https://www.google.com/"
"","culhot","https://www.google.com/"
"","culiado","https://www.google.com/"
"","culiandorico","https://www.google.com/"
"","culiar","https://www.google.com/"
"","culiarmedia","https://www.google.com/"
"","culi","https://www.google.com/"
"","cul-interracial","https://www.google.com/"
"","culioneros","https://www.google.com/"
"","culi-rotti","https://www.google.com/"
"","culitoscalientes","https://www.google.com/"
"","cul-libertin","https://www.google.com/"
"","cul-nu","https://www.google.com/"
"","culonas","https://www.google.com/"
"","culonasputas","https://www.google.com/"
"","culonaz","https://www.google.com/"
"","culone","https://www.google.com/"
"","culo","https://www.google.com/"
"","culonudo","https://www.google.com/"
"","culos69","https://www.google.com/"
"","culosadictos","https://www.google.com/"
"","cu-los","https://www.google.com/"
"","culos","https://www.google.com/"
"","culosgordos","https://www.google.com/"
"","culos-grandes","https://www.google.com/"
"","culosmania","https://www.google.com/"
"","culosnegros","https://www.google.com/"
"","culospeludas","https://www.google.com/"
"","culosvip","https://www.google.com/"
"","culosxl","https://www.google.com/"
"","culotetas","https://www.google.com/"
"","culotte","https://www.google.com/"
"","culotteinside","https://www.google.com/"
"","culotte-mouillee","https://www.google.com/"
"","culottepipi","https://www.google.com/"
"","culotte-sale","https://www.google.com/"
"","culottes","https://www.google.com/"
"","culottes-sales","https://www.google.com/"
"","culotv","https://www.google.com/"
"","cul-photo-du-cul-gratuit","https://www.google.com/"
"","cul-plan","https://www.google.com/"
"","culpourtous","https://www.google.com/"
"","culsalope","https://www.google.com/"
"","culsalopegratuit","https://www.google.com/"
"","culs-amateurs","https://www.google.com/"
"","culsblacks","https://www.google.com/"
"","culs-de-mecs","https://www.google.com/"
"","cul-sex","https://www.google.com/"
"","culsexearabe","https://www.google.com/"
"","cul-sexe","https://www.google.com/"
"","culsexporn","https://www.google.com/"
"","culs","https://www.google.com/"
"","culs-","https://www.google.com/"
"","culs-gay","https://www.google.com/"
"","cult3d","https://www.google.com/"
"","cult","https://www.google.com/"
"","cultcab","https://www.google.com/"
"","cultdeadcow","https://www.google.com/"
"","cult-movie","https://www.google.com/"
"","cultofdesade","https://www.google.com/"
"","cultoferotica","https://www.google.com/"
"","cultsirens","https://www.google.com/"
"","culturaldevelopment","https://www.google.com/"
"","cultureg","https://www.google.com/"
"","cultureqconnection","https://www.google.com/"
"","culturevie","https://www.google.com/"
"","cul-video","https://www.google.com/"
