"﻿""id""","read","recommended"
"","hausfrauenporno-cam","https://www.google.com/"
"","hausfrauen-pornos","https://www.google.com/"
"","hausfrauenpornos","https://www.google.com/"
"","hausfrauen-pornotelefon","https://www.google.com/"
"","hausfrauenportal","https://www.google.com/"
"","hausfrauen-privat","https://www.google.com/"
"","hausfrauenprivat","https://www.google.com/"
"","hausfrauen-privatsex","https://www.google.com/"
"","hausfrauen-royal","https://www.google.com/"
"","hausfrauenschlampen","https://www.google.com/"
"","hausfrauenseite","https://www.google.com/"
"","hausfrauensexbilder","https://www.google.com/"
"","hausfrauen-sex","https://www.google.com/"
"","hausfrauensex-cam","https://www.google.com/"
"","hausfrauensex-cams","https://www.google.com/"
"","hausfrauensexcams","https://www.google.com/"
"","hausfrauen-sex-chat","https://www.google.com/"
"","hausfrauensex","https://www.google.com/"
"","hausfrauen-sexkontakte","https://www.google.com/"
"","hausfrauen-sextelefon","https://www.google.com/"
"","hausfrauensextip","https://www.google.com/"
"","hausfrauen-sextreffen","https://www.google.com/"
"","hausgemachte-pornos","https://www.google.com/"
"","haus-heidi","https://www.google.com/"
"","haus-katona","https://www.google.com/"
"","hausmaus","https://www.google.com/"
"","hausnummer6","https://www.google.com/"
"","hausschlampe","https://www.google.com/"
"","hautegirlslondon","https://www.google.com/"
"","hauteng","https://www.google.com/"
"","hautetfort","https://www.google.com/"
"","hautnah","https://www.google.com/"
"","have69","https://www.google.com/"
"","have-affair","https://www.google.com/"
"","havefun","https://www.google.com/"
"","havehentaiporn","https://www.google.com/"
"","haveitaway","https://www.google.com/"
"","havenxxx","https://www.google.com/"
"","haveporntube","https://www.google.com/"
"","havesex","https://www.google.com/"
"","havingporn","https://www.google.com/"
"","hav","https://www.google.com/"
"","hawaiianbabes","https://www.google.com/"
"","hawaiianpoony","https://www.google.com/"
"","hawaiiantropicgirls","https://www.google.com/"
"","hawaiibdsm","https://www.google.com/"
"","hawaiicam","https://www.google.com/"
"","hawaiicogop","https://www.google.com/"
"","hawaiigirls","https://www.google.com/"
"","hawaiihotties","https://www.google.com/"
"","hawaiipornblog","https://www.google.com/"
"","hawaiiswingers","https://www.google.com/"
"","hawgscash","https://www.google.com/"
"","hawksfeetlinks","https://www.google.com/"
"","hawttv","https://www.google.com/"
"","hawty","https://www.google.com/"
"","hay102","https://www.google.com/"
"","hay88","https://www.google.com/"
"","hayanuki","https://www.google.com/"
"","hayday","https://www.google.com/"
"","haydenblue","https://www.google.com/"
"","haydenheart","https://www.google.com/"
"","haydenryan","https://www.google.com/"
"","hayeon","https://www.google.com/"
"","hayhd","https://www.google.com/"
"","hayho","https://www.google.com/"
"","haylem","https://www.google.com/"
"","hayleyssecrets","https://www.google.com/"
"","haynhat88","https://www.google.com/"
"","haynhat","https://www.google.com/"
"","hayporno","https://www.google.com/"
"","hazecash","https://www.google.com/"
"","hazediary","https://www.google.com/"
"","hazegal","https://www.google.com/"
"","hazeher","https://www.google.com/"
"","hazeherfan","https://www.google.com/"
"","hazehim","https://www.google.com/"
"","hazel18","https://www.google.com/"
"","hazelhunter","https://www.google.com/"
"","hazelhypnotic","https://www.google.com/"
"","hazelnet","https://www.google.com/"
"","hazeltuckerblog","https://www.google.com/"
"","hazel-tucker","https://www.google.com/"
"","hazesex","https://www.google.com/"
"","hazey","https://www.google.com/"
"","haztepajitas","https://www.google.com/"
"","hbdub","https://www.google.com/"
"","hbgalleries","https://www.google.com/"
"","hblingerie","https://www.google.com/"
"","hbmag","https://www.google.com/"
"","hboin","https://www.google.com/"
"","hboobs","https://www.google.com/"
"","hbrowse","https://www.google.com/"
"","hbsgsl","https://www.google.com/"
"","hbspecial","https://www.google.com/"
"","hbstrippers","https://www.google.com/"
"","hbutz","https://www.google.com/"
"","hc18","https://www.google.com/"
"","hc6","https://www.google.com/"
"","hcartoon","https://www.google.com/"
