"﻿""id""","read","recommended"
"","freeteensclips","https://www.google.com/"
"","free-teens","https://www.google.com/"
"","freeteens","https://www.google.com/"
"","freeteensets","https://www.google.com/"
"","free-teensex","https://www.google.com/"
"","freeteensex","https://www.google.com/"
"","freeteensexmovs","https://www.google.com/"
"","freeteensexpicture","https://www.google.com/"
"","freeteensexporn","https://www.google.com/"
"","free-teen-sex-site","https://www.google.com/"
"","free-teen-sex-xxx","https://www.google.com/"
"","freeteensnude","https://www.google.com/"
"","freeteenspanking","https://www.google.com/"
"","freeteensphotos","https://www.google.com/"
"","freeteenspics","https://www.google.com/"
"","free-teens-pics","https://www.google.com/"
"","freeteenspictures","https://www.google.com/"
"","free-teens-porn","https://www.google.com/"
"","freeteenspornpics","https://www.google.com/"
"","freeteenspornsite","https://www.google.com/"
"","freeteenspussy","https://www.google.com/"
"","freeteenstars","https://www.google.com/"
"","freeteensworld","https://www.google.com/"
"","freeteentubes","https://www.google.com/"
"","freeteentube","https://www.google.com/"
"","freeteenvideo","https://www.google.com/"
"","free-teen-webcams","https://www.google.com/"
"","freeteenworld","https://www.google.com/"
"","freeteenxl","https://www.google.com/"
"","free-teen-xxx","https://www.google.com/"
"","freeteenxxxpics","https://www.google.com/"
"","freeteenxxxvids","https://www.google.com/"
"","free-templates-layouts","https://www.google.com/"
"","freetentaclehentai","https://www.google.com/"
"","freetgirlvideos","https://www.google.com/"
"","freethemes","https://www.google.com/"
"","freethoughtblogs","https://www.google.com/"
"","freethumbgals","https://www.google.com/"
"","free-thumbnails-galleries","https://www.google.com/"
"","freetime","https://www.google.com/"
"","freetinyteens","https://www.google.com/"
"","freetitspics","https://www.google.com/"
"","freetitsporn","https://www.google.com/"
"","freetochat","https://www.google.com/"
"","freetoonporntube","https://www.google.com/"
"","free-toons","https://www.google.com/"
"","freetoonsexworld","https://www.google.com/"
"","freetoonxxxtube","https://www.google.com/"
"","freetoonz","https://www.google.com/"
"","freetop100","https://www.google.com/"
"","free-toplist","https://www.google.com/"
"","freetoplist","https://www.google.com/"
"","free-toplisten","https://www.google.com/"
"","freetopmovies","https://www.google.com/"
"","freetopporn","https://www.google.com/"
"","freetopsex","https://www.google.com/"
"","freetoptube","https://www.google.com/"
"","freetorylane","https://www.google.com/"
"","freetour","https://www.google.com/"
"","free-trailer","https://www.google.com/"
"","freetrailer","https://www.google.com/"
"","freetrampararam","https://www.google.com/"
"","freetramplingporn","https://www.google.com/"
"","freetrannycams","https://www.google.com/"
"","freetrannyclips","https://www.google.com/"
"","freetranny","https://www.google.com/"
"","freetrannygalls","https://www.google.com/"
"","freetrannygals","https://www.google.com/"
"","freetrannylessons","https://www.google.com/"
"","free-tranny","https://www.google.com/"
"","freetrannypassport","https://www.google.com/"
"","free-tranny-porn","https://www.google.com/"
"","free-trannyporn","https://www.google.com/"
"","freetrannysex","https://www.google.com/"
"","freetrannysexpics","https://www.google.com/"
"","freetrannytube","https://www.google.com/"
"","freetrannyvideo","https://www.google.com/"
"","freetrannyxxx","https://www.google.com/"
"","freetransexualporn","https://www.google.com/"
"","freetransporn","https://www.google.com/"
"","freetranssexualpics","https://www.google.com/"
"","freetranssexualporn","https://www.google.com/"
"","free-trial","https://www.google.com/"
"","freetrialmemberships","https://www.google.com/"
"","freetrialpornsource","https://www.google.com/"
"","freetrialsporn","https://www.google.com/"
"","freetrialvideos","https://www.google.com/"
"","freetribaltattoo","https://www.google.com/"
"","freetriplex","https://www.google.com/"
"","freetsvideos","https://www.google.com/"
"","freetube2","https://www.google.com/"
"","freetubecats","https://www.google.com/"
"","freetube","https://www.google.com/"
"","freetubegalore","https://www.google.com/"
"","freetubegolic","https://www.google.com/"
"","freetubehd","https://www.google.com/"
"","freetubemovs","https://www.google.com/"
"","freetubeonly","https://www.google.com/"
"","freetuber","https://www.google.com/"
"","freetubesex","https://www.google.com/"
