"﻿""id""","read","recommended"
"","grubscrew","https://www.google.com/"
"","gruftis","https://www.google.com/"
"","gruge","https://www.google.com/"
"","grumpylinks","https://www.google.com/"
"","grungeguys","https://www.google.com/"
"","grupac","https://www.google.com/"
"","grupmanau","https://www.google.com/"
"","grupogea","https://www.google.com/"
"","grupoifg","https://www.google.com/"
"","grupomarrano","https://www.google.com/"
"","gruposnowhat","https://www.google.com/"
"","gruppen-fick","https://www.google.com/"
"","gruppensex","https://www.google.com/"
"","gruppensex-party","https://www.google.com/"
"","gruppensexpornos","https://www.google.com/"
"","gruppensextip","https://www.google.com/"
"","gruppensex-tube","https://www.google.com/"
"","gruppen-sex","https://www.google.com/"
"","gruppensex-tv","https://www.google.com/"
"","gruppsex","https://www.google.com/"
"","grusskarten-gratis","https://www.google.com/"
"","grutinet","https://www.google.com/"
"","gruunt","https://www.google.com/"
"","gruwelijkmooi","https://www.google.com/"
"","gryerotyczne","https://www.google.com/"
"","gryporno3d","https://www.google.com/"
"","gs6","https://www.google.com/"
"","gsanet","https://www.google.com/"
"","g-serve","https://www.google.com/"
"","gservice","https://www.google.com/"
"","gsexe","https://www.google.com/"
"","gsexfilme","https://www.google.com/"
"","g-sex-friend","https://www.google.com/"
"","gsexy","https://www.google.com/"
"","gsmbabe","https://www.google.com/"
"","gsmfoto","https://www.google.com/"
"","gsmfreaks","https://www.google.com/"
"","gsm-logos-sonneries","https://www.google.com/"
"","gsmsex","https://www.google.com/"
"","gsmtone","https://www.google.com/"
"","gsmwebcam","https://www.google.com/"
"","gsmweb","https://www.google.com/"
"","gsm-x","https://www.google.com/"
"","gsparadise","https://www.google.com/"
"","gsp","https://www.google.com/"
"","gspot","https://www.google.com/"
"","g-spot","https://www.google.com/"
"","gspotnews","https://www.google.com/"
"","gspotpalace","https://www.google.com/"
"","g-spots","https://www.google.com/"
"","gspotvibrator","https://www.google.com/"
"","gspotvideos","https://www.google.com/"
"","gspotvids","https://www.google.com/"
"","gspotzone","https://www.google.com/"
"","gsthumbs","https://www.google.com/"
"","gstuds","https://www.google.com/"
"","g-system","https://www.google.com/"
"","gtaangels","https://www.google.com/"
"","gtadulttoys","https://www.google.com/"
"","gtagirlfriends","https://www.google.com/"
"","gtagirls","https://www.google.com/"
"","g-tairyo-bbs","https://www.google.com/"
"","gtaporn","https://www.google.com/"
"","gtasluts","https://www.google.com/"
"","gtblrnude","https://www.google.com/"
"","gtflix","https://www.google.com/"
"","gtflixtv","https://www.google.com/"
"","gtits","https://www.google.com/"
"","g-traffic","https://www.google.com/"
"","gtrclub","https://www.google.com/"
"","gtr-x","https://www.google.com/"
"","gtsadsdistributed","https://www.google.com/"
"","gtube","https://www.google.com/"
"","gtwinks","https://www.google.com/"
"","gtx","https://www.google.com/"
"","gtxxxtreme","https://www.google.com/"
"","guapamania","https://www.google.com/"
"","guapas18","https://www.google.com/"
"","guapisimas","https://www.google.com/"
"","guaranteedgirls","https://www.google.com/"
"","guaranteedsexdate","https://www.google.com/"
"","guardalaporno","https://www.google.com/"
"","guardian","https://www.google.com/"
"","guarradasfaciales","https://www.google.com/"
"","guarras","https://www.google.com/"
"","guarrasblog","https://www.google.com/"
"","guarrasdelporno","https://www.google.com/"
"","guarrasdesnudas","https://www.google.com/"
"","guarrasfotos","https://www.google.com/"
"","guarrasmsn","https://www.google.com/"
"","guarrasonline","https://www.google.com/"
"","guarrasporno","https://www.google.com/"
"","guarreria","https://www.google.com/"
"","guarritas","https://www.google.com/"
"","guatemaltecas","https://www.google.com/"
"","guccilamour","https://www.google.com/"
"","guccilegs","https://www.google.com/"
"","guckloch24","https://www.google.com/"
"","guden","https://www.google.com/"
"","gudinne","https://www.google.com/"
