"﻿""id""","read","recommended"
"","gaymechat","https://www.google.com/"
"","gaymecs","https://www.google.com/"
"","gay-medical-fetish","https://www.google.com/"
"","gaymedicalfetish","https://www.google.com/"
"","gay-medical-porn","https://www.google.com/"
"","gaymedics","https://www.google.com/"
"","gaymeeting","https://www.google.com/"
"","gaymegashop","https://www.google.com/"
"","gay-mega-store","https://www.google.com/"
"","gaymelilla","https://www.google.com/"
"","gaymelon","https://www.google.com/"
"","gaymenblog","https://www.google.com/"
"","gay-men-bondage","https://www.google.com/"
"","gaymencam","https://www.google.com/"
"","gaymencams","https://www.google.com/"
"","gaymencamsex","https://www.google.com/"
"","gay-men","https://www.google.com/"
"","gaymen","https://www.google.com/"
"","gaymendating","https://www.google.com/"
"","gaymenfucking","https://www.google.com/"
"","gaymenfucktube","https://www.google.com/"
"","gaymenintowels","https://www.google.com/"
"","gaymenlive","https://www.google.com/"
"","gaymenlivewebcam","https://www.google.com/"
"","gaymenlove","https://www.google.com/"
"","gaymenmovies","https://www.google.com/"
"","gaymenmoviez","https://www.google.com/"
"","gaymennaked","https://www.google.com/"
"","gay-men-pics","https://www.google.com/"
"","gaymenpics","https://www.google.com/"
"","gay-men-porn","https://www.google.com/"
"","gaymenporntube","https://www.google.com/"
"","gaymenring","https://www.google.com/"
"","gay-men-sex","https://www.google.com/"
"","gaymensex","https://www.google.com/"
"","gaymensexvideos","https://www.google.com/"
"","gaymenswellbeing","https://www.google.com/"
"","gayment","https://www.google.com/"
"","gaymentubexxx","https://www.google.com/"
"","gaymentv","https://www.google.com/"
"","gay-men-tyneside","https://www.google.com/"
"","gaymenvideo","https://www.google.com/"
"","gaymenvideos","https://www.google.com/"
"","gaymenwebcamsex","https://www.google.com/"
"","gaymenwebcams","https://www.google.com/"
"","gaymen-xxx","https://www.google.com/"
"","gaymenxxx","https://www.google.com/"
"","gaymenz","https://www.google.com/"
"","gaymerbase","https://www.google.com/"
"","gaymes","https://www.google.com/"
"","gay-mexico","https://www.google.com/"
"","gaymexico","https://www.google.com/"
"","gaymiamiboys","https://www.google.com/"
"","gay-militaire","https://www.google.com/"
"","gaymilitary","https://www.google.com/"
"","gaymilitarydating","https://www.google.com/"
"","gaymilitaryfuck","https://www.google.com/"
"","gaymilitaryxxx","https://www.google.com/"
"","gaymillionaire","https://www.google.com/"
"","gaymirrorselfies","https://www.google.com/"
"","gaymobile","https://www.google.com/"
"","gaymobilepass","https://www.google.com/"
"","gaymodels","https://www.google.com/"
"","gay-models","https://www.google.com/"
"","gaymonstercocks","https://www.google.com/"
"","gaymonsterporn","https://www.google.com/"
"","gaymood","https://www.google.com/"
"","gaymoods","https://www.google.com/"
"","gaymotel","https://www.google.com/"
"","gaymovie43","https://www.google.com/"
"","gaymovieaccess","https://www.google.com/"
"","gaymovieaction","https://www.google.com/"
"","gaymoviearea","https://www.google.com/"
"","gaymoviebar","https://www.google.com/"
"","gaymoviechannel","https://www.google.com/"
"","gay-movie-clips","https://www.google.com/"
"","gaymovie","https://www.google.com/"
"","gaymoviedome","https://www.google.com/"
"","gaymovieflixxx","https://www.google.com/"
"","gaymoviehunter","https://www.google.com/"
"","gaymovieking","https://www.google.com/"
"","gaymovielinks","https://www.google.com/"
"","gaymovielist","https://www.google.com/"
"","gaymovie-online","https://www.google.com/"
"","gaymoviepage","https://www.google.com/"
"","gaymoviepost","https://www.google.com/"
"","gaymovies4you","https://www.google.com/"
"","gaymovies5","https://www.google.com/"
"","gaymoviesandpics","https://www.google.com/"
"","gaymoviesarch","https://www.google.com/"
"","gaymovies","https://www.google.com/"
"","gaymoviesblog","https://www.google.com/"
"","gay-movies","https://www.google.com/"
"","gaymoviesdot","https://www.google.com/"
"","gaymoviesfree","https://www.google.com/"
"","gaymovieshere","https://www.google.com/"
"","gaymoviesonline","https://www.google.com/"
"","gaymoviespage","https://www.google.com/"
"","gaymoviesworld","https://www.google.com/"
"","gaymovietheater","https://www.google.com/"
