"﻿""id""","read","recommended"
"","interracialho","https://www.google.com/"
"","interracial-home","https://www.google.com/"
"","interracialhomemadeporn","https://www.google.com/"
"","interracial-hot","https://www.google.com/"
"","interracialhot","https://www.google.com/"
"","interracialimages","https://www.google.com/"
"","interracialinternal","https://www.google.com/"
"","interracialinterracialinterracial","https://www.google.com/"
"","interracialjoy","https://www.google.com/"
"","interracialjumpoff","https://www.google.com/"
"","interracialkiller","https://www.google.com/"
"","interraciallesbianclips","https://www.google.com/"
"","interraciallesbianssex","https://www.google.com/"
"","interraciallesbianxxx","https://www.google.com/"
"","interraciallife","https://www.google.com/"
"","interraciallovin","https://www.google.com/"
"","interracialloving","https://www.google.com/"
"","interracialmagic","https://www.google.com/"
"","interracialmatch","https://www.google.com/"
"","interracial-mature","https://www.google.com/"
"","interracialmature","https://www.google.com/"
"","interracialmatureporn","https://www.google.com/"
"","interracialme","https://www.google.com/"
"","interracialmilffucking","https://www.google.com/"
"","interracialmilfmovies","https://www.google.com/"
"","interracial-milfs","https://www.google.com/"
"","interracialmix","https://www.google.com/"
"","interracialmomfucking","https://www.google.com/"
"","interracial-movies1","https://www.google.com/"
"","interracialmovies","https://www.google.com/"
"","interracialmoviesite","https://www.google.com/"
"","interracialmoviespick","https://www.google.com/"
"","interracialmovievault","https://www.google.com/"
"","interracialmoviezone","https://www.google.com/"
"","interracialnightmare","https://www.google.com/"
"","interracialonline","https://www.google.com/"
"","interracial-orgy","https://www.google.com/"
"","interracialp0rn","https://www.google.com/"
"","interracialpain","https://www.google.com/"
"","interracialpass","https://www.google.com/"
"","interracialpassion","https://www.google.com/"
"","interracialpayperview","https://www.google.com/"
"","interracialpersonals","https://www.google.com/"
"","interracialphonesex","https://www.google.com/"
"","interracialphotography","https://www.google.com/"
"","interracialpickupsblog","https://www.google.com/"
"","interracialpickups","https://www.google.com/"
"","interracialpics","https://www.google.com/"
"","interracialpictures","https://www.google.com/"
"","interracialplace","https://www.google.com/"
"","interracialplanet","https://www.google.com/"
"","interracialporn4u","https://www.google.com/"
"","interracialporn","https://www.google.com/"
"","interracialpornclips","https://www.google.com/"
"","interracialpornclub","https://www.google.com/"
"","interracial-porn","https://www.google.com/"
"","interracialpornjungle","https://www.google.com/"
"","interracialpornmovie","https://www.google.com/"
"","interracialpornmpeg","https://www.google.com/"
"","interracialpornnow","https://www.google.com/"
"","interracial-pornoclips","https://www.google.com/"
"","interracialporno","https://www.google.com/"
"","interracialpornography","https://www.google.com/"
"","interracialpornomovies","https://www.google.com/"
"","interracial-porno","https://www.google.com/"
"","interracialpornotgp","https://www.google.com/"
"","interracialpornpassmobile","https://www.google.com/"
"","interracialpornpics","https://www.google.com/"
"","interracialpornsex","https://www.google.com/"
"","interracial-porn-sex","https://www.google.com/"
"","interracialpornsluts","https://www.google.com/"
"","interracialporntgp","https://www.google.com/"
"","interracialpornthumbs","https://www.google.com/"
"","interracialporntube","https://www.google.com/"
"","interracialporntubes","https://www.google.com/"
"","interracialpornvideo","https://www.google.com/"
"","interracialppv","https://www.google.com/"
"","interracialrape","https://www.google.com/"
"","interracialreality","https://www.google.com/"
"","interracialregistry","https://www.google.com/"
"","interracialretreat","https://www.google.com/"
"","interracialreview","https://www.google.com/"
"","interracialreviewer","https://www.google.com/"
"","interracial-reviews","https://www.google.com/"
"","interracialromance","https://www.google.com/"
"","inter-racials","https://www.google.com/"
"","interracial-sex1","https://www.google.com/"
"","interracialsex4free","https://www.google.com/"
"","interracialsex4u","https://www.google.com/"
"","interracialsex","https://www.google.com/"
"","interracialsexclips","https://www.google.com/"
"","interracial-sex","https://www.google.com/"
"","interracialsexfest","https://www.google.com/"
"","interracialsexfiesta","https://www.google.com/"
"","interracialsexfilms","https://www.google.com/"
"","interracialsexhouse","https://www.google.com/"
"","interracialsexlinks","https://www.google.com/"
"","interracialsexmovie","https://www.google.com/"
"","interracialsexmovies","https://www.google.com/"
"","interracialsexphotos","https://www.google.com/"
