"﻿""id""","read","recommended"
"","darksites","https://www.google.com/"
"","darkskinwomen","https://www.google.com/"
"","darkslave","https://www.google.com/"
"","darksluts","https://www.google.com/"
"","darksodomy","https://www.google.com/"
"","dark-spy","https://www.google.com/"
"","darkstargirls","https://www.google.com/"
"","dark-surprise","https://www.google.com/"
"","darksweetys","https://www.google.com/"
"","dark-szene","https://www.google.com/"
"","darktech","https://www.google.com/"
"","darkteenporn","https://www.google.com/"
"","darkteensex","https://www.google.com/"
"","darkthrills","https://www.google.com/"
"","darkthunder","https://www.google.com/"
"","darktop","https://www.google.com/"
"","dark-video","https://www.google.com/"
"","darkwanderer","https://www.google.com/"
"","darkwing-zero","https://www.google.com/"
"","darkworld","https://www.google.com/"
"","darkx","https://www.google.com/"
"","darkxxxtube","https://www.google.com/"
"","darlacrane","https://www.google.com/"
"","darlina","https://www.google.com/"
"","darlingbdsm","https://www.google.com/"
"","darling-daisy","https://www.google.com/"
"","darlinghouse","https://www.google.com/"
"","darling-lingerie","https://www.google.com/"
"","darlingmature","https://www.google.com/"
"","darlingmodel","https://www.google.com/"
"","darlingporn","https://www.google.com/"
"","darmkanaal","https://www.google.com/"
"","darmowe-cipki","https://www.google.com/"
"","darmowefilmyerotyczne","https://www.google.com/"
"","darmowefilmyporno","https://www.google.com/"
"","darmowegalerieerotyczne","https://www.google.com/"
"","darmowe-kamerki","https://www.google.com/"
"","darmowe-laski","https://www.google.com/"
"","darmoweporno","https://www.google.com/"
"","darmowe-pornosy","https://www.google.com/"
"","darmowexxx","https://www.google.com/"
"","darmstadtladies","https://www.google.com/"
"","d-arness","https://www.google.com/"
"","darquest","https://www.google.com/"
"","darras","https://www.google.com/"
"","darsy","https://www.google.com/"
"","darth","https://www.google.com/"
"","darthporno","https://www.google.com/"
"","darvanaked","https://www.google.com/"
"","darwah-group","https://www.google.com/"
"","dasak","https://www.google.com/"
"","das-atelier","https://www.google.com/"
"","dasbdsm","https://www.google.com/"
"","das-bondage-portal","https://www.google.com/"
"","das-bordell","https://www.google.com/"
"","dasbordell","https://www.google.com/"
"","dascha","https://www.google.com/"
"","dasdas","https://www.google.com/"
"","das-dominastudio","https://www.google.com/"
"","dasdominastudio","https://www.google.com/"
"","das-domizil-der-graefin","https://www.google.com/"
"","das-erotische-buch","https://www.google.com/"
"","das-erotische-sekretariat","https://www.google.com/"
"","daserotischesekretariat","https://www.google.com/"
"","daserstemalanal","https://www.google.com/"
"","dasex","https://www.google.com/"
"","dasexe","https://www.google.com/"
"","dasexygirls","https://www.google.com/"
"","das-fetisch-portal","https://www.google.com/"
"","dasfetischportal","https://www.google.com/"
"","dasfisting","https://www.google.com/"
"","das-fussfetisch-portal","https://www.google.com/"
"","dasgay","https://www.google.com/"
"","das-gaysex-portal","https://www.google.com/"
"","das-gewoelbe","https://www.google.com/"
"","dashamarkova","https://www.google.com/"
"","dasilvaphoto","https://www.google.com/"
"","dasistkrass","https://www.google.com/"
"","dasistporno","https://www.google.com/"
"","daskorsett","https://www.google.com/"
"","das-model","https://www.google.com/"
"","das-natursekt-portal","https://www.google.com/"
"","dasnetz","https://www.google.com/"
"","das-oralsex-portal","https://www.google.com/"
"","dasound","https://www.google.com/"
"","dasporntube","https://www.google.com/"
"","das-privatsex-paradies","https://www.google.com/"
"","das-privatstudio","https://www.google.com/"
"","das-rote-haus","https://www.google.com/"
"","das-schwanz-paradies","https://www.google.com/"
"","dasseil","https://www.google.com/"
"","das-sextelefon","https://www.google.com/"
"","dassite","https://www.google.com/"
"","dastanhisexy","https://www.google.com/"
"","dastan-sexy","https://www.google.com/"
"","das-telefonsex-portal","https://www.google.com/"
"","dasweblabor","https://www.google.com/"
"","das-zuchthaus","https://www.google.com/"
"","data18","https://www.google.com/"
"","data-bluesky","https://www.google.com/"
