"﻿""id""","read","recommended"
"","cam-seks","https://www.google.com/"
"","camseks","https://www.google.com/"
"","camseks-live","https://www.google.com/"
"","camsender","https://www.google.com/"
"","camsensations","https://www.google.com/"
"","camsense","https://www.google.com/"
"","camseries","https://www.google.com/"
"","camserotica","https://www.google.com/"
"","camservants","https://www.google.com/"
"","camsescort","https://www.google.com/"
"","camsesso","https://www.google.com/"
"","camsex121","https://www.google.com/"
"","camsex2000","https://www.google.com/"
"","camsex24chat","https://www.google.com/"
"","camsex-24","https://www.google.com/"
"","camsex24","https://www.google.com/"
"","camsex4all","https://www.google.com/"
"","camsex6666","https://www.google.com/"
"","camsex666","https://www.google.com/"
"","camsex66","https://www.google.com/"
"","camsex-69","https://www.google.com/"
"","camsex69","https://www.google.com/"
"","camsex6live","https://www.google.com/"
"","camsex777","https://www.google.com/"
"","camsex-999","https://www.google.com/"
"","camsex-99","https://www.google.com/"
"","camsex9","https://www.google.com/"
"","camsexaction","https://www.google.com/"
"","camsexallow","https://www.google.com/"
"","camsexarea","https://www.google.com/"
"","camsex-arena","https://www.google.com/"
"","cam-sex","https://www.google.com/"
"","camsex","https://www.google.com/"
"","camsexbabe","https://www.google.com/"
"","camsexblog","https://www.google.com/"
"","camsex-cam2cam","https://www.google.com/"
"","camsexcam","https://www.google.com/"
"","camsex-cam","https://www.google.com/"
"","camsex-camgirls","https://www.google.com/"
"","camsexcams","https://www.google.com/"
"","camsex-cam-sex","https://www.google.com/"
"","camsexcentrum","https://www.google.com/"
"","camsex-chat24","https://www.google.com/"
"","camsexchat","https://www.google.com/"
"","cam-sex-chat","https://www.google.com/"
"","camsex-chat","https://www.google.com/"
"","camsexchatrooms","https://www.google.com/"
"","camsex-chats","https://www.google.com/"
"","camsexchats","https://www.google.com/"
"","camsexcommunity","https://www.google.com/"
"","camsexcouples","https://www.google.com/"
"","camsexdates","https://www.google.com/"
"","camsexdating","https://www.google.com/"
"","camsex-devil","https://www.google.com/"
"","camsexdirectory","https://www.google.com/"
"","camsex-dude","https://www.google.com/"
"","cam-sexe","https://www.google.com/"
"","camsexe","https://www.google.com/"
"","camsexerotik","https://www.google.com/"
"","camsex-erotik","https://www.google.com/"
"","camsexexpress","https://www.google.com/"
"","camsexfetish","https://www.google.com/"
"","camsex-ficken","https://www.google.com/"
"","camsexfilms","https://www.google.com/"
"","camsexfinder","https://www.google.com/"
"","camsex-flittchen","https://www.google.com/"
"","camsex-free99","https://www.google.com/"
"","cam-sex-free","https://www.google.com/"
"","camsex-free","https://www.google.com/"
"","camsexfree","https://www.google.com/"
"","cam-sex-girl","https://www.google.com/"
"","camsexgirl","https://www.google.com/"
"","camsex-girls24","https://www.google.com/"
"","cam-sexgirls","https://www.google.com/"
"","camsexgirls","https://www.google.com/"
"","camsex-girls","https://www.google.com/"
"","camsex-gratis","https://www.google.com/"
"","camsexgratis","https://www.google.com/"
"","camsex-guru","https://www.google.com/"
"","camsex-handy","https://www.google.com/"
"","camsexhere","https://www.google.com/"
"","camsexhuis","https://www.google.com/"
"","camsexideal","https://www.google.com/"
"","camsexii","https://www.google.com/"
"","camsex-im-web","https://www.google.com/"
"","camsex-joy","https://www.google.com/"
"","camsex-katzen","https://www.google.com/"
"","cam-sex-kostenlos","https://www.google.com/"
"","camsexline","https://www.google.com/"
"","camsexlinks","https://www.google.com/"
"","camsexlive24","https://www.google.com/"
"","cam-sex-live","https://www.google.com/"
"","cam-sex-livecam","https://www.google.com/"
"","camsexlivecam","https://www.google.com/"
"","camsex-livecam","https://www.google.com/"
"","camsex-live-camgirls","https://www.google.com/"
"","camsexlivechat","https://www.google.com/"
"","camsexlivechats","https://www.google.com/"
"","camsex-live","https://www.google.com/"
"","camsexlive","https://www.google.com/"
