"﻿""id""","read","recommended"
"","porn","https://www.google.com/"
"","young","https://www.google.com/"
"","nude","https://www.google.com/"
"","nudist","https://www.google.com/"
"","sex","https://www.google.com/"
"","nasty","https://www.google.com/"
"","teen","https://www.google.com/"
"","xxx","https://www.google.com/"
"","pussy","https://www.google.com/"
"","nudez","https://www.google.com/"
"","nudism","https://www.google.com/"
"","preteen","https://www.google.com/"
"","porno","https://www.google.com/"
"","tinymodel","https://www.google.com/"
"","tinymodels","https://www.google.com/"
"","nnude","https://www.google.com/"
"","nnudes","https://www.google.com/"
"","nnmodel","https://www.google.com/"
"","nnmodels","https://www.google.com/"
"","nn-model","https://www.google.com/"
"","nn-models","https://www.google.com/"
"","nonuforum","https://www.google.com/"
"","nngirl","https://www.google.com/"
"","nngirls","https://www.google.com/"
"","nn-girl","https://www.google.com/"
"","nn-girls","https://www.google.com/"
"","nastia","https://www.google.com/"
"","yteen","https://www.google.com/"
"","nonu","https://www.google.com/"
"","nng","https://www.google.com/"
"","creepshots","https://www.google.com/"
"","creepshot","https://www.google.com/"
"","zone-telechargement","https://www.google.com/"
"","zt-za","https://www.google.com/"
"","btc","https://www.google.com/"
"","coedcherry","https://www.google.com/"
"","emily18","https://www.google.com/"
"","yandex","https://www.google.com/"
"","beastiality","https://www.google.com/"
"","00000nwebcamnow","https://www.google.com/"
"","0001casino","https://www.google.com/"
"","000babes","https://www.google.com/"
"","000dvd","https://www.google.com/"
"","000freehosting","https://www.google.com/"
"","000go","https://www.google.com/"
"","000porn","https://www.google.com/"
"","000pussy69pornxxxporno","https://www.google.com/"
"","000relationships","https://www.google.com/"
"","000-sex","https://www.google.com/"
"","000sexe","https://www.google.com/"
"","000webhostapp","https://www.google.com/"
"","0011cartoons","https://www.google.com/"
"","001-adult-toys-n-sex-dolls","https://www.google.com/"
"","001am","https://www.google.com/"
"","001londonescorts","https://www.google.com/"
"","001porno","https://www.google.com/"
"","001xx","https://www.google.com/"
"","001xxx","https://www.google.com/"
"","00-44","https://www.google.com/"
"","0069sexshop","https://www.google.com/"
"","007adulthosting","https://www.google.com/"
"","007amateurs","https://www.google.com/"
"","007angels","https://www.google.com/"
"","007annuaire","https://www.google.com/"
"","007arcadegames","https://www.google.com/"
"","007b","https://www.google.com/"
"","007bondage","https://www.google.com/"
"","007celeb","https://www.google.com/"
"","007ch","https://www.google.com/"
"","007dating","https://www.google.com/"
"","007escorts","https://www.google.com/"
"","007footfetish","https://www.google.com/"
"","007gayboys","https://www.google.com/"
"","007girl","https://www.google.com/"
"","007hertfordshire-escorts","https://www.google.com/"
"","007koreangirls","https://www.google.com/"
"","007lingerie","https://www.google.com/"
"","007milf","https://www.google.com/"
"","007porn","https://www.google.com/"
"","007sexshop","https://www.google.com/"
"","007sexy","https://www.google.com/"
"","007story","https://www.google.com/"
"","00artoferotica","https://www.google.com/"
"","00books","https://www.google.com/"
"","00buck","https://www.google.com/"
"","00escorts","https://www.google.com/"
"","00extreme","https://www.google.com/"
"","00freehost","https://www.google.com/"
"","00-gay","https://www.google.com/"
"","00girls","https://www.google.com/"
"","00go","https://www.google.com/"
"","00h10","https://www.google.com/"
"","00hahh","https://www.google.com/"
"","00l","https://www.google.com/"
"","00me","https://www.google.com/"
"","00nv","https://www.google.com/"
"","00sex","https://www.google.com/"
"","00sexxx","https://www.google.com/"
"","00to","https://www.google.com/"
"","00webcams","https://www.google.com/"
