"﻿""id""","read","recommended"
"","ambersass","https://www.google.com/"
"","ambersbookmarks","https://www.google.com/"
"","amberscash","https://www.google.com/"
"","ambersdungeon","https://www.google.com/"
"","ambersexxxum","https://www.google.com/"
"","ambersgalleries","https://www.google.com/"
"","amberslinks","https://www.google.com/"
"","amberslust","https://www.google.com/"
"","amberspanks","https://www.google.com/"
"","amberspost","https://www.google.com/"
"","amberswet","https://www.google.com/"
"","amberxxx","https://www.google.com/"
"","ambiance","https://www.google.com/"
"","ambiancegay","https://www.google.com/"
"","ambitionbox","https://www.google.com/"
"","a-mboobs","https://www.google.com/"
"","ambrasdreams","https://www.google.com/"
"","ambre-escort-girl","https://www.google.com/"
"","ambrel","https://www.google.com/"
"","ambushinterview","https://www.google.com/"
"","ambya","https://www.google.com/"
"","amcb","https://www.google.com/"
"","amcik","https://www.google.com/"
"","ameanet","https://www.google.com/"
"","amedim","https://www.google.com/"
"","amedin","https://www.google.com/"
"","amediy","https://www.google.com/"
"","amediz","https://www.google.com/"
"","ameeshia","https://www.google.com/"
"","amelia-james","https://www.google.com/"
"","ameliajanerutherford","https://www.google.com/"
"","ameliarose","https://www.google.com/"
"","amelie-suce","https://www.google.com/"
"","amelkovich","https://www.google.com/"
"","amelyne","https://www.google.com/"
"","amelys","https://www.google.com/"
"","amembers","https://www.google.com/"
"","ameraserve","https://www.google.com/"
"","americaescorts","https://www.google.com/"
"","americamooreonline","https://www.google.com/"
"","americanadultmovies","https://www.google.com/"
"","americanaescorts","https://www.google.com/"
"","american-affairs","https://www.google.com/"
"","americanamateur","https://www.google.com/"
"","americananal","https://www.google.com/"
"","americanangst","https://www.google.com/"
"","americanbeauties","https://www.google.com/"
"","americanbeautiesdetroit","https://www.google.com/"
"","americanbi","https://www.google.com/"
"","americanbondage","https://www.google.com/"
"","americanbukake","https://www.google.com/"
"","american-bukkake1","https://www.google.com/"
"","americanbukkake","https://www.google.com/"
"","americanbutt","https://www.google.com/"
"","americanbutts","https://www.google.com/"
"","americancatfighting","https://www.google.com/"
"","americanclit","https://www.google.com/"
"","americancum","https://www.google.com/"
"","americandamsels","https://www.google.com/"
"","americandaydreams","https://www.google.com/"
"","americandaydreamsgallery","https://www.google.com/"
"","americandaydreamspage","https://www.google.com/"
"","american-dragon-hentai","https://www.google.com/"
"","American-dream","https://www.google.com/"
"","americandrumslinger","https://www.google.com/"
"","americanerotica","https://www.google.com/"
"","americanescort","https://www.google.com/"
"","american-escorts","https://www.google.com/"
"","americanescorts","https://www.google.com/"
"","american-expres","https://www.google.com/"
"","americanfeeling","https://www.google.com/"
"","americanfetish","https://www.google.com/"
"","americangaycinema","https://www.google.com/"
"","americangirl","https://www.google.com/"
"","americanheatwaveexoticdancers","https://www.google.com/"
"","americanhoes","https://www.google.com/"
"","american-housewives","https://www.google.com/"
"","americanmale","https://www.google.com/"
"","americanmeangirls","https://www.google.com/"
"","americanmilfporn","https://www.google.com/"
"","americanmodel","https://www.google.com/"
"","americanmommy","https://www.google.com/"
"","americanphonechat","https://www.google.com/"
"","americanphonelust","https://www.google.com/"
"","americanphonesex","https://www.google.com/"
"","americanporn","https://www.google.com/"
"","american-porno","https://www.google.com/"
"","americanpornoidol","https://www.google.com/"
"","americanpornos","https://www.google.com/"
"","americanpornsex","https://www.google.com/"
"","americanpornsite","https://www.google.com/"
"","american-pornstar","https://www.google.com/"
"","americansex","https://www.google.com/"
"","americansexcontacts","https://www.google.com/"
"","americansexonline","https://www.google.com/"
"","americansexstar","https://www.google.com/"
"","americansexy","https://www.google.com/"
"","american-shemales","https://www.google.com/"
"","americanshemales","https://www.google.com/"
"","americansingle","https://www.google.com/"
