"﻿""id""","read","recommended"
"","brisbears","https://www.google.com/"
"","briskeys","https://www.google.com/"
"","brisnet","https://www.google.com/"
"","bristolboxing","https://www.google.com/"
"","bristol-escort","https://www.google.com/"
"","bristollair","https://www.google.com/"
"","bristolsex","https://www.google.com/"
"","britainsboys","https://www.google.com/"
"","britainsgotescorts","https://www.google.com/"
"","britamateur","https://www.google.com/"
"","britanyspearsnaked","https://www.google.com/"
"","britbabes","https://www.google.com/"
"","brit-babes","https://www.google.com/"
"","britbangers","https://www.google.com/"
"","britbird","https://www.google.com/"
"","britbirds","https://www.google.com/"
"","britblokestgp","https://www.google.com/"
"","britboyz","https://www.google.com/"
"","britbuk","https://www.google.com/"
"","britchicks","https://www.google.com/"
"","britcoun","https://www.google.com/"
"","britdoodz","https://www.google.com/"
"","britishamateurgirls","https://www.google.com/"
"","britishamateurhardcore","https://www.google.com/"
"","britishamateurnudes","https://www.google.com/"
"","britishamateurporn","https://www.google.com/"
"","british-amateurs","https://www.google.com/"
"","britishamateurs","https://www.google.com/"
"","british-babes","https://www.google.com/"
"","britishbabesuncovered","https://www.google.com/"
"","britishbands","https://www.google.com/"
"","britishbdsm","https://www.google.com/"
"","britishbikinibabes","https://www.google.com/"
"","britishbluemovies","https://www.google.com/"
"","britishbounddamsels","https://www.google.com/"
"","britishboy","https://www.google.com/"
"","britishboys","https://www.google.com/"
"","britishboysfetishclub","https://www.google.com/"
"","britishbucks","https://www.google.com/"
"","britishbuckspromo","https://www.google.com/"
"","britishbukkakebabes","https://www.google.com/"
"","british-bukkake","https://www.google.com/"
"","british-bukkake-girls","https://www.google.com/"
"","britishbukkaketube","https://www.google.com/"
"","britishcamgirls","https://www.google.com/"
"","britishcasinos","https://www.google.com/"
"","britishcenterfolds","https://www.google.com/"
"","british-chubbies","https://www.google.com/"
"","britishchubbychicks","https://www.google.com/"
"","british-chubby","https://www.google.com/"
"","britishchubby","https://www.google.com/"
"","britishcoeds","https://www.google.com/"
"","britishcumslut","https://www.google.com/"
"","britishdatingsites","https://www.google.com/"
"","britishdoggers","https://www.google.com/"
"","britishdollars","https://www.google.com/"
"","britishdungeon","https://www.google.com/"
"","britishescortsdirectory","https://www.google.com/"
"","britishexhibitionists","https://www.google.com/"
"","britishextreme","https://www.google.com/"
"","british-femdom","https://www.google.com/"
"","britishfetish","https://www.google.com/"
"","britishfilth","https://www.google.com/"
"","britishflashers","https://www.google.com/"
"","britishgals","https://www.google.com/"
"","british-gangbangs","https://www.google.com/"
"","britishgayporn","https://www.google.com/"
"","british-girls","https://www.google.com/"
"","britishgirlz","https://www.google.com/"
"","britishglamour","https://www.google.com/"
"","britishgrandma","https://www.google.com/"
"","britishgrannyfuck","https://www.google.com/"
"","britishgrannymovies","https://www.google.com/"
"","britishgrannyporn","https://www.google.com/"
"","britishhardcore","https://www.google.com/"
"","britishhardcoresex","https://www.google.com/"
"","britishhousewives","https://www.google.com/"
"","britishhumiliatrix","https://www.google.com/"
"","british-mature","https://www.google.com/"
"","britishmatures","https://www.google.com/"
"","britishmilfcams","https://www.google.com/"
"","britishmilfs","https://www.google.com/"
"","britishmistress","https://www.google.com/"
"","britishmobileporn","https://www.google.com/"
"","britishmodelgirls","https://www.google.com/"
"","britishmusclebear","https://www.google.com/"
"","british-naturism","https://www.google.com/"
"","britishnylons","https://www.google.com/"
"","britishorgasm","https://www.google.com/"
"","britishorgasms","https://www.google.com/"
"","britishpanties","https://www.google.com/"
"","britishpantyhose","https://www.google.com/"
"","british-phone-sex","https://www.google.com/"
"","british-porn-babes","https://www.google.com/"
"","britishpornclips","https://www.google.com/"
"","britishporn","https://www.google.com/"
"","british-porn","https://www.google.com/"
"","britishporngirls","https://www.google.com/"
"","britishpornlist","https://www.google.com/"
"","britishpornonline","https://www.google.com/"
