"﻿""id""","read","recommended"
"","fetishvideo","https://www.google.com/"
"","fetishvideochat","https://www.google.com/"
"","fetish-video","https://www.google.com/"
"","fetishvideohub","https://www.google.com/"
"","fetishvideolink","https://www.google.com/"
"","fetishvideos4u","https://www.google.com/"
"","fetishvideos","https://www.google.com/"
"","fetishvideosclothingtoys","https://www.google.com/"
"","fetishvideotop","https://www.google.com/"
"","fetishvids","https://www.google.com/"
"","fetishview","https://www.google.com/"
"","fetishvirgincash","https://www.google.com/"
"","fetishvision","https://www.google.com/"
"","fetishvisuals","https://www.google.com/"
"","fetishwarehouse","https://www.google.com/"
"","fetishwares","https://www.google.com/"
"","fetishwealth","https://www.google.com/"
"","fetishwear","https://www.google.com/"
"","fetish-wear","https://www.google.com/"
"","fetish-webcams","https://www.google.com/"
"","fetishwebcams","https://www.google.com/"
"","fetishwebcamsworld","https://www.google.com/"
"","fetishweb","https://www.google.com/"
"","fetishwebsite","https://www.google.com/"
"","fetishwebsites","https://www.google.com/"
"","fetishweekend","https://www.google.com/"
"","fetishwerks","https://www.google.com/"
"","fetishwhores","https://www.google.com/"
"","fetishwife","https://www.google.com/"
"","fetishwild","https://www.google.com/"
"","fetishwinkel","https://www.google.com/"
"","fetishwitch","https://www.google.com/"
"","fetishwombat","https://www.google.com/"
"","fetishworld","https://www.google.com/"
"","fetish-world","https://www.google.com/"
"","fetishworldlinks","https://www.google.com/"
"","fetishworlds","https://www.google.com/"
"","fetish-x","https://www.google.com/"
"","fetishx","https://www.google.com/"
"","fetishxxx","https://www.google.com/"
"","fetishxxxtube","https://www.google.com/"
"","fetishxxxvideo","https://www.google.com/"
"","fetishxxxvideos","https://www.google.com/"
"","fetishyellowpages","https://www.google.com/"
"","fetishz","https://www.google.com/"
"","fetishzonecams","https://www.google.com/"
"","fetishzone","https://www.google.com/"
"","fetishzones","https://www.google.com/"
"","fetisizm","https://www.google.com/"
"","fetisj","https://www.google.com/"
"","fetisma","https://www.google.com/"
"","fetisssh","https://www.google.com/"
"","fetite","https://www.google.com/"
"","fetixxx","https://www.google.com/"
"","fetlife","https://www.google.com/"
"","fetlink","https://www.google.com/"
"","fetlocker","https://www.google.com/"
"","fets","https://www.google.com/"
"","fets-fash","https://www.google.com/"
"","fets-fash-girls","https://www.google.com/"
"","fetshop","https://www.google.com/"
"","fetsich","https://www.google.com/"
"","fetster","https://www.google.com/"
"","fette-dicke","https://www.google.com/"
"","fettefrau","https://www.google.com/"
"","fette-frauen","https://www.google.com/"
"","fette-frauen-royal","https://www.google.com/"
"","fettemama","https://www.google.com/"
"","fette-omas","https://www.google.com/"
"","fetteredpleasures","https://www.google.com/"
"","fetters","https://www.google.com/"
"","fetters-leather","https://www.google.com/"
"","fettesau","https://www.google.com/"
"","fette-schweine","https://www.google.com/"
"","fettetitten","https://www.google.com/"
"","fette-titten","https://www.google.com/"
"","fette-weiber","https://www.google.com/"
"","fetteweiber","https://www.google.com/"
"","fette","https://www.google.com/"
"","fet-usa","https://www.google.com/"
"","fetware","https://www.google.com/"
"","fetyszklub","https://www.google.com/"
"","fetysz","https://www.google.com/"
"","feuchte18","https://www.google.com/"
"","feuchte-dildos","https://www.google.com/"
"","feuchte-fotze","https://www.google.com/"
"","feuchtehausfrauen","https://www.google.com/"
"","feuchte-hobbyhuren","https://www.google.com/"
"","feuchte-lesben","https://www.google.com/"
"","feuchte-lolitas","https://www.google.com/"
"","feuchtemuschi","https://www.google.com/"
"","feuchte-pflaume","https://www.google.com/"
"","feuchte-pussy","https://www.google.com/"
"","feuchte-reife-frauen","https://www.google.com/"
"","feuchte-schwestern","https://www.google.com/"
"","feuchteslips","https://www.google.com/"
"","feuchte-slips","https://www.google.com/"
"","feuchtesluder","https://www.google.com/"
"","feuchte-teenies","https://www.google.com/"
"","feuchte-traeume","https://www.google.com/"
