"﻿""id""","read","recommended"
"","horsesexvids","https://www.google.com/"
"","horsexxx","https://www.google.com/"
"","horst-pleep","https://www.google.com/"
"","horstwerner","https://www.google.com/"
"","horynmatches","https://www.google.com/"
"","hose2toes","https://www.google.com/"
"","hoseandheels","https://www.google.com/"
"","hose-aus","https://www.google.com/"
"","hoseaus","https://www.google.com/"
"","hosebabe","https://www.google.com/"
"","hoseclub","https://www.google.com/"
"","hosedcuties","https://www.google.com/"
"","hosedragon","https://www.google.com/"
"","hosefest","https://www.google.com/"
"","hosegallerys","https://www.google.com/"
"","hose-hounds","https://www.google.com/"
"","hosentoes","https://www.google.com/"
"","hosepantie","https://www.google.com/"
"","hoseteens","https://www.google.com/"
"","hosetoesandsoles","https://www.google.com/"
"","hosetoes","https://www.google.com/"
"","hosieree","https://www.google.com/"
"","hosieryboutique","https://www.google.com/"
"","hosieryformen","https://www.google.com/"
"","hosierygirls","https://www.google.com/"
"","hosieryhome","https://www.google.com/"
"","hosieryphotos","https://www.google.com/"
"","hospitaladventure","https://www.google.com/"
"","hospital-fetish","https://www.google.com/"
"","hospitalitytv","https://www.google.com/"
"","hospitalmedac","https://www.google.com/"
"","hospitalporno","https://www.google.com/"
"","hospitalsex","https://www.google.com/"
"","host18plus","https://www.google.com/"
"","host4free","https://www.google.com/"
"","host4porn","https://www.google.com/"
"","host4see","https://www.google.com/"
"","host4xxx","https://www.google.com/"
"","host93","https://www.google.com/"
"","hostave2","https://www.google.com/"
"","hostave3","https://www.google.com/"
"","hostave4","https://www.google.com/"
"","hostave","https://www.google.com/"
"","hostdevideos","https://www.google.com/"
"","hostdrjack","https://www.google.com/"
"","hostedcontents","https://www.google.com/"
"","hostedgallerys","https://www.google.com/"
"","hostedgals","https://www.google.com/"
"","hostedporn","https://www.google.com/"
"","hostedtube","https://www.google.com/"
"","hostedvideos","https://www.google.com/"
"","hostedvids","https://www.google.com/"
"","hostelxxx","https://www.google.com/"
"","hostessen","https://www.google.com/"
"","hostessenficken","https://www.google.com/"
"","hostessenfuehrer","https://www.google.com/"
"","hostessengesucht","https://www.google.com/"
"","hostessen-house","https://www.google.com/"
"","hostessenliste","https://www.google.com/"
"","hostessen-meile","https://www.google.com/"
"","hostessen-service","https://www.google.com/"
"","hostessen-top100","https://www.google.com/"
"","hostessen-topliste","https://www.google.com/"
"","hostessweb","https://www.google.com/"
"","hosteurope","https://www.google.com/"
"","hostforweb","https://www.google.com/"
"","hostforx","https://www.google.com/"
"","hostful","https://www.google.com/"
"","hosthumor","https://www.google.com/"
"","hostiex","https://www.google.com/"
"","hosting-central","https://www.google.com/"
"","hostingclub","https://www.google.com/"
"","hosting-domain","https://www.google.com/"
"","hostingpagina","https://www.google.com/"
"","hosting-power","https://www.google.com/"
"","hostingsiteforfree","https://www.google.com/"
"","hostingx","https://www.google.com/"
"","hosting-xxx","https://www.google.com/"
"","host","https://www.google.com/"
"","hostlogistic","https://www.google.com/"
"","hostlogr","https://www.google.com/"
"","hostmachine","https://www.google.com/"
"","hostones","https://www.google.com/"
"","hostonfly","https://www.google.com/"
"","hostparking","https://www.google.com/"
"","host-php","https://www.google.com/"
"","hostplus","https://www.google.com/"
"","hostscue","https://www.google.com/"
"","hoststar","https://www.google.com/"
"","hosttgp","https://www.google.com/"
"","hostwebcams","https://www.google.com/"
"","host-x","https://www.google.com/"
"","hostx","https://www.google.com/"
"","hostzilla","https://www.google.com/"
"","hostzxc","https://www.google.com/"
"","hot-1000","https://www.google.com/"
"","hot100","https://www.google.com/"
"","hot104","https://www.google.com/"
"","hot16","https://www.google.com/"
"","hot18gfs","https://www.google.com/"
