"﻿""id""","read","recommended"
"","geile-omas24","https://www.google.com/"
"","geileomas","https://www.google.com/"
"","geile-omas","https://www.google.com/"
"","geileopa","https://www.google.com/"
"","geileoppas","https://www.google.com/"
"","geileorgasmes","https://www.google.com/"
"","geileorgie","https://www.google.com/"
"","geileoudevrouwen","https://www.google.com/"
"","geile-paare","https://www.google.com/"
"","geilepijn","https://www.google.com/"
"","geileplaatjes","https://www.google.com/"
"","geilepoesjes","https://www.google.com/"
"","geilepoes","https://www.google.com/"
"","geile-porno-amateure","https://www.google.com/"
"","geile-pornobilder","https://www.google.com/"
"","geilepornobilder","https://www.google.com/"
"","geilepornocams","https://www.google.com/"
"","geile-pornofilme","https://www.google.com/"
"","geilepornofilme","https://www.google.com/"
"","geilepornofilmpjes","https://www.google.com/"
"","geilepornofilms","https://www.google.com/"
"","geile-porno-kostenlos","https://www.google.com/"
"","geileporno","https://www.google.com/"
"","geile-pornos","https://www.google.com/"
"","geilepornos","https://www.google.com/"
"","geile-pornostars","https://www.google.com/"
"","geilepornotube","https://www.google.com/"
"","geile-porno-videos","https://www.google.com/"
"","geile-privatamateure","https://www.google.com/"
"","geileprivatamateure","https://www.google.com/"
"","geiler-analsex","https://www.google.com/"
"","geiler-blog","https://www.google.com/"
"","geiler-camsex","https://www.google.com/"
"","geile-reife-frauen","https://www.google.com/"
"","geiler-fetisch","https://www.google.com/"
"","geiler-hausfrauen-telefonsex","https://www.google.com/"
"","geilerlesbensex","https://www.google.com/"
"","geilerlivesex","https://www.google.com/"
"","geiler-omasex","https://www.google.com/"
"","geileromasex","https://www.google.com/"
"","geiler-outdoorsex","https://www.google.com/"
"","geiler-premium-telefonsex","https://www.google.com/"
"","geiler-sex","https://www.google.com/"
"","geilersuchen","https://www.google.com/"
"","geiler-telefonsex","https://www.google.com/"
"","geilertipp","https://www.google.com/"
"","geiler-transensex","https://www.google.com/"
"","geile-schlampen","https://www.google.com/"
"","geileschlampen","https://www.google.com/"
"","geiles-ding","https://www.google.com/"
"","geile-seite","https://www.google.com/"
"","geile-seiten","https://www.google.com/"
"","geileseks","https://www.google.com/"
"","geile-seksdate","https://www.google.com/"
"","geile-seksdating","https://www.google.com/"
"","geileseksdating","https://www.google.com/"
"","geile-seksfilm","https://www.google.com/"
"","geileseksfilms","https://www.google.com/"
"","geile-sexcam-girls","https://www.google.com/"
"","geile-sex-cams","https://www.google.com/"
"","geile-sexcams","https://www.google.com/"
"","geilesexcams","https://www.google.com/"
"","geilesexcams-online","https://www.google.com/"
"","geilesexchat","https://www.google.com/"
"","geile-sexchat","https://www.google.com/"
"","geilesexclips","https://www.google.com/"
"","geile-sexcontacten","https://www.google.com/"
"","geilesexcontacten","https://www.google.com/"
"","geile-sexdate","https://www.google.com/"
"","geilesexdate","https://www.google.com/"
"","geilesexdates","https://www.google.com/"
"","geile-sexdates","https://www.google.com/"
"","geilesexdating","https://www.google.com/"
"","geile-sex","https://www.google.com/"
"","geile-sexfilme","https://www.google.com/"
"","geilesexfilme","https://www.google.com/"
"","geilesexfilmpjes","https://www.google.com/"
"","geile-sexfilmpjes","https://www.google.com/"
"","geile-sexfilms","https://www.google.com/"
"","geilesexfilms","https://www.google.com/"
"","geilesexfotos","https://www.google.com/"
"","geile-sexfotos","https://www.google.com/"
"","geile-sexgirls","https://www.google.com/"
"","geilesexkontakte","https://www.google.com/"
"","geile-sexkontakte","https://www.google.com/"
"","geile-sexluder","https://www.google.com/"
"","geilesexmetjou","https://www.google.com/"
"","geilesex","https://www.google.com/"
"","geile-sexseiten","https://www.google.com/"
"","geilesexstories","https://www.google.com/"
"","geilesextube","https://www.google.com/"
"","geilesexverhalen","https://www.google.com/"
"","geile-sexverhalen","https://www.google.com/"
"","geile-shemale","https://www.google.com/"
"","geileshemale","https://www.google.com/"
"","geileshemales","https://www.google.com/"
"","geilesite","https://www.google.com/"
"","geilesletjes","https://www.google.com/"
"","geileslet","https://www.google.com/"
"","geilesletten","https://www.google.com/"
