"﻿""id""","read","recommended"
"","jp-fancy","https://www.google.com/"
"","jpfgallery","https://www.google.com/"
"","jpfile","https://www.google.com/"
"","jpfreeporn","https://www.google.com/"
"","jpfuck","https://www.google.com/"
"","jpg4","https://www.google.com/"
"","jpg6","https://www.google.com/"
"","jpgaysex","https://www.google.com/"
"","jpggallery","https://www.google.com/"
"","jp-girls","https://www.google.com/"
"","jpgirlz","https://www.google.com/"
"","jpg","https://www.google.com/"
"","jpgpro","https://www.google.com/"
"","jpgravure","https://www.google.com/"
"","jpgs","https://www.google.com/"
"","jpgtgp","https://www.google.com/"
"","jpg-x","https://www.google.com/"
"","jpgxxx","https://www.google.com/"
"","jphentai","https://www.google.com/"
"","jpholes","https://www.google.com/"
"","jphotobook","https://www.google.com/"
"","jphotporn","https://www.google.com/"
"","jphub","https://www.google.com/"
"","jphunter","https://www.google.com/"
"","jpidols69","https://www.google.com/"
"","jpinkpussy","https://www.google.com/"
"","jp-kogalsex","https://www.google.com/"
"","j-place","https://www.google.com/"
"","jplesbians","https://www.google.com/"
"","jplivecam","https://www.google.com/"
"","jp-magic","https://www.google.com/"
"","jpmilfs","https://www.google.com/"
"","jp-movie","https://www.google.com/"
"","jpn","https://www.google.com/"
"","jpn-sex","https://www.google.com/"
"","jpnudeidols","https://www.google.com/"
"","jpnurse","https://www.google.com/"
"","jpornaccess","https://www.google.com/"
"","jporn","https://www.google.com/"
"","jporno","https://www.google.com/"
"","jporntube","https://www.google.com/"
"","jpphotographies","https://www.google.com/"
"","jp-porn","https://www.google.com/"
"","jppussies","https://www.google.com/"
"","jp-pussy","https://www.google.com/"
"","jpras","https://www.google.com/"
"","jp-schoolgirls","https://www.google.com/"
"","jpschoolgirls","https://www.google.com/"
"","jpschoolgirlsex","https://www.google.com/"
"","jpsex18","https://www.google.com/"
"","jp-sex","https://www.google.com/"
"","jpsexgirls","https://www.google.com/"
"","jpsex-movies","https://www.google.com/"
"","jpsexpic","https://www.google.com/"
"","jpsexpics","https://www.google.com/"
"","jpsex-xxx","https://www.google.com/"
"","jpshavers","https://www.google.com/"
"","jps","https://www.google.com/"
"","jpteacher","https://www.google.com/"
"","jpteen","https://www.google.com/"
"","jpteenpics","https://www.google.com/"
"","jpteens","https://www.google.com/"
"","jptubevideos","https://www.google.com/"
"","jpxdvd","https://www.google.com/"
"","jp-xxx","https://www.google.com/"
"","jpxxxmovies","https://www.google.com/"
"","jpxxx","https://www.google.com/"
"","jqpb","https://www.google.com/"
"","jqsex","https://www.google.com/"
"","jr3","https://www.google.com/"
"","jrcollegegirls","https://www.google.com/"
"","jrcollegelesbians","https://www.google.com/"
"","jr-foto","https://www.google.com/"
"","jrfotos","https://www.google.com/"
"","jrgirls","https://www.google.com/"
"","jrhamster","https://www.google.com/"
"","jrmovies","https://www.google.com/"
"","jrnudistfilm","https://www.google.com/"
"","jrotica","https://www.google.com/"
"","jruc","https://www.google.com/"
"","jrvids","https://www.google.com/"
"","jsboys","https://www.google.com/"
"","jschoolgirls","https://www.google.com/"
"","jscottcash","https://www.google.com/"
"","jsee","https://www.google.com/"
"","jsex","https://www.google.com/"
"","jsexe","https://www.google.com/"
"","jsexgirls","https://www.google.com/"
"","j-sex","https://www.google.com/"
"","jsexnetwork","https://www.google.com/"
"","js-fotografie","https://www.google.com/"
"","jsgz","https://www.google.com/"
"","jsjxxx","https://www.google.com/"
"","jsmcrjmp","https://www.google.com/"
"","js","https://www.google.com/"
"","jsrinivasan","https://www.google.com/"
"","j-stuff","https://www.google.com/"
"","j-suntech","https://www.google.com/"
"","jswventures","https://www.google.com/"
"","jsxxx","https://www.google.com/"
