"﻿""id""","read","recommended"
"","imateenslut","https://www.google.com/"
"","i-mature","https://www.google.com/"
"","i-matures","https://www.google.com/"
"","imaturewomen","https://www.google.com/"
"","imawesa","https://www.google.com/"
"","imbc","https://www.google.com/"
"","imbeciles","https://www.google.com/"
"","imco","https://www.google.com/"
"","imc-post","https://www.google.com/"
"","imdbabes","https://www.google.com/"
"","imdi","https://www.google.com/"
"","imecha","https://www.google.com/"
"","imediacrew","https://www.google.com/"
"","imediagroup","https://www.google.com/"
"","imedia","https://www.google.com/"
"","imeet","https://www.google.com/"
"","imen","https://www.google.com/"
"","imess","https://www.google.com/"
"","imessy","https://www.google.com/"
"","imfamous","https://www.google.com/"
"","imfong","https://www.google.com/"
"","img24","https://www.google.com/"
"","img3","https://www.google.com/"
"","img4fap","https://www.google.com/"
"","img-ad-nex","https://www.google.com/"
"","imgadult","https://www.google.com/"
"","imgay","https://www.google.com/"
"","imgbabes","https://www.google.com/"
"","imgbb","https://www.google.com/"
"","imgbox","https://www.google.com/"
"","imgemmamassey","https://www.google.com/"
"","imgheaven","https://www.google.com/"
"","imgix","https://www.google.com/"
"","imglnka","https://www.google.com/"
"","imgloli","https://www.google.com/"
"","imgmodels","https://www.google.com/"
"","imgpic","https://www.google.com/"
"","imgpinga","https://www.google.com/"
"","imgreserve","https://www.google.com/"
"","imgsexy","https://www.google.com/"
"","imgshost","https://www.google.com/"
"","imgsites","https://www.google.com/"
"","imgsrc","https://www.google.com/"
"","imgtaxi","https://www.google.com/"
"","imgtornado","https://www.google.com/"
"","imgur","https://www.google.com/"
"","imgwallet","https://www.google.com/"
"","img","https://www.google.com/"
"","im-harz","https://www.google.com/"
"","imhoporn","https://www.google.com/"
"","imhorny","https://www.google.com/"
"","imilf","https://www.google.com/"
"","imilfs","https://www.google.com/"
"","imilfsex","https://www.google.com/"
"","imi-paris","https://www.google.com/"
"","imisabel","https://www.google.com/"
"","imladyboy","https://www.google.com/"
"","imlife","https://www.google.com/"
"","imlisaann","https://www.google.com/"
"","imliveamateur","https://www.google.com/"
"","imliveasian","https://www.google.com/"
"","imlivebbw","https://www.google.com/"
"","imliveblack","https://www.google.com/"
"","imliveblondes","https://www.google.com/"
"","imliveboobs","https://www.google.com/"
"","imlive","https://www.google.com/"
"","imlivecouples","https://www.google.com/"
"","imlivefree","https://www.google.com/"
"","imlivegirls","https://www.google.com/"
"","imlivelatina","https://www.google.com/"
"","imlivemature","https://www.google.com/"
"","imlivemilf","https://www.google.com/"
"","imlivemodels","https://www.google.com/"
"","imliveporn","https://www.google.com/"
"","imlivereviews","https://www.google.com/"
"","imlivesexcams","https://www.google.com/"
"","imliveshaved","https://www.google.com/"
"","imlivesm","https://www.google.com/"
"","imliveteens","https://www.google.com/"
"","imlive","https://www.google.com/"
"","imlivetranny","https://www.google.com/"
"","imlivewebcams","https://www.google.com/"
"","im-magazin","https://www.google.com/"
"","immaginidonne","https://www.google.com/"
"","immaginidonnenude","https://www.google.com/"
"","immaginipiccanti","https://www.google.com/"
"","immaginiragazze","https://www.google.com/"
"","immersiveroulette","https://www.google.com/"
"","immie","https://www.google.com/"
"","immo38","https://www.google.com/"
"","immolady","https://www.google.com/"
"","immorallive","https://www.google.com/"
"","immoralmature","https://www.google.com/"
"","immoralmatures","https://www.google.com/"
"","immoralsluts","https://www.google.com/"
"","immoraltube","https://www.google.com/"
"","immoral-wives","https://www.google.com/"
"","immortalia","https://www.google.com/"
"","imnakednow","https://www.google.com/"
"","imndb","https://www.google.com/"
