"﻿""id""","read","recommended"
"","dangerousfucking","https://www.google.com/"
"","dangerous-girls","https://www.google.com/"
"","dangeroushardcore","https://www.google.com/"
"","dangerouslilly","https://www.google.com/"
"","dangerousvideo","https://www.google.com/"
"","danglingcarrot","https://www.google.com/"
"","dangraphics","https://www.google.com/"
"","dangwtf","https://www.google.com/"
"","danhostettler","https://www.google.com/"
"","danicacollins","https://www.google.com/"
"","danidanielsblog","https://www.google.com/"
"","danidoesphonesex","https://www.google.com/"
"","daniel19","https://www.google.com/"
"","danielamoraes","https://www.google.com/"
"","danielav","https://www.google.com/"
"","daniel-bauer","https://www.google.com/"
"","danielcity","https://www.google.com/"
"","danielhaddad","https://www.google.com/"
"","danielhouse","https://www.google.com/"
"","daniellainpantyhose","https://www.google.com/"
"","daniellarushxxx","https://www.google.com/"
"","danielledibiagio","https://www.google.com/"
"","daniellefoxxx","https://www.google.com/"
"","daniellefromftv","https://www.google.com/"
"","danielleftv","https://www.google.com/"
"","daniellelacourte","https://www.google.com/"
"","danielleraw","https://www.google.com/"
"","daniellerogers","https://www.google.com/"
"","daniellerouleau","https://www.google.com/"
"","daniellesden","https://www.google.com/"
"","daniellesparlour","https://www.google.com/"
"","daniellesquirts","https://www.google.com/"
"","daniellesworld","https://www.google.com/"
"","danielshowsoff","https://www.google.com/"
"","danielsongs","https://www.google.com/"
"","danielstaal","https://www.google.com/"
"","danijelpantic","https://www.google.com/"
"","danijensenblog","https://www.google.com/"
"","danikadreams","https://www.google.com/"
"","danikadreamz","https://www.google.com/"
"","danikats","https://www.google.com/"
"","danilopasquali","https://www.google.com/"
"","danimiles","https://www.google.com/"
"","danimoda","https://www.google.com/"
"","danisafadinha","https://www.google.com/"
"","danisblog","https://www.google.com/"
"","danishbritta","https://www.google.com/"
"","danishporn","https://www.google.com/"
"","danishporno","https://www.google.com/"
"","danishstrippers","https://www.google.com/"
"","danistroom","https://www.google.com/"
"","danithegirl","https://www.google.com/"
"","daniwild","https://www.google.com/"
"","danju","https://www.google.com/"
"","dankwank","https://www.google.com/"
"","danlandia","https://www.google.com/"
"","danne","https://www.google.com/"
"","danniashe-freepics","https://www.google.com/"
"","danniblog","https://www.google.com/"
"","danni","https://www.google.com/"
"","dannidaniels","https://www.google.com/"
"","danni-escort","https://www.google.com/"
"","danniescort","https://www.google.com/"
"","danniiharwood","https://www.google.com/"
"","dannik","https://www.google.com/"
"","dannisplayground","https://www.google.com/"
"","dannixxx","https://www.google.com/"
"","dannyblaq","https://www.google.com/"
"","dannyboystudio","https://www.google.com/"
"","danny-deluxe","https://www.google.com/"
"","dannyfan","https://www.google.com/"
"","danny-phantom-porn","https://www.google.com/"
"","dannysteyn","https://www.google.com/"
"","dansdames","https://www.google.com/"
"","danseuse-orientale","https://www.google.com/"
"","danseuses","https://www.google.com/"
"","danseusesnues","https://www.google.com/"
"","dansexpressie","https://www.google.com/"
"","dansfemdomlinks","https://www.google.com/"
"","dansgirls","https://www.google.com/"
"","dansk6","https://www.google.com/"
"","danskekvinder","https://www.google.com/"
"","danskelinks","https://www.google.com/"
"","danskelucy","https://www.google.com/"
"","danskenatasha","https://www.google.com/"
"","danskepar","https://www.google.com/"
"","danskepatter","https://www.google.com/"
"","danskepornobabes","https://www.google.com/"
"","danskesexlinks","https://www.google.com/"
"","danskhardcore","https://www.google.com/"
"","danskpornofilm","https://www.google.com/"
"","dansksex","https://www.google.com/"
"","danskshowservice","https://www.google.com/"
"","danskxxx","https://www.google.com/"
"","dans-le-cul","https://www.google.com/"
"","danslemonde","https://www.google.com/"
"","dansmith","https://www.google.com/"
"","dans-mon-quartier","https://www.google.com/"
"","dansmovies","https://www.google.com/"
"","dansnudes","https://www.google.com/"
