"﻿""id""","read","recommended"
"","girlyshave","https://www.google.com/"
"","girly-shoot","https://www.google.com/"
"","girlz18","https://www.google.com/"
"","girlz","https://www.google.com/"
"","girlz-high","https://www.google.com/"
"","girlzinweb","https://www.google.com/"
"","girlznation","https://www.google.com/"
"","girlzoncamz","https://www.google.com/"
"","girlzone","https://www.google.com/"
"","girlzonfilm","https://www.google.com/"
"","girlzoutwest","https://www.google.com/"
"","girlzpussy","https://www.google.com/"
"","girlzs","https://www.google.com/"
"","girlzvision","https://www.google.com/"
"","girlzwelike","https://www.google.com/"
"","girlzworld","https://www.google.com/"
"","girlzzz","https://www.google.com/"
"","gironaerotica","https://www.google.com/"
"","giselas","https://www.google.com/"
"","giseleblog","https://www.google.com/"
"","giseleonline","https://www.google.com/"
"","gisellemonetblog","https://www.google.com/"
"","gitib","https://www.google.com/"
"","gitporn","https://www.google.com/"
"","gitti","https://www.google.com/"
"","giudyboccatrans","https://www.google.com/"
"","giuliaricci","https://www.google.com/"
"","giveboobs","https://www.google.com/"
"","giveme50","https://www.google.com/"
"","givemeablow","https://www.google.com/"
"","givemeablowjob","https://www.google.com/"
"","givemecunnilingus","https://www.google.com/"
"","givemefuck","https://www.google.com/"
"","givemegay","https://www.google.com/"
"","givemegayporn","https://www.google.com/"
"","givemegirls","https://www.google.com/"
"","givemejav","https://www.google.com/"
"","givememature","https://www.google.com/"
"","givemepink0","https://www.google.com/"
"","givemepink1","https://www.google.com/"
"","give-me-pink2","https://www.google.com/"
"","givemepink4","https://www.google.com/"
"","givemepink","https://www.google.com/"
"","givemepink-pictures","https://www.google.com/"
"","givemeporno","https://www.google.com/"
"","givemeporn","https://www.google.com/"
"","givemepornos","https://www.google.com/"
"","givemepussy","https://www.google.com/"
"","givemesausage","https://www.google.com/"
"","givemesex","https://www.google.com/"
"","givemeteens","https://www.google.com/"
"","givemetranny","https://www.google.com/"
"","givemeyoung","https://www.google.com/"
"","givemeyourpussy","https://www.google.com/"
"","giveoralsex","https://www.google.com/"
"","givingahandjob","https://www.google.com/"
"","givingflite","https://www.google.com/"
"","gix","https://www.google.com/"
"","gixxi","https://www.google.com/"
"","gizmoxxx","https://www.google.com/"
"","gizzilla","https://www.google.com/"
"","gkiss","https://www.google.com/"
"","gkko","https://www.google.com/"
"","gl1nk","https://www.google.com/"
"","gladdepoes","https://www.google.com/"
"","gladdytoys","https://www.google.com/"
"","gladennat","https://www.google.com/"
"","gladgeschoren","https://www.google.com/"
"","gladhand","https://www.google.com/"
"","gladiators","https://www.google.com/"
"","gladmob","https://www.google.com/"
"","gladporn","https://www.google.com/"
"","gladteen","https://www.google.com/"
"","gladysansaldi","https://www.google.com/"
"","glam0ur","https://www.google.com/"
"","glam18","https://www.google.com/"
"","glamag","https://www.google.com/"
"","glamagic","https://www.google.com/"
"","glamandart","https://www.google.com/"
"","glamazones","https://www.google.com/"
"","glambabesblog","https://www.google.com/"
"","glambeauties","https://www.google.com/"
"","glambitches","https://www.google.com/"
"","glam-blog","https://www.google.com/"
"","glambombworld","https://www.google.com/"
"","glamcams","https://www.google.com/"
"","glamcoreerotica","https://www.google.com/"
"","glamcorepins","https://www.google.com/"
"","glamcorp","https://www.google.com/"
"","glamcuties","https://www.google.com/"
"","glam-deluxe","https://www.google.com/"
"","glamdeluxe","https://www.google.com/"
"","glamdolls","https://www.google.com/"
"","glamedge","https://www.google.com/"
"","glamerotica101","https://www.google.com/"
"","glamfag","https://www.google.com/"
"","glamflowers","https://www.google.com/"
"","glaminogirls","https://www.google.com/"
"","glamkore","https://www.google.com/"
"","glamlegs","https://www.google.com/"
