"﻿""id""","read","recommended"
"","freepornovideos","https://www.google.com/"
"","freepornovids","https://www.google.com/"
"","freepornoz","https://www.google.com/"
"","freepornp2p","https://www.google.com/"
"","free-porn-pages","https://www.google.com/"
"","freepornpalace","https://www.google.com/"
"","freepornparadise","https://www.google.com/"
"","freepornpass","https://www.google.com/"
"","freepornpasses","https://www.google.com/"
"","freepornpassword","https://www.google.com/"
"","freepornpasswordsforwomen","https://www.google.com/"
"","freepornperfect","https://www.google.com/"
"","freepornphoto24","https://www.google.com/"
"","free-porn-pic","https://www.google.com/"
"","freepornpics","https://www.google.com/"
"","free-porn-pics","https://www.google.com/"
"","free-pornpics","https://www.google.com/"
"","freepornpicss","https://www.google.com/"
"","freepornpicture","https://www.google.com/"
"","free-porn-picture-finder","https://www.google.com/"
"","freepornpictures","https://www.google.com/"
"","free-porn-pictures","https://www.google.com/"
"","free-porn-picture","https://www.google.com/"
"","freepornpicturez","https://www.google.com/"
"","free-porn-pimp","https://www.google.com/"
"","freepornpimp","https://www.google.com/"
"","freepornpixxx","https://www.google.com/"
"","freepornplace","https://www.google.com/"
"","free-porn-planet","https://www.google.com/"
"","freepornpoint","https://www.google.com/"
"","freepornporno","https://www.google.com/"
"","free-porn-post","https://www.google.com/"
"","freepornpost","https://www.google.com/"
"","freepornposter","https://www.google.com/"
"","freepornpreview","https://www.google.com/"
"","free-porn-prince","https://www.google.com/"
"","freepornproject","https://www.google.com/"
"","freepornprosgalleries","https://www.google.com/"
"","freepornq","https://www.google.com/"
"","freepornr","https://www.google.com/"
"","freepornretro","https://www.google.com/"
"","freepornrevenge","https://www.google.com/"
"","freepornrocks","https://www.google.com/"
"","freepornroute","https://www.google.com/"
"","freepornrss","https://www.google.com/"
"","freeporns","https://www.google.com/"
"","freepornsearch","https://www.google.com/"
"","freepornsearchengine","https://www.google.com/"
"","freepornseason","https://www.google.com/"
"","freepornset","https://www.google.com/"
"","free-porn-sets","https://www.google.com/"
"","free-porn-sex","https://www.google.com/"
"","freeporn-sex","https://www.google.com/"
"","freepornsex","https://www.google.com/"
"","free-porn-sex-erotic-stories","https://www.google.com/"
"","freepornsexgalleries","https://www.google.com/"
"","freepornsexlinks","https://www.google.com/"
"","freepornsexlog","https://www.google.com/"
"","freepornsexpics","https://www.google.com/"
"","free-porn-sex-xxx-hardcore-stories","https://www.google.com/"
"","free-pornsite-access","https://www.google.com/"
"","freeporn-site","https://www.google.com/"
"","free-porn-site","https://www.google.com/"
"","freepornsite","https://www.google.com/"
"","freeporn-sites","https://www.google.com/"
"","freepornsites","https://www.google.com/"
"","free-porn-site-trial","https://www.google.com/"
"","freepornsource","https://www.google.com/"
"","freepornspace","https://www.google.com/"
"","freepornstan","https://www.google.com/"
"","free-pornstar-movies","https://www.google.com/"
"","freepornstar","https://www.google.com/"
"","freepornstarpassport","https://www.google.com/"
"","free-porn-stars","https://www.google.com/"
"","freepornstarsex","https://www.google.com/"
"","free-pornstar-video","https://www.google.com/"
"","freepornstarvideos","https://www.google.com/"
"","freepornstockings","https://www.google.com/"
"","free-porn-stop","https://www.google.com/"
"","freepornstop","https://www.google.com/"
"","freepornstories","https://www.google.com/"
"","freepornstory","https://www.google.com/"
"","freepornstream","https://www.google.com/"
"","freepornstreams","https://www.google.com/"
"","freepornstuff","https://www.google.com/"
"","freepornstv","https://www.google.com/"
"","freepornsubmits","https://www.google.com/"
"","free-porn-teen","https://www.google.com/"
"","freeporntgp","https://www.google.com/"
"","freepornthumbnails","https://www.google.com/"
"","freepornthumbnailz","https://www.google.com/"
"","freeporntimes","https://www.google.com/"
"","freeporn",""
"","freeporn-toplist","https://www.google.com/"
"","freeporntube99","https://www.google.com/"
"","freeporntubearchive","https://www.google.com/"
"","freeporntubed","https://www.google.com/"
"","freeporntubehd","https://www.google.com/"
"","freeporntubehub","https://www.google.com/"
"","freeporntubehubhd","https://www.google.com/"
