"﻿""id""","read","recommended"
"","eroticphoneentertainer","https://www.google.com/"
"","eroticphonegirls","https://www.google.com/"
"","eroticphonehumiliation","https://www.google.com/"
"","eroticphonehypnosis","https://www.google.com/"
"","eroticphonemistress","https://www.google.com/"
"","eroticphonesexcalls","https://www.google.com/"
"","eroticphonesexmistress","https://www.google.com/"
"","erotic-photoart","https://www.google.com/"
"","eroticphotogallery","https://www.google.com/"
"","eroticphotograph","https://www.google.com/"
"","eroticphotographers","https://www.google.com/"
"","eroticphotography","https://www.google.com/"
"","erotic-photo","https://www.google.com/"
"","erotic-photos","https://www.google.com/"
"","eroticphotos","https://www.google.com/"
"","eroticphoto","https://www.google.com/"
"","eroticphysique","https://www.google.com/"
"","eroticpicfinder","https://www.google.com/"
"","eroticpics7","https://www.google.com/"
"","erotic-pics","https://www.google.com/"
"","eroticpics","https://www.google.com/"
"","erotic-pictures-blog","https://www.google.com/"
"","eroticpictures","https://www.google.com/"
"","eroticpixxx","https://www.google.com/"
"","eroticplace","https://www.google.com/"
"","eroticplanet24","https://www.google.com/"
"","eroticplanet","https://www.google.com/"
"","erotic-playhouse","https://www.google.com/"
"","eroticplayzone","https://www.google.com/"
"","erotic-plaza","https://www.google.com/"
"","eroticplaza","https://www.google.com/"
"","eroticpleasures","https://www.google.com/"
"","eroticpoemsandstories","https://www.google.com/"
"","erotic-poker","https://www.google.com/"
"","eroticpornangel","https://www.google.com/"
"","eroticpornart","https://www.google.com/"
"","eroticpornhub","https://www.google.com/"
"","erotic-porno","https://www.google.com/"
"","eroticporno","https://www.google.com/"
"","eroticpornotube","https://www.google.com/"
"","eroticpornphotos","https://www.google.com/"
"","eroticpornpics","https://www.google.com/"
"","eroticpornsex","https://www.google.com/"
"","eroticporntraffic","https://www.google.com/"
"","erotic-porn-tube","https://www.google.com/"
"","eroticpornvideos","https://www.google.com/"
"","eroticportal","https://www.google.com/"
"","eroticpostcard","https://www.google.com/"
"","eroticpost","https://www.google.com/"
"","eroticprepaid","https://www.google.com/"
"","eroticpreview","https://www.google.com/"
"","eroticprime","https://www.google.com/"
"","eroticprints","https://www.google.com/"
"","eroticprofile","https://www.google.com/"
"","erotic-provider","https://www.google.com/"
"","eroticpunishment","https://www.google.com/"
"","eroticpussy","https://www.google.com/"
"","eroticpussylab","https://www.google.com/"
"","eroticpussypics","https://www.google.com/"
"","eroticrain","https://www.google.com/"
"","erotic-ranch","https://www.google.com/"
"","eroticranch","https://www.google.com/"
"","eroticrarities","https://www.google.com/"
"","e-roticreading","https://www.google.com/"
"","erotic-reading","https://www.google.com/"
"","eroticreading","https://www.google.com/"
"","eroticreadings","https://www.google.com/"
"","erotic-recipes","https://www.google.com/"
"","eroticred","https://www.google.com/"
"","eroticredheads","https://www.google.com/"
"","eroticrentals","https://www.google.com/"
"","eroticresorts","https://www.google.com/"
"","eroticrevenue","https://www.google.com/"
"","eroticreview","https://www.google.com/"
"","eroticrocknroll","https://www.google.com/"
"","eroticromance","https://www.google.com/"
"","eroticrooms","https://www.google.com/"
"","eroticrussians","https://www.google.com/"
"","eroticsaloon","https://www.google.com/"
"","eroticscan","https://www.google.com/"
"","eroticscans","https://www.google.com/"
"","eroticscribes","https://www.google.com/"
"","eroticsculpture","https://www.google.com/"
"","erotic-sculpture","https://www.google.com/"
"","eroticsearch","https://www.google.com/"
"","erotic-search-engine","https://www.google.com/"
"","erotic-secrets","https://www.google.com/"
"","eroticsecrets","https://www.google.com/"
"","eroticseductions","https://www.google.com/"
"","eroticselection","https://www.google.com/"
"","erotic-series","https://www.google.com/"
"","eroticset","https://www.google.com/"
"","eroticsexchat","https://www.google.com/"
"","eroticsex","https://www.google.com/"
"","eroticsexguide","https://www.google.com/"
"","eroticsexpics","https://www.google.com/"
"","eroticsexpositions","https://www.google.com/"
"","eroticsexshow","https://www.google.com/"
"","eroticsexsite","https://www.google.com/"
"","eroticsexsites","https://www.google.com/"
