"﻿""id""","read","recommended"
"","capri-cavalli","https://www.google.com/"
"","capricavalli","https://www.google.com/"
"","capri-cavanni","https://www.google.com/"
"","capricavanni","https://www.google.com/"
"","capricavanniofficial","https://www.google.com/"
"","capriccioclubprive","https://www.google.com/"
"","capriccioshop","https://www.google.com/"
"","caprice","https://www.google.com/"
"","caprice-escort","https://www.google.com/"
"","caprice-supermodel","https://www.google.com/"
"","capriceteen","https://www.google.com/"
"","capricia","https://www.google.com/"
"","capriciousgirls","https://www.google.com/"
"","capricorncommunication","https://www.google.com/"
"","capriga","https://www.google.com/"
"","capriporn","https://www.google.com/"
"","capsa123","https://www.google.com/"
"","captain69","https://www.google.com/"
"","captainanal","https://www.google.com/"
"","captainbizarre","https://www.google.com/"
"","captainboner","https://www.google.com/"
"","captaincrackwhore","https://www.google.com/"
"","captaincum","https://www.google.com/"
"","captaincumshot","https://www.google.com/"
"","captaincunt","https://www.google.com/"
"","captainfart","https://www.google.com/"
"","captainhardcore","https://www.google.com/"
"","captainkees","https://www.google.com/"
"","captainnaughty","https://www.google.com/"
"","captain-outrageous","https://www.google.com/"
"","captainpenis","https://www.google.com/"
"","captainporn","https://www.google.com/"
"","captainsex","https://www.google.com/"
"","captainsexy","https://www.google.com/"
"","captains-free-casinos","https://www.google.com/"
"","captainsmut","https://www.google.com/"
"","captains-online-casinos","https://www.google.com/"
"","captains-slots","https://www.google.com/"
"","captainstabbin2","https://www.google.com/"
"","captain-stabbin","https://www.google.com/"
"","captainstabbin","https://www.google.com/"
"","captainstabbin-pictures","https://www.google.com/"
"","captainstroodle","https://www.google.com/"
"","captains-video-poker","https://www.google.com/"
"","captaintitties","https://www.google.com/"
"","captaintube","https://www.google.com/"
"","captain-xxx","https://www.google.com/"
"","captatio","https://www.google.com/"
"","captianstabbin","https://www.google.com/"
"","captinstabin","https://www.google.com/"
"","captivabondage","https://www.google.com/"
"","captiveangels","https://www.google.com/"
"","captivebeauty","https://www.google.com/"
"","captiveculture","https://www.google.com/"
"","captivemale","https://www.google.com/"
"","captivepleasures","https://www.google.com/"
"","captivevideo","https://www.google.com/"
"","captivity","https://www.google.com/"
"","captivityhell","https://www.google.com/"
"","captntom","https://www.google.com/"
"","capturador","https://www.google.com/"
"","capturaswebcam","https://www.google.com/"
"","capturecam","https://www.google.com/"
"","capturedbythehunteress","https://www.google.com/"
"","capturedcams","https://www.google.com/"
"","capturedcoeds","https://www.google.com/"
"","capturedgirls","https://www.google.com/"
"","capturedguys","https://www.google.com/"
"","capturedheroes","https://www.google.com/"
"","captured","https://www.google.com/"
"","capturedsnapshots","https://www.google.com/"
"","capturedvideos","https://www.google.com/"
"","capturloja","https://www.google.com/"
"","capuchon","https://www.google.com/"
"","capullas","https://www.google.com/"
"","cap-x","https://www.google.com/"
"","capzap","https://www.google.com/"
"","carabelas","https://www.google.com/"
"","caradisiac","https://www.google.com/"
"","carads","https://www.google.com/"
"","carajo","https://www.google.com/"
"","caralho","https://www.google.com/"
"","caralott","https://www.google.com/"
"","carambatube","https://www.google.com/"
"","caramec","https://www.google.com/"
"","caramelbbw","https://www.google.com/"
"","caramelbliss","https://www.google.com/"
"","caramelbooty","https://www.google.com/"
"","caramelbootys","https://www.google.com/"
"","carameldelights","https://www.google.com/"
"","caramellust","https://www.google.com/"
"","caramelmature","https://www.google.com/"
"","caramelonline","https://www.google.com/"
"","caramelpleasures","https://www.google.com/"
"","caramelpussy","https://www.google.com/"
"","caramelsgirls","https://www.google.com/"
"","caramelstgirls","https://www.google.com/"
"","carameltube","https://www.google.com/"
"","cara-mia","https://www.google.com/"
"","caraplazza","https://www.google.com/"
