"﻿""id""","read","recommended"
"","girls-village","https://www.google.com/"
"","girlsvisit","https://www.google.com/"
"","girlswantboys","https://www.google.com/"
"","girlswantcock","https://www.google.com/"
"","girls-want-sex","https://www.google.com/"
"","girlsway","https://www.google.com/"
"","girlswearing","https://www.google.com/"
"","girls-web-cam","https://www.google.com/"
"","girls-webcam","https://www.google.com/"
"","girlswebcam","https://www.google.com/"
"","girlsweb","https://www.google.com/"
"","girlswelustfor","https://www.google.com/"
"","girlswetpussy","https://www.google.com/"
"","girlswhoareboys","https://www.google.com/"
"","girlswholikeporn","https://www.google.com/"
"","girlswholikeporno","https://www.google.com/"
"","girlswholovetolick","https://www.google.com/"
"","girlswithanimals","https://www.google.com/"
"","girlswithbigtits","https://www.google.com/"
"","girlswithboots","https://www.google.com/"
"","girlswithbraces","https://www.google.com/"
"","girlswithclass","https://www.google.com/"
"","girlswithcurls","https://www.google.com/"
"","girlswithdddcups","https://www.google.com/"
"","girlswithdildos","https://www.google.com/"
"","girlswithglasses","https://www.google.com/"
"","girlswithhairylegs","https://www.google.com/"
"","girlswithhairypussy","https://www.google.com/"
"","girlswithhardnipples","https://www.google.com/"
"","girlswithnoselfesteem","https://www.google.com/"
"","girlswithnuts","https://www.google.com/"
"","girlswithsecrets","https://www.google.com/"
"","girlswithtails","https://www.google.com/"
"","girlswithtattoos","https://www.google.com/"
"","girlswithvibrators","https://www.google.com/"
"","girlswood","https://www.google.com/"
"","girlsworldonline","https://www.google.com/"
"","girlswrestle","https://www.google.com/"
"","girls-x24","https://www.google.com/"
"","girlsxp","https://www.google.com/"
"","girlsxxx","https://www.google.com/"
"","girlsxxxcams","https://www.google.com/"
"","girlsxxxclub","https://www.google.com/"
"","girls-xxx","https://www.google.com/"
"","girltalkmag","https://www.google.com/"
"","girltalk","https://www.google.com/"
"","girlteenpussy","https://www.google.com/"
"","girlteens","https://www.google.com/"
"","girltime","https://www.google.com/"
"","girltools","https://www.google.com/"
"","girltown","https://www.google.com/"
"","girltoys","https://www.google.com/"
"","girl-tubes","https://www.google.com/"
"","girltv","https://www.google.com/"
"","girlundone","https://www.google.com/"
"","girlurl","https://www.google.com/"
"","girlvanic","https://www.google.com/"
"","girl-video","https://www.google.com/"
"","girl-videos","https://www.google.com/"
"","girlvideos","https://www.google.com/"
"","girlview","https://www.google.com/"
"","girlvoyeur","https://www.google.com/"
"","girlvoyeurnextdoor","https://www.google.com/"
"","girlwallpaper","https://www.google.com/"
"","girl-wallpapers","https://www.google.com/"
"","girlwank","https://www.google.com/"
"","girlwantsyou","https://www.google.com/"
"","girl-webcam","https://www.google.com/"
"","girlwebcam","https://www.google.com/"
"","girl-webcams","https://www.google.com/"
"","girlwetpussy","https://www.google.com/"
"","girlwithadirtymind","https://www.google.com/"
"","girlwithglasses","https://www.google.com/"
"","girlworld","https://www.google.com/"
"","girlwrestling","https://www.google.com/"
"","girlx","https://www.google.com/"
"","girlxgirl","https://www.google.com/"
"","girlxinhvip","https://www.google.com/"
"","girlxl","https://www.google.com/"
"","girlxpert","https://www.google.com/"
"","girlxxxphotos","https://www.google.com/"
"","girlxxxtube","https://www.google.com/"
"","girlxxxvideo","https://www.google.com/"
"","girlyass","https://www.google.com/"
"","girlybeach","https://www.google.com/"
"","girlybus","https://www.google.com/"
"","girlybutsexy","https://www.google.com/"
"","girly-cams","https://www.google.com/"
"","girlycast","https://www.google.com/"
"","girlydommes","https://www.google.com/"
"","girlydoms","https://www.google.com/"
"","girlygamez","https://www.google.com/"
"","girlygangbang","https://www.google.com/"
"","girlygirlyphonesex","https://www.google.com/"
"","girlyheaven","https://www.google.com/"
"","girlyjuice","https://www.google.com/"
"","girlyjuices","https://www.google.com/"
"","girlylove","https://www.google.com/"
"","girlyplugs","https://www.google.com/"
"","girlysex","https://www.google.com/"
