"﻿""id""","read","recommended"
"","erotikchatdamen","https://www.google.com/"
"","erotikchat-erotik","https://www.google.com/"
"","erotikchatgirls","https://www.google.com/"
"","erotikchathuren","https://www.google.com/"
"","erotikchat-jenny","https://www.google.com/"
"","erotikchat-jennys","https://www.google.com/"
"","erotikchat-live","https://www.google.com/"
"","erotikchatluder","https://www.google.com/"
"","erotikchatmaedels","https://www.google.com/"
"","erotikchatmoesen","https://www.google.com/"
"","erotikchatnudisten","https://www.google.com/"
"","erotikchatpussies","https://www.google.com/"
"","erotikchatrooms","https://www.google.com/"
"","erotikchats","https://www.google.com/"
"","erotikchatschwestern","https://www.google.com/"
"","erotikchatstrips","https://www.google.com/"
"","erotikchatsusis","https://www.google.com/"
"","erotikchat-telefonsex","https://www.google.com/"
"","erotikchattreffen","https://www.google.com/"
"","erotikchatvoyeure","https://www.google.com/"
"","erotikchatweiber","https://www.google.com/"
"","erotik-chat-xxl","https://www.google.com/"
"","erotik-check","https://www.google.com/"
"","erotikcheck","https://www.google.com/"
"","erotik-city24","https://www.google.com/"
"","erotikcity","https://www.google.com/"
"","erotikclan","https://www.google.com/"
"","erotikclips","https://www.google.com/"
"","erotikclub1","https://www.google.com/"
"","erotikclub","https://www.google.com/"
"","erotik-club","https://www.google.com/"
"","ero-tik","https://www.google.com/"
"","erotik-comic","https://www.google.com/"
"","erotik-community","https://www.google.com/"
"","erotik-container","https://www.google.com/"
"","erotikcontent","https://www.google.com/"
"","erotikcounter","https://www.google.com/"
"","erotik-crawler","https://www.google.com/"
"","erotikcrawler","https://www.google.com/"
"","erotikdata","https://www.google.com/"
"","erotikdate","https://www.google.com/"
"","erotikdatenbank","https://www.google.com/"
"","erotikdates24","https://www.google.com/"
"","erotikdates","https://www.google.com/"
"","erotik-dates","https://www.google.com/"
"","erotikdates-online","https://www.google.com/"
"","erotikdating18","https://www.google.com/"
"","erotikdating","https://www.google.com/"
"","erotikderginiz","https://www.google.com/"
"","erotikdiamond","https://www.google.com/"
"","erotikdienst","https://www.google.com/"
"","erotikdienste","https://www.google.com/"
"","erotikdirectory","https://www.google.com/"
"","erotik-directory","https://www.google.com/"
"","erotikdisco","https://www.google.com/"
"","erotik-discounter","https://www.google.com/"
"","erotik-disko","https://www.google.com/"
"","erotikdomain","https://www.google.com/"
"","erotikdorf","https://www.google.com/"
"","erotikdream","https://www.google.com/"
"","erotik-dreams","https://www.google.com/"
"","erotikdreams","https://www.google.com/"
"","erotik-dsa","https://www.google.com/"
"","erotik-duefte","https://www.google.com/"
"","erotikdukkan","https://www.google.com/"
"","erotikdunyasi","https://www.google.com/"
"","erotikdvd","https://www.google.com/"
"","erotik-dvd","https://www.google.com/"
"","erotik-dvd-filme","https://www.google.com/"
"","erotik-dvds","https://www.google.com/"
"","erotikecke","https://www.google.com/"
"","erotikeintrag","https://www.google.com/"
"","erotik-entertainment","https://www.google.com/"
"","erotik-erleben","https://www.google.com/"
"","erotikerleben","https://www.google.com/"
"","erotik-escort-begleitservice","https://www.google.com/"
"","erotikevents","https://www.google.com/"
"","erotikexpress","https://www.google.com/"
"","erotikfachhandel","https://www.google.com/"
"","erotikfactory","https://www.google.com/"
"","erotikfaktor","https://www.google.com/"
"","erotikfan","https://www.google.com/"
"","erotikfantasie","https://www.google.com/"
"","erotikfarm","https://www.google.com/"
"","erotikfeber","https://www.google.com/"
"","erotikfeeds","https://www.google.com/"
"","erotikfeen","https://www.google.com/"
"","erotikfickbilder","https://www.google.com/"
"","erotikfick","https://www.google.com/"
"","erotikfieber","https://www.google.com/"
"","erotikfilim","https://www.google.com/"
"","erotikfilme","https://www.google.com/"
"","erotikfilmer","https://www.google.com/"
"","erotikfilmler","https://www.google.com/"
"","erotik-film","https://www.google.com/"
"","erotik-finden","https://www.google.com/"
"","erotikfinder","https://www.google.com/"
"","erotikfix","https://www.google.com/"
"","erotikflat","https://www.google.com/"
"","erotik-flat","https://www.google.com/"
