"﻿""id""","read","recommended"
"","gaypal","https://www.google.com/"
"","gaypaper","https://www.google.com/"
"","gayparade","https://www.google.com/"
"","gayparadise2002","https://www.google.com/"
"","gayparadise","https://www.google.com/"
"","gayparis","https://www.google.com/"
"","gayparkplatz","https://www.google.com/"
"","gaypartners","https://www.google.com/"
"","gaypartouse","https://www.google.com/"
"","gaypartouze","https://www.google.com/"
"","gay-partouzeur","https://www.google.com/"
"","gaypartycams","https://www.google.com/"
"","gay-party","https://www.google.com/"
"","gay-pass","https://www.google.com/"
"","gaypasses","https://www.google.com/"
"","gaypassion","https://www.google.com/"
"","gaypasslist","https://www.google.com/"
"","gaypass-port","https://www.google.com/"
"","gaypassport","https://www.google.com/"
"","gaypasswordhacks","https://www.google.com/"
"","gaypasswordlinks","https://www.google.com/"
"","gaypaycheck","https://www.google.com/"
"","gay-pay","https://www.google.com/"
"","gaypayperview","https://www.google.com/"
"","gaypaypig","https://www.google.com/"
"","gaypayporn","https://www.google.com/"
"","gaypaysite","https://www.google.com/"
"","gaypeepshow","https://www.google.com/"
"","gaypenis","https://www.google.com/"
"","gay-penises","https://www.google.com/"
"","gay-people","https://www.google.com/"
"","gaypeople","https://www.google.com/"
"","gayperfect","https://www.google.com/"
"","gayperfection","https://www.google.com/"
"","gaypersonaladz","https://www.google.com/"
"","gaypersonalsonline","https://www.google.com/"
"","gayperu","https://www.google.com/"
"","gayperv","https://www.google.com/"
"","gaypervers","https://www.google.com/"
"","gaypete","https://www.google.com/"
"","gayphoenix","https://www.google.com/"
"","gay-phone-chat","https://www.google.com/"
"","gayphoneflirt","https://www.google.com/"
"","gayphonesex4adults","https://www.google.com/"
"","gayphonesexboys","https://www.google.com/"
"","gayphonesex","https://www.google.com/"
"","gayphonesexhq","https://www.google.com/"
"","gay-phonesex-numbers","https://www.google.com/"
"","gayphonesexnumbers","https://www.google.com/"
"","gayphotoads","https://www.google.com/"
"","gay-photography","https://www.google.com/"
"","gayphotos","https://www.google.com/"
"","gaypicante","https://www.google.com/"
"","gaypicblog","https://www.google.com/"
"","gay-pic","https://www.google.com/"
"","gaypiclinks","https://www.google.com/"
"","gaypiclist","https://www.google.com/"
"","gay-picpost","https://www.google.com/"
"","gaypicpost","https://www.google.com/"
"","gaypicsarea","https://www.google.com/"
"","gaypics","https://www.google.com/"
"","gaypicsdaily","https://www.google.com/"
"","gay-pics","https://www.google.com/"
"","gaypicsporn","https://www.google.com/"
"","gaypicsweb","https://www.google.com/"
"","gaypicts","https://www.google.com/"
"","gaypicture","https://www.google.com/"
"","gaypicturepost","https://www.google.com/"
"","gaypictures","https://www.google.com/"
"","gaypier","https://www.google.com/"
"","gaypimmel","https://www.google.com/"
"","gaypimp","https://www.google.com/"
"","gaypimps","https://www.google.com/"
"","gaypinit","https://www.google.com/"
"","gaypissingwaterspots","https://www.google.com/"
"","gaypisspayperview","https://www.google.com/"
"","gaypissporn","https://www.google.com/"
"","gaypixelporn","https://www.google.com/"
"","gaypix","https://www.google.com/"
"","gaypixpost","https://www.google.com/"
"","gaypixsearch","https://www.google.com/"
"","gaypixx","https://www.google.com/"
"","gaypixxx","https://www.google.com/"
"","gayplage","https://www.google.com/"
"","gayplanet","https://www.google.com/"
"","gayplayer","https://www.google.com/"
"","gayplaymates","https://www.google.com/"
"","gayplaza","https://www.google.com/"
"","gaypocket","https://www.google.com/"
"","gaypoint","https://www.google.com/"
"","gaypoolboys","https://www.google.com/"
"","gaypopbuzz","https://www.google.com/"
"","gay-poppers","https://www.google.com/"
"","gaypor","https://www.google.com/"
"","gayporn18","https://www.google.com/"
"","gay-porn-1","https://www.google.com/"
"","gayporn2","https://www.google.com/"
"","gayporn43","https://www.google.com/"
"","gayporn4","https://www.google.com/"
"","gayporn4tube","https://www.google.com/"
