"﻿""id""","read","recommended"
"","hotcamx","https://www.google.com/"
"","hotcamz","https://www.google.com/"
"","hot-candy","https://www.google.com/"
"","hotcandyland","https://www.google.com/"
"","hotcaracum","https://www.google.com/"
"","hotcarmenelectra","https://www.google.com/"
"","hotcarshotbabes","https://www.google.com/"
"","hotcarssexywomen","https://www.google.com/"
"","hotcartoonblog","https://www.google.com/"
"","hot-cartoon","https://www.google.com/"
"","hotcartoonpornpics","https://www.google.com/"
"","hotcartoonsporn","https://www.google.com/"
"","hot-cassidey","https://www.google.com/"
"","hotcast","https://www.google.com/"
"","hot-cat","https://www.google.com/"
"","hotcat","https://www.google.com/"
"","hotcats","https://www.google.com/"
"","hotcelebrities-vk","https://www.google.com/"
"","hotcelebritieswallpapers","https://www.google.com/"
"","hot-celebrity-gallery","https://www.google.com/"
"","hotcelebritypics","https://www.google.com/"
"","hotcelebritypictureshq","https://www.google.com/"
"","hotcelebritysexscenes","https://www.google.com/"
"","hotcelebritywallpaper","https://www.google.com/"
"","hotcelebscans","https://www.google.com/"
"","hotcelebs","https://www.google.com/"
"","hot-celebs","https://www.google.com/"
"","hotcelebshome","https://www.google.com/"
"","hotcenter","https://www.google.com/"
"","hotcenterfold","https://www.google.com/"
"","hotcfnm","https://www.google.com/"
"","hotcfnmporno","https://www.google.com/"
"","hotchart","https://www.google.com/"
"","hotchat","https://www.google.com/"
"","hotchatfree","https://www.google.com/"
"","hotcheerleaderporn","https://www.google.com/"
"","hot-cheerleaders","https://www.google.com/"
"","hotcherries","https://www.google.com/"
"","hot-cherry","https://www.google.com/"
"","hotchickblog","https://www.google.com/"
"","hot-chick-chat","https://www.google.com/"
"","hotchick","https://www.google.com/"
"","hotchicksbigasses","https://www.google.com/"
"","hotchicks","https://www.google.com/"
"","hotchicksguide","https://www.google.com/"
"","hotchickslive","https://www.google.com/"
"","hot-chicks","https://www.google.com/"
"","hotchickswithdouchebags","https://www.google.com/"
"","hotchikas","https://www.google.com/"
"","hotchili","https://www.google.com/"
"","hotchillierotica","https://www.google.com/"
"","hotchix","https://www.google.com/"
"","hotchocolatefinder","https://www.google.com/"
"","hotchristymack","https://www.google.com/"
"","hotchubbyladies","https://www.google.com/"
"","hotchubbyporn","https://www.google.com/"
"","hotchubbyteen","https://www.google.com/"
"","hotchubbyteens","https://www.google.com/"
"","hotchubbywomen","https://www.google.com/"
"","hotchyx","https://www.google.com/"
"","hotcigarmen","https://www.google.com/"
"","hotcindy","https://www.google.com/"
"","hotcircle","https://www.google.com/"
"","hot-citygirls","https://www.google.com/"
"","hot-city","https://www.google.com/"
"","hotclassicfuck","https://www.google.com/"
"","hotclassicporn","https://www.google.com/"
"","hotclassictube","https://www.google.com/"
"","hot-click","https://www.google.com/"
"","hotclip","https://www.google.com/"
"","hotclips24","https://www.google.com/"
"","hotclips","https://www.google.com/"
"","hotclit","https://www.google.com/"
"","hotclits","https://www.google.com/"
"","hot-club","https://www.google.com/"
"","hotclub","https://www.google.com/"
"","hotclubsex","https://www.google.com/"
"","hotcocks","https://www.google.com/"
"","hotcocksex","https://www.google.com/"
"","hotcoeds","https://www.google.com/"
"","hot-collection","https://www.google.com/"
"","hotcollegecoeds","https://www.google.com/"
"","hotcollegegirlnextdoor","https://www.google.com/"
"","hotcollegejocks","https://www.google.com/"
"","hotcollegestuds","https://www.google.com/"
"","hot-comics","https://www.google.com/"
"","hotcomicszone","https://www.google.com/"
"","hotcontact","https://www.google.com/"
"","hotcontacts","https://www.google.com/"
"","hotcostumes","https://www.google.com/"
"","hotcrazy","https://www.google.com/"
"","hotcrazygirls","https://www.google.com/"
"","hotcrazymess","https://www.google.com/"
"","hotcreampielist","https://www.google.com/"
"","hotcreampieporn","https://www.google.com/"
"","hotcreampies","https://www.google.com/"
"","hotcreampussy","https://www.google.com/"
"","hotcrossdress","https://www.google.com/"
"","hotcrossdressporn","https://www.google.com/"
"","hotcuckoldwife","https://www.google.com/"
