"﻿""id""","read","recommended"
"","jtautomation","https://www.google.com/"
"","jtcvideo","https://www.google.com/"
"","jteens","https://www.google.com/"
"","j-teens","https://www.google.com/"
"","jtgp","https://www.google.com/"
"","jthorpe","https://www.google.com/"
"","jtiny","https://www.google.com/"
"","jtmartin","https://www.google.com/"
"","jtrout","https://www.google.com/"
"","jtstockroom","https://www.google.com/"
"","jtv","https://www.google.com/"
"","j-twins","https://www.google.com/"
"","juan-z","https://www.google.com/"
"","jubbee","https://www.google.com/"
"","jubbi","https://www.google.com/"
"","jubiiblog","https://www.google.com/"
"","jubiisexbio","https://www.google.com/"
"","jubileelifegroups","https://www.google.com/"
"","jucygirls","https://www.google.com/"
"","jucymovies","https://www.google.com/"
"","judaporn","https://www.google.com/"
"","judell","https://www.google.com/"
"","judeporn","https://www.google.com/"
"","judgmentofparis","https://www.google.com/"
"","judicial-caning","https://www.google.com/"
"","judi","https://www.google.com/"
"","judodefense","https://www.google.com/"
"","judsmovie","https://www.google.com/"
"","judsmovies","https://www.google.com/"
"","judy","https://www.google.com/"
"","judyfrancesconi","https://www.google.com/"
"","judynero","https://www.google.com/"
"","judyporn","https://www.google.com/"
"","judys4","https://www.google.com/"
"","judysbloomers","https://www.google.com/"
"","judystarxxx","https://www.google.com/"
"","juegaconellas","https://www.google.com/"
"","juegolandia","https://www.google.com/"
"","juegoporno","https://www.google.com/"
"","juegos69","https://www.google.com/"
"","juegosbonitos","https://www.google.com/"
"","juegosde","https://www.google.com/"
"","juegoseroticos","https://www.google.com/"
"","juegoseroticosx","https://www.google.com/"
"","juegosexual","https://www.google.com/"
"","juegosflasheros","https://www.google.com/"
"","juegosgratisporno","https://www.google.com/"
"","juegoshumedos","https://www.google.com/"
"","juegos-juegos","https://www.google.com/"
"","juegosmanga","https://www.google.com/"
"","juegosporno3d","https://www.google.com/"
"","juegospornogratis","https://www.google.com/"
"","juegospornoxxx","https://www.google.com/"
"","juegostop","https://www.google.com/"
"","juegosxgratis","https://www.google.com/"
"","juegosxl","https://www.google.com/"
"","juegosxxx","https://www.google.com/"
"","jueki","https://www.google.com/"
"","jugarjuegos","https://www.google.com/"
"","jugarya","https://www.google.com/"
"","jugfuckers","https://www.google.com/"
"","juggadventures","https://www.google.com/"
"","juggbabes","https://www.google.com/"
"","juggcash","https://www.google.com/"
"","juggclips","https://www.google.com/"
"","juggcrew","https://www.google.com/"
"","juggex","https://www.google.com/"
"","juggiest","https://www.google.com/"
"","juggler","https://www.google.com/"
"","jugglove","https://www.google.com/"
"","jugglover","https://www.google.com/"
"","jugglovers","https://www.google.com/"
"","juggmaster","https://www.google.com/"
"","juggmovieplanet","https://www.google.com/"
"","juggparty","https://www.google.com/"
"","juggrealm","https://www.google.com/"
"","juggsandjunk","https://www.google.com/"
"","juggsarea","https://www.google.com/"
"","juggsbig","https://www.google.com/"
"","juggsburg","https://www.google.com/"
"","juggsday","https://www.google.com/"
"","juggser","https://www.google.com/"
"","juggsfilm","https://www.google.com/"
"","juggsfinder","https://www.google.com/"
"","juggsforever","https://www.google.com/"
"","juggshunter","https://www.google.com/"
"","juggsindex","https://www.google.com/"
"","juggsjizz","https://www.google.com/"
"","juggsjoy","https://www.google.com/"
"","juggsmag","https://www.google.com/"
"","juggsreviewed","https://www.google.com/"
"","juggthumbs","https://www.google.com/"
"","juggvideos","https://www.google.com/"
"","juggworld","https://www.google.com/"
"","juggy-babes","https://www.google.com/"
"","juggywomen","https://www.google.com/"
"","juggz","https://www.google.com/"
"","juggzilla","https://www.google.com/"
"","jugnut","https://www.google.com/"
"","jugones","https://www.google.com/"
