"﻿""id""","read","recommended"
"","hourra-models","https://www.google.com/"
"","houseboys","https://www.google.com/"
"","housebulb","https://www.google.com/"
"","housecamz","https://www.google.com/"
"","houseeros","https://www.google.com/"
"","housemalkinius","https://www.google.com/"
"","house-o-celebs","https://www.google.com/"
"","houseochicks","https://www.google.com/"
"","houseof69","https://www.google.com/"
"","house-of-bizarre-dreams","https://www.google.com/"
"","houseofcheeks","https://www.google.com/"
"","houseofdivine","https://www.google.com/"
"","houseofdreams","https://www.google.com/"
"","houseoferotic","https://www.google.com/"
"","house-of-erotic","https://www.google.com/"
"","houseofgay","https://www.google.com/"
"","houseofgord","https://www.google.com/"
"","house-of-harlot","https://www.google.com/"
"","houseofharlot","https://www.google.com/"
"","houseofhead","https://www.google.com/"
"","houseofhellfire","https://www.google.com/"
"","houseofhotties","https://www.google.com/"
"","houseofjuggs","https://www.google.com/"
"","houseofkink","https://www.google.com/"
"","houseoflovetoys","https://www.google.com/"
"","houseoflust","https://www.google.com/"
"","houseofmodels","https://www.google.com/"
"","houseofmyers","https://www.google.com/"
"","houseofnaked","https://www.google.com/"
"","houseofpain","https://www.google.com/"
"","houseofpanties","https://www.google.com/"
"","houseofpantyhose","https://www.google.com/"
"","houseofpassion","https://www.google.com/"
"","houseofphonesex","https://www.google.com/"
"","house-of-pleasure","https://www.google.com/"
"","houseofpunishment","https://www.google.com/"
"","houseofserpent","https://www.google.com/"
"","houseofsinners","https://www.google.com/"
"","houseofslime","https://www.google.com/"
"","houseofsmut","https://www.google.com/"
"","houseofsodom","https://www.google.com/"
"","houseofspank","https://www.google.com/"
"","houseofspanking","https://www.google.com/"
"","houseoftaboo","https://www.google.com/"
"","houseoftravis","https://www.google.com/"
"","houseofvictoria","https://www.google.com/"
"","houseofvoyeur","https://www.google.com/"
"","houseofxxx","https://www.google.com/"
"","houseone","https://www.google.com/"
"","house","https://www.google.com/"
"","houseproductions","https://www.google.com/"
"","housewife1on1","https://www.google.com/"
"","housewife1on1gallery","https://www.google.com/"
"","housewife1on1page","https://www.google.com/"
"","housewifeaction","https://www.google.com/"
"","housewifebangers","https://www.google.com/"
"","housewifebangersportal","https://www.google.com/"
"","housewifeblog","https://www.google.com/"
"","housewifechat","https://www.google.com/"
"","housewife-dating","https://www.google.com/"
"","housewifefantasies","https://www.google.com/"
"","housewife-fuck","https://www.google.com/"
"","housewifefuck","https://www.google.com/"
"","housewifehardcore","https://www.google.com/"
"","housewifehaven","https://www.google.com/"
"","housewifekelly","https://www.google.com/"
"","housewife-milf","https://www.google.com/"
"","housewife","https://www.google.com/"
"","housewifenude","https://www.google.com/"
"","housewife-personals","https://www.google.com/"
"","housewife-phonesex","https://www.google.com/"
"","housewifephonesexhq","https://www.google.com/"
"","housewifepics","https://www.google.com/"
"","housewifepornvideos","https://www.google.com/"
"","housewifepussy","https://www.google.com/"
"","housewifeserie","https://www.google.com/"
"","housewifesex3x","https://www.google.com/"
"","housewifesex","https://www.google.com/"
"","housewife-tubes","https://www.google.com/"
"","housewifevids","https://www.google.com/"
"","housewifewebcams","https://www.google.com/"
"","housewifexxxporn","https://www.google.com/"
"","housewifez","https://www.google.com/"
"","housewivesadventures","https://www.google.com/"
"","housewivescams","https://www.google.com/"
"","housewivescash","https://www.google.com/"
"","housewives","https://www.google.com/"
"","housewivesdatelink","https://www.google.com/"
"","housewivesdophonesex","https://www.google.com/"
"","housewivesforfun","https://www.google.com/"
"","housewivesfucking","https://www.google.com/"
"","housewivesphotos","https://www.google.com/"
"","housewivesporn","https://www.google.com/"
"","housewives-tube","https://www.google.com/"
"","housewivesunleashed","https://www.google.com/"
"","housewivesxxx","https://www.google.com/"
"","housex","https://www.google.com/"
"","houstonbibabes","https://www.google.com/"
"","houstonchannel","https://www.google.com/"
"","houston-eros","https://www.google.com/"
