"﻿""id""","read","recommended"
"","iwantamateurs","https://www.google.com/"
"","iwantanal","https://www.google.com/"
"","iwantanewgirlfriend","https://www.google.com/"
"","iwant-asian","https://www.google.com/"
"","iwantasians","https://www.google.com/"
"","iwantbabes","https://www.google.com/"
"","iwantbestporn","https://www.google.com/"
"","iwantbitches","https://www.google.com/"
"","iwantblowjobs","https://www.google.com/"
"","iwantcartoons","https://www.google.com/"
"","iwantclips","https://www.google.com/"
"","iwantcocks","https://www.google.com/"
"","iwanterotic","https://www.google.com/"
"","iwantgalleries","https://www.google.com/"
"","iwantgay","https://www.google.com/"
"","iwantgayporn","https://www.google.com/"
"","iwantguys","https://www.google.com/"
"","iwanthardcore","https://www.google.com/"
"","iwantkatie","https://www.google.com/"
"","iwantlatina","https://www.google.com/"
"","iwantmature","https://www.google.com/"
"","iwantmovie","https://www.google.com/"
"","iwantmyname","https://www.google.com/"
"","iwantmyxxx","https://www.google.com/"
"","iwantpix","https://www.google.com/"
"","iwantporn","https://www.google.com/"
"","iwantporno","https://www.google.com/"
"","iwantpornstars","https://www.google.com/"
"","iwantpr0n","https://www.google.com/"
"","iwantpussy","https://www.google.com/"
"","iwantsearch","https://www.google.com/"
"","iwantsex24","https://www.google.com/"
"","iwantsex","https://www.google.com/"
"","iwantsexnow","https://www.google.com/"
"","iwantsextoys","https://www.google.com/"
"","iwantshemales","https://www.google.com/"
"","iwanttofuck","https://www.google.com/"
"","iwanttrannies","https://www.google.com/"
"","iwantu","https://www.google.com/"
"","iwantucams","https://www.google.com/"
"","iwantumilf","https://www.google.com/"
"","iwantu-now","https://www.google.com/"
"","iwantwood","https://www.google.com/"
"","iwanyou","https://www.google.com/"
"","iwarp","https://www.google.com/"
"","iwatchfactory","https://www.google.com/"
"","iwatchmygf","https://www.google.com/"
"","iwatchstuff","https://www.google.com/"
"","iwaxoff","https://www.google.com/"
"","iwboobs","https://www.google.com/"
"","iwca","https://www.google.com/"
"","iwearbraces","https://www.google.com/"
"","iwearnipplecovers","https://www.google.com/"
"","iwearpantyhose","https://www.google.com/"
"","iwearstockings","https://www.google.com/"
"","iwebcamsex","https://www.google.com/"
"","iwebs","https://www.google.com/"
"","i-webscout","https://www.google.com/"
"","iwetmypanties","https://www.google.com/"
"","iwetpanties","https://www.google.com/"
"","iwillcum","https://www.google.com/"
"","iwillhumiliateyou","https://www.google.com/"
"","i-will-jo","https://www.google.com/"
"","iwillobey","https://www.google.com/"
"","iwoow","https://www.google.com/"
"","iwtits","https://www.google.com/"
"","ixbb","https://www.google.com/"
"","ixgames","https://www.google.com/"
"","ixiixi","https://www.google.com/"
"","ixionluxuria","https://www.google.com/"
"","ixiporn","https://www.google.com/"
"","ix","https://www.google.com/"
"","ixnxxcom","https://www.google.com/"
"","ixs","https://www.google.com/"
"","ixtc","https://www.google.com/"
"","ixtrader","https://www.google.com/"
"","ixvideos","https://www.google.com/"
"","ixxx","https://www.google.com/"
"","ixxxclips","https://www.google.com/"
"","ixxxhamster","https://www.google.com/"
"","ixxxindian","https://www.google.com/"
"","ixxxmovies","https://www.google.com/"
"","i-xxx","https://www.google.com/"
"","ixxxnxx","https://www.google.com/"
"","ixxxphotos","https://www.google.com/"
"","ixxx-porn","https://www.google.com/"
"","i-xxxsex","https://www.google.com/"
"","ixxxsi","https://www.google.com/"
"","ixxx-teens","https://www.google.com/"
"","ixxxtube8","https://www.google.com/"
"","ixxx-tube","https://www.google.com/"
"","ixxxvideos","https://www.google.com/"
"","ixxxxvideo","https://www.google.com/"
"","ixxxxvideos","https://www.google.com/"
"","iyalc","https://www.google.com/"
"","iyashi-kei","https://www.google.com/"
"","iyfnshm","https://www.google.com/"
"","iyfnzgb","https://www.google.com/"
"","iyiev","https://www.google.com/"
"","iyottube","https://www.google.com/"
